{"element":{"H":"H","He":"He","Li":"Li","Be":"Be","B":"B","C":"C","N":"N","O":"O","F":"F","Ne":"Ne","Na":"Na","Mg":"Mg","Al":"Al","Si":"Si","P":"P","S":"S","Cl":"Cl","Ar":"Ar","K":"K","Ca":"Ca","Sc":"Sc","Ti":"Ti","V":"V","Cr":"Cr","Mn":"Mn","Fe":"Fe","Co":"Co","Ni":"Ni","Cu":"Cu","Zn":"Zn","Ga":"Ga","Ge":"Ge","As":"As","Se":"Se","Br":"Br","Kr":"Kr","Rb":"Rb","Sr":"Sr","Y":"Y","Zr":"Zr","Nb":"Nb","Mo":"Mo","Tc":"Tc","Ru":"Ru","Rh":"Rh","Pd":"Pd","Ag":"Ag","Cd":"Cd","In":"In","Sn":"Sn","Sb":"Sb","Te":"Te","I":"I","Xe":"Xe","Cs":"Cs","Ba":"Ba","La":"La","Ce":"Ce","Pr":"Pr","Nd":"Nd","Pm":"Pm","Sm":"Sm","Eu":"Eu","Gd":"Gd","Tb":"Tb","Dy":"Dy","Ho":"Ho","Er":"Er","Tm":"Tm","Yb":"Yb","Lu":"Lu","Hf":"Hf","Ta":"Ta","W":"W","Re":"Re","Os":"Os","Ir":"Ir","Pt":"Pt","Au":"Au","Hg":"Hg","Tl":"Tl","Pb":"Pb","Bi":"Bi","Po":"Po","At":"At","Rn":"Rn","Fr":"Fr","Ra":"Ra","Ac":"Ac","Th":"Th","Pa":"Pa","U":"U","Np":"Np","Pu":"Pu","Am":"Am","Cm":"Cm","Bk":"Bk","Cf":"Cf","Es":"Es","Fm":"Fm","Md":"Md","No":"No","Lr":"Lr","Rf":"Rf","Db":"Db","Sg":"Sg","Bh":"Bh","Hs":"Hs","Mt":"Mt","Ds":"Ds","Rg":"Rg","Cn":"Cn","Nh":"Nh","Fl":"Fl","Mc":"Mc","Lv":"Lv","Ts":"Ts","Og":"Og"},"common_oxidation_states":{"H":[-1,1],"He":[],"Li":[1],"Be":[2],"B":[3],"C":[-4,4],"N":[-3,3,5],"O":[-2],"F":[-1],"Ne":[],"Na":[1],"Mg":[2],"Al":[3],"Si":[-4,4],"P":[-3,3,5],"S":[-2,2,4,6],"Cl":[-1,1,3,5,7],"Ar":[],"K":[1],"Ca":[2],"Sc":[3],"Ti":[4],"V":[5],"Cr":[3,6],"Mn":[2,4,7],"Fe":[2,3],"Co":[2,3],"Ni":[2],"Cu":[2],"Zn":[2],"Ga":[3],"Ge":[-4,2,4],"As":[-3,3,5],"Se":[-2,2,4,6],"Br":[-1,1,3,5,7],"Kr":[],"Rb":[1],"Sr":[2],"Y":[3],"Zr":[4],"Nb":[5],"Mo":[4,6],"Tc":[4,7],"Ru":[3,4],"Rh":[3],"Pd":[2,4],"Ag":[1],"Cd":[2],"In":[3],"Sn":[-4,2,4],"Sb":[-3,3,5],"Te":[-2,2,4,6],"I":[-1,1,3,5,7],"Xe":[],"Cs":[1],"Ba":[2],"La":[3],"Ce":[3,4],"Pr":[3],"Nd":[3],"Pm":[3],"Sm":[3],"Eu":[2,3],"Gd":[3],"Tb":[3],"Dy":[3],"Ho":[3],"Er":[3],"Tm":[3],"Yb":[3],"Lu":[3],"Hf":[4],"Ta":[5],"W":[4,6],"Re":[4],"Os":[4],"Ir":[3,4],"Pt":[2,4],"Au":[3],"Hg":[1,2],"Tl":[1,3],"Pb":[2,4],"Bi":[3],"Po":[-2,2,4],"At":[-1,1],"Rn":[],"Fr":[1],"Ra":[2],"Ac":[3],"Th":[4],"Pa":[5],"U":[6],"Np":[5],"Pu":[4],"Am":[3],"Cm":[3],"Bk":[3],"Cf":[3],"Es":[3],"Fm":[3],"Md":[3],"No":[3],"Lr":[3],"Rf":[],"Db":[],"Sg":[],"Bh":[],"Hs":[],"Mt":[],"Ds":[],"Rg":[],"Cn":[],"Nh":[],"Fl":[],"Mc":[],"Lv":[],"Ts":[],"Og":[]},"icsd_oxidation_states":{"H":[1,-1],"He":[],"Li":[1],"Be":[2],"B":[3,-3],"C":[2,3,4,-4,-3,-2],"N":[1,3,5,-1,-3,-2],"O":[-2],"F":[-1],"Ne":[],"Na":[1],"Mg":[2],"Al":[3],"Si":[-4,4],"P":[3,4,5,-2,-3,-1],"S":[-1,2,4,-2,6],"Cl":[-1],"Ar":[],"K":[1],"Ca":[2],"Sc":[2,3],"Ti":[2,3,4],"V":[2,3,4,5],"Cr":[2,3,4,5,6],"Mn":[2,3,4,7],"Fe":[2,3],"Co":[1,2,3,4],"Ni":[1,2,3,4],"Cu":[1,2,3],"Zn":[2],"Ga":[2,3],"Ge":[2,3,4],"As":[2,3,5,-2,-3,-1],"Se":[-1,4,-2,6],"Br":[5,-1],"Kr":[],"Rb":[1],"Sr":[2],"Y":[3],"Zr":[2,3,4],"Nb":[2,3,4,5],"Mo":[2,3,4,5,6],"Tc":[],"Ru":[2,3,4,5,6],"Rh":[3,4],"Pd":[2,4],"Ag":[1,2,3],"Cd":[2],"In":[1,2,3],"Sn":[2,3,4],"Sb":[-2,3,5,-1,-3],"Te":[-2,4,-1,6],"I":[5,-1],"Xe":[],"Cs":[1],"Ba":[2],"La":[2,3],"Ce":[3,4],"Pr":[3,4],"Nd":[2,3],"Pm":[],"Sm":[2,3],"Eu":[2,3],"Gd":[3],"Tb":[3,4],"Dy":[3],"Ho":[3],"Er":[3],"Tm":[3],"Yb":[2,3],"Lu":[3],"Hf":[4],"Ta":[3,4,5],"W":[2,3,4,5,6],"Re":[3,4,5,6,7],"Os":[],"Ir":[3,4,5],"Pt":[],"Au":[],"Hg":[1,2],"Tl":[1,3],"Pb":[2,4],"Bi":[1,2,3,5],"Po":[],"At":[],"Rn":[],"Fr":[],"Ra":[],"Ac":[],"Th":[4],"Pa":[],"U":[3,4,5,6],"Np":[],"Pu":[],"Am":[],"Cm":[],"Bk":[],"Cf":[],"Es":[],"Fm":[],"Md":[],"No":[],"Lr":[],"Rf":[],"Db":[],"Sg":[],"Bh":[],"Hs":[],"Mt":[],"Ds":[],"Rg":[],"Cn":[],"Nh":[],"Fl":[],"Mc":[],"Lv":[],"Ts":[],"Og":[]},"oxidation_states":{"H":[-1,1],"He":[],"Li":[1],"Be":[2],"B":[1,2,3],"C":[-4,-3,-2,-1,1,2,3,4],"N":[-3,-2,-1,1,2,3,4,5],"O":[-2,-1,1,2],"F":[-1],"Ne":[],"Na":[-1,1],"Mg":[1,2],"Al":[1,3],"Si":[-4,-3,-2,-1,1,2,3,4],"P":[-3,-2,-1,1,2,3,4,5],"S":[-2,-1,1,2,3,4,5,6],"Cl":[-1,1,2,3,4,5,6,7],"Ar":[],"K":[-1,1],"Ca":[2],"Sc":[1,2,3],"Ti":[-1,2,3,4],"V":[-1,1,2,3,4,5],"Cr":[-2,-1,1,2,3,4,5,6],"Mn":[-3,-2,-1,1,2,3,4,5,6,7],"Fe":[-2,-1,1,2,3,4,5,6],"Co":[-1,1,2,3,4,5],"Ni":[-1,1,2,3,4],"Cu":[1,2,3,4],"Zn":[1,2],"Ga":[1,2,3],"Ge":[-4,1,2,3,4],"As":[-3,2,3,5],"Se":[-2,2,4,6],"Br":[-1,1,3,4,5,7],"Kr":[],"Rb":[1],"Sr":[2],"Y":[1,2,3],"Zr":[1,2,3,4],"Nb":[-1,2,3,4,5],"Mo":[-2,-1,1,2,3,4,5,6],"Tc":[-3,-1,1,2,3,4,5,6,7],"Ru":[-2,1,2,3,4,5,6,7,8],"Rh":[-1,1,2,3,4,5,6],"Pd":[2,4],"Ag":[1,2,3],"Cd":[1,2],"In":[1,2,3],"Sn":[-4,2,4],"Sb":[-3,3,5],"Te":[-2,2,4,5,6],"I":[-1,1,3,5,7],"Xe":[],"Cs":[1],"Ba":[2],"La":[2,3],"Ce":[2,3,4],"Pr":[2,3,4],"Nd":[2,3],"Pm":[3],"Sm":[2,3],"Eu":[2,3],"Gd":[1,2,3],"Tb":[1,3,4],"Dy":[2,3],"Ho":[3],"Er":[3],"Tm":[2,3],"Yb":[2,3],"Lu":[3],"Hf":[2,3,4],"Ta":[-1,2,3,4,5],"W":[-2,-1,1,2,3,4,5,6],"Re":[-3,-1,1,2,3,4,5,6,7],"Os":[-2,-1,1,2,3,4,5,6,7,8],"Ir":[-3,-1,1,2,3,4,5,6],"Pt":[-2,2,4,5,6],"Au":[-1,1,2,3,5],"Hg":[1,2,4],"Tl":[1,3],"Pb":[-4,2,4],"Bi":[-3,3,5],"Po":[-2,2,4,6],"At":[-1,1,3,5],"Rn":[],"Fr":[1],"Ra":[2],"Ac":[3],"Th":[2,3,4],"Pa":[3,4,5],"U":[3,4,5,6],"Np":[3,4,5,6,7],"Pu":[3,4,5,6,7],"Am":[2,3,4,5,6],"Cm":[3,4],"Bk":[3,4],"Cf":[2,3,4],"Es":[2,3],"Fm":[2,3],"Md":[2,3],"No":[2,3],"Lr":[3],"Rf":[],"Db":[],"Sg":[],"Bh":[],"Hs":[],"Mt":[],"Ds":[],"Rg":[],"Cn":[],"Nh":[],"Fl":[],"Mc":[],"Lv":[],"Ts":[],"Og":[]}}