{
  "As4Mg2Sn2": {
    "As": -3.0,
    "Mg": 2.0,
    "Sn": 4.0
  },
  "As4Be2Si2": {
    "As": -3.0,
    "Be": 2.0,
    "Si": 4.0
  },
  "As4Be2Ge2": {
    "As": -3.0,
    "Be": 2.0,
    "Ge": 4.0
  },
  "N2Zn1Zr1": {
    "N": -3.0,
    "Zn": 2.0,
    "Zr": 4.0
  },
  "Li4N2O4P2": {
    "Li": 1.0,
    "N": -3.0,
    "O": -2.0,
    "P": 5.0
  },
  "Na1S2Y1": {
    "Na": 1.0,
    "S": -2.0,
    "Y": 3.0
  },
  "Ba1F2": {
    "Ba": 2.0,
    "F": -1.0
  },
  "Mg1Se1": {
    "Mg": 2.0,
    "Se": -2.0
  },
  "Ag2Ga2O4": {
    "Ag": 1.0,
    "Ga": 3.0,
    "O": -2.0
  },
  "Li1P1S4Zn1": {
    "Li": 1.0,
    "P": 5.0,
    "S": -2.0,
    "Zn": 2.0
  },
  "Al4O6": {
    "Al": 3.0,
    "O": -2.0
  },
  "B2Mg1O6Sn1": {
    "B": 3.0,
    "Mg": 2.0,
    "O": -2.0,
    "Sn": 4.0
  },
  "K1La1Te2": {
    "K": 1.0,
    "La": 3.0,
    "Te": -2.0
  },
  "Be4N4Sr2": {
    "Be": 2.0,
    "N": -3.0,
    "Sr": 2.0
  },
  "Rb4S6Si2": {
    "Rb": 1.0,
    "S": -2.0,
    "Si": 4.0
  },
  "K4Te4Zn2": {
    "K": 1.0,
    "Te": -2.0,
    "Zn": 2.0
  },
  "F8Pd2Sr2": {
    "F": -1.0,
    "Pd": 2.0,
    "Sr": 2.0
  },
  "Ba2F8Pd2": {
    "Ba": 2.0,
    "F": -1.0,
    "Pd": 2.0
  },
  "Ba6N2Sb2": {
    "Ba": 2.0,
    "N": -3.0,
    "Sb": -3.0
  },
  "Ba2Be4N4": {
    "Ba": 2.0,
    "Be": 2.0,
    "N": -3.0
  },
  "Ca4O1Sb2": {
    "Ca": 2.0,
    "O": -2.0,
    "Sb": -3.0
  },
  "Cs2F6Na1Tl1": {
    "Cs": 1.0,
    "F": -1.0,
    "Na": 1.0,
    "Tl": 3.0
  },
  "Cs2F6Na1Y1": {
    "Cs": 1.0,
    "F": -1.0,
    "Na": 1.0,
    "Y": 3.0
  },
  "Cs2F6Hf1": {
    "Cs": 1.0,
    "F": -1.0,
    "Hf": 4.0
  },
  "Cs2Pt3S4": {
    "Cs": 1.0,
    "Pt": 2.0,
    "S": -2.0
  },
  "F6Pd1Rb2": {
    "F": -1.0,
    "Pd": 4.0,
    "Rb": 1.0
  },
  "As2Cu3K3": {
    "As": -3.0,
    "Cu": 1.0,
    "K": 1.0
  },
  "Ag3As2K3": {
    "Ag": 1.0,
    "As": -3.0,
    "K": 1.0
  },
  "Al2O8Ta2": {
    "Al": 3.0,
    "O": -2.0,
    "Ta": 5.0
  },
  "Ca1Cs2F4": {
    "Ca": 2.0,
    "Cs": 1.0,
    "F": -1.0
  },
  "As2Cu2K4": {
    "As": -3.0,
    "Cu": 1.0,
    "K": 1.0
  },
  "Be2N4Si2": {
    "Be": 2.0,
    "N": -3.0,
    "Si": 4.0
  },
  "Ga2Te4Zn1": {
    "Ga": 3.0,
    "Te": -2.0,
    "Zn": 2.0
  },
  "Al4C3": {
    "Al": 3.0,
    "C": -4.0
  },
  "Cu1La1O2": {
    "Cu": 1.0,
    "La": 3.0,
    "O": -2.0
  },
  "Ba2O4Pb1": {
    "Ba": 2.0,
    "O": -2.0,
    "Pb": 4.0
  },
  "Ag4O4Pb2": {
    "Ag": 1.0,
    "O": -2.0,
    "Pb": 2.0
  },
  "In2K6P4": {
    "In": 3.0,
    "K": 1.0,
    "P": -3.0
  },
  "In1Na1S2": {
    "In": 3.0,
    "Na": 1.0,
    "S": -2.0
  },
  "Ba3In2O6": {
    "Ba": 2.0,
    "In": 3.0,
    "O": -2.0
  },
  "O3Pb1Ti1": {
    "O": -2.0,
    "Pb": 2.0,
    "Ti": 4.0
  },
  "Hg1In2Se4": {
    "Hg": 2.0,
    "In": 3.0,
    "Se": -2.0
  },
  "In2Li2Te4": {
    "In": 3.0,
    "Li": 1.0,
    "Te": -2.0
  },
  "In1P1S4": {
    "In": 3.0,
    "P": 5.0,
    "S": -2.0
  },
  "In4O6": {
    "In": 3.0,
    "O": -2.0
  },
  "Li4O6Pb2": {
    "Li": 1.0,
    "O": -2.0,
    "Pb": 4.0
  },
  "In1K1P2S7": {
    "In": 3.0,
    "K": 1.0,
    "P": 5.0,
    "S": -2.0
  },
  "Cl6La2": {
    "Cl": -1.0,
    "La": 3.0
  },
  "Br1Cu1": {
    "Br": -1.0,
    "Cu": 1.0
  },
  "Cl1Cu1": {
    "Cl": -1.0,
    "Cu": 1.0
  },
  "Ag1Cl1": {
    "Ag": 1.0,
    "Cl": -1.0
  },
  "Cl4K2Pd1": {
    "Cl": -1.0,
    "K": 1.0,
    "Pd": 2.0
  },
  "Bi2Na2O4": {
    "Bi": 3.0,
    "Na": 1.0,
    "O": -2.0
  },
  "Cl6Cs2Mg2": {
    "Cl": -1.0,
    "Cs": 1.0,
    "Mg": 2.0
  },
  "Br2La2O2": {
    "Br": -1.0,
    "La": 3.0,
    "O": -2.0
  },
  "Bi2Na2O6": {
    "Bi": 5.0,
    "Na": 1.0,
    "O": -2.0
  },
  "Cs2I6Pt1": {
    "Cs": 1.0,
    "I": -1.0,
    "Pt": 4.0
  },
  "Ba2Bi1O6Ta1": {
    "Ba": 2.0,
    "Bi": 3.0,
    "O": -2.0,
    "Ta": 5.0
  },
  "Bi2Cu2O2Se2": {
    "Bi": 3.0,
    "Cu": 1.0,
    "O": -2.0,
    "Se": -2.0
  },
  "Ca2Cl4": {
    "Ca": 2.0,
    "Cl": -1.0
  },
  "Cu2Hg1I4": {
    "Cu": 1.0,
    "Hg": 2.0,
    "I": -1.0
  },
  "Cl6Cs2Pt1": {
    "Cl": -1.0,
    "Cs": 1.0,
    "Pt": 4.0
  },
  "H3K1Mg1": {
    "H": -1.0,
    "K": 1.0,
    "Mg": 2.0
  },
  "Fe1H6Mg2": {
    "Fe": 2.0,
    "H": -1.0,
    "Mg": 2.0
  },
  "Cd1F2": {
    "Cd": 2.0,
    "F": -1.0
  },
  "Be2Cs2H6": {
    "Be": 2.0,
    "Cs": 1.0,
    "H": -1.0
  },
  "Os4Si4": {
    "Os": -2.0,
    "Si": 2.0
  },
  "As1Ga1": {
    "As": -3.0,
    "Ga": 3.0
  },
  "Cl4K2Mg1": {
    "Cl": -1.0,
    "K": 1.0,
    "Mg": 2.0
  },
  "Ga4S4Te2": {
    "Ga": 3.0,
    "S": -2.0,
    "Te": -2.0
  },
  "As1Br3Ca3": {
    "As": -3.0,
    "Br": -1.0,
    "Ca": 2.0
  },
  "Cl8K2Tl2": {
    "Cl": -1.0,
    "K": 1.0,
    "Tl": 3.0
  },
  "Ag2Bi2K4": null,
  "Na2O4Pd3": {
    "Na": 1.0,
    "O": -2.0,
    "Pd": 2.0
  },
  "Cl6Rb2Ti1": {
    "Cl": -1.0,
    "Rb": 1.0,
    "Ti": 4.0
  },
  "Cl6Cs2Ti1": {
    "Cl": -1.0,
    "Cs": 1.0,
    "Ti": 4.0
  },
  "Ba2Cl1P1": {
    "Ba": 2.0,
    "Cl": -1.0,
    "P": -3.0
  },
  "K6N2O6": {
    "K": 1.0,
    "N": 3.0,
    "O": -2.0
  },
  "Cu4K4S4": {
    "Cu": 1.0,
    "K": 1.0,
    "S": -2.0
  },
  "Au2Cs2I6": {
    "Au": 2.0,
    "Cs": 1.0,
    "I": -1.0
  },
  "Br1Cs1O3": {
    "Br": 5.0,
    "Cs": 1.0,
    "O": -2.0
  },
  "As2K2Li4": {
    "As": -3.0,
    "K": 1.0,
    "Li": 1.0
  },
  "Ba1Bi2Mg2": null,
  "N1Na1O2": {
    "N": 3.0,
    "Na": 1.0,
    "O": -2.0
  },
  "Ag3Bi3S6": {
    "Ag": 1.0,
    "Bi": 3.0,
    "S": -2.0
  },
  "Br6Cs2Pt1": {
    "Br": -1.0,
    "Cs": 1.0,
    "Pt": 4.0
  },
  "Ag2O4Y2": {
    "Ag": 1.0,
    "O": -2.0,
    "Y": 3.0
  },
  "Bi4Li4Sr4": null,
  "Bi1Ni1Y1": null,
  "Ag4K4O4": {
    "Ag": 1.0,
    "K": 1.0,
    "O": -2.0
  },
  "Pt1Sn1Ti1": null,
  "F4K2Mg1": {
    "F": -1.0,
    "K": 1.0,
    "Mg": 2.0
  },
  "F7K3Zn2": {
    "F": -1.0,
    "K": 1.0,
    "Zn": 2.0
  },
  "Ni1Sb1Sc1": {
    "Ni": 1.0,
    "Sb": -3.0,
    "Sc": 2.0
  },
  "As2K2Sn2": {
    "As": -3.0,
    "K": 1.0,
    "Sn": 2.0
  },
  "Ca1H1N1": {
    "Ca": 2.0,
    "H": 1.0,
    "N": -3.0
  },
  "In2Mg1Te4": {
    "In": 3.0,
    "Mg": 2.0,
    "Te": -2.0
  },
  "Ba2S4Zr1": {
    "Ba": 2.0,
    "S": -2.0,
    "Zr": 4.0
  },
  "Ba2Pd2S4": {
    "Ba": 2.0,
    "Pd": 2.0,
    "S": -2.0
  },
  "O8Rb2Re2": {
    "O": -2.0,
    "Rb": 1.0,
    "Re": 7.0
  },
  "Cs2F6Si1": {
    "Cs": 1.0,
    "F": -1.0,
    "Si": 4.0
  },
  "Li4O6Zr2": {
    "Li": 1.0,
    "O": -2.0,
    "Zr": 4.0
  },
  "Ba3O6Zn3": {
    "Ba": 2.0,
    "O": -2.0,
    "Zn": 2.0
  },
  "Cd2F6Na2": {
    "Cd": 2.0,
    "F": -1.0,
    "Na": 1.0
  },
  "Cd1Ga2S4": {
    "Cd": 2.0,
    "Ga": 3.0,
    "S": -2.0
  },
  "K2Li2Te2": {
    "K": 1.0,
    "Li": 1.0,
    "Te": -2.0
  },
  "Ge2P4Zn2": {
    "Ge": 4.0,
    "P": -3.0,
    "Zn": 2.0
  },
  "P4Si2Zn2": {
    "P": 1.0,
    "Si": -4.0,
    "Zn": 2.0
  },
  "Al2Na6P4": {
    "Al": 3.0,
    "Na": 1.0,
    "P": -3.0
  },
  "In1Na1O2": {
    "In": 3.0,
    "Na": 1.0,
    "O": -2.0
  },
  "Ga2S4Zn1": {
    "Ga": 3.0,
    "S": -2.0,
    "Zn": 2.0
  },
  "Br4Cs2I2Pd1": {
    "Br": -1.0,
    "Cs": 1.0,
    "I": -1.0,
    "Pd": 4.0
  },
  "Cu1K1Na2O2": {
    "Cu": 1.0,
    "K": 1.0,
    "Na": 1.0,
    "O": -2.0
  },
  "In2Li2O4": {
    "In": 3.0,
    "Li": 1.0,
    "O": -2.0
  },
  "Ba2Cl1Cu1O2": {
    "Ba": 2.0,
    "Cl": -1.0,
    "Cu": 1.0,
    "O": -2.0
  },
  "Cs1Cu3O2": {
    "Cs": 1.0,
    "Cu": 1.0,
    "O": -2.0
  },
  "Nb2O8Sc2": {
    "Nb": 5.0,
    "O": -2.0,
    "Sc": 3.0
  },
  "O8P2Rb1Ta1": {
    "O": -2.0,
    "P": 5.0,
    "Rb": 1.0,
    "Ta": 5.0
  },
  "C2F2La2N4": {
    "C": 4.0,
    "F": -1.0,
    "La": 3.0,
    "N": -3.0
  },
  "B2Ba1F8": {
    "B": 3.0,
    "Ba": 2.0,
    "F": -1.0
  },
  "Ba1F6Si1": {
    "Ba": 2.0,
    "F": -1.0,
    "Si": 4.0
  },
  "Cs2F6K1Rh1": {
    "Cs": 1.0,
    "F": -1.0,
    "K": 1.0,
    "Rh": 3.0
  },
  "Cs1La1S2": {
    "Cs": 1.0,
    "La": 3.0,
    "S": -2.0
  },
  "Ag6Cs2S4": {
    "Ag": 1.0,
    "Cs": 1.0,
    "S": -2.0
  },
  "Cs1F3Hg1": {
    "Cs": 1.0,
    "F": -1.0,
    "Hg": 2.0
  },
  "La2N2": {
    "La": 3.0,
    "N": -3.0
  },
  "Ba6Bi2N2": null,
  "Ba3Cl6": {
    "Ba": 2.0,
    "Cl": -1.0
  },
  "Cd1Cl3Cs1": {
    "Cd": 2.0,
    "Cl": -1.0,
    "Cs": 1.0
  },
  "I1N1Sr2": {
    "I": -1.0,
    "N": -3.0,
    "Sr": 2.0
  },
  "As2Cs2F8": {
    "As": 3.0,
    "Cs": 1.0,
    "F": -1.0
  },
  "Ag2Al2S4": {
    "Ag": 1.0,
    "Al": 3.0,
    "S": -2.0
  },
  "Ca1Mg2N2": {
    "Ca": 2.0,
    "Mg": 2.0,
    "N": -3.0
  },
  "Li2O4Sc2": {
    "Li": 1.0,
    "O": -2.0,
    "Sc": 3.0
  },
  "Li2N6Si4": {
    "Li": 1.0,
    "N": -3.0,
    "Si": 4.0
  },
  "Al2Cd1S4": {
    "Al": 3.0,
    "Cd": 2.0,
    "S": -2.0
  },
  "Co1Sb1Ti1": {
    "Co": 1.0,
    "Sb": -3.0,
    "Ti": 2.0
  },
  "H2K2O2": {
    "H": 1.0,
    "K": 1.0,
    "O": -2.0
  },
  "H6Pt1Rb2": {
    "H": 0.0,
    "Pt": -2.0,
    "Rb": 1.0
  },
  "Ba1Fe1H8Mg2": {
    "Ba": 2.0,
    "Fe": 2.0,
    "H": -1.0,
    "Mg": 2.0
  },
  "Ba2H6Mg1": {
    "Ba": 2.0,
    "H": -1.0,
    "Mg": 2.0
  },
  "F2K2O4S2": {
    "F": -1.0,
    "K": 1.0,
    "O": -2.0,
    "S": 4.0
  },
  "Cs2F6Ga1Li1": {
    "Cs": 1.0,
    "F": -1.0,
    "Ga": 3.0,
    "Li": 1.0
  },
  "As1Cd3I3": {
    "As": -3.0,
    "Cd": 2.0,
    "I": -1.0
  },
  "Ba2S4": {
    "Ba": 2.0,
    "S": -1.0
  },
  "As4Rb4Si2": {
    "As": -3.0,
    "Rb": 1.0,
    "Si": 4.0
  },
  "As2Ca1Cd2": {
    "As": -3.0,
    "Ca": 2.0,
    "Cd": 2.0
  },
  "Au2K2S2": {
    "Au": 1.0,
    "K": 1.0,
    "S": -2.0
  },
  "As2Cd1O6": {
    "As": 5.0,
    "Cd": 2.0,
    "O": -2.0
  },
  "K2O7Sr1Ta2": {
    "K": 1.0,
    "O": -2.0,
    "Sr": 2.0,
    "Ta": 5.0
  },
  "La2O2Se1": {
    "La": 3.0,
    "O": -2.0,
    "Se": -2.0
  },
  "Cs2F6Sn1": {
    "Cs": 1.0,
    "F": -1.0,
    "Sn": 4.0
  },
  "Ba2Cu4O4": {
    "Ba": 2.0,
    "Cu": 1.0,
    "O": -2.0
  },
  "As2K2Zn2": {
    "As": -3.0,
    "K": 1.0,
    "Zn": 2.0
  },
  "Cu2K2Te2": {
    "Cu": 1.0,
    "K": 1.0,
    "Te": -2.0
  },
  "K2P2Zn2": {
    "K": 1.0,
    "P": -3.0,
    "Zn": 2.0
  },
  "Cu2O4Rb2": {
    "Cu": 3.0,
    "O": -2.0,
    "Rb": 1.0
  },
  "N3O6Rb3": {
    "N": 3.0,
    "O": -2.0,
    "Rb": 1.0
  },
  "Ag1Na1O2": {
    "Ag": 3.0,
    "Na": 1.0,
    "O": -2.0
  },
  "Ba2Hf1O4": {
    "Ba": 2.0,
    "Hf": 4.0,
    "O": -2.0
  },
  "Na2O4Sb2": {
    "Na": 1.0,
    "O": -2.0,
    "Sb": 3.0
  },
  "Li3S4V1": {
    "Li": 1.0,
    "S": -2.0,
    "V": 5.0
  },
  "Li2O2Pd1": {
    "Li": 1.0,
    "O": -2.0,
    "Pd": 2.0
  },
  "Ag2As2K4": {
    "Ag": 1.0,
    "As": -3.0,
    "K": 1.0
  },
  "F2La2Se2": {
    "F": -1.0,
    "La": 3.0,
    "Se": -2.0
  },
  "N1Sb1Sr3": {
    "N": -3.0,
    "Sb": -3.0,
    "Sr": 2.0
  },
  "As2Au2Na4": {
    "As": -3.0,
    "Au": 1.0,
    "Na": 1.0
  },
  "Al1As1O4": {
    "Al": 3.0,
    "As": 5.0,
    "O": -2.0
  },
  "O2Rb2": null,
  "Cs2O2": null,
  "Cs2F6Zr1": {
    "Cs": 1.0,
    "F": -1.0,
    "Zr": 4.0
  },
  "F6Mg1Pd1": {
    "F": -1.0,
    "Mg": 2.0,
    "Pd": 4.0
  },
  "Al2Cu2Se4": {
    "Al": 3.0,
    "Cu": 1.0,
    "Se": -2.0
  },
  "As2O8Y2": {
    "As": 5.0,
    "O": -2.0,
    "Y": 3.0
  },
  "As4K4Pd2": {
    "As": -3.0,
    "K": 1.0,
    "Pd": 4.0
  },
  "Ca2F8Pd2": {
    "Ca": 2.0,
    "F": -1.0,
    "Pd": 2.0
  },
  "Mg1O6Pt3": {
    "Mg": 2.0,
    "O": -2.0,
    "Pt": 3.3333333333333335
  },
  "K2N6": {
    "K": 1.0,
    "N": -0.3333333333333333
  },
  "O1P2Sr4": {
    "O": -2.0,
    "P": -3.0,
    "Sr": 2.0
  },
  "As2O1Sr4": {
    "As": -3.0,
    "O": -2.0,
    "Sr": 2.0
  },
  "F3Mg1Rb1": {
    "F": -1.0,
    "Mg": 2.0,
    "Rb": 1.0
  },
  "Li4O4": null,
  "Ag2Ba1S2": {
    "Ag": 1.0,
    "Ba": 2.0,
    "S": -2.0
  },
  "As2Be2Mg1": {
    "As": -3.0,
    "Be": 2.0,
    "Mg": 2.0
  },
  "Na2Sb1Tl1": {
    "Na": 1.0,
    "Sb": -3.0,
    "Tl": 1.0
  },
  "Au1Bi1Sr2": null,
  "As2Ca4O1": {
    "As": -3.0,
    "Ca": 2.0,
    "O": -2.0
  },
  "F6Ge1Rb2": {
    "F": -1.0,
    "Ge": 4.0,
    "Rb": 1.0
  },
  "F4Mg1Rb2": {
    "F": -1.0,
    "Mg": 2.0,
    "Rb": 1.0
  },
  "Au2Rb2S2": {
    "Au": 1.0,
    "Rb": 1.0,
    "S": -2.0
  },
  "Rb6Se6": {
    "Rb": 1.0,
    "Se": -1.0
  },
  "Ba1O6Sb2": {
    "Ba": 2.0,
    "O": -2.0,
    "Sb": 5.0
  },
  "Cu1Li1O2": {
    "Cu": 3.0,
    "Li": 1.0,
    "O": -2.0
  },
  "Au1K3O1": {
    "Au": -1.0,
    "K": 1.0,
    "O": -2.0
  },
  "Hf1Ni1Sn1": null,
  "B2C2Li2": {
    "B": 3.0,
    "C": -4.0,
    "Li": 1.0
  },
  "Cs2F6Pt1": {
    "Cs": 1.0,
    "F": -1.0,
    "Pt": 4.0
  },
  "Cu3Ta1Te4": {
    "Cu": 1.0,
    "Ta": 5.0,
    "Te": -2.0
  },
  "F4K2Zn1": {
    "F": -1.0,
    "K": 1.0,
    "Zn": 2.0
  },
  "In2Nb2O8": {
    "In": 3.0,
    "Nb": 5.0,
    "O": -2.0
  },
  "As1Ca1Li1": {
    "As": -3.0,
    "Ca": 2.0,
    "Li": 1.0
  },
  "B2K6P4": {
    "B": 3.0,
    "K": 1.0,
    "P": -3.0
  },
  "Ge2K4Se6": {
    "Ge": 4.0,
    "K": 1.0,
    "Se": -2.0
  },
  "Au2Rb2Se2": {
    "Au": 1.0,
    "Rb": 1.0,
    "Se": -2.0
  },
  "Ba3Na3P3": {
    "Ba": 2.0,
    "Na": 1.0,
    "P": -3.0
  },
  "Rh4S6": {
    "Rh": 3.0,
    "S": -2.0
  },
  "Ga1Ge1H1Sr1": null,
  "F2Sr1": {
    "F": -1.0,
    "Sr": 2.0
  },
  "Cs1Rb2Sb1": {
    "Cs": 1.0,
    "Rb": 1.0,
    "Sb": -3.0
  },
  "Cu2Hf2K2S6": {
    "Cu": 1.0,
    "Hf": 4.0,
    "K": 1.0,
    "S": -2.0
  },
  "Be1K4P2": {
    "Be": 2.0,
    "K": 1.0,
    "P": -3.0
  },
  "Cs2F6Ga1Tl1": {
    "Cs": 1.0,
    "F": -1.0,
    "Ga": 3.0,
    "Tl": 1.0
  },
  "Al1Cs2H6Tl1": {
    "Al": 3.0,
    "Cs": 1.0,
    "H": -1.0,
    "Tl": 1.0
  },
  "Co2La2N6": {
    "Co": 2.0,
    "La": 3.0,
    "N": -1.6666666666666667
  },
  "Be2Li2P2": {
    "Be": 2.0,
    "Li": 1.0,
    "P": -3.0
  },
  "Ag2O4Sr2": {
    "Ag": 2.0,
    "O": -2.0,
    "Sr": 2.0
  },
  "Cl3Rb1Sn1": {
    "Cl": -1.0,
    "Rb": 1.0,
    "Sn": 2.0
  },
  "Br6Cs2Sr2": {
    "Br": -1.0,
    "Cs": 1.0,
    "Sr": 2.0
  },
  "Br6Ca2K2": {
    "Br": -1.0,
    "Ca": 2.0,
    "K": 1.0
  }
}