{
  "O6Rb4Zr2": {
    "O": -2.0,
    "Rb": 1.0,
    "Zr": 4.0
  },
  "Mn2Na12Te8": {
    "Mn": 2.0,
    "Na": 1.0,
    "Te": -2.0
  },
  "As2Li2O6": {
    "As": 5.0,
    "Li": 1.0,
    "O": -2.0
  },
  "Ag2Al2O4": {
    "Ag": 1.0,
    "Al": 3.0,
    "O": -2.0
  },
  "Ga2Ge2Te2": null,
  "Ga2Se4Tl2": {
    "Ga": 3.0,
    "Se": -2.0,
    "Tl": 1.0
  },
  "As4K4Pd2": {
    "As": -3.0,
    "K": 1.0,
    "Pd": 4.0
  },
  "As2Ca1Mg2": {
    "As": -3.0,
    "Ca": 2.0,
    "Mg": 2.0
  },
  "O6Pt3Zn1": {
    "O": -2.0,
    "Pt": 3.3333333333333335,
    "Zn": 2.0
  },
  "Ca1F6Ti1": {
    "Ca": 2.0,
    "F": -1.0,
    "Ti": 4.0
  },
  "Ba3Bi3Na3": null,
  "Ag2Na4Sb2": {
    "Ag": 1.0,
    "Na": 1.0,
    "Sb": -3.0
  },
  "As8Li8": {
    "As": -1.0,
    "Li": 1.0
  },
  "Li2Na2S2": {
    "Li": 1.0,
    "Na": 1.0,
    "S": -2.0
  },
  "Ag1S8Tb5": {
    "Ag": 1.0,
    "S": -2.0,
    "Tb": 3.0
  },
  "K1O2Y1": {
    "K": 1.0,
    "O": -2.0,
    "Y": 3.0
  },
  "P8S10": {
    "P": 2.5,
    "S": -2.0
  },
  "As1B1O4": {
    "As": 5.0,
    "B": 3.0,
    "O": -2.0
  },
  "F6Sb1Tl1": {
    "F": -1.0,
    "Sb": 5.0,
    "Tl": 1.0
  },
  "Ba2O6Se2": {
    "Ba": 2.0,
    "O": -2.0,
    "Se": 4.0
  },
  "P12Pt8Sr2": {
    "P": 1.0,
    "Pt": -2.0,
    "Sr": 2.0
  },
  "Ba1F6Sn1": {
    "Ba": 2.0,
    "F": -1.0,
    "Sn": 4.0
  },
  "K2Na2O2": {
    "K": 1.0,
    "Na": 1.0,
    "O": -2.0
  },
  "Ca1F6Pt1": {
    "Ca": 2.0,
    "F": -1.0,
    "Pt": 4.0
  },
  "Ba2Hf1S4": {
    "Ba": 2.0,
    "Hf": 4.0,
    "S": -2.0
  },
  "K4Mn2Se4": {
    "K": 1.0,
    "Mn": 2.0,
    "Se": -2.0
  },
  "K2P2Zn2": {
    "K": 1.0,
    "P": -3.0,
    "Zn": 2.0
  },
  "O2Rb1Tl1": {
    "O": -2.0,
    "Rb": 1.0,
    "Tl": 3.0
  },
  "Ca2Fe2O4": {
    "Ca": 2.0,
    "Fe": 2.0,
    "O": -2.0
  },
  "Al2Hg1Te4": {
    "Al": 3.0,
    "Hg": 2.0,
    "Te": -2.0
  },
  "Ca1Cd2Sb2": {
    "Ca": 2.0,
    "Cd": 2.0,
    "Sb": -3.0
  },
  "F6K2U1": {
    "F": -1.0,
    "K": 1.0,
    "U": 4.0
  },
  "Pd8Sb4": null,
  "Cl1O4Tl1": null,
  "K4O16V6": {
    "K": 1.0,
    "O": -2.0,
    "V": 4.666666666666667
  },
  "S8Tb4Yb2": {
    "S": -2.0,
    "Tb": 3.0,
    "Yb": 2.0
  },
  "Al1F5Fe1": {
    "Al": 3.0,
    "F": -1.0,
    "Fe": 2.0
  },
  "Ba2Cu4O4": {
    "Ba": 2.0,
    "Cu": 1.0,
    "O": -2.0
  },
  "Ca6N6V2": {
    "Ca": 2.0,
    "N": -3.0,
    "V": 3.0
  },
  "Ca1O6Sb2": {
    "Ca": 2.0,
    "O": -2.0,
    "Sb": 5.0
  },
  "O6Sb2Sr1": {
    "O": -2.0,
    "Sb": 5.0,
    "Sr": 2.0
  },
  "Ga3O14Si2Sr3Ta1": {
    "Ga": 3.0,
    "O": -2.0,
    "Si": 4.0,
    "Sr": 2.0,
    "Ta": 5.0
  },
  "Cu4O14Sr8": {
    "Cu": 3.0,
    "O": -2.0,
    "Sr": 2.0
  },
  "Cs2F4Hg1": {
    "Cs": 1.0,
    "F": -1.0,
    "Hg": 2.0
  },
  "Cs3F5Li2": {
    "Cs": 1.0,
    "F": -1.0,
    "Li": 1.0
  },
  "Al2Mg2Se5": {
    "Al": 3.0,
    "Mg": 2.0,
    "Se": -2.0
  },
  "C2Li2O14P2Si2": {
    "C": 4.0,
    "Li": 1.0,
    "O": -2.0,
    "P": 5.0,
    "Si": 4.0
  },
  "Au1Ba2Sb1": {
    "Au": -1.0,
    "Ba": 2.0,
    "Sb": -3.0
  },
  "K12O12Sb4": {
    "K": 1.0,
    "O": -2.0,
    "Sb": 3.0
  },
  "K12Mn2S8": {
    "K": 1.0,
    "Mn": 2.0,
    "S": -2.0
  },
  "Al8La7O24Y1": {
    "Al": 3.0,
    "La": 3.0,
    "O": -2.0,
    "Y": 3.0
  },
  "Li4N8Nb4": {
    "Li": 1.0,
    "N": -3.0,
    "Nb": 5.0
  },
  "Ga4Mg2O8": {
    "Ga": 3.0,
    "Mg": 2.0,
    "O": -2.0
  },
  "Al2Hg1Se4": {
    "Al": 3.0,
    "Hg": 2.0,
    "Se": -2.0
  },
  "F4H2Rb2": {
    "F": -1.0,
    "H": 1.0,
    "Rb": 1.0
  },
  "Ba4Na4O36P12": {
    "Ba": 2.0,
    "Na": 1.0,
    "O": -2.0,
    "P": 5.0
  },
  "Na2O4Pd3": {
    "Na": 1.0,
    "O": -2.0,
    "Pd": 2.0
  },
  "Cl1K1O4": null,
  "Ca2Ge2N4": {
    "Ca": 2.0,
    "Ge": 4.0,
    "N": -3.0
  },
  "F3Li5Mn3O5": {
    "F": -1.0,
    "Li": 1.0,
    "Mn": 2.6666666666666665,
    "O": -2.0
  },
  "Fe1O8Rb1Se2": {
    "Fe": 3.0,
    "O": -2.0,
    "Rb": 1.0,
    "Se": 6.0
  },
  "Co2Li4O16Si6": {
    "Co": 2.0,
    "Li": 1.0,
    "O": -2.0,
    "Si": 4.0
  },
  "C3Fe2Li1O9": {
    "C": 4.0,
    "Fe": 2.5,
    "Li": 1.0,
    "O": -2.0
  },
  "Ag4P8": {
    "Ag": 1.0,
    "P": -0.5
  },
  "Hg4O6Te2": {
    "Hg": 2.0,
    "O": -2.0,
    "Te": 2.0
  },
  "Ag16P8Se24": {
    "Ag": 1.0,
    "P": 4.0,
    "Se": -2.0
  },
  "B4Li12O20V4": {
    "B": 3.0,
    "Li": 1.0,
    "O": -2.0,
    "V": 4.0
  },
  "As4Cs4Sn2": {
    "As": -3.0,
    "Cs": 1.0,
    "Sn": 4.0
  },
  "Ca8N12Nb4": {
    "Ca": 2.0,
    "N": -3.0,
    "Nb": 5.0
  },
  "K30N38W14": {
    "K": 1.0,
    "N": -3.0,
    "W": 6.0
  },
  "Er8O24W4": {
    "Er": 3.0,
    "O": -2.0,
    "W": 6.0
  },
  "Rb8Se20": {
    "Rb": 1.0,
    "Se": -0.4
  },
  "B2O6Tm2": {
    "B": 3.0,
    "O": -2.0,
    "Tm": 3.0
  },
  "Ca2N12": {
    "Ca": 2.0,
    "N": -0.3333333333333333
  },
  "Au1Sm1Sn1": null,
  "In4O10Sr4": {
    "In": 3.0,
    "O": -2.0,
    "Sr": 2.0
  },
  "K2Pt1Se2": {
    "K": 1.0,
    "Pt": 2.0,
    "Se": -2.0
  },
  "Co4O8": {
    "Co": 4.0,
    "O": -2.0
  },
  "Sn4Sr8": null,
  "Se3": {
    "Se": 0.0
  },
  "Br12Ge4Rb4": {
    "Br": -1.0,
    "Ge": 2.0,
    "Rb": 1.0
  },
  "Ba8Cl12O2": {
    "Ba": 2.0,
    "Cl": -1.0,
    "O": -2.0
  },
  "Cl6Cs2Zr1": {
    "Cl": -1.0,
    "Cs": 1.0,
    "Zr": 4.0
  },
  "Cd2Cu4Ge2S8": {
    "Cd": 2.0,
    "Cu": 1.0,
    "Ge": 4.0,
    "S": -2.0
  },
  "Mo8N24Na24": {
    "Mo": 6.0,
    "N": -3.0,
    "Na": 1.0
  },
  "B10Cu2O20Tm2": {
    "B": 3.0,
    "Cu": 2.0,
    "O": -2.0,
    "Tm": 3.0
  },
  "Cs2N4V2": {
    "Cs": 1.0,
    "N": -3.0,
    "V": 5.0
  },
  "S12Sc4Y4": {
    "S": -2.0,
    "Sc": 3.0,
    "Y": 3.0
  },
  "Ca2Mn2Nd2O12Ti2": {
    "Ca": 2.0,
    "Mn": 3.0,
    "Nd": 3.0,
    "O": -2.0,
    "Ti": 4.0
  },
  "Ag4O8Si2Zn2": {
    "Ag": 1.0,
    "O": -2.0,
    "Si": 4.0,
    "Zn": 2.0
  },
  "N22Si12Y6": {
    "N": -3.0,
    "Si": 4.0,
    "Y": 3.0
  },
  "P10Y2": {
    "P": -0.6,
    "Y": 3.0
  },
  "F6Ga1Na1Rb2": {
    "F": -1.0,
    "Ga": 3.0,
    "Na": 1.0,
    "Rb": 1.0
  },
  "F8O4Te4": {
    "F": -1.0,
    "O": -2.0,
    "Te": 4.0
  },
  "Be4F16Na8": {
    "Be": 2.0,
    "F": -1.0,
    "Na": 1.0
  },
  "Ba1F6Ni1": {
    "Ba": 2.0,
    "F": -1.0,
    "Ni": 4.0
  },
  "Ge1Li2Pb1S4": {
    "Ge": 4.0,
    "Li": 1.0,
    "Pb": 2.0,
    "S": -2.0
  },
  "Cd1F3Rb1": {
    "Cd": 2.0,
    "F": -1.0,
    "Rb": 1.0
  },
  "In1P1S4": {
    "In": 3.0,
    "P": 5.0,
    "S": -2.0
  },
  "K2Se1": {
    "K": 1.0,
    "Se": -2.0
  },
  "H16Na4O20P4": {
    "H": 1.0,
    "Na": 1.0,
    "O": -2.0,
    "P": 5.0
  },
  "Ba1F6Si1": {
    "Ba": 2.0,
    "F": -1.0,
    "Si": 4.0
  },
  "F6Rb1Ru1": {
    "F": -1.0,
    "Rb": 1.0,
    "Ru": 5.0
  },
  "Li4N4O4Si4": {
    "Li": 1.0,
    "N": -3.0,
    "O": -2.0,
    "Si": 4.0
  },
  "As1Se3Tl3": {
    "As": 3.0,
    "Se": -2.0,
    "Tl": 1.0
  },
  "La1O2Rb1": {
    "La": 3.0,
    "O": -2.0,
    "Rb": 1.0
  },
  "Al4Hg2O8": {
    "Al": 3.0,
    "Hg": 2.0,
    "O": -2.0
  },
  "K4Ni2P4": {
    "K": 1.0,
    "Ni": 2.0,
    "P": -2.0
  },
  "Al4O8Pb2": {
    "Al": 3.0,
    "O": -2.0,
    "Pb": 2.0
  },
  "F4O1W1": {
    "F": -1.0,
    "O": -2.0,
    "W": 6.0
  },
  "F6K2Re1": {
    "F": -1.0,
    "K": 1.0,
    "Re": 4.0
  },
  "S3Sb1Tl3": {
    "S": -2.0,
    "Sb": 3.0,
    "Tl": 1.0
  },
  "Cs1F3Sr1": {
    "Cs": 1.0,
    "F": -1.0,
    "Sr": 2.0
  },
  "H32N4Na4O24Se4": {
    "H": 1.0,
    "N": 5.0,
    "Na": 1.0,
    "O": -2.0,
    "Se": -2.0
  },
  "H3O16P4V2": {
    "H": 1.0,
    "O": -2.0,
    "P": 5.0,
    "V": 4.5
  },
  "Cu1Sb3Ti2": {
    "Cu": 1.0,
    "Sb": -3.0,
    "Ti": 4.0
  },
  "F6Ga2": {
    "F": -1.0,
    "Ga": 3.0
  },
  "Ag4Te8Tl12": {
    "Ag": 1.0,
    "Te": -2.0,
    "Tl": 1.0
  },
  "Hg1K2O2": {
    "Hg": 2.0,
    "K": 1.0,
    "O": -2.0
  },
  "F6K2Pt1": {
    "F": -1.0,
    "K": 1.0,
    "Pt": 4.0
  },
  "Ca16Ge4N16": {
    "Ca": 2.0,
    "Ge": 4.0,
    "N": -3.0
  },
  "O24Sc16": {
    "O": -2.0,
    "Sc": 3.0
  },
  "Au1Ca2Sb1": {
    "Au": -1.0,
    "Ca": 2.0,
    "Sb": -3.0
  },
  "H2Mn1O2": {
    "H": 1.0,
    "Mn": 2.0,
    "O": -2.0
  },
  "Li2Mn8O24P6": {
    "Li": 1.0,
    "Mn": 2.0,
    "O": -2.0,
    "P": 5.0
  },
  "Cu1O3V1": {
    "Cu": 1.0,
    "O": -2.0,
    "V": 5.0
  },
  "K2Nb2Se4": {
    "K": 1.0,
    "Nb": 3.0,
    "Se": -2.0
  },
  "Li2Nb2S4": {
    "Li": 1.0,
    "Nb": 3.0,
    "S": -2.0
  },
  "Ca1F6Pd1": {
    "Ca": 2.0,
    "F": -1.0,
    "Pd": 4.0
  },
  "Cu4Ge2Se8Sr2": {
    "Cu": 1.0,
    "Ge": 4.0,
    "Se": -2.0,
    "Sr": 2.0
  },
  "H2Li2O6P2Tl2": {
    "H": -1.0,
    "Li": 1.0,
    "O": -2.0,
    "P": 5.0,
    "Tl": 1.0
  },
  "Ca2I1P1": {
    "Ca": 2.0,
    "I": -1.0,
    "P": -3.0
  },
  "Cl4Nb2O2": {
    "Cl": -1.0,
    "Nb": 4.0,
    "O": -2.0
  },
  "As6Mg8Na2O24": {
    "As": 5.0,
    "Mg": 2.0,
    "Na": 1.0,
    "O": -2.0
  },
  "Er8O24Te4": {
    "Er": 3.0,
    "O": -2.0,
    "Te": 6.0
  },
  "Cu1Se8Sm5": {
    "Cu": 1.0,
    "Se": -2.0,
    "Sm": 3.0
  },
  "As4H24N4O16": {
    "As": 5.0,
    "H": 1.0,
    "N": -3.0,
    "O": -2.0
  },
  "O18Tm6Y6": {
    "O": -2.0,
    "Tm": 3.0,
    "Y": 3.0
  },
  "Be4F12H16N4": {
    "Be": 2.0,
    "F": -1.0,
    "H": 1.0,
    "N": -3.0
  },
  "Ca10O25P6": {
    "Ca": 2.0,
    "O": -2.0,
    "P": 5.0
  },
  "Ga2Nd6O12": {
    "Ga": 3.0,
    "Nd": 3.0,
    "O": -2.0
  },
  "Fe4S12Ta18": null,
  "Na8P8": {
    "Na": 1.0,
    "P": -1.0
  },
  "K6Li4Nb10O30": {
    "K": 1.0,
    "Li": 1.0,
    "Nb": 5.0,
    "O": -2.0
  },
  "C6H14N6O10": {
    "C": 4.0,
    "H": 1.0,
    "N": -3.0,
    "O": -2.0
  },
  "Co2Li2O4": {
    "Co": 3.0,
    "Li": 1.0,
    "O": -2.0
  },
  "Mo8N20Na12": {
    "Mo": 6.0,
    "N": -3.0,
    "Na": 1.0
  },
  "N6Sb2Zn4": {
    "N": -3.0,
    "Sb": 5.0,
    "Zn": 2.0
  },
  "As2S4Sr1": {
    "As": 3.0,
    "S": -2.0,
    "Sr": 2.0
  },
  "Al6O16Sr4W1": {
    "Al": 3.0,
    "O": -2.0,
    "Sr": 2.0,
    "W": 6.0
  },
  "Al2Li2O12Si4": {
    "Al": 3.0,
    "Li": 1.0,
    "O": -2.0,
    "Si": 4.0
  },
  "B8Ba12N16": {
    "B": 3.0,
    "Ba": 2.0,
    "N": -3.0
  },
  "Al6In6Se18": {
    "Al": 3.0,
    "In": 3.0,
    "Se": -2.0
  },
  "Li4N8V4": {
    "Li": 1.0,
    "N": -3.0,
    "V": 5.0
  },
  "Na24O32P8": {
    "Na": 1.0,
    "O": -2.0,
    "P": 5.0
  },
  "Mn1O16P4Sn3": {
    "Mn": 2.0,
    "O": -2.0,
    "P": 5.0,
    "Sn": 3.3333333333333335
  },
  "Ga3Li4O8V1": {
    "Ga": 3.0,
    "Li": 1.0,
    "O": -2.0,
    "V": 3.0
  },
  "C3N6Sr3": {
    "C": 4.0,
    "N": -3.0,
    "Sr": 2.0
  },
  "C4H8O8": {
    "C": 2.0,
    "H": 1.0,
    "O": -2.0
  },
  "O4S2": {
    "O": -2.0,
    "S": 4.0
  },
  "Na4O9Si3Sr1": {
    "Na": 1.0,
    "O": -2.0,
    "Si": 4.0,
    "Sr": 2.0
  },
  "Rb6Te6": {
    "Rb": 1.0,
    "Te": -1.0
  },
  "Ca6Li6O24P6": {
    "Ca": 2.0,
    "Li": 1.0,
    "O": -2.0,
    "P": 5.0
  },
  "I2O1Rb4": {
    "I": -1.0,
    "O": -2.0,
    "Rb": 1.0
  },
  "Ca3Cl3P1": {
    "Ca": 2.0,
    "Cl": -1.0,
    "P": -3.0
  },
  "Cu2Se14Sn2Tb6": {
    "Cu": 1.0,
    "Se": -2.0,
    "Sn": 4.0,
    "Tb": 3.0
  },
  "Na10Sn12Sr1": null,
  "Cl2H12Hg1O14": null,
  "Al2Be2H10": {
    "Al": 3.0,
    "Be": 2.0,
    "H": -1.0
  },
  "Br6In2Sn2": {
    "Br": -1.0,
    "In": 1.0,
    "Sn": 2.0
  },
  "Fe5Li1O8": {
    "Fe": 3.0,
    "Li": 1.0,
    "O": -2.0
  },
  "Mg4N8Zr4": {
    "Mg": 2.0,
    "N": -3.0,
    "Zr": 4.0
  },
  "Br6W1": {
    "Br": -1.0,
    "W": 6.0
  },
  "Bi8Se12": {
    "Bi": 3.0,
    "Se": -2.0
  },
  "Cl18Re6": {
    "Cl": -1.0,
    "Re": 3.0
  },
  "Li1O7P2W1": {
    "Li": 1.0,
    "O": -2.0,
    "P": 5.0,
    "W": 3.0
  },
  "B2I6": {
    "B": 3.0,
    "I": -1.0
  },
  "Br12O4P4": {
    "Br": -1.0,
    "O": -2.0,
    "P": 5.0
  },
  "I2Mg1": {
    "I": -1.0,
    "Mg": 2.0
  },
  "As2I6": {
    "As": 3.0,
    "I": -1.0
  },
  "B2Br6": {
    "B": 3.0,
    "Br": -1.0
  },
  "C2K2Li2Mn2O14P2": {
    "C": 4.0,
    "K": 1.0,
    "Li": 1.0,
    "Mn": 3.0,
    "O": -2.0,
    "P": 5.0
  },
  "Mn3O8Ti1": {
    "Mn": 4.0,
    "O": -2.0,
    "Ti": 4.0
  },
  "B4Ba2S8": {
    "B": 3.0,
    "Ba": 2.0,
    "S": -2.0
  },
  "As1Ca2I1": {
    "As": -3.0,
    "Ca": 2.0,
    "I": -1.0
  },
  "Ba3O6Zn3": {
    "Ba": 2.0,
    "O": -2.0,
    "Zn": 2.0
  },
  "Cu1La1O2": {
    "Cu": 1.0,
    "La": 3.0,
    "O": -2.0
  },
  "Ge4K4Na4O12": {
    "Ge": 4.0,
    "K": 1.0,
    "Na": 1.0,
    "O": -2.0
  },
  "Au2Rb6Sn8": null,
  "Co1Ga2S4": {
    "Co": 2.0,
    "Ga": 3.0,
    "S": -2.0
  },
  "Hg2O8S2": {
    "Hg": 2.0,
    "O": -2.0,
    "S": 6.0
  },
  "Hg1Na4P2": {
    "Hg": 2.0,
    "Na": 1.0,
    "P": -3.0
  },
  "Cl1Na3O1": {
    "Cl": -1.0,
    "Na": 1.0,
    "O": -2.0
  },
  "Li12Na4Si24": {
    "Li": 1.0,
    "Na": 1.0,
    "Si": -0.6666666666666666
  },
  "Be2Ge2P4": {
    "Be": 2.0,
    "Ge": 4.0,
    "P": -3.0
  },
  "Ni1Sn1Zr1": null,
  "Br16Co4Rb8": {
    "Br": -1.0,
    "Co": 2.0,
    "Rb": 1.0
  },
  "Cu2Dy6Se14Sn2": {
    "Cu": 1.0,
    "Dy": 3.0,
    "Se": -2.0,
    "Sn": 4.0
  },
  "Mo2S2Se2Te4W2": {
    "Mo": 6.0,
    "S": -2.0,
    "Se": -2.0,
    "Te": -2.0,
    "W": 2.0
  },
  "Mg4N6Ta2": {
    "Mg": 2.0,
    "N": -3.0,
    "Ta": 5.0
  },
  "Ba1Bi1La1Mg1O6": {
    "Ba": 2.0,
    "Bi": 5.0,
    "La": 3.0,
    "Mg": 2.0,
    "O": -2.0
  },
  "Cl16Ge4": {
    "Cl": -1.0,
    "Ge": 4.0
  },
  "Na8S8Sn2": {
    "Na": 1.0,
    "S": -2.0,
    "Sn": 4.0
  },
  "Cl6K2Sn1": {
    "Cl": -1.0,
    "K": 1.0,
    "Sn": 4.0
  },
  "B3Ge3La3O15": {
    "B": 3.0,
    "Ge": 4.0,
    "La": 3.0,
    "O": -2.0
  },
  "N4O10": {
    "N": 5.0,
    "O": -2.0
  },
  "P32Re8": {
    "P": -0.75,
    "Re": 3.0
  },
  "Rb4Sn2Te10": {
    "Rb": 1.0,
    "Sn": 4.0,
    "Te": -1.2
  },
  "Cl6K2Mn1": {
    "Cl": -1.0,
    "K": 1.0,
    "Mn": 4.0
  },
  "Pb2Pd3S2": null,
  "Ga12N4O12": {
    "Ga": 3.0,
    "N": -3.0,
    "O": -2.0
  },
  "B4Cu1Li6O10": {
    "B": 3.0,
    "Cu": 2.0,
    "Li": 1.0,
    "O": -2.0
  },
  "Ce2Cs4O6": {
    "Ce": 4.0,
    "Cs": 1.0,
    "O": -2.0
  },
  "Hf4O8": {
    "Hf": 4.0,
    "O": -2.0
  },
  "B2F8Na2": {
    "B": 3.0,
    "F": -1.0,
    "Na": 1.0
  },
  "Br12In4Mn4": {
    "Br": -1.0,
    "In": 1.0,
    "Mn": 2.0
  },
  "I1O3Tl1": {
    "I": 5.0,
    "O": -2.0,
    "Tl": 1.0
  },
  "Ge8Lu8O28": {
    "Ge": 4.0,
    "Lu": 3.0,
    "O": -2.0
  },
  "Fe1Li4Nb1O12W2": {
    "Fe": 3.0,
    "Li": 1.0,
    "Nb": 5.0,
    "O": -2.0,
    "W": 6.0
  },
  "Cu2F8Li6": {
    "Cu": 1.0,
    "F": -1.0,
    "Li": 1.0
  },
  "Ge32N64Na64": {
    "Ge": 4.0,
    "N": -3.0,
    "Na": 1.0
  },
  "Ba2Nd4Se8": {
    "Ba": 2.0,
    "Nd": 3.0,
    "Se": -2.0
  },
  "Au1O1Rb3": {
    "Au": -1.0,
    "O": -2.0,
    "Rb": 1.0
  },
  "Al3Ca3F18Na3": {
    "Al": 3.0,
    "Ca": 2.0,
    "F": -1.0,
    "Na": 1.0
  },
  "Br2H12Li2O14": null,
  "Na8O24Ta7V1": {
    "Na": 1.0,
    "O": -2.0,
    "Ta": 5.0,
    "V": 5.0
  },
  "Ca2Cl2F2": {
    "Ca": 2.0,
    "Cl": -1.0,
    "F": -1.0
  },
  "Cu1Dy1Se2": {
    "Cu": 1.0,
    "Dy": 3.0,
    "Se": -2.0
  },
  "Cl8Te12": {
    "Cl": -1.0,
    "Te": 0.6666666666666666
  },
  "Li3Nb1S4": {
    "Li": 1.0,
    "Nb": 5.0,
    "S": -2.0
  },
  "Br2I2": null,
  "F4H12K4O16P4": {
    "F": -1.0,
    "H": 1.0,
    "K": 1.0,
    "O": -2.0,
    "P": 5.0
  },
  "Br12Cs4": null,
  "As8Co8Se8": {
    "As": 0.0,
    "Co": 2.0,
    "Se": -2.0
  },
  "Co4Na12O8": {
    "Co": 1.0,
    "Na": 1.0,
    "O": -2.0
  },
  "O6Pb1Sb2": {
    "O": -2.0,
    "Pb": 2.0,
    "Sb": 5.0
  },
  "Na12S8Zn2": {
    "Na": 1.0,
    "S": -2.0,
    "Zn": 2.0
  },
  "Ba1Bi2Mg2": null,
  "Br8O4": null,
  "Ag1As1F6": {
    "Ag": 1.0,
    "As": 5.0,
    "F": -1.0
  },
  "P20Re8": {
    "P": -1.4,
    "Re": 3.5
  },
  "Cs1Cu2Sc3Te6": {
    "Cs": 1.0,
    "Cu": 1.0,
    "Sc": 3.0,
    "Te": -2.0
  },
  "Ca4Fe3H22Mg4": {
    "Ca": 2.0,
    "Fe": 2.0,
    "H": -1.0,
    "Mg": 2.0
  },
  "Cl2N2O12": null,
  "Na20P12Sn4": {
    "Na": 1.0,
    "P": -2.3333333333333335,
    "Sn": 2.0
  },
  "Ge2H4O8Sr2": {
    "Ge": 4.0,
    "H": 1.0,
    "O": -2.0,
    "Sr": 2.0
  },
  "Be2P4Si2": {
    "Be": 2.0,
    "P": 1.0,
    "Si": -4.0
  },
  "O32W8Zr4": {
    "O": -2.0,
    "W": 6.0,
    "Zr": 4.0
  },
  "Cu2Ge2Se14Y6": {
    "Cu": 1.0,
    "Ge": 4.0,
    "Se": -2.0,
    "Y": 3.0
  },
  "Cl6K2Ti1": {
    "Cl": -1.0,
    "K": 1.0,
    "Ti": 4.0
  },
  "B4Ba4Ca2O28Si8": {
    "B": 3.0,
    "Ba": 2.0,
    "Ca": 2.0,
    "O": -2.0,
    "Si": 4.0
  },
  "Ga2Hg1Te4": {
    "Ga": 3.0,
    "Hg": 2.0,
    "Te": -2.0
  },
  "Cl8Li4Mg2": {
    "Cl": -1.0,
    "Li": 1.0,
    "Mg": 2.0
  },
  "B3Ba3O15P3": {
    "B": 3.0,
    "Ba": 2.0,
    "O": -2.0,
    "P": 5.0
  },
  "Cl6Cs2Ge1": {
    "Cl": -1.0,
    "Cs": 1.0,
    "Ge": 4.0
  },
  "Li5N2Na1": {
    "Li": 1.0,
    "N": -3.0,
    "Na": 1.0
  },
  "O12Si4Ti2": {
    "O": -2.0,
    "Si": 4.0,
    "Ti": 4.0
  },
  "O12Rh2Sr6Y2": {
    "O": -2.0,
    "Rh": 3.0,
    "Sr": 2.0,
    "Y": 3.0
  },
  "Cu3Te4V1": {
    "Cu": 1.0,
    "Te": -2.0,
    "V": 5.0
  },
  "Pt8Si8Te8": {
    "Pt": -2.0,
    "Si": 4.0,
    "Te": -2.0
  },
  "Cs2Na2Te2": {
    "Cs": 1.0,
    "Na": 1.0,
    "Te": -2.0
  },
  "La3N3O4Ti2": {
    "La": 3.0,
    "N": -3.0,
    "O": -2.0,
    "Ti": 4.0
  },
  "Cu4K2Nb2Se8": {
    "Cu": 1.0,
    "K": 1.0,
    "Nb": 5.0,
    "Se": -2.0
  },
  "Ac2N2": {
    "Ac": 3.0,
    "N": -3.0
  },
  "F6H12Ni1O6Si1": {
    "F": -1.0,
    "H": 1.0,
    "Ni": 2.0,
    "O": -2.0,
    "Si": 4.0
  },
  "Na2S14Si2Sm6": {
    "Na": 1.0,
    "S": -2.0,
    "Si": 4.0,
    "Sm": 3.0
  },
  "Cr1K1S2": {
    "Cr": 3.0,
    "K": 1.0,
    "S": -2.0
  },
  "Pt3Rb2S4": {
    "Pt": 2.0,
    "Rb": 1.0,
    "S": -2.0
  },
  "Cu6Se4": {
    "Cu": 1.3333333333333333,
    "Se": -2.0
  },
  "Cu4K2S8V2": {
    "Cu": 1.0,
    "K": 1.0,
    "S": -2.0,
    "V": 5.0
  },
  "Ba2N14Si8Y2": {
    "Ba": 2.0,
    "N": -3.0,
    "Si": 4.0,
    "Y": 3.0
  },
  "Ba2N2Zn1": {
    "Ba": 2.0,
    "N": -3.0,
    "Zn": 2.0
  },
  "B8O14Yb2": {
    "B": 3.0,
    "O": -2.0,
    "Yb": 2.0
  },
  "K3Mn1O4": null,
  "C2Mg2O6": {
    "C": 4.0,
    "Mg": 2.0,
    "O": -2.0
  },
  "B2Er2O6": {
    "B": 3.0,
    "Er": 3.0,
    "O": -2.0
  },
  "F2La2S2": {
    "F": -1.0,
    "La": 3.0,
    "S": -2.0
  },
  "Cl2O2Tm2": {
    "Cl": -1.0,
    "O": -2.0,
    "Tm": 3.0
  },
  "Ca4N8Sn4": {
    "Ca": 2.0,
    "N": -3.0,
    "Sn": 4.0
  },
  "C8K5N8Nb1": {
    "C": 1.75,
    "K": 1.0,
    "N": -3.0,
    "Nb": 5.0
  },
  "O6Sr3Te1": {
    "O": -2.0,
    "Sr": 2.0,
    "Te": 6.0
  },
  "Li56N32V8": {
    "Li": 1.0,
    "N": -3.0,
    "V": 5.0
  },
  "Bi1Se6Tl9": {
    "Bi": 3.0,
    "Se": -2.0,
    "Tl": 1.0
  },
  "Li16S16Sb8": {
    "Li": 1.0,
    "S": -2.0,
    "Sb": 2.0
  },
  "Co1Li2O8Ti3": {
    "Co": 2.0,
    "Li": 1.0,
    "O": -2.0,
    "Ti": 4.0
  },
  "Ge8O28Tb8": {
    "Ge": 4.0,
    "O": -2.0,
    "Tb": 3.0
  },
  "Li2Se1": {
    "Li": 1.0,
    "Se": -2.0
  },
  "Li2O8P2V2": {
    "Li": 1.0,
    "O": -2.0,
    "P": 5.0,
    "V": 2.0
  },
  "Be6Ge6Mn8O24S2": {
    "Be": 2.0,
    "Ge": 4.0,
    "Mn": 2.0,
    "O": -2.0,
    "S": -2.0
  },
  "Li12Mn2S8": {
    "Li": 1.0,
    "Mn": 2.0,
    "S": -2.0
  },
  "H4I2Li2O2": {
    "H": 1.0,
    "I": -1.0,
    "Li": 1.0,
    "O": -2.0
  },
  "Os2Sb4": {
    "Os": 0.0,
    "Sb": 0.0
  },
  "F18Ge3Li6": {
    "F": -1.0,
    "Ge": 4.0,
    "Li": 1.0
  },
  "Co2Na4O14P4": {
    "Co": 2.0,
    "Na": 1.0,
    "O": -2.0,
    "P": 5.0
  },
  "Na6O5Pb1": {
    "Na": 1.0,
    "O": -2.0,
    "Pb": 4.0
  },
  "F2H2": {
    "F": -1.0,
    "H": 1.0
  },
  "S8Sn2Sr4": {
    "S": -2.0,
    "Sn": 4.0,
    "Sr": 2.0
  },
  "F8Li3V1": {
    "F": -1.0,
    "Li": 1.0,
    "V": 5.0
  },
  "Al4Mn2O8": {
    "Al": 3.0,
    "Mn": 2.0,
    "O": -2.0
  },
  "Cs1H1O3S1": {
    "Cs": 1.0,
    "H": 1.0,
    "O": -2.0,
    "S": 4.0
  },
  "O8Sm2Ta2": {
    "O": -2.0,
    "Sm": 3.0,
    "Ta": 5.0
  },
  "Br1Cl14P3": {
    "Br": -1.0,
    "Cl": -1.0,
    "P": 5.0
  },
  "Hf3O8Sn1": {
    "Hf": 4.0,
    "O": -2.0,
    "Sn": 4.0
  },
  "Li12Nb4O16": {
    "Li": 1.0,
    "Nb": 5.0,
    "O": -2.0
  },
  "Cs2O24P8Pr2": {
    "Cs": 1.0,
    "O": -2.0,
    "P": 5.0,
    "Pr": 3.0
  },
  "Ca12Mn2N10": {
    "Ca": 2.0,
    "Mn": 3.0,
    "N": -3.0
  },
  "Cs1H3O2": {
    "Cs": 1.0,
    "H": 1.0,
    "O": -2.0
  },
  "Al1K1O8S2": {
    "Al": 3.0,
    "K": 1.0,
    "O": -2.0,
    "S": 6.0
  },
  "B2Li2O4": {
    "B": 3.0,
    "Li": 1.0,
    "O": -2.0
  },
  "Co1Sb1Ti1": {
    "Co": 1.0,
    "Sb": -3.0,
    "Ti": 2.0
  },
  "F6Li4O2V2": {
    "F": -1.0,
    "Li": 1.0,
    "O": -2.0,
    "V": 3.0
  },
  "Co1F5Li5O1": {
    "Co": 2.0,
    "F": -1.0,
    "Li": 1.0,
    "O": -2.0
  },
  "H6Na2O10S2": {
    "H": 1.0,
    "Na": 1.0,
    "O": -2.0,
    "S": 6.0
  },
  "Li1Mg1P1": {
    "Li": 1.0,
    "Mg": 2.0,
    "P": -3.0
  },
  "Fe2O7P2": {
    "Fe": 2.0,
    "O": -2.0,
    "P": 5.0
  },
  "Nb1O4V1": {
    "Nb": 5.0,
    "O": -2.0,
    "V": 3.0
  },
  "H4O10Si2Zn4": {
    "H": 1.0,
    "O": -2.0,
    "Si": 4.0,
    "Zn": 2.0
  },
  "Br1Cs1O3": {
    "Br": 5.0,
    "Cs": 1.0,
    "O": -2.0
  },
  "Br14Re6Te14": {
    "Br": -1.0,
    "Re": 7.0,
    "Te": -2.0
  },
  "Cl3Cs1Pb1": {
    "Cl": -1.0,
    "Cs": 1.0,
    "Pb": 2.0
  },
  "Cr1Li1S2": {
    "Cr": 3.0,
    "Li": 1.0,
    "S": -2.0
  },
  "As1Cu1Se2": {
    "As": 3.0,
    "Cu": 1.0,
    "Se": -2.0
  },
  "La6N22Si12": {
    "La": 3.0,
    "N": -3.0,
    "Si": 4.0
  },
  "Cr4Li4O32P8": {
    "Cr": 5.0,
    "Li": 1.0,
    "O": -2.0,
    "P": 5.0
  },
  "Ba12N48Ta24": {
    "Ba": 2.0,
    "N": -3.0,
    "Ta": 5.0
  },
  "Bi2O6Y2": {
    "Bi": 3.0,
    "O": -2.0,
    "Y": 3.0
  },
  "Br12Sb4": {
    "Br": -1.0,
    "Sb": 3.0
  },
  "F12Li4Mn2": {
    "F": -1.0,
    "Li": 1.0,
    "Mn": 4.0
  },
  "Al2Cu2Se4": {
    "Al": 3.0,
    "Cu": 1.0,
    "Se": -2.0
  },
  "Bi2S1Te2": {
    "Bi": 3.0,
    "S": -2.0,
    "Te": -2.0
  },
  "Ga2Sr1Te4": {
    "Ga": 3.0,
    "Sr": 2.0,
    "Te": -2.0
  },
  "Cs1I3Li2": {
    "Cs": 1.0,
    "I": -1.0,
    "Li": 1.0
  },
  "Ca2Hg1Sn1": null,
  "Bi2La2O6": {
    "Bi": 3.0,
    "La": 3.0,
    "O": -2.0
  },
  "Mg4N8Sn4": {
    "Mg": 2.0,
    "N": -3.0,
    "Sn": 4.0
  },
  "H8Mg5O9": {
    "H": 1.0,
    "Mg": 2.0,
    "O": -2.0
  },
  "Mg16N24Re8": {
    "Mg": 2.0,
    "N": -3.0,
    "Re": 5.0
  },
  "Ag4Er4Se8": {
    "Ag": 1.0,
    "Er": 3.0,
    "Se": -2.0
  },
  "O20Sn7Ti3": {
    "O": -2.0,
    "Sn": 4.0,
    "Ti": 4.0
  },
  "F6Li2O2V2": {
    "F": -1.0,
    "Li": 1.0,
    "O": -2.0,
    "V": 4.0
  },
  "F4O4W2": {
    "F": -1.0,
    "O": -2.0,
    "W": 6.0
  },
  "K4Se6": {
    "K": 1.0,
    "Se": -0.6666666666666666
  },
  "Cr1O2Rb1": {
    "Cr": 3.0,
    "O": -2.0,
    "Rb": 1.0
  },
  "Ba8N12Nb4": {
    "Ba": 2.0,
    "N": -3.0,
    "Nb": 5.0
  },
  "Ca4N16Si10": {
    "Ca": 2.0,
    "N": -3.0,
    "Si": 4.0
  },
  "Nb2O12Sr4Tm2": {
    "Nb": 5.0,
    "O": -2.0,
    "Sr": 2.0,
    "Tm": 3.0
  },
  "H11O8": null,
  "Cu4F16Li8": {
    "Cu": 2.0,
    "F": -1.0,
    "Li": 1.0
  },
  "Ge1Li4O10Si1V2": {
    "Ge": 4.0,
    "Li": 1.0,
    "O": -2.0,
    "Si": 4.0,
    "V": 4.0
  },
  "Ge8Rh8Te8": null,
  "H4Nb4O12": {
    "H": 1.0,
    "Nb": 5.0,
    "O": -2.0
  },
  "Na3Sb1Se4": {
    "Na": 1.0,
    "Sb": 5.0,
    "Se": -2.0
  },
  "F4H12K4O12P4": {
    "F": -1.0,
    "H": 1.0,
    "K": 1.0,
    "O": -2.0,
    "P": 3.0
  },
  "As4Cl12": {
    "As": 3.0,
    "Cl": -1.0
  },
  "Br12F24S4Sb4": {
    "Br": 1.0,
    "F": -1.0,
    "S": -2.0,
    "Sb": 5.0
  },
  "Cu4F24Li12": {
    "Cu": 3.0,
    "F": -1.0,
    "Li": 1.0
  },
  "Sb8Th6": {
    "Sb": -3.0,
    "Th": 4.0
  },
  "Cu2Li14O8": {
    "Cu": 1.0,
    "Li": 1.0,
    "O": -2.0
  },
  "K12Mn2Se8": {
    "K": 1.0,
    "Mn": 2.0,
    "Se": -2.0
  },
  "Al4B8Li4O20": {
    "Al": 3.0,
    "B": 3.0,
    "Li": 1.0,
    "O": -2.0
  },
  "Ca1In2Te4": {
    "Ca": 2.0,
    "In": 3.0,
    "Te": -2.0
  },
  "Ag4Te4Tl4": {
    "Ag": 1.0,
    "Te": -2.0,
    "Tl": 1.0
  },
  "Bi4Dy4Ni4": null,
  "Au5Sn1": {
    "Au": -0.4,
    "Sn": 2.0
  },
  "Cd2Ge2P4": {
    "Cd": 2.0,
    "Ge": 4.0,
    "P": -3.0
  },
  "Mo2N8Na12": {
    "Mo": 6.0,
    "N": -3.0,
    "Na": 1.0
  },
  "B3O15P3Sr3": {
    "B": 3.0,
    "O": -2.0,
    "P": 5.0,
    "Sr": 2.0
  },
  "Cs1Cu3O2": {
    "Cs": 1.0,
    "Cu": 1.0,
    "O": -2.0
  },
  "Ge1Se4Zn2": {
    "Ge": 4.0,
    "Se": -2.0,
    "Zn": 2.0
  },
  "F6Ga2H6N2": {
    "F": -1.0,
    "Ga": 3.0,
    "H": 1.0,
    "N": -3.0
  },
  "As1B2P1": {
    "As": -3.0,
    "B": 3.0,
    "P": -3.0
  },
  "Br7Nb3S1": {
    "Br": -1.0,
    "Nb": 3.0,
    "S": -2.0
  },
  "Cl2In2": {
    "Cl": -1.0,
    "In": 1.0
  },
  "Cs2I2O6": {
    "Cs": 1.0,
    "I": 5.0,
    "O": -2.0
  },
  "Br4S4": {
    "Br": 2.0,
    "S": -2.0
  },
  "F5Li3O1V1": {
    "F": -1.0,
    "Li": 1.0,
    "O": -2.0,
    "V": 4.0
  },
  "As2Ga1Li1O7": {
    "As": 5.0,
    "Ga": 3.0,
    "Li": 1.0,
    "O": -2.0
  },
  "Br1O3Rb1": {
    "Br": 5.0,
    "O": -2.0,
    "Rb": 1.0
  },
  "B12Ba6O24": {
    "B": 3.0,
    "Ba": 2.0,
    "O": -2.0
  },
  "K8Mg8O12": {
    "K": 1.0,
    "Mg": 2.0,
    "O": -2.0
  },
  "Cr3Li1O4": {
    "Cr": 2.3333333333333335,
    "Li": 1.0,
    "O": -2.0
  },
  "Ba8O20Sb8": {
    "Ba": 2.0,
    "O": -2.0,
    "Sb": 3.0
  },
  "Br4Hg6Te4": {
    "Br": -1.0,
    "Hg": 2.0,
    "Te": -2.0
  },
  "Fe5Na1O8": {
    "Fe": 3.0,
    "Na": 1.0,
    "O": -2.0
  },
  "B5Ca2Os3": {
    "B": -0.6,
    "Ca": 2.0,
    "Os": -0.3333333333333333
  },
  "Cr1Li1Mn3O8": {
    "Cr": 4.0,
    "Li": 1.0,
    "Mn": 3.6666666666666665,
    "O": -2.0
  },
  "Ge2Se4": {
    "Ge": 4.0,
    "Se": -2.0
  },
  "N8Ti4Zn4": {
    "N": -3.0,
    "Ti": 4.0,
    "Zn": 2.0
  },
  "Co2Li8O8": {
    "Co": 4.0,
    "Li": 1.0,
    "O": -2.0
  },
  "Cl2Re6Se8": {
    "Cl": -1.0,
    "Re": 3.0,
    "Se": -2.0
  },
  "Be4O14Si2Y4": {
    "Be": 2.0,
    "O": -2.0,
    "Si": 4.0,
    "Y": 3.0
  },
  "B2O14P2Zn6": {
    "B": 3.0,
    "O": -2.0,
    "P": 5.0,
    "Zn": 2.0
  },
  "Ca4N4O8Ta4": {
    "Ca": 2.0,
    "N": -3.0,
    "O": -2.0,
    "Ta": 5.0
  },
  "Fe2Na2O14P4": {
    "Fe": 3.0,
    "Na": 1.0,
    "O": -2.0,
    "P": 5.0
  },
  "Cl16Ga8": {
    "Cl": -1.0,
    "Ga": 2.0
  },
  "H2Mn2O4": {
    "H": 1.0,
    "Mn": 3.0,
    "O": -2.0
  },
  "K4O16P4V2": {
    "K": 1.0,
    "O": -2.0,
    "P": 5.0,
    "V": 4.0
  },
  "F6Ni1Pt1": {
    "F": -1.0,
    "Ni": 2.0,
    "Pt": 4.0
  },
  "Mg2Mn3O8": {
    "Mg": 2.0,
    "Mn": 4.0,
    "O": -2.0
  },
  "N2Na2Sn2": {
    "N": -3.0,
    "Na": 1.0,
    "Sn": 2.0
  },
  "B1Li1O4Si1": {
    "B": 3.0,
    "Li": 1.0,
    "O": -2.0,
    "Si": 4.0
  },
  "H8Si1": {
    "H": 0.5,
    "Si": -4.0
  },
  "Li24S32V8": {
    "Li": 1.0,
    "S": -2.0,
    "V": 5.0
  },
  "Be2O4Zn2": {
    "Be": 2.0,
    "O": -2.0,
    "Zn": 2.0
  },
  "Ba3C3N6": {
    "Ba": 2.0,
    "C": 4.0,
    "N": -3.0
  },
  "Al1Ga1N2": {
    "Al": 3.0,
    "Ga": 3.0,
    "N": -3.0
  },
  "Li24N16Sc8": {
    "Li": 1.0,
    "N": -3.0,
    "Sc": 3.0
  },
  "Ba2Hf2N4": {
    "Ba": 2.0,
    "Hf": 4.0,
    "N": -3.0
  },
  "C3H3La1O6": {
    "C": 2.0,
    "H": 1.0,
    "La": 3.0,
    "O": -2.0
  },
  "Hf1O4Sr2": {
    "Hf": 4.0,
    "O": -2.0,
    "Sr": 2.0
  },
  "Ge4Rh4": null,
  "Cd1Cl4Rb2": {
    "Cd": 2.0,
    "Cl": -1.0,
    "Rb": 1.0
  },
  "H2Mg2O3": {
    "H": 1.0,
    "Mg": 2.0,
    "O": -2.0
  },
  "H4Li4O16S4": {
    "H": 1.0,
    "Li": 1.0,
    "O": -2.0,
    "S": 6.0
  },
  "Cu1Pr5Se8": {
    "Cu": 1.0,
    "Pr": 3.0,
    "Se": -2.0
  },
  "O24Rb2Se4V6": {
    "O": -2.0,
    "Rb": 1.0,
    "Se": 4.0,
    "V": 5.0
  },
  "Ag1Pr5Se8": {
    "Ag": 1.0,
    "Pr": 3.0,
    "Se": -2.0
  },
  "B4N8Na12": {
    "B": 3.0,
    "N": -3.0,
    "Na": 1.0
  },
  "Pt1Sn1Ti1": null,
  "H8Na2O16P2S2": {
    "H": 1.0,
    "Na": 1.0,
    "O": -2.0,
    "P": 5.0,
    "S": 6.0
  },
  "Cs2O4Y2": {
    "Cs": 1.0,
    "O": -2.0,
    "Y": 3.0
  },
  "Cl2O8P2Sn4": {
    "Cl": -1.0,
    "O": -2.0,
    "P": 5.0,
    "Sn": 2.0
  },
  "Ca6Ga4N8": {
    "Ca": 2.0,
    "Ga": 3.0,
    "N": -3.0
  },
  "In4Mg2Se8": {
    "In": 3.0,
    "Mg": 2.0,
    "Se": -2.0
  },
  "K32Si32": {
    "K": 1.0,
    "Si": -1.0
  },
  "Br1Cs1F6": {
    "Br": 5.0,
    "Cs": 1.0,
    "F": -1.0
  },
  "Ga2O12Sm6": {
    "Ga": 3.0,
    "O": -2.0,
    "Sm": 3.0
  },
  "Fe1Li4O12Te2V1": {
    "Fe": 3.0,
    "Li": 1.0,
    "O": -2.0,
    "Te": 6.0,
    "V": 5.0
  },
  "Br2O1V1": {
    "Br": -1.0,
    "O": -2.0,
    "V": 4.0
  },
  "Cl4Cs3Li1": {
    "Cl": -1.0,
    "Cs": 1.0,
    "Li": 1.0
  },
  "Na12Se8Zn2": {
    "Na": 1.0,
    "Se": -2.0,
    "Zn": 2.0
  },
  "Bi8I4Ru2": null,
  "Al4Ca12N12": {
    "Al": 3.0,
    "Ca": 2.0,
    "N": -3.0
  },
  "Br6Cd2Cs2": {
    "Br": -1.0,
    "Cd": 2.0,
    "Cs": 1.0
  },
  "In2Se2": {
    "In": 2.0,
    "Se": -2.0
  },
  "Al6C6Sc2": {
    "Al": 3.0,
    "C": -4.0,
    "Sc": 3.0
  },
  "Ge14Ir6": null,
  "Be4Nd4O14Si2": {
    "Be": 2.0,
    "Nd": 3.0,
    "O": -2.0,
    "Si": 4.0
  },
  "Ba20N24Si8": {
    "Ba": 2.0,
    "N": -3.0,
    "Si": 4.0
  },
  "Cl4Os1": {
    "Cl": -1.0,
    "Os": 4.0
  },
  "Cl1Li6P1S5": {
    "Cl": -1.0,
    "Li": 1.0,
    "P": 5.0,
    "S": -2.0
  },
  "Rb6Se6": {
    "Rb": 1.0,
    "Se": -1.0
  },
  "Br2Li2": {
    "Br": -1.0,
    "Li": 1.0
  },
  "Li6Ni2O10Si2": {
    "Li": 1.0,
    "Ni": 3.0,
    "O": -2.0,
    "Si": 4.0
  },
  "F24Fe4Li12": {
    "F": -1.0,
    "Fe": 3.0,
    "Li": 1.0
  },
  "Fe4Si4": {
    "Fe": 2.0,
    "Si": -2.0
  },
  "Cu3Ta1Te4": {
    "Cu": 1.0,
    "Ta": 5.0,
    "Te": -2.0
  },
  "Cr2F6K2": {
    "Cr": 2.0,
    "F": -1.0,
    "K": 1.0
  },
  "I2Li2": {
    "I": -1.0,
    "Li": 1.0
  },
  "As4Sn3": {
    "As": -3.0,
    "Sn": 4.0
  },
  "Ba1Ga2Te4": {
    "Ba": 2.0,
    "Ga": 3.0,
    "Te": -2.0
  },
  "Ba4N8Si4": {
    "Ba": 2.0,
    "N": -3.0,
    "Si": 4.0
  },
  "B2O6V2": {
    "B": 3.0,
    "O": -2.0,
    "V": 3.0
  },
  "Cs3O8Ta1": null,
  "F3Rb1V1": {
    "F": -1.0,
    "Rb": 1.0,
    "V": 2.0
  },
  "F6K2Ti1": {
    "F": -1.0,
    "K": 1.0,
    "Ti": 4.0
  },
  "Ca2F2Na2Nb4O12": {
    "Ca": 2.0,
    "F": -1.0,
    "Na": 1.0,
    "Nb": 5.0,
    "O": -2.0
  },
  "Cr1O14P4V1": {
    "Cr": 3.0,
    "O": -2.0,
    "P": 5.0,
    "V": 5.0
  },
  "Rb4S6": {
    "Rb": 1.0,
    "S": -0.6666666666666666
  },
  "Cu1O2Rh1": {
    "Cu": 1.0,
    "O": -2.0,
    "Rh": 3.0
  },
  "H4Mg2O12Se4": {
    "H": 1.0,
    "Mg": 2.0,
    "O": -2.0,
    "Se": 4.0
  },
  "I16Nb4": {
    "I": -1.0,
    "Nb": 4.0
  },
  "Sr1Te1": {
    "Sr": 2.0,
    "Te": -2.0
  },
  "B18Br18": {
    "B": 1.0,
    "Br": -1.0
  },
  "Mg2Na8O6": {
    "Mg": 2.0,
    "Na": 1.0,
    "O": -2.0
  },
  "Ga1Mg1Sc1": null,
  "Na12O14Ti4": {
    "Na": 1.0,
    "O": -2.0,
    "Ti": 4.0
  },
  "Br4Cu4Se12": {
    "Br": 2.0,
    "Cu": 2.0,
    "Se": -1.3333333333333333
  },
  "O2S1Y2": {
    "O": -2.0,
    "S": -2.0,
    "Y": 3.0
  },
  "Ca16N32Ti16": {
    "Ca": 2.0,
    "N": -3.0,
    "Ti": 4.0
  },
  "B2F8H6O2": {
    "B": 3.0,
    "F": -1.0,
    "H": 1.0,
    "O": -2.0
  },
  "Ba2Hg1Sn1": null,
  "B6Li2S12Sr2": {
    "B": 3.0,
    "Li": 1.0,
    "S": -2.0,
    "Sr": 2.0
  },
  "Cu4K4O16P4": {
    "Cu": 2.0,
    "K": 1.0,
    "O": -2.0,
    "P": 5.0
  },
  "Cu3Se4Ta1": {
    "Cu": 1.0,
    "Se": -2.0,
    "Ta": 5.0
  },
  "Ba6Bi2N2": null,
  "Li4Mn1O12Sb2W1": {
    "Li": 1.0,
    "Mn": 4.0,
    "O": -2.0,
    "Sb": 5.0,
    "W": 6.0
  },
  "Li4N12Si8": {
    "Li": 1.0,
    "N": -3.0,
    "Si": 4.0
  },
  "Li56N32Nb8": {
    "Li": 1.0,
    "N": -3.0,
    "Nb": 5.0
  },
  "Ca3Ir6P6": null,
  "Cl16Co4Rb8": {
    "Cl": -1.0,
    "Co": 2.0,
    "Rb": 1.0
  },
  "O2Rb1Y1": {
    "O": -2.0,
    "Rb": 1.0,
    "Y": 3.0
  },
  "In2Li2O14P4": {
    "In": 3.0,
    "Li": 1.0,
    "O": -2.0,
    "P": 5.0
  },
  "Cr2La2O6": {
    "Cr": 3.0,
    "La": 3.0,
    "O": -2.0
  },
  "Al10B2O18": {
    "Al": 3.0,
    "B": 3.0,
    "O": -2.0
  },
  "K4O16Sr4V4": {
    "K": 1.0,
    "O": -2.0,
    "Sr": 2.0,
    "V": 5.0
  },
  "Li3O8Y3Zr1": {
    "Li": 1.0,
    "O": -2.0,
    "Y": 3.0,
    "Zr": 4.0
  },
  "O8Sb4": {
    "O": -2.0,
    "Sb": 4.0
  },
  "C1S14": {
    "C": 4.0,
    "S": -0.2857142857142857
  },
  "Hf4Li2N6": {
    "Hf": 4.0,
    "Li": 1.0,
    "N": -3.0
  },
  "Mo3S2Se2Te4W1": {
    "Mo": 4.666666666666667,
    "S": -2.0,
    "Se": -2.0,
    "Te": -2.0,
    "W": 2.0
  },
  "Ca2Ho4S8": {
    "Ca": 2.0,
    "Ho": 3.0,
    "S": -2.0
  },
  "As1S3Tl3": {
    "As": 3.0,
    "S": -2.0,
    "Tl": 1.0
  },
  "Er1Pt1Sb1": {
    "Er": 3.0,
    "Pt": -2.0,
    "Sb": -1.0
  },
  "K1La1S2": {
    "K": 1.0,
    "La": 3.0,
    "S": -2.0
  },
  "Nb1Ru1Sb1": null,
  "Ni1Sb1Tb1": null,
  "O3Pb1V1": {
    "O": -2.0,
    "Pb": 2.0,
    "V": 4.0
  },
  "Na2O4Tm2": {
    "Na": 1.0,
    "O": -2.0,
    "Tm": 3.0
  },
  "Ga2Hg1S4": {
    "Ga": 3.0,
    "Hg": 2.0,
    "S": -2.0
  },
  "P4Sn2Zn2": {
    "P": -3.0,
    "Sn": 4.0,
    "Zn": 2.0
  },
  "As2Ca1Zn2": {
    "As": -3.0,
    "Ca": 2.0,
    "Zn": 2.0
  },
  "Ca1P2Zn2": {
    "Ca": 2.0,
    "P": -3.0,
    "Zn": 2.0
  },
  "Ac1F1O1": {
    "Ac": 3.0,
    "F": -1.0,
    "O": -2.0
  },
  "Ba2Cl2F2": {
    "Ba": 2.0,
    "Cl": -1.0,
    "F": -1.0
  },
  "K2Li2Te2": {
    "K": 1.0,
    "Li": 1.0,
    "Te": -2.0
  },
  "Ni2P4": {
    "Ni": 2.0,
    "P": -1.0
  },
  "Br4K2Pd1": {
    "Br": -1.0,
    "K": 1.0,
    "Pd": 2.0
  },
  "Cl4N1Re1": {
    "Cl": -1.0,
    "N": -3.0,
    "Re": 7.0
  },
  "Li4Na4O4": {
    "Li": 1.0,
    "Na": 1.0,
    "O": -2.0
  },
  "O16P4Sb3V1": {
    "O": -2.0,
    "P": 5.0,
    "Sb": 3.0,
    "V": 3.0
  },
  "Pt1Sb1Sc1": {
    "Pt": -2.0,
    "Sb": -1.0,
    "Sc": 3.0
  },
  "P4Pb4Se12": {
    "P": 3.5,
    "Pb": 2.5,
    "Se": -2.0
  },
  "Cl27Cs9Hg9": {
    "Cl": -1.0,
    "Cs": 1.0,
    "Hg": 2.0
  },
  "F20O2Re2Sb2": {
    "F": -1.0,
    "O": -2.0,
    "Re": 7.0,
    "Sb": 5.0
  },
  "B8Ba4O24Zn8": {
    "B": 3.0,
    "Ba": 2.0,
    "O": -2.0,
    "Zn": 2.0
  },
  "F32O8Os8": {
    "F": -1.0,
    "O": -2.0,
    "Os": 6.0
  },
  "Li80N48Si16": {
    "Li": 1.0,
    "N": -3.0,
    "Si": 4.0
  },
  "Br4H36O16": {
    "Br": -1.0,
    "H": 1.0,
    "O": -2.0
  },
  "Mo14N38Na30": {
    "Mo": 6.0,
    "N": -3.0,
    "Na": 1.0
  },
  "K4O8Sn4": {
    "K": 1.0,
    "O": -2.0,
    "Sn": 3.0
  },
  "Cs30N38W14": {
    "Cs": 1.0,
    "N": -3.0,
    "W": 6.0
  },
  "Ir1Na4O4": {
    "Ir": 4.0,
    "Na": 1.0,
    "O": -2.0
  },
  "Ag4Ge2S6": {
    "Ag": 1.0,
    "Ge": 4.0,
    "S": -2.0
  },
  "B12O2": null,
  "Mn2Na8O8": {
    "Mn": 4.0,
    "Na": 1.0,
    "O": -2.0
  },
  "Ba2Ge14N20": {
    "Ba": 2.0,
    "Ge": 4.0,
    "N": -3.0
  },
  "Ca1Ge1Li2O4": {
    "Ca": 2.0,
    "Ge": 4.0,
    "Li": 1.0,
    "O": -2.0
  },
  "Ru4S8": {
    "Ru": 4.0,
    "S": -2.0
  },
  "Dy1Ni1Sb1": null,
  "O30P8Si2Y4": {
    "O": -2.0,
    "P": 5.0,
    "Si": 4.0,
    "Y": 3.0
  },
  "N2Na1Ta1": {
    "N": -3.0,
    "Na": 1.0,
    "Ta": 5.0
  },
  "S2Zr1": {
    "S": -2.0,
    "Zr": 4.0
  },
  "F12H16Mn2N4": {
    "F": -1.0,
    "H": 1.0,
    "Mn": 4.0,
    "N": -3.0
  },
  "F6Hf1Rb2": {
    "F": -1.0,
    "Hf": 4.0,
    "Rb": 1.0
  },
  "F6Rb2Zr1": {
    "F": -1.0,
    "Rb": 1.0,
    "Zr": 4.0
  },
  "Au2Se2": {
    "Au": 2.0,
    "Se": -2.0
  },
  "Mg24P16": {
    "Mg": 2.0,
    "P": -3.0
  },
  "F6Pd1Zn1": {
    "F": -1.0,
    "Pd": 4.0,
    "Zn": 2.0
  },
  "Cl2Cr2Li6O8": {
    "Cl": -1.0,
    "Cr": 6.0,
    "Li": 1.0,
    "O": -2.0
  },
  "O4Rb2Sb2": {
    "O": -2.0,
    "Rb": 1.0,
    "Sb": 3.0
  },
  "Li1O2V1": {
    "Li": 1.0,
    "O": -2.0,
    "V": 3.0
  },
  "As2Cu3K3": {
    "As": -3.0,
    "Cu": 1.0,
    "K": 1.0
  },
  "Ag3As2K3": {
    "Ag": 1.0,
    "As": -3.0,
    "K": 1.0
  },
  "Ba2Li2Sb2": {
    "Ba": 2.0,
    "Li": 1.0,
    "Sb": -3.0
  },
  "B4Li12N8": {
    "B": 3.0,
    "Li": 1.0,
    "N": -3.0
  },
  "Cd1K1N3O6": {
    "Cd": 2.0,
    "K": 1.0,
    "N": 3.0,
    "O": -2.0
  },
  "Ag2P2Sr2": {
    "Ag": 1.0,
    "P": -3.0,
    "Sr": 2.0
  },
  "F24Te4": {
    "F": -1.0,
    "Te": 6.0
  },
  "As12Pt8Sr2": {
    "As": 1.0,
    "Pt": -2.0,
    "Sr": 2.0
  },
  "Au1F6K1": {
    "Au": 5.0,
    "F": -1.0,
    "K": 1.0
  },
  "Be2C1": {
    "Be": 2.0,
    "C": -4.0
  },
  "F4H6": {
    "F": -1.0,
    "H": 0.6666666666666666
  },
  "K4Te4Zn2": {
    "K": 1.0,
    "Te": -2.0,
    "Zn": 2.0
  },
  "Se2Zr1": {
    "Se": -2.0,
    "Zr": 4.0
  },
  "Ag2Ga2O4": {
    "Ag": 1.0,
    "Ga": 3.0,
    "O": -2.0
  },
  "O6Sn2Sr2": {
    "O": -2.0,
    "Sn": 4.0,
    "Sr": 2.0
  },
  "Ca1Cs2F4": {
    "Ca": 2.0,
    "Cs": 1.0,
    "F": -1.0
  },
  "Fe2Li4O6": null,
  "Pt8Sb8Si8": {
    "Pt": -2.0,
    "Sb": -2.0,
    "Si": 4.0
  },
  "H4Li2Mn2O16P4": {
    "H": 1.0,
    "Li": 1.0,
    "Mn": 3.0,
    "O": -2.0,
    "P": 5.0
  },
  "K8Sb8": {
    "K": 1.0,
    "Sb": -1.0
  },
  "As2Na2Zn2": {
    "As": -3.0,
    "Na": 1.0,
    "Zn": 2.0
  },
  "Cd8Sb8": {
    "Cd": 2.0,
    "Sb": -2.0
  },
  "Br3Ge1K1": {
    "Br": -1.0,
    "Ge": 2.0,
    "K": 1.0
  },
  "As2Cu2K4": {
    "As": -3.0,
    "Cu": 1.0,
    "K": 1.0
  },
  "As8K14Nb2": {
    "As": -3.0,
    "K": 1.0,
    "Nb": 5.0
  },
  "Pd4Se8": {
    "Pd": 4.0,
    "Se": -2.0
  },
  "Cd24P16": {
    "Cd": 2.0,
    "P": -3.0
  },
  "Cl8Hf2": {
    "Cl": -1.0,
    "Hf": 4.0
  },
  "H14N4O10P2V2": {
    "H": 1.0,
    "N": -3.0,
    "O": -2.0,
    "P": 5.0,
    "V": 4.0
  },
  "Ga2La6Mn2S14": {
    "Ga": 3.0,
    "La": 3.0,
    "Mn": 2.0,
    "S": -2.0
  },
  "Fe1Li7O6": null,
  "Cs2N2O6": {
    "Cs": 1.0,
    "N": 5.0,
    "O": -2.0
  },
  "Cl12Pd6": {
    "Cl": -1.0,
    "Pd": 2.0
  },
  "Ba3Na3P3": {
    "Ba": 2.0,
    "Na": 1.0,
    "P": -3.0
  },
  "F14Fe2Na4Ni2": {
    "F": -1.0,
    "Fe": 3.0,
    "Na": 1.0,
    "Ni": 2.0
  },
  "Br6Pd1Rb2": {
    "Br": -1.0,
    "Pd": 4.0,
    "Rb": 1.0
  },
  "C2Cd2O6": {
    "C": 4.0,
    "Cd": 2.0,
    "O": -2.0
  },
  "F2Fe1Li5O3": {
    "F": -1.0,
    "Fe": 3.0,
    "Li": 1.0,
    "O": -2.0
  },
  "Cl16S8": {
    "Cl": -1.0,
    "S": 2.0
  },
  "Cl6Pd1Rb2": {
    "Cl": -1.0,
    "Pd": 4.0,
    "Rb": 1.0
  },
  "Mo2O8Pb2": {
    "Mo": 6.0,
    "O": -2.0,
    "Pb": 2.0
  },
  "La2O2S1": {
    "La": 3.0,
    "O": -2.0,
    "S": -2.0
  },
  "La2O2Te1": {
    "La": 3.0,
    "O": -2.0,
    "Te": -2.0
  },
  "Cl12Nb4O4": {
    "Cl": -1.0,
    "Nb": 5.0,
    "O": -2.0
  },
  "Cl4O12": null,
  "C2Li2O14P2Sn2": {
    "C": 4.0,
    "Li": 1.0,
    "O": -2.0,
    "P": 5.0,
    "Sn": 4.0
  },
  "Ba2F2I2": {
    "Ba": 2.0,
    "F": -1.0,
    "I": -1.0
  },
  "C2Cl4F4": {
    "C": 4.0,
    "Cl": -1.0,
    "F": -1.0
  },
  "Ba2O4Sn1": {
    "Ba": 2.0,
    "O": -2.0,
    "Sn": 4.0
  },
  "Ba2N2Nb6O14": {
    "Ba": 2.0,
    "N": -3.0,
    "Nb": 5.0,
    "O": -2.0
  },
  "Br6Cs2Mg2": {
    "Br": -1.0,
    "Cs": 1.0,
    "Mg": 2.0
  },
  "Cs2I6Mg2": {
    "Cs": 1.0,
    "I": -1.0,
    "Mg": 2.0
  },
  "Br2F2Sr2": {
    "Br": -1.0,
    "F": -1.0,
    "Sr": 2.0
  },
  "As1Au1Ca2": {
    "As": -3.0,
    "Au": -1.0,
    "Ca": 2.0
  },
  "Cu2Li4O10Sb2": {
    "Cu": 3.0,
    "Li": 1.0,
    "O": -2.0,
    "Sb": 5.0
  },
  "Li3Ni4O8": {
    "Li": 1.0,
    "Ni": 3.25,
    "O": -2.0
  },
  "Al1Fe2Nb1": null,
  "Pd1Sb1Sc1": null,
  "F2I2Sr2": {
    "F": -1.0,
    "I": -1.0,
    "Sr": 2.0
  },
  "Cl2Gd2O2": {
    "Cl": -1.0,
    "Gd": 3.0,
    "O": -2.0
  },
  "Cu2Ga2Se4": {
    "Cu": 1.0,
    "Ga": 3.0,
    "Se": -2.0
  },
  "Cl8O4S4": {
    "Cl": -1.0,
    "O": -2.0,
    "S": 4.0
  },
  "Ba2Br2F2": {
    "Ba": 2.0,
    "Br": -1.0,
    "F": -1.0
  },
  "As4Si3": {
    "As": -3.0,
    "Si": 4.0
  },
  "Li2O6Ta2": {
    "Li": 1.0,
    "O": -2.0,
    "Ta": 5.0
  },
  "B1Li1O4V1": {
    "B": 3.0,
    "Li": 1.0,
    "O": -2.0,
    "V": 4.0
  },
  "Al2Cu2S4": {
    "Al": 3.0,
    "Cu": 1.0,
    "S": -2.0
  },
  "Ba1O3Sn1": {
    "Ba": 2.0,
    "O": -2.0,
    "Sn": 4.0
  },
  "Ag2Ba1Ge1S4": {
    "Ag": 1.0,
    "Ba": 2.0,
    "Ge": 4.0,
    "S": -2.0
  },
  "Co2O8Rh4": {
    "Co": 2.0,
    "O": -2.0,
    "Rh": 3.0
  },
  "I1Rb1": {
    "I": -1.0,
    "Rb": 1.0
  },
  "As4Te6": {
    "As": 3.0,
    "Te": -2.0
  },
  "Na2O6Sb2": {
    "Na": 1.0,
    "O": -2.0,
    "Sb": 5.0
  },
  "Au2Cs2I6": {
    "Au": 2.0,
    "Cs": 1.0,
    "I": -1.0
  },
  "Na1O2Rh1": {
    "Na": 1.0,
    "O": -2.0,
    "Rh": 3.0
  },
  "Au2Br6Cs2": {
    "Au": 2.0,
    "Br": -1.0,
    "Cs": 1.0
  },
  "Li6P2": {
    "Li": 1.0,
    "P": -3.0
  },
  "Cl6I2": null,
  "As1Ca1Li1": {
    "As": -3.0,
    "Ca": 2.0,
    "Li": 1.0
  },
  "As1B1": {
    "As": -3.0,
    "B": 3.0
  },
  "F1Nd1O1": {
    "F": -1.0,
    "Nd": 3.0,
    "O": -2.0
  },
  "O4Sn2": {
    "O": -2.0,
    "Sn": 4.0
  },
  "Ba2P6": {
    "Ba": 2.0,
    "P": -0.6666666666666666
  },
  "Mn2P2S6": {
    "Mn": 2.0,
    "P": 4.0,
    "S": -2.0
  },
  "Cd2O6Ti2": {
    "Cd": 2.0,
    "O": -2.0,
    "Ti": 4.0
  },
  "N12Sr8Ta4": {
    "N": -3.0,
    "Sr": 2.0,
    "Ta": 5.0
  },
  "N2Na2O6": {
    "N": 5.0,
    "Na": 1.0,
    "O": -2.0
  },
  "Se6Zr2": {
    "Se": -1.0,
    "Zr": 3.0
  },
  "Cr2Nd2O2S4": {
    "Cr": 3.0,
    "Nd": 3.0,
    "O": -2.0,
    "S": -2.0
  },
  "Ge1Te1": {
    "Ge": 2.0,
    "Te": -2.0
  },
  "K2N6": {
    "K": 1.0,
    "N": -0.3333333333333333
  },
  "Cd2P8": {
    "Cd": 2.0,
    "P": -0.5
  },
  "Ga4O6": {
    "Ga": 3.0,
    "O": -2.0
  },
  "Cl4Hg6Se4": {
    "Cl": -1.0,
    "Hg": 2.0,
    "Se": -2.0
  },
  "B2Cu2S4": {
    "B": 3.0,
    "Cu": 1.0,
    "S": -2.0
  },
  "Re4Se8": {
    "Re": 4.0,
    "Se": -2.0
  },
  "Mg2P8": {
    "Mg": 2.0,
    "P": -0.5
  },
  "K4P4Se24": {
    "K": 1.0,
    "P": 5.0,
    "Se": -1.0
  },
  "B4F32N4": {
    "B": 3.0,
    "F": -1.0,
    "N": 5.0
  },
  "Fe4Li5O8": {
    "Fe": 2.75,
    "Li": 1.0,
    "O": -2.0
  },
  "Cr2Fe1Li3O6": {
    "Cr": 3.0,
    "Fe": 3.0,
    "Li": 1.0,
    "O": -2.0
  },
  "Li3Mn1O7Si2": {
    "Li": 1.0,
    "Mn": 3.0,
    "O": -2.0,
    "Si": 4.0
  },
  "Br2F6": null,
  "F3Li7Mn1O3": {
    "F": -1.0,
    "Li": 1.0,
    "Mn": 2.0,
    "O": -2.0
  },
  "F5Li2O1V1": {
    "F": -1.0,
    "Li": 1.0,
    "O": -2.0,
    "V": 5.0
  },
  "Na8Se8Sn2": {
    "Na": 1.0,
    "Se": -2.0,
    "Sn": 4.0
  },
  "Cu4S6Si2": {
    "Cu": 1.0,
    "S": -2.0,
    "Si": 4.0
  },
  "C4Cl4H24N12O4": {
    "C": 4.0,
    "Cl": -1.0,
    "H": 1.0,
    "N": -2.3333333333333335,
    "O": -2.0
  },
  "Cu4K4O4": {
    "Cu": 1.0,
    "K": 1.0,
    "O": -2.0
  },
  "Ge8N16Sr16": {
    "Ge": 2.0,
    "N": -3.0,
    "Sr": 2.0
  },
  "Cl6Cs2Ni2": {
    "Cl": -1.0,
    "Cs": 1.0,
    "Ni": 2.0
  },
  "Co1O6Pt3": {
    "Co": 2.0,
    "O": -2.0,
    "Pt": 3.3333333333333335
  },
  "Br1O3Tl1": {
    "Br": 5.0,
    "O": -2.0,
    "Tl": 1.0
  },
  "I1Li6P1S5": {
    "I": -1.0,
    "Li": 1.0,
    "P": 5.0,
    "S": -2.0
  },
  "As12Ca10Sn4": {
    "As": -3.0,
    "Ca": 2.0,
    "Sn": 4.0
  },
  "Br14Fe2Se2": {
    "Br": -0.14285714285714285,
    "Fe": 3.0,
    "Se": -2.0
  },
  "H4O14Ti6": {
    "H": 1.0,
    "O": -2.0,
    "Ti": 4.0
  },
  "Cl4N8Na4S4Zr8": {
    "Cl": -1.0,
    "N": -3.0,
    "Na": 1.0,
    "S": -2.0,
    "Zr": 4.0
  },
  "Ba8Si16": {
    "Ba": 2.0,
    "Si": -1.0
  },
  "Li2Mn2O24P8": {
    "Li": 1.0,
    "Mn": 3.0,
    "O": -2.0,
    "P": 5.0
  },
  "Ba4H8O32S8": {
    "Ba": 2.0,
    "H": 1.0,
    "O": -2.0,
    "S": 6.0
  },
  "Al4H20Sr4": {
    "Al": 3.0,
    "H": -1.0,
    "Sr": 2.0
  },
  "Co2K12Se8": {
    "Co": 2.0,
    "K": 1.0,
    "Se": -2.0
  },
  "O24P8W2": {
    "O": -2.0,
    "P": 5.0,
    "W": 4.0
  },
  "Al6B2Ge6H8Na8O24": {
    "Al": 3.0,
    "B": -3.0,
    "Ge": 3.3333333333333335,
    "H": 1.0,
    "Na": 1.0,
    "O": -2.0
  },
  "Cl1Cu3S3Te1": {
    "Cl": -1.0,
    "Cu": 1.0,
    "S": -2.0,
    "Te": 4.0
  },
  "Br2O2V2": {
    "Br": -1.0,
    "O": -2.0,
    "V": 3.0
  },
  "Mg4N6P2": {
    "Mg": 2.0,
    "N": -3.0,
    "P": 5.0
  },
  "Cr6Li4O16V2": {
    "Cr": 3.0,
    "Li": 1.0,
    "O": -2.0,
    "V": 5.0
  },
  "Cl4H4K2Mn1O2": {
    "Cl": -1.0,
    "H": 1.0,
    "K": 1.0,
    "Mn": 2.0,
    "O": -2.0
  },
  "Br2N2Ti2": {
    "Br": -1.0,
    "N": -3.0,
    "Ti": 4.0
  },
  "As12Ca10Ga4": {
    "As": -2.6666666666666665,
    "Ca": 2.0,
    "Ga": 3.0
  },
  "Al6C1Na8O27Si6": {
    "Al": 3.0,
    "C": 4.0,
    "Na": 1.0,
    "O": -2.0,
    "Si": 4.0
  },
  "Ca8S2Sb4": {
    "Ca": 2.0,
    "S": -2.0,
    "Sb": -3.0
  },
  "K16N32V16": {
    "K": 1.0,
    "N": -3.0,
    "V": 5.0
  },
  "Cu2La6S14Sn2": {
    "Cu": 1.0,
    "La": 3.0,
    "S": -2.0,
    "Sn": 4.0
  },
  "Ge16N32Sr16": {
    "Ge": 4.0,
    "N": -3.0,
    "Sr": 2.0
  },
  "F6Fe3Li1O2": {
    "F": -1.0,
    "Fe": 3.0,
    "Li": 1.0,
    "O": -2.0
  },
  "Cl4Li4O16": null,
  "Br2In2": {
    "Br": -1.0,
    "In": 1.0
  },
  "As4Rb4Si2": {
    "As": -3.0,
    "Rb": 1.0,
    "Si": 4.0
  },
  "As2K6": {
    "As": -3.0,
    "K": 1.0
  },
  "Cd1Hg1O2": {
    "Cd": 2.0,
    "Hg": 2.0,
    "O": -2.0
  },
  "Ca2S8Tb4": {
    "Ca": 2.0,
    "S": -2.0,
    "Tb": 3.0
  },
  "Cs4Cu4Se16": {
    "Cs": 1.0,
    "Cu": 2.0,
    "Se": -0.75
  },
  "F1K1": {
    "F": -1.0,
    "K": 1.0
  },
  "Br1Na1": {
    "Br": -1.0,
    "Na": 1.0
  },
  "Ca1Te1": {
    "Ca": 2.0,
    "Te": -2.0
  },
  "Pb1Te1": {
    "Pb": 2.0,
    "Te": -2.0
  },
  "Cu2Ga2S4": {
    "Cu": 1.0,
    "Ga": 3.0,
    "S": -2.0
  },
  "F2Hg1": {
    "F": -1.0,
    "Hg": 2.0
  },
  "F2Pb1": {
    "F": -1.0,
    "Pb": 2.0
  },
  "Cl6Ge2In2": {
    "Cl": -1.0,
    "Ge": 2.0,
    "In": 1.0
  },
  "Hg1Pb1Sr2": null,
  "F6Mo1": {
    "F": -1.0,
    "Mo": 6.0
  },
  "Hg8O12Se4": {
    "Hg": 2.0,
    "O": -2.0,
    "Se": 2.0
  },
  "Br1K1": {
    "Br": -1.0,
    "K": 1.0
  },
  "Ca1Mg2N2": {
    "Ca": 2.0,
    "Mg": 2.0,
    "N": -3.0
  },
  "H2Li4Mn2O16P4": {
    "H": 1.0,
    "Li": 1.0,
    "Mn": 3.0,
    "O": -2.0,
    "P": 5.0
  },
  "Cl1Rb1": {
    "Cl": -1.0,
    "Rb": 1.0
  },
  "Au1Bi1Ca2": null,
  "As1Ca1Na1": {
    "As": -3.0,
    "Ca": 2.0,
    "Na": 1.0
  },
  "In2Na2Te4": {
    "In": 3.0,
    "Na": 1.0,
    "Te": -2.0
  },
  "Ga4Li4S8": {
    "Ga": 3.0,
    "Li": 1.0,
    "S": -2.0
  },
  "Ca3Cd3Ge3": null,
  "Al1Fe1O8W2": {
    "Al": 3.0,
    "Fe": 3.0,
    "O": -2.0,
    "W": 5.0
  },
  "Cr2Mg1O6S2Sr4": {
    "Cr": 3.0,
    "Mg": 2.0,
    "O": -2.0,
    "S": -2.0,
    "Sr": 2.0
  },
  "Mg2O10P2V2": {
    "Mg": 2.0,
    "O": -2.0,
    "P": 5.0,
    "V": 3.0
  },
  "Al1Co1O8W2": {
    "Al": 3.0,
    "Co": 1.0,
    "O": -2.0,
    "W": 6.0
  },
  "C1F1O3Rb1Sr1": {
    "C": 4.0,
    "F": -1.0,
    "O": -2.0,
    "Rb": 1.0,
    "Sr": 2.0
  },
  "Cu1O6W1Zn2": {
    "Cu": 2.0,
    "O": -2.0,
    "W": 6.0,
    "Zn": 2.0
  },
  "Al6Br2Ge6Li8O24": {
    "Al": 3.0,
    "Br": -1.0,
    "Ge": 4.0,
    "Li": 1.0,
    "O": -2.0
  },
  "Ca1Fe2O12Si4": {
    "Ca": 2.0,
    "Fe": 3.0,
    "O": -2.0,
    "Si": 4.0
  },
  "F8Ti2": {
    "F": -1.0,
    "Ti": 4.0
  },
  "Cl4K2Pd1": {
    "Cl": -1.0,
    "K": 1.0,
    "Pd": 2.0
  },
  "Ca2Fe4O8": {
    "Ca": 2.0,
    "Fe": 3.0,
    "O": -2.0
  },
  "Ca1Cd1O2": {
    "Ca": 2.0,
    "Cd": 2.0,
    "O": -2.0
  },
  "Pt1Si1Zr1": {
    "Pt": 2.0,
    "Si": -4.0,
    "Zr": 2.0
  },
  "As4Cd2Si2": {
    "As": -3.0,
    "Cd": 2.0,
    "Si": 4.0
  },
  "Ca2N2Zn1": {
    "Ca": 2.0,
    "N": -3.0,
    "Zn": 2.0
  },
  "Li1P1S4Zn1": {
    "Li": 1.0,
    "P": 5.0,
    "S": -2.0,
    "Zn": 2.0
  },
  "Mg2Mn4O8": {
    "Mg": 2.0,
    "Mn": 3.0,
    "O": -2.0
  },
  "B2Ba1Cu1O5": {
    "B": 3.0,
    "Ba": 2.0,
    "Cu": 2.0,
    "O": -2.0
  },
  "Cl2N2Ti2": {
    "Cl": -1.0,
    "N": -3.0,
    "Ti": 4.0
  },
  "Mg4O16Ti6": {
    "Mg": 2.0,
    "O": -2.0,
    "Ti": 4.0
  },
  "Ca2Cr4O8": {
    "Ca": 2.0,
    "Cr": 3.0,
    "O": -2.0
  },
  "O16Sn6Zn4": {
    "O": -2.0,
    "Sn": 4.0,
    "Zn": 2.0
  },
  "Ag2Ba1Ge1Se4": {
    "Ag": 1.0,
    "Ba": 2.0,
    "Ge": 4.0,
    "Se": -2.0
  }
}