{
  "Cs2ZrCl6": {
    "Cs": 1.0,
    "Zr": 4.0,
    "Cl": -1.0
  },
  "Mo2C": {
    "Mo": 2.0,
    "C": -4.0
  },
  "YMgCu4": null,
  "GaNi3": null,
  "ZnPt3": {
    "Zn": 2.0,
    "Pt": -0.6666666666666666
  },
  "SnPd": null,
  "KZnN": {
    "K": 1.0,
    "Zn": 2.0,
    "N": -3.0
  },
  "NiAs2": {
    "Ni": 2.0,
    "As": -1.0
  },
  "ErCu2": null,
  "BiO2": null,
  "InAgS2": {
    "In": 3.0,
    "Ag": 1.0,
    "S": -2.0
  },
  "LiAlO2": {
    "Li": 1.0,
    "Al": 3.0,
    "O": -2.0
  },
  "Hf2Ge": null,
  "CaIn2Cu": null,
  "Co(BW)2": {
    "Co": 2.0,
    "B": -3.0,
    "W": 2.0
  },
  "PtI2": {
    "Pt": 2.0,
    "I": -1.0
  },
  "P2O5": {
    "P": 5.0,
    "O": -2.0
  },
  "NbZn16": null,
  "Li2PdO2": {
    "Li": 1.0,
    "Pd": 2.0,
    "O": -2.0
  },
  "Zr3Au": null,
  "NbPbS2": {
    "Nb": 2.0,
    "Pb": 2.0,
    "S": -2.0
  },
  "KCuSe": {
    "K": 1.0,
    "Cu": 1.0,
    "Se": -2.0
  },
  "AlCrO3": {
    "Al": 3.0,
    "Cr": 3.0,
    "O": -2.0
  },
  "NbP": {
    "Nb": 3.0,
    "P": -3.0
  },
  "Rb2NbF6": {
    "Rb": 1.0,
    "Nb": 4.0,
    "F": -1.0
  },
  "Bi2S3": {
    "Bi": 3.0,
    "S": -2.0
  },
  "InTe": {
    "In": 2.0,
    "Te": -2.0
  },
  "MnAlRu2": null,
  "CaAl2SiO6": {
    "Ca": 2.0,
    "Al": 3.0,
    "Si": 4.0,
    "O": -2.0
  },
  "Al2CuO4": {
    "Al": 3.0,
    "Cu": 2.0,
    "O": -2.0
  },
  "Na3(CuO2)2": {
    "Na": 1.0,
    "Cu": 2.5,
    "O": -2.0
  },
  "Zr(MoO4)2": {
    "Zr": 4.0,
    "Mo": 6.0,
    "O": -2.0
  },
  "Fe(SiP)4": {
    "Fe": 3.0,
    "Si": -4.0,
    "P": 3.25
  },
  "Mn3O4": {
    "Mn": 2.6666666666666665,
    "O": -2.0
  },
  "CuWO4": {
    "Cu": 2.0,
    "W": 6.0,
    "O": -2.0
  },
  "ZrCu": null,
  "TaAlOs2": null,
  "VAg(PSe3)2": {
    "V": 3.0,
    "Ag": 1.0,
    "P": 4.0,
    "Se": -2.0
  },
  "ScAlPd2": null,
  "Hf2CS": null,
  "Ti3Ag": null,
  "GaCo": null,
  "Bi2AuO5": {
    "Bi": 4.0,
    "Au": 2.0,
    "O": -2.0
  },
  "Te2Mo3W(Se2S)2": {
    "Te": -2.0,
    "Mo": 4.666666666666667,
    "W": 2.0,
    "Se": -2.0,
    "S": -2.0
  },
  "CeBe13": null,
  "Sr2MgH6": {
    "Sr": 2.0,
    "Mg": 2.0,
    "H": -1.0
  },
  "HfMgRh2": null,
  "Li2FeBr4": {
    "Li": 1.0,
    "Fe": 2.0,
    "Br": -1.0
  },
  "Ba(BiPd)2": null,
  "Mg3Ag": null,
  "Ba(FeP)2": {
    "Ba": 2.0,
    "Fe": 2.0,
    "P": -3.0
  },
  "NiPt": {
    "Ni": 2.0,
    "Pt": -2.0
  },
  "Sr2FeSO3": {
    "Sr": 2.0,
    "Fe": 3.0,
    "S": -1.0,
    "O": -2.0
  },
  "NaAgO": {
    "Na": 1.0,
    "Ag": 1.0,
    "O": -2.0
  },
  "ZrI2": {
    "Zr": 2.0,
    "I": -1.0
  },
  "CoTeO4": {
    "Co": 4.0,
    "Te": 4.0,
    "O": -2.0
  },
  "Ca3BiP": null,
  "TaCu3Te4": {
    "Ta": 5.0,
    "Cu": 1.0,
    "Te": -2.0
  },
  "BaCO3": {
    "Ba": 2.0,
    "C": 4.0,
    "O": -2.0
  },
  "HfPt": null,
  "MnV2O6": {
    "Mn": 2.0,
    "V": 5.0,
    "O": -2.0
  },
  "TlCoO3": {
    "Tl": 3.0,
    "Co": 3.0,
    "O": -2.0
  },
  "Li(NiS)2": {
    "Li": 1.0,
    "Ni": 1.5,
    "S": -2.0
  },
  "Sc2Si2Ru": {
    "Sc": 3.0,
    "Si": -4.0,
    "Ru": 2.0
  },
  "Ce2C3": {
    "Ce": 3.0,
    "C": -2.0
  },
  "LaAs": {
    "La": 3.0,
    "As": -3.0
  },
  "TiNiGe": null,
  "TiVO3": {
    "Ti": 4.0,
    "V": 2.0,
    "O": -2.0
  },
  "Zr(SiNi)2": {
    "Zr": 4.0,
    "Si": -4.0,
    "Ni": 2.0
  },
  "SrS": {
    "Sr": 2.0,
    "S": -2.0
  },
  "Li7VN4": {
    "Li": 1.0,
    "V": 5.0,
    "N": -3.0
  },
  "SrCuP": {
    "Sr": 2.0,
    "Cu": 1.0,
    "P": -3.0
  },
  "Ta4FeP": null,
  "Ti2MnRu": null,
  "Be17Ru3": null,
  "Sr(AlSi)2": {
    "Sr": 2.0,
    "Al": 3.0,
    "Si": -4.0
  },
  "Sr2CoO3": {
    "Sr": 2.0,
    "Co": 2.0,
    "O": -2.0
  },
  "Sc2CdTc": null,
  "CoSe": {
    "Co": 2.0,
    "Se": -2.0
  },
  "ScNi": null,
  "AlCuS2": {
    "Al": 3.0,
    "Cu": 1.0,
    "S": -2.0
  },
  "SrCuF4": {
    "Sr": 2.0,
    "Cu": 2.0,
    "F": -1.0
  },
  "YPPt": {
    "Y": 3.0,
    "P": -1.0,
    "Pt": -2.0
  },
  "GaNi2": null,
  "Ca(CuSi)2": {
    "Ca": 2.0,
    "Cu": 3.0,
    "Si": -4.0
  },
  "V3Os": null,
  "YMnO3": {
    "Y": 3.0,
    "Mn": 3.0,
    "O": -2.0
  },
  "Mg2FeH6": {
    "Mg": 2.0,
    "Fe": 2.0,
    "H": -1.0
  },
  "BaSO4": {
    "Ba": 2.0,
    "S": 6.0,
    "O": -2.0
  },
  "Li2FeO2": {
    "Li": 1.0,
    "Fe": 2.0,
    "O": -2.0
  },
  "KPt2Se3": {
    "K": 1.0,
    "Pt": 2.0,
    "Se": -1.6666666666666667
  },
  "Sr3Sb2": {
    "Sr": 2.0,
    "Sb": -3.0
  },
  "PbICl": {
    "Pb": 2.0,
    "I": -1.0,
    "Cl": -1.0
  },
  "BPt3": null,
  "Mg3Cu": null,
  "Tl3SbSe3": {
    "Tl": 1.0,
    "Sb": 3.0,
    "Se": -2.0
  },
  "GdScO3": {
    "Gd": 3.0,
    "Sc": 3.0,
    "O": -2.0
  },
  "ScPt3": {
    "Sc": 2.0,
    "Pt": -0.6666666666666666
  },
  "Li2AlPt": null,
  "YAl2Ni": null,
  "TiZn16": null,
  "KZnAs": {
    "K": 1.0,
    "Zn": 2.0,
    "As": -3.0
  },
  "Zr6FeTe2": null,
  "K2PtCl6": {
    "K": 1.0,
    "Pt": 4.0,
    "Cl": -1.0
  },
  "Sr2CuC(NO)2": {
    "Sr": 2.0,
    "Cu": 2.0,
    "C": 4.0,
    "N": -3.0,
    "O": -2.0
  },
  "BaLiP": {
    "Ba": 2.0,
    "Li": 1.0,
    "P": -3.0
  },
  "Al12Re": null,
  "LiNbO3": {
    "Li": 1.0,
    "Nb": 5.0,
    "O": -2.0
  },
  "HfInCo2": null,
  "V(MoS2)2": {
    "V": 4.0,
    "Mo": 2.0,
    "S": -2.0
  },
  "Li2(NiO2)3": {
    "Li": 1.0,
    "Ni": 3.3333333333333335,
    "O": -2.0
  },
  "ZrSiTe": null,
  "LiTmO2": {
    "Li": 1.0,
    "Tm": 3.0,
    "O": -2.0
  },
  "YbMgIn2": null,
  "Cr2As": null,
  "AlPd5I2": null,
  "RbBi2": null,
  "Li2CO3": {
    "Li": 1.0,
    "C": 4.0,
    "O": -2.0
  },
  "Na2CS3": {
    "Na": 1.0,
    "C": 4.0,
    "S": -2.0
  },
  "LiNbRh2": null,
  "YbSiPt2": {
    "Yb": 2.0,
    "Si": -4.0,
    "Pt": 1.0
  },
  "Y2Ti2O7": {
    "Y": 3.0,
    "Ti": 4.0,
    "O": -2.0
  },
  "CrSi2": null,
  "In4SbTe3": {
    "In": 2.25,
    "Sb": -3.0,
    "Te": -2.0
  },
  "ZrOs": {
    "Zr": 2.0,
    "Os": -2.0
  },
  "MoRh3": null,
  "YSiRu": null,
  "ScNiP": {
    "Sc": 2.0,
    "Ni": 1.0,
    "P": -3.0
  },
  "AlFe3": null,
  "LiCdAs": {
    "Li": 1.0,
    "Cd": 2.0,
    "As": -3.0
  },
  "Na2NiO3": {
    "Na": 1.0,
    "Ni": 4.0,
    "O": -2.0
  },
  "TlCuF3": {
    "Tl": 1.0,
    "Cu": 2.0,
    "F": -1.0
  },
  "KUO3": {
    "K": 1.0,
    "U": 5.0,
    "O": -2.0
  },
  "BaPdS2": {
    "Ba": 2.0,
    "Pd": 2.0,
    "S": -2.0
  },
  "K2OsCl6": {
    "K": 1.0,
    "Os": 4.0,
    "Cl": -1.0
  },
  "AlClO": {
    "Al": 3.0,
    "Cl": -1.0,
    "O": -2.0
  },
  "TiCuGe": null,
  "Ba2SnO4": {
    "Ba": 2.0,
    "Sn": 4.0,
    "O": -2.0
  },
  "TiIr3": null,
  "LuCl3": {
    "Lu": 3.0,
    "Cl": -1.0
  },
  "LaMg3": null,
  "Sb2Te3": {
    "Sb": 3.0,
    "Te": -2.0
  },
  "CaZnSi": {
    "Ca": 2.0,
    "Zn": 2.0,
    "Si": -4.0
  },
  "FeCl2": {
    "Fe": 2.0,
    "Cl": -1.0
  },
  "NbTe2": {
    "Nb": 4.0,
    "Te": -2.0
  },
  "Na2CuP": {
    "Na": 1.0,
    "Cu": 1.0,
    "P": -3.0
  },
  "ErF3": {
    "Er": 3.0,
    "F": -1.0
  },
  "Li3NbS4": {
    "Li": 1.0,
    "Nb": 5.0,
    "S": -2.0
  },
  "NaHg": null,
  "NiPd3": null,
  "P3N5": {
    "P": 5.0,
    "N": -3.0
  },
  "NbBiO4": {
    "Nb": 5.0,
    "Bi": 3.0,
    "O": -2.0
  },
  "WBr4O": {
    "W": 6.0,
    "Br": -1.0,
    "O": -2.0
  },
  "Ca(MnP)2": {
    "Ca": 2.0,
    "Mn": 2.0,
    "P": -3.0
  },
  "TlInSe2": {
    "Tl": 1.0,
    "In": 3.0,
    "Se": -2.0
  },
  "AlGeRu2": null,
  "BCl3": {
    "B": 3.0,
    "Cl": -1.0
  },
  "Mn(AsO2)2": {
    "Mn": 2.0,
    "As": 3.0,
    "O": -2.0
  },
  "CsMgF3": {
    "Cs": 1.0,
    "Mg": 2.0,
    "F": -1.0
  },
  "MgWO4": {
    "Mg": 2.0,
    "W": 6.0,
    "O": -2.0
  },
  "Sc2CuTc": null,
  "HfCu3": null,
  "AlCu": null,
  "Cs(FeAs)2": {
    "Cs": 1.0,
    "Fe": 2.5,
    "As": -3.0
  },
  "Li3NbO4": {
    "Li": 1.0,
    "Nb": 5.0,
    "O": -2.0
  },
  "NbRu3": null,
  "ScAlAg2": null,
  "Li2InPd": null,
  "FeF4": null,
  "Mn2CoSi": null,
  "HfB": null,
  "Sc2OsPd": null,
  "ZnCO3": {
    "Zn": 2.0,
    "C": 4.0,
    "O": -2.0
  },
  "VRu": null,
  "Zr3(Cu2Si)2": null,
  "Al3Ir": null,
  "AlHO2": {
    "Al": 3.0,
    "H": 1.0,
    "O": -2.0
  },
  "PtO": {
    "Pt": 2.0,
    "O": -2.0
  },
  "Pm2ZnAg": null,
  "YAl3O6": {
    "Y": 3.0,
    "Al": 3.0,
    "O": -2.0
  },
  "YHg": null,
  "Hf2N2O": {
    "Hf": 4.0,
    "N": -3.0,
    "O": -2.0
  },
  "TaFeRu2": null,
  "Tc3Pd": {
    "Tc": -0.6666666666666666,
    "Pd": 2.0
  },
  "Mg2Pd": null,
  "Mn3NiO8": {
    "Mn": 4.0,
    "Ni": 4.0,
    "O": -2.0
  },
  "CuNi2Sb": {
    "Cu": 1.0,
    "Ni": 1.0,
    "Sb": -3.0
  },
  "TiCd": null,
  "HoFeO3": {
    "Ho": 3.0,
    "Fe": 3.0,
    "O": -2.0
  },
  "Sc2TlCd": null,
  "HfTiO4": {
    "Hf": 4.0,
    "Ti": 4.0,
    "O": -2.0
  },
  "Li3BO3": {
    "Li": 1.0,
    "B": 3.0,
    "O": -2.0
  },
  "LiRuN": {
    "Li": 1.0,
    "Ru": 2.0,
    "N": -3.0
  },
  "Y2Si2Rh": null,
  "Ti2NiMo": null,
  "LuRu3": null,
  "Sc6Te2Os": null,
  "Li7NbN4": {
    "Li": 1.0,
    "Nb": 5.0,
    "N": -3.0
  },
  "HoNiSb": null,
  "NbGaCo2": null,
  "TiN": {
    "Ti": 3.0,
    "N": -3.0
  },
  "YbCu5": null,
  "Ba(PRu)2": {
    "Ba": 2.0,
    "P": -3.0,
    "Ru": 2.0
  },
  "BaNiF4": {
    "Ba": 2.0,
    "Ni": 2.0,
    "F": -1.0
  },
  "ScCdHg2": null,
  "SmCo5": null,
  "ZrNiBi": null,
  "CuReO4": {
    "Cu": 1.0,
    "Re": 7.0,
    "O": -2.0
  },
  "Ni3Sn": null,
  "SrIn4Pd": null,
  "TiGe2": null,
  "Sc2Sb": null,
  "Be2Fe": null,
  "Al(SnO2)2": {
    "Al": 3.0,
    "Sn": 2.5,
    "O": -2.0
  },
  "LiNi2Ge": null,
  "Fe2B4Mo": {
    "Fe": 2.0,
    "B": -1.5,
    "Mo": 2.0
  },
  "TiHg": null,
  "CaO2": null,
  "ZrCo2": null,
  "YAl3Ni2": null,
  "TaCuS3": {
    "Ta": 5.0,
    "Cu": 1.0,
    "S": -2.0
  },
  "CdHgO2": {
    "Cd": 2.0,
    "Hg": 2.0,
    "O": -2.0
  },
  "SiPd2": {
    "Si": -4.0,
    "Pd": 2.0
  },
  "MgCuBi": null,
  "ScBe5": null,
  "Nb3Ga2": null,
  "Hf2MoRh": null,
  "Ni15O16": {
    "Ni": 2.1333333333333333,
    "O": -2.0
  },
  "ZnAgF3": {
    "Zn": 2.0,
    "Ag": 1.0,
    "F": -1.0
  },
  "Tl2Ni3S2": null,
  "LiH2N": {
    "Li": 1.0,
    "H": 1.0,
    "N": -3.0
  },
  "Mg(P2Rh3)2": null,
  "Mn(PtO2)3": {
    "Mn": 2.0,
    "Pt": 3.3333333333333335,
    "O": -2.0
  },
  "Mg3NF3": {
    "Mg": 2.0,
    "N": -3.0,
    "F": -1.0
  },
  "As2Se3": {
    "As": 3.0,
    "Se": -2.0
  },
  "CeAl2Pt3": null,
  "VRh3": null,
  "Cd(InTe2)2": {
    "Cd": 2.0,
    "In": 3.0,
    "Te": -2.0
  },
  "YMn2O5": {
    "Y": 3.0,
    "Mn": 3.5,
    "O": -2.0
  },
  "ScSbPt": {
    "Sc": 3.0,
    "Sb": -1.0,
    "Pt": -2.0
  },
  "V3NiO8": {
    "V": 4.666666666666667,
    "Ni": 2.0,
    "O": -2.0
  },
  "CaSn2Ir": null,
  "GdF3": {
    "Gd": 3.0,
    "F": -1.0
  },
  "NiTe2": {
    "Ni": 4.0,
    "Te": -2.0
  },
  "HgS": {
    "Hg": 2.0,
    "S": -2.0
  },
  "RbNiCl3": {
    "Rb": 1.0,
    "Ni": 2.0,
    "Cl": -1.0
  },
  "Mn3Si": null,
  "CuP2": {
    "Cu": 2.0,
    "P": -1.0
  },
  "Mg3Hg": null,
  "Ba2CuC(NO)2": {
    "Ba": 2.0,
    "Cu": 2.0,
    "C": 4.0,
    "N": -3.0,
    "O": -2.0
  },
  "FeRh": null,
  "Sn4Pd": null,
  "FeO": {
    "Fe": 2.0,
    "O": -2.0
  },
  "Li2Sn2Au": null,
  "Zn(GaO2)2": {
    "Zn": 2.0,
    "Ga": 3.0,
    "O": -2.0
  },
  "MgB4": null,
  "Eu(AlSi)2": {
    "Eu": 2.0,
    "Al": 3.0,
    "Si": -4.0
  },
  "Ca5P3O12F": {
    "Ca": 2.0,
    "P": 5.0,
    "O": -2.0,
    "F": -1.0
  },
  "AlPO4": {
    "Al": 3.0,
    "P": 5.0,
    "O": -2.0
  },
  "HfCoSn": null,
  "NbPt2": {
    "Nb": 4.0,
    "Pt": -2.0
  },
  "Be4B": null,
  "Hf2Cu": null,
  "Sr4Fe4O11": null,
  "HfMoP": null,
  "HgO2": null,
  "Cu2SiSe3": {
    "Cu": 1.0,
    "Si": 4.0,
    "Se": -2.0
  },
  "Bi2Se3": {
    "Bi": 3.0,
    "Se": -2.0
  },
  "NiSeO4": {
    "Ni": 2.0,
    "Se": 6.0,
    "O": -2.0
  },
  "BaCuP": {
    "Ba": 2.0,
    "Cu": 1.0,
    "P": -3.0
  },
  "FeS2": {
    "Fe": 3.0,
    "S": -1.5
  },
  "V3S4": {
    "V": 2.6666666666666665,
    "S": -2.0
  },
  "CeCuSn": null,
  "ScMn2": null,
  "CoSn2": null,
  "B2O3": {
    "B": 3.0,
    "O": -2.0
  },
  "Bi2Pb2Se5": {
    "Bi": 3.0,
    "Pb": 2.0,
    "Se": -2.0
  },
  "Nb3Sb": null,
  "Sr(CuGe)2": null,
  "WSe2": {
    "W": 4.0,
    "Se": -2.0
  },
  "AlV3": null,
  "Na3PS4": {
    "Na": 1.0,
    "P": 5.0,
    "S": -2.0
  },
  "AgSbO3": {
    "Ag": 1.0,
    "Sb": 5.0,
    "O": -2.0
  },
  "Gd(PdO2)2": null,
  "YMgTl": null,
  "H3N": {
    "H": 1.0,
    "N": -3.0
  },
  "CrCoGe": null,
  "CaNi4B": null,
  "CrWN2": {
    "Cr": 3.0,
    "W": 3.0,
    "N": -3.0
  },
  "PBr3": {
    "P": 3.0,
    "Br": -1.0
  },
  "GaNi": null,
  "Mg2SbN3": {
    "Mg": 2.0,
    "Sb": 5.0,
    "N": -3.0
  },
  "Ag2S": {
    "Ag": 1.0,
    "S": -2.0
  },
  "MnGePd": null,
  "BaCoO2": {
    "Ba": 2.0,
    "Co": 2.0,
    "O": -2.0
  },
  "Zr6FeSb2": null,
  "ZrS2": {
    "Zr": 4.0,
    "S": -2.0
  },
  "LaNi5": null,
  "ScZn": null,
  "Be2Cr": null,
  "ThTe": null,
  "Rb2PtCl6": {
    "Rb": 1.0,
    "Pt": 4.0,
    "Cl": -1.0
  },
  "MnCN2": {
    "Mn": 2.0,
    "C": 4.0,
    "N": -3.0
  },
  "MnAlAu2": null,
  "CaZrN2": {
    "Ca": 2.0,
    "Zr": 4.0,
    "N": -3.0
  },
  "ZrAlPd2": null,
  "Li3GaN2": {
    "Li": 1.0,
    "Ga": 3.0,
    "N": -3.0
  },
  "YTlPd": null,
  "Ir2S3": {
    "Ir": 3.0,
    "S": -2.0
  },
  "CdCl2": {
    "Cd": 2.0,
    "Cl": -1.0
  },
  "Na2BHO3": {
    "Na": 1.0,
    "B": 3.0,
    "H": 1.0,
    "O": -2.0
  },
  "TiSb": {
    "Ti": 3.0,
    "Sb": -3.0
  },
  "Li2NiO3": {
    "Li": 1.0,
    "Ni": 4.0,
    "O": -2.0
  },
  "Li2GaPd": null,
  "TiCdO3": {
    "Ti": 4.0,
    "Cd": 2.0,
    "O": -2.0
  },
  "GaPO4": {
    "Ga": 3.0,
    "P": 5.0,
    "O": -2.0
  },
  "CeBr3": {
    "Ce": 3.0,
    "Br": -1.0
  },
  "Sr3MnN3": {
    "Sr": 2.0,
    "Mn": 3.0,
    "N": -3.0
  },
  "Sr(CdAs)2": {
    "Sr": 2.0,
    "Cd": 2.0,
    "As": -3.0
  },
  "LiMgAs": {
    "Li": 1.0,
    "Mg": 2.0,
    "As": -3.0
  },
  "ScMnSi": {
    "Sc": 2.0,
    "Mn": 2.0,
    "Si": -4.0
  },
  "Rb2Zr2O5": {
    "Rb": 1.0,
    "Zr": 4.0,
    "O": -2.0
  },
  "ZnSnSb2": {
    "Zn": 2.0,
    "Sn": 4.0,
    "Sb": -3.0
  },
  "Tl2Pt2O7": {
    "Tl": 1.0,
    "Pt": 6.0,
    "O": -2.0
  },
  "LaCrO3": {
    "La": 3.0,
    "Cr": 3.0,
    "O": -2.0
  },
  "Sr2NbN3": {
    "Sr": 2.0,
    "Nb": 5.0,
    "N": -3.0
  },
  "Yb(AlSi)2": {
    "Yb": 2.0,
    "Al": 3.0,
    "Si": -4.0
  },
  "Hf2TcRh": null,
  "Ba4Y2Cu6O13": {
    "Ba": 2.0,
    "Y": 3.0,
    "Cu": 2.0,
    "O": -2.0
  },
  "Ta3Au": null,
  "YSi2": null,
  "BiBr3": {
    "Bi": 3.0,
    "Br": -1.0
  },
  "MgCu2O3": {
    "Mg": 2.0,
    "Cu": 2.0,
    "O": -2.0
  },
  "Cu3Se2": {
    "Cu": 1.3333333333333333,
    "Se": -2.0
  },
  "ScPPt": {
    "Sc": 3.0,
    "P": -1.0,
    "Pt": -2.0
  },
  "LiBH4": {
    "Li": 1.0,
    "B": -3.0,
    "H": 0.5
  },
  "Sc2GaC": null,
  "CaLaFeSbO6": {
    "Ca": 2.0,
    "La": 3.0,
    "Fe": 2.0,
    "Sb": 5.0,
    "O": -2.0
  },
  "V3Ru": null,
  "BaC2": {
    "Ba": 2.0,
    "C": -1.0
  },
  "Fe3Se4": {
    "Fe": 2.6666666666666665,
    "Se": -2.0
  },
  "Hf2CuSb3": {
    "Hf": 4.0,
    "Cu": 1.0,
    "Sb": -3.0
  },
  "Mg(AlSe2)2": {
    "Mg": 2.0,
    "Al": 3.0,
    "Se": -2.0
  },
  "NbV3O8": {
    "Nb": 5.0,
    "V": 3.6666666666666665,
    "O": -2.0
  },
  "Sn3Ru2": null,
  "EuSi2": null,
  "CaAlAu": null,
  "Co(BW)3": {
    "Co": 2.0,
    "B": -3.0,
    "W": 2.3333333333333335
  },
  "HfO2": {
    "Hf": 4.0,
    "O": -2.0
  },
  "LiZrPt2": {
    "Li": 1.0,
    "Zr": 3.0,
    "Pt": -2.0
  },
  "VGaTc2": {
    "V": 3.0,
    "Ga": 3.0,
    "Tc": -3.0
  },
  "TiCu": null,
  "ZnO": {
    "Zn": 2.0,
    "O": -2.0
  },
  "Fe11MoC4": null,
  "ZrPt": {
    "Zr": 2.0,
    "Pt": -2.0
  },
  "Rb3CuO2": {
    "Rb": 1.0,
    "Cu": 1.0,
    "O": -2.0
  },
  "Ca5Bi3": null,
  "MnFe2O3": {
    "Mn": 2.0,
    "Fe": 2.0,
    "O": -2.0
  },
  "Ca2ReN3": {
    "Ca": 2.0,
    "Re": 5.0,
    "N": -3.0
  },
  "MgZrPd2": null,
  "Li4SiO4": {
    "Li": 1.0,
    "Si": 4.0,
    "O": -2.0
  },
  "Mg2Cu3Si": null,
  "Li5SiP3": {
    "Li": 1.0,
    "Si": -4.0,
    "P": -0.3333333333333333
  },
  "YMgZn2": null,
  "Li2AlPd": null,
  "Ca4Bi2O": null,
  "CrGaCo2": null,
  "Na4P2O7": {
    "Na": 1.0,
    "P": 5.0,
    "O": -2.0
  },
  "YZn3": null,
  "Li2CuS2": {
    "Li": 1.0,
    "Cu": 2.0,
    "S": -2.0
  },
  "Ca(AlZn)2": null,
  "ScCd": null,
  "PuBr3": {
    "Pu": 3.0,
    "Br": -1.0
  },
  "K(Cu2As)2": {
    "K": 1.0,
    "Cu": 1.25,
    "As": -3.0
  },
  "K2P3": {
    "K": 1.0,
    "P": -0.6666666666666666
  },
  "Mn3Ir": null,
  "DyAlO3": {
    "Dy": 3.0,
    "Al": 3.0,
    "O": -2.0
  },
  "ZnPdF6": {
    "Zn": 2.0,
    "Pd": 4.0,
    "F": -1.0
  },
  "SiF4": {
    "Si": 4.0,
    "F": -1.0
  },
  "Sc3GaC": null,
  "CoPdO2": {
    "Co": 2.0,
    "Pd": 2.0,
    "O": -2.0
  },
  "VB": {
    "V": 3.0,
    "B": -3.0
  },
  "NiS": {
    "Ni": 2.0,
    "S": -2.0
  },
  "Ca(GePd)2": null,
  "MnNbGe": null,
  "FeClO": {
    "Fe": 3.0,
    "Cl": -1.0,
    "O": -2.0
  },
  "Ca2CuO3": {
    "Ca": 2.0,
    "Cu": 2.0,
    "O": -2.0
  },
  "Y2O3": {
    "Y": 3.0,
    "O": -2.0
  },
  "Cr2NiS4": {
    "Cr": 3.0,
    "Ni": 2.0,
    "S": -2.0
  },
  "Sr3Al3N5": {
    "Sr": 2.0,
    "Al": 3.0,
    "N": -3.0
  },
  "Al2RuPt": null,
  "ZrFe2": null,
  "AcN": {
    "Ac": 3.0,
    "N": -3.0
  },
  "Sc2GaTc": null,
  "K2Mn2O3": {
    "K": 1.0,
    "Mn": 2.0,
    "O": -2.0
  },
  "Al21Pt8": null,
  "SbPd2": null,
  "TiMnRh2": null,
  "Zr3Cu": null,
  "MgCdAg2": null,
  "RbNiBr3": {
    "Rb": 1.0,
    "Ni": 2.0,
    "Br": -1.0
  },
  "LiCd2Pd": null,
  "Ga2Se3": {
    "Ga": 3.0,
    "Se": -2.0
  },
  "BaZnBi2": null,
  "Li4CuF7": {
    "Li": 1.0,
    "Cu": 3.0,
    "F": -1.0
  },
  "TlF": {
    "Tl": 1.0,
    "F": -1.0
  },
  "FeCo2Si": {
    "Fe": 2.0,
    "Co": 1.0,
    "Si": -4.0
  },
  "EuAlO3": {
    "Eu": 3.0,
    "Al": 3.0,
    "O": -2.0
  },
  "Ca2MnO4": {
    "Ca": 2.0,
    "Mn": 4.0,
    "O": -2.0
  },
  "MnV3O8": {
    "Mn": 2.0,
    "V": 4.666666666666667,
    "O": -2.0
  },
  "NaCuSe": {
    "Na": 1.0,
    "Cu": 1.0,
    "Se": -2.0
  },
  "Zr2Al3": null,
  "TiGeRu2": null,
  "ScInPd2": null,
  "TlCu4S3": {
    "Tl": 1.0,
    "Cu": 1.25,
    "S": -2.0
  },
  "ScGaCu2": null,
  "VI3": {
    "V": 3.0,
    "I": -1.0
  },
  "VGaCo2": null,
  "Sr(AsPd)2": {
    "Sr": 2.0,
    "As": -3.0,
    "Pd": 2.0
  },
  "Sc3Al": null,
  "CaMg2N2": {
    "Ca": 2.0,
    "Mg": 2.0,
    "N": -3.0
  },
  "TiTc2Sb": {
    "Ti": 4.0,
    "Tc": -0.5,
    "Sb": -3.0
  },
  "V2Cd2O7": {
    "V": 5.0,
    "Cd": 2.0,
    "O": -2.0
  },
  "HfScOs2": null,
  "Li3Au": null,
  "ZnSnAs2": {
    "Zn": 2.0,
    "Sn": 4.0,
    "As": -3.0
  },
  "Mg3Rh": null,
  "Na5Co2S5": {
    "Na": 1.0,
    "Co": 2.5,
    "S": -2.0
  },
  "Ti2AlRe": null,
  "Sc2SO2": {
    "Sc": 3.0,
    "S": -2.0,
    "O": -2.0
  },
  "MnAlPd2": null,
  "SiRu2": {
    "Si": -4.0,
    "Ru": 2.0
  },
  "Tb2Mg3Ni2": null,
  "Co7Mo6": null,
  "Cs2HfF6": {
    "Cs": 1.0,
    "Hf": 4.0,
    "F": -1.0
  },
  "FeGe2": null,
  "Sc(MnAl2)4": null,
  "MgCoO3": {
    "Mg": 2.0,
    "Co": 4.0,
    "O": -2.0
  },
  "Mn2O3": {
    "Mn": 3.0,
    "O": -2.0
  },
  "TcO2": {
    "Tc": 4.0,
    "O": -2.0
  },
  "NdDyMg2": null,
  "GeSb4Te7": {
    "Ge": 4.0,
    "Sb": 2.5,
    "Te": -2.0
  },
  "TbScO3": {
    "Tb": 3.0,
    "Sc": 3.0,
    "O": -2.0
  },
  "BaAu2": {
    "Ba": 2.0,
    "Au": -1.0
  },
  "Ba(P2Pd)2": {
    "Ba": 2.0,
    "P": -1.5,
    "Pd": 2.0
  },
  "Ca3SiO": {
    "Ca": 2.0,
    "Si": -4.0,
    "O": -2.0
  },
  "Li12Si7": {
    "Li": 1.0,
    "Si": -1.7142857142857142
  },
  "Pm2InHg": null,
  "MgSnIr2": null,
  "CoSe2": {
    "Co": 4.0,
    "Se": -2.0
  },
  "SiOs": {
    "Si": -4.0,
    "Os": 4.0
  },
  "ZrGa": null,
  "BeCuBr": null,
  "MgO": {
    "Mg": 2.0,
    "O": -2.0
  },
  "Sc2Co3Si": null,
  "Ba(MgSi)2": null,
  "Ta2Al": null,
  "LuN": {
    "Lu": 3.0,
    "N": -3.0
  },
  "CoF2": {
    "Co": 2.0,
    "F": -1.0
  },
  "Mg4H2O5": {
    "Mg": 2.0,
    "H": 1.0,
    "O": -2.0
  },
  "PtN2": {
    "Pt": 6.0,
    "N": -3.0
  },
  "Ta3N5": {
    "Ta": 5.0,
    "N": -3.0
  },
  "AcCl3": {
    "Ac": 3.0,
    "Cl": -1.0
  },
  "Y3Al2": null,
  "CaCl2": {
    "Ca": 2.0,
    "Cl": -1.0
  },
  "Zn2MoN3": {
    "Zn": 2.0,
    "Mo": 5.0,
    "N": -3.0
  },
  "FePt": {
    "Fe": 2.0,
    "Pt": -2.0
  },
  "Mg(SbO2)2": {
    "Mg": 2.0,
    "Sb": 3.0,
    "O": -2.0
  },
  "ZrSb2": {
    "Zr": 4.0,
    "Sb": -2.0
  },
  "ZrNi2Sn": null,
  "CoSb": {
    "Co": 2.0,
    "Sb": -2.0
  },
  "Mg2P2O7": {
    "Mg": 2.0,
    "P": 5.0,
    "O": -2.0
  },
  "Li2FeF6": null,
  "TaTe4Ir": {
    "Ta": 5.0,
    "Te": -2.0,
    "Ir": 3.0
  },
  "Ni2P2O7": {
    "Ni": 2.0,
    "P": 5.0,
    "O": -2.0
  },
  "Li2CdSn": null,
  "C(ClF)2": {
    "C": 4.0,
    "Cl": -1.0,
    "F": -1.0
  },
  "Y2In": null,
  "Ni2P": {
    "Ni": 1.5,
    "P": -3.0
  },
  "Nb6C5": {
    "Nb": 3.3333333333333335,
    "C": -4.0
  },
  "Mo3Os": null,
  "Ba(FeAs)2": {
    "Ba": 2.0,
    "Fe": 2.0,
    "As": -3.0
  },
  "Ti2O3": {
    "Ti": 3.0,
    "O": -2.0
  },
  "ZrSiS": {
    "Zr": 2.0,
    "Si": -4.0,
    "S": 2.0
  },
  "NaTiS2": {
    "Na": 1.0,
    "Ti": 3.0,
    "S": -2.0
  },
  "CoSn": null,
  "YRu2": null,
  "BaSb2Pd": {
    "Ba": 2.0,
    "Sb": -2.0,
    "Pd": 2.0
  },
  "SiMo": {
    "Si": -4.0,
    "Mo": 4.0
  },
  "La2Pd2O5": {
    "La": 3.0,
    "Pd": 2.0,
    "O": -2.0
  },
  "FeOF": {
    "Fe": 3.0,
    "O": -2.0,
    "F": -1.0
  },
  "CuAsO3": {
    "Cu": 1.0,
    "As": 5.0,
    "O": -2.0
  },
  "KNa2Sb": {
    "K": 1.0,
    "Na": 1.0,
    "Sb": -3.0
  },
  "CuSiO3": {
    "Cu": 2.0,
    "Si": 4.0,
    "O": -2.0
  },
  "MgPt3": {
    "Mg": 2.0,
    "Pt": -0.6666666666666666
  },
  "CaC2": {
    "Ca": 2.0,
    "C": -1.0
  },
  "MnAlRh2": null,
  "RbAgCl3": {
    "Rb": 1.0,
    "Ag": 2.0,
    "Cl": -1.0
  },
  "LaGe2": null,
  "Li3ScN2": {
    "Li": 1.0,
    "Sc": 3.0,
    "N": -3.0
  },
  "Ho2InAg": null,
  "Cs3Mg2Cl7": {
    "Cs": 1.0,
    "Mg": 2.0,
    "Cl": -1.0
  },
  "CuAu3": {
    "Cu": 1.0,
    "Au": -0.3333333333333333
  },
  "Mg3Au": null,
  "HgI": {
    "Hg": 1.0,
    "I": -1.0
  },
  "Zr4CuP": null,
  "Sc2GaAg": null,
  "Mg(ScGa)2": null,
  "TiCdF6": {
    "Ti": 4.0,
    "Cd": 2.0,
    "F": -1.0
  },
  "ZrB": {
    "Zr": 3.0,
    "B": -3.0
  },
  "ReO3": {
    "Re": 6.0,
    "O": -2.0
  },
  "CaGa3Ni2": null,
  "MgZrAu2": null,
  "HfB2": null,
  "Al3Pt2": null,
  "YMgCu": null,
  "ScSiAu": {
    "Sc": 3.0,
    "Si": -4.0,
    "Au": 1.0
  },
  "Rb2PtSe2": {
    "Rb": 1.0,
    "Pt": 2.0,
    "Se": -2.0
  },
  "LiC6": {
    "Li": 1.0,
    "C": -0.16666666666666666
  },
  "Cs2GeCl6": {
    "Cs": 1.0,
    "Ge": 4.0,
    "Cl": -1.0
  },
  "CePb3": null,
  "Mo(CO)6": {
    "Mo": 6.0,
    "C": 1.0,
    "O": -2.0
  },
  "Na2TlBi": null,
  "Be2CoIr": null,
  "Ta2CS2": {
    "Ta": 4.0,
    "C": -4.0,
    "S": -2.0
  },
  "TiNbTc2": {
    "Ti": 4.0,
    "Nb": 2.0,
    "Tc": -3.0
  },
  "Ca3SiO5": {
    "Ca": 2.0,
    "Si": 4.0,
    "O": -2.0
  },
  "CuPt7": {
    "Cu": 1.0,
    "Pt": -0.14285714285714285
  },
  "V2Si2O7": {
    "V": 3.0,
    "Si": 4.0,
    "O": -2.0
  },
  "Zr2CuOs": null,
  "KTiO3": null,
  "VBO4": {
    "V": 5.0,
    "B": 3.0,
    "O": -2.0
  },
  "Sc3InB": null,
  "ZnRh": null,
  "IBr": null,
  "Mg2Zn11": null,
  "Ba2YNbO6": {
    "Ba": 2.0,
    "Y": 3.0,
    "Nb": 5.0,
    "O": -2.0
  },
  "CrSbSe3": {
    "Cr": 3.0,
    "Sb": 3.0,
    "Se": -2.0
  },
  "EuAl2": null,
  "CoAs2": {
    "Co": 4.0,
    "As": -2.0
  },
  "Mg2Hg": null,
  "ZrI3": {
    "Zr": 3.0,
    "I": -1.0
  },
  "Sc2AgRu": null,
  "RbAuS": {
    "Rb": 1.0,
    "Au": 1.0,
    "S": -2.0
  },
  "MnNbSi": {
    "Mn": 2.0,
    "Nb": 2.0,
    "Si": -4.0
  },
  "ZrPbO3": {
    "Zr": 4.0,
    "Pb": 2.0,
    "O": -2.0
  },
  "ScCo3C": null,
  "ScNi2Sn": null,
  "Re3Pt": null,
  "SmMn2O5": {
    "Sm": 3.0,
    "Mn": 3.5,
    "O": -2.0
  },
  "BaTiO3": {
    "Ba": 2.0,
    "Ti": 4.0,
    "O": -2.0
  },
  "Rb3In": null,
  "Be2NiPt": null,
  "MgIr2": null,
  "V2O3F": {
    "V": 3.5,
    "O": -2.0,
    "F": -1.0
  },
  "NiB": {
    "Ni": 3.0,
    "B": -3.0
  },
  "Gd2ReO5": {
    "Gd": 3.0,
    "Re": 4.0,
    "O": -2.0
  },
  "SiB4": null,
  "NaV2O4": {
    "Na": 1.0,
    "V": 3.5,
    "O": -2.0
  },
  "Y2AgIr": null,
  "HfTc": null,
  "Li2CuBiO4": {
    "Li": 1.0,
    "Cu": 1.0,
    "Bi": 5.0,
    "O": -2.0
  },
  "K2O": {
    "K": 1.0,
    "O": -2.0
  },
  "Ho2Ni2Pb": null,
  "GaIr": null,
  "Li(FeP)2": {
    "Li": 1.0,
    "Fe": 2.5,
    "P": -3.0
  },
  "Fe3Re": null,
  "BC5": {
    "B": 3.0,
    "C": -0.6
  },
  "Sc2NiIr": null,
  "MnCuPd2": null,
  "AlCo3C": null,
  "PtSe2": {
    "Pt": 4.0,
    "Se": -2.0
  },
  "SrAlSiH": {
    "Sr": 2.0,
    "Al": 3.0,
    "Si": -4.0,
    "H": -1.0
  },
  "Rb2Pd3S4": {
    "Rb": 1.0,
    "Pd": 2.0,
    "S": -2.0
  },
  "DyYHg2": null,
  "CoMoO4": {
    "Co": 2.0,
    "Mo": 6.0,
    "O": -2.0
  },
  "MgInPd2": null,
  "HoCo3Cu2": null,
  "Bi2Pt2O7": {
    "Bi": 3.0,
    "Pt": 4.0,
    "O": -2.0
  },
  "Nb4AlC3": {
    "Nb": 2.25,
    "Al": 3.0,
    "C": -4.0
  },
  "YPd3": null,
  "Y6FeSb2": null,
  "TiZn(BiO3)2": {
    "Ti": 4.0,
    "Zn": 2.0,
    "Bi": 3.0,
    "O": -2.0
  },
  "ScZn2": null,
  "Pa3Ge": null,
  "ScAu": null,
  "TiAl3": null,
  "TePdI": {
    "Te": -1.0,
    "Pd": 2.0,
    "I": -1.0
  },
  "LiBeB": {
    "Li": 1.0,
    "Be": 2.0,
    "B": -3.0
  },
  "Ga2FeS4": {
    "Ga": 3.0,
    "Fe": 2.0,
    "S": -2.0
  },
  "H6PbCBr3N": {
    "H": 1.0,
    "Pb": 2.0,
    "C": -2.0,
    "Br": -1.0,
    "N": -3.0
  },
  "CuBS2": {
    "Cu": 1.0,
    "B": 3.0,
    "S": -2.0
  },
  "TaZn2": null,
  "FeCuS2": {
    "Fe": 3.0,
    "Cu": 1.0,
    "S": -2.0
  },
  "KAgSe": {
    "K": 1.0,
    "Ag": 1.0,
    "Se": -2.0
  },
  "B12W": {
    "B": -0.5,
    "W": 6.0
  },
  "CrIrRu": null,
  "Mn2BiO5": {
    "Mn": 3.5,
    "Bi": 3.0,
    "O": -2.0
  },
  "Ca3CoN3": {
    "Ca": 2.0,
    "Co": 3.0,
    "N": -3.0
  },
  "Rb2MnO4": null,
  "LiVF4": {
    "Li": 1.0,
    "V": 3.0,
    "F": -1.0
  },
  "Re3Ru": null,
  "Sr7GeN6": {
    "Sr": 2.0,
    "Ge": 4.0,
    "N": -3.0
  },
  "ErCo5": null,
  "Ta(ICl)2": {
    "Ta": 4.0,
    "I": -1.0,
    "Cl": -1.0
  },
  "Ca4(H4Rh)3": null,
  "ScGeRu": null,
  "MnAl": null,
  "ScCu3": null,
  "CaAl2": null,
  "Ba3(AlSi)2": null,
  "HoCl3": {
    "Ho": 3.0,
    "Cl": -1.0
  },
  "Er2O3": {
    "Er": 3.0,
    "O": -2.0
  },
  "SmRh2": null,
  "MnB2": null,
  "CrFeCoNi": null,
  "Na3PS3O": {
    "Na": 1.0,
    "P": 5.0,
    "S": -2.0,
    "O": -2.0
  },
  "LiTl": null,
  "Sr2BrN": {
    "Sr": 2.0,
    "Br": -1.0,
    "N": -3.0
  },
  "YMgHg2": null,
  "ZnCu2Ni": null,
  "EuCl3": {
    "Eu": 3.0,
    "Cl": -1.0
  },
  "Fe2Ge": null,
  "SrAgP": {
    "Sr": 2.0,
    "Ag": 1.0,
    "P": -3.0
  },
  "LaTe2": {
    "La": 3.0,
    "Te": -1.5
  },
  "ScVO4": {
    "Sc": 3.0,
    "V": 5.0,
    "O": -2.0
  },
  "LaAu": null,
  "CdCu2": null,
  "Ba2CuH6": {
    "Ba": 2.0,
    "Cu": 2.0,
    "H": -1.0
  },
  "Zn(GaS2)2": {
    "Zn": 2.0,
    "Ga": 3.0,
    "S": -2.0
  },
  "NbF4": {
    "Nb": 4.0,
    "F": -1.0
  },
  "TeMoWSeS2": {
    "Te": -2.0,
    "Mo": 6.0,
    "W": 2.0,
    "Se": -2.0,
    "S": -2.0
  },
  "ScSiRh2": null,
  "SrH2": {
    "Sr": 2.0,
    "H": -1.0
  },
  "TiTl2F6": {
    "Ti": 4.0,
    "Tl": 1.0,
    "F": -1.0
  },
  "VNi2": null,
  "LiHfRh2": null,
  "Mg2Sn": null,
  "HfSb2": {
    "Hf": 4.0,
    "Sb": -2.0
  },
  "Zn7Mo": null,
  "MoBr3": {
    "Mo": 3.0,
    "Br": -1.0
  },
  "Sc2ZnTc": null,
  "PbWO4": {
    "Pb": 2.0,
    "W": 6.0,
    "O": -2.0
  },
  "NbCo3": null,
  "TmTh3": null,
  "LiLaTiO4": {
    "Li": 1.0,
    "La": 3.0,
    "Ti": 4.0,
    "O": -2.0
  },
  "Hf2CoIr": null,
  "Nb3Ge": null,
  "ScNbRu2": null,
  "MnAl2O4": {
    "Mn": 2.0,
    "Al": 3.0,
    "O": -2.0
  },
  "Ti3SnH": null,
  "YIr": null,
  "ZrInPt2": {
    "Zr": 3.0,
    "In": 1.0,
    "Pt": -2.0
  },
  "KMnP": {
    "K": 1.0,
    "Mn": 2.0,
    "P": -3.0
  },
  "PaC": {
    "Pa": 4.0,
    "C": -4.0
  },
  "Li7Sn2": null,
  "TlCdRh2": null,
  "Li3VF6": {
    "Li": 1.0,
    "V": 3.0,
    "F": -1.0
  },
  "K2ZnH4": {
    "K": 1.0,
    "Zn": 2.0,
    "H": -1.0
  },
  "Sr3(GeN)2": null,
  "ScRh3C": null,
  "CdGeAs2": {
    "Cd": 2.0,
    "Ge": 4.0,
    "As": -3.0
  },
  "Mg3P2": {
    "Mg": 2.0,
    "P": -3.0
  },
  "CsI": {
    "Cs": 1.0,
    "I": -1.0
  },
  "CaMg2": null,
  "Mg2Pb": null,
  "TaPt3": null,
  "Na3HfF8": null,
  "Be2CuIr": null,
  "Sr2SnO4": {
    "Sr": 2.0,
    "Sn": 4.0,
    "O": -2.0
  },
  "MnZnO3": {
    "Mn": 4.0,
    "Zn": 2.0,
    "O": -2.0
  },
  "YCo3B2": {
    "Y": 3.0,
    "Co": 1.0,
    "B": -3.0
  },
  "NiPS": {
    "Ni": 3.0,
    "P": -1.0,
    "S": -2.0
  },
  "LiCo2Si": {
    "Li": 1.0,
    "Co": 1.5,
    "Si": -4.0
  },
  "V2CrSe4": {
    "V": 2.5,
    "Cr": 3.0,
    "Se": -2.0
  },
  "K2CoF4": {
    "K": 1.0,
    "Co": 2.0,
    "F": -1.0
  },
  "SmBr3": {
    "Sm": 3.0,
    "Br": -1.0
  },
  "Ti6Sn5": null,
  "SrSbPt": null,
  "AlAgS2": {
    "Al": 3.0,
    "Ag": 1.0,
    "S": -2.0
  },
  "ZrSnIr": null,
  "Sr3(AlSn)2": null,
  "LaSi": null,
  "CaSiNi2": {
    "Ca": 2.0,
    "Si": -4.0,
    "Ni": 1.0
  },
  "TaSi2": null,
  "TaNi2Te3": {
    "Ta": 3.0,
    "Ni": 1.5,
    "Te": -2.0
  },
  "OsSe2": {
    "Os": 4.0,
    "Se": -2.0
  },
  "Sr(Si3N4)2": {
    "Sr": 2.0,
    "Si": 2.6666666666666665,
    "N": -2.25
  },
  "YSiNi": {
    "Y": 3.0,
    "Si": -4.0,
    "Ni": 1.0
  },
  "LiDySe2": {
    "Li": 1.0,
    "Dy": 3.0,
    "Se": -2.0
  },
  "KPtN": {
    "K": 1.0,
    "Pt": 2.0,
    "N": -3.0
  },
  "HfZrO4": {
    "Hf": 4.0,
    "Zr": 4.0,
    "O": -2.0
  },
  "TiZnAu2": null,
  "Li2ZnSn": null,
  "AlAgSe2": {
    "Al": 3.0,
    "Ag": 1.0,
    "Se": -2.0
  },
  "Rb(CoSe)2": {
    "Rb": 1.0,
    "Co": 1.5,
    "Se": -2.0
  },
  "ScZn3": null,
  "In2Si2O7": {
    "In": 3.0,
    "Si": 4.0,
    "O": -2.0
  },
  "KBaPO4": {
    "K": 1.0,
    "Ba": 2.0,
    "P": 5.0,
    "O": -2.0
  },
  "KP(HO2)2": {
    "K": 1.0,
    "P": 5.0,
    "H": 1.0,
    "O": -2.0
  },
  "FePd": null,
  "SrAl9Co2": null,
  "B2Mo": {
    "B": -3.0,
    "Mo": 6.0
  },
  "Cu10Sn3": null,
  "Sc3IrC4": {
    "Sc": 3.0,
    "Ir": 5.0,
    "C": -3.5
  },
  "Nb2SnC": null,
  "YSn3": null,
  "ScAgO3": {
    "Sc": 3.0,
    "Ag": 3.0,
    "O": -2.0
  },
  "VSbRu": null,
  "Sr2Co2O5": {
    "Sr": 2.0,
    "Co": 3.0,
    "O": -2.0
  },
  "SrZrN2": {
    "Sr": 2.0,
    "Zr": 4.0,
    "N": -3.0
  },
  "Zr2CoTc": null,
  "Si2NiP3": {
    "Si": -4.0,
    "Ni": 1.0,
    "P": 2.3333333333333335
  },
  "Nb4N3": {
    "Nb": 2.25,
    "N": -3.0
  },
  "AlCuPd2": null,
  "VBrO": {
    "V": 3.0,
    "Br": -1.0,
    "O": -2.0
  },
  "Ca3(AlGe)2": null,
  "Sn3B": null,
  "Ti2AlO4": {
    "Ti": 2.5,
    "Al": 3.0,
    "O": -2.0
  },
  "NdCl3": {
    "Nd": 3.0,
    "Cl": -1.0
  },
  "VP2": {
    "V": 5.0,
    "P": -2.5
  },
  "Sr2Fe2O5": {
    "Sr": 2.0,
    "Fe": 3.0,
    "O": -2.0
  },
  "Ho2B4C": null,
  "BePd3": null,
  "Br2O": null,
  "SrNiF6": {
    "Sr": 2.0,
    "Ni": 4.0,
    "F": -1.0
  },
  "ZrNi": null,
  "Ba3NaN": null,
  "CsCu3S2": {
    "Cs": 1.0,
    "Cu": 1.0,
    "S": -2.0
  },
  "LiTl2InCl6": {
    "Li": 1.0,
    "Tl": 1.0,
    "In": 3.0,
    "Cl": -1.0
  },
  "Mg(ScSe2)2": {
    "Mg": 2.0,
    "Sc": 3.0,
    "Se": -2.0
  },
  "TiCoSi": {
    "Ti": 2.0,
    "Co": 2.0,
    "Si": -4.0
  },
  "InGaO3": {
    "In": 3.0,
    "Ga": 3.0,
    "O": -2.0
  },
  "Mn3AlC": null,
  "Cu2GeS3": {
    "Cu": 1.0,
    "Ge": 4.0,
    "S": -2.0
  },
  "Ni(HO)2": {
    "Ni": 2.0,
    "H": 1.0,
    "O": -2.0
  },
  "NaRhO2": {
    "Na": 1.0,
    "Rh": 3.0,
    "O": -2.0
  },
  "Co2CuGe2": null,
  "ZrCl3": {
    "Zr": 3.0,
    "Cl": -1.0
  },
  "YSnAu": null,
  "NbPd3": null,
  "UCl3": {
    "U": 3.0,
    "Cl": -1.0
  },
  "Zr3As2": {
    "Zr": 2.0,
    "As": -3.0
  },
  "TlCoCl3": {
    "Tl": 1.0,
    "Co": 2.0,
    "Cl": -1.0
  },
  "InNi2": null,
  "Rb2PtC2": {
    "Rb": 1.0,
    "Pt": -2.0,
    "C": 0.0
  },
  "LaSb": {
    "La": 3.0,
    "Sb": -3.0
  },
  "MgF2": {
    "Mg": 2.0,
    "F": -1.0
  },
  "TiNCl": {
    "Ti": 4.0,
    "N": -3.0,
    "Cl": -1.0
  },
  "Tl2PdCl4": {
    "Tl": 1.0,
    "Pd": 2.0,
    "Cl": -1.0
  },
  "CsTiI3": {
    "Cs": 1.0,
    "Ti": 2.0,
    "I": -1.0
  },
  "TiCrO4": {
    "Ti": 4.0,
    "Cr": 4.0,
    "O": -2.0
  },
  "Nb2Se": null,
  "CaMg(SiO3)2": {
    "Ca": 2.0,
    "Mg": 2.0,
    "Si": 4.0,
    "O": -2.0
  },
  "TlFeS2": {
    "Tl": 1.0,
    "Fe": 3.0,
    "S": -2.0
  },
  "SnPb": null,
  "Ti3AlN": null,
  "CoReO4": {
    "Co": 2.0,
    "Re": 6.0,
    "O": -2.0
  },
  "TiCl2": {
    "Ti": 2.0,
    "Cl": -1.0
  },
  "Rb2TiCl6": {
    "Rb": 1.0,
    "Ti": 4.0,
    "Cl": -1.0
  },
  "CuTe": {
    "Cu": 2.0,
    "Te": -2.0
  },
  "NiRhF6": {
    "Ni": 2.0,
    "Rh": 4.0,
    "F": -1.0
  },
  "BH6N": {
    "B": -3.0,
    "H": 1.0,
    "N": -3.0
  },
  "NbB": {
    "Nb": 3.0,
    "B": -3.0
  },
  "Zn2CrN3": {
    "Zn": 2.0,
    "Cr": 5.0,
    "N": -3.0
  },
  "BaSn3Pd": null,
  "NaCu3O4": {
    "Na": 1.0,
    "Cu": 2.3333333333333335,
    "O": -2.0
  },
  "Ba(CdP)2": {
    "Ba": 2.0,
    "Cd": 2.0,
    "P": -3.0
  },
  "KTl2Bi": null,
  "NbSbRh": null,
  "YFe2": null,
  "Sr3N2": {
    "Sr": 2.0,
    "N": -3.0
  },
  "SrLiN": {
    "Sr": 2.0,
    "Li": 1.0,
    "N": -3.0
  },
  "Ti2ReRh": null,
  "YRe2": null,
  "HoAgHg2": null,
  "Ba(ZnAs)2": {
    "Ba": 2.0,
    "Zn": 2.0,
    "As": -3.0
  },
  "SrI2": {
    "Sr": 2.0,
    "I": -1.0
  },
  "BaPd5": null,
  "CN2": {
    "C": 4.0,
    "N": -2.0
  },
  "NpBi": null,
  "BaAl4": null,
  "LiH6ClO7": null,
  "Li3CrS4": {
    "Li": 1.0,
    "Cr": 5.0,
    "S": -2.0
  },
  "YBiPd2": null,
  "Cu2HgI4": {
    "Cu": 1.0,
    "Hg": 2.0,
    "I": -1.0
  },
  "YMnSi": null,
  "Th2BiTe": null,
  "Ta2InC": null,
  "ScSnPt": null,
  "Sc2InAg": null,
  "Si3Pt2": {
    "Si": 1.3333333333333333,
    "Pt": -2.0
  },
  "Zr5Sn4": null,
  "HfAl": null,
  "KAlF4": {
    "K": 1.0,
    "Al": 3.0,
    "F": -1.0
  },
  "BeFe2Si": null,
  "Y(CuSi)2": {
    "Y": 3.0,
    "Cu": 2.5,
    "Si": -4.0
  },
  "V3(O2F)2": {
    "V": 3.3333333333333335,
    "O": -2.0,
    "F": -1.0
  },
  "Ti(WO4)2": {
    "Ti": 4.0,
    "W": 6.0,
    "O": -2.0
  },
  "VCo2Si": {
    "V": 2.0,
    "Co": 1.0,
    "Si": -4.0
  },
  "CuAu": {
    "Cu": 1.0,
    "Au": -1.0
  },
  "KHF2": {
    "K": 1.0,
    "H": 1.0,
    "F": -1.0
  },
  "ZrGeO4": {
    "Zr": 4.0,
    "Ge": 4.0,
    "O": -2.0
  },
  "ScAgO2": {
    "Sc": 3.0,
    "Ag": 1.0,
    "O": -2.0
  },
  "YAlSi": null,
  "K2PtBr4": {
    "K": 1.0,
    "Pt": 2.0,
    "Br": -1.0
  },
  "Ti2O": null,
  "HfI3": null,
  "NbSbRu": null,
  "Sc3InC": null,
  "CrPt3": {
    "Cr": 6.0,
    "Pt": -2.0
  },
  "K(FeAs)2": {
    "K": 1.0,
    "Fe": 2.5,
    "As": -3.0
  },
  "CrNi2": null,
  "MgTiRh2": null,
  "Fe3Pd": null,
  "Co(AsO3)2": {
    "Co": 2.0,
    "As": 5.0,
    "O": -2.0
  },
  "GaAs": {
    "Ga": 3.0,
    "As": -3.0
  },
  "K2CN2": {
    "K": 1.0,
    "C": 4.0,
    "N": -3.0
  },
  "TiH2": {
    "Ti": 2.0,
    "H": -1.0
  },
  "TiFeO4": null,
  "Ba(NiAs)2": {
    "Ba": 2.0,
    "Ni": 2.0,
    "As": -3.0
  },
  "TiClO": {
    "Ti": 3.0,
    "Cl": -1.0,
    "O": -2.0
  },
  "Al2CdS4": {
    "Al": 3.0,
    "Cd": 2.0,
    "S": -2.0
  },
  "YMgIn": null,
  "BaMnO3": {
    "Ba": 2.0,
    "Mn": 4.0,
    "O": -2.0
  },
  "Co2Si": {
    "Co": 2.0,
    "Si": -4.0
  },
  "Na2PtO2": {
    "Na": 1.0,
    "Pt": 2.0,
    "O": -2.0
  },
  "Mg2TaN3": {
    "Mg": 2.0,
    "Ta": 5.0,
    "N": -3.0
  },
  "Zr5N5O2": {
    "Zr": 3.8,
    "N": -3.0,
    "O": -2.0
  },
  "Li3InN2": {
    "Li": 1.0,
    "In": 3.0,
    "N": -3.0
  },
  "KH": {
    "K": 1.0,
    "H": -1.0
  },
  "Hf2ReOs": null,
  "Ca(BC)2": {
    "Ca": 2.0,
    "B": 3.0,
    "C": -4.0
  },
  "SiO2": {
    "Si": 4.0,
    "O": -2.0
  },
  "YTe": null,
  "NaZnAs": {
    "Na": 1.0,
    "Zn": 2.0,
    "As": -3.0
  },
  "TiBeIr2": null,
  "RbAlF4": {
    "Rb": 1.0,
    "Al": 3.0,
    "F": -1.0
  },
  "GaAsPd5": null,
  "TlCl": {
    "Tl": 1.0,
    "Cl": -1.0
  },
  "Ba(Cu2As)2": {
    "Ba": 2.0,
    "Cu": 1.0,
    "As": -3.0
  },
  "LiSbPd2": null,
  "RbFeF4": {
    "Rb": 1.0,
    "Fe": 3.0,
    "F": -1.0
  },
  "ZnSO4": {
    "Zn": 2.0,
    "S": 6.0,
    "O": -2.0
  },
  "LiVRh2": null,
  "TiZnRh2": null,
  "CaF2": {
    "Ca": 2.0,
    "F": -1.0
  },
  "NiS2": {
    "Ni": 4.0,
    "S": -2.0
  },
  "YAl3": null,
  "Na2ZrO3": {
    "Na": 1.0,
    "Zr": 4.0,
    "O": -2.0
  },
  "ZnRh3": null,
  "ScRe2": null,
  "Be12Cr": null,
  "KAuCl4": {
    "K": 1.0,
    "Au": 3.0,
    "Cl": -1.0
  },
  "CuS": {
    "Cu": 2.0,
    "S": -2.0
  },
  "Al2CdTe4": {
    "Al": 3.0,
    "Cd": 2.0,
    "Te": -2.0
  },
  "SiRh": {
    "Si": -4.0,
    "Rh": 4.0
  },
  "CrC": {
    "Cr": 3.0,
    "C": -3.0
  },
  "ZrCo3B2": {
    "Zr": 2.0,
    "Co": 1.3333333333333333,
    "B": -3.0
  },
  "Nb10C7": {
    "Nb": 2.8,
    "C": -4.0
  },
  "KCuTe": {
    "K": 1.0,
    "Cu": 1.0,
    "Te": -2.0
  },
  "Sc3RuC4": {
    "Sc": 3.0,
    "Ru": 5.0,
    "C": -3.5
  },
  "BeTe": {
    "Be": 2.0,
    "Te": -2.0
  },
  "Y3Pt": null,
  "MnCuO2": {
    "Mn": 2.0,
    "Cu": 2.0,
    "O": -2.0
  },
  "La3Te4": {
    "La": 2.6666666666666665,
    "Te": -2.0
  },
  "Mg2CrN3": {
    "Mg": 2.0,
    "Cr": 5.0,
    "N": -3.0
  },
  "VCu3Se4": {
    "V": 5.0,
    "Cu": 1.0,
    "Se": -2.0
  },
  "YRh2": null,
  "Rb2NiO2": {
    "Rb": 1.0,
    "Ni": 2.0,
    "O": -2.0
  },
  "KCuS": {
    "K": 1.0,
    "Cu": 1.0,
    "S": -2.0
  },
  "Ca3BN3": {
    "Ca": 2.0,
    "B": 3.0,
    "N": -3.0
  },
  "Zn3N2": {
    "Zn": 2.0,
    "N": -3.0
  },
  "Fe(SbO2)2": {
    "Fe": 2.0,
    "Sb": 3.0,
    "O": -2.0
  },
  "AlRu": null,
  "Sc2CCl2": {
    "Sc": 3.0,
    "C": -4.0,
    "Cl": -1.0
  },
  "Ca(ZnAs)2": {
    "Ca": 2.0,
    "Zn": 2.0,
    "As": -3.0
  },
  "Cs3Ti2Cl9": {
    "Cs": 1.0,
    "Ti": 3.0,
    "Cl": -1.0
  },
  "TiPt": {
    "Ti": 2.0,
    "Pt": -2.0
  },
  "Hf2TcRu": null,
  "ZrZnCu2": null,
  "TiFeSi2": null,
  "KAsF6": {
    "K": 1.0,
    "As": 5.0,
    "F": -1.0
  },
  "B2(CN2)3": {
    "B": 3.0,
    "C": 4.0,
    "N": -3.0
  },
  "MnNiGe": null,
  "ZrPd2": null,
  "Rb2CuF4": {
    "Rb": 1.0,
    "Cu": 2.0,
    "F": -1.0
  },
  "MnSnRh2": null,
  "CdF2": {
    "Cd": 2.0,
    "F": -1.0
  },
  "Pr4RuI5": null,
  "GaCl2": {
    "Ga": 2.0,
    "Cl": -1.0
  },
  "Ge3As4": {
    "Ge": 4.0,
    "As": -3.0
  },
  "NbCuTe2": {
    "Nb": 3.0,
    "Cu": 1.0,
    "Te": -2.0
  },
  "Sr(AlH)2": null,
  "SbRhO4": {
    "Sb": 5.0,
    "Rh": 3.0,
    "O": -2.0
  },
  "PrSnAu2": null,
  "VOF2": {
    "V": 4.0,
    "O": -2.0,
    "F": -1.0
  },
  "Te2Pd": {
    "Te": -2.0,
    "Pd": 4.0
  },
  "ScPO4": {
    "Sc": 3.0,
    "P": 5.0,
    "O": -2.0
  },
  "Li2Si": null,
  "TaCu3S4": {
    "Ta": 5.0,
    "Cu": 1.0,
    "S": -2.0
  },
  "ZnBi3": null,
  "CoOF": {
    "Co": 3.0,
    "O": -2.0,
    "F": -1.0
  },
  "Li2CuSn": null,
  "VZnF4": {
    "V": 2.0,
    "Zn": 2.0,
    "F": -1.0
  },
  "BaS": {
    "Ba": 2.0,
    "S": -2.0
  },
  "VSbO4": {
    "V": 5.0,
    "Sb": 3.0,
    "O": -2.0
  },
  "Ni3Se2": {
    "Ni": 1.3333333333333333,
    "Se": -2.0
  },
  "ScGe": null,
  "LiCo3O4": {
    "Li": 1.0,
    "Co": 2.3333333333333335,
    "O": -2.0
  },
  "LiAl2Ni": null,
  "Mg2NbN3": {
    "Mg": 2.0,
    "Nb": 5.0,
    "N": -3.0
  },
  "CoMoP": {
    "Co": 1.0,
    "Mo": 2.0,
    "P": -3.0
  },
  "Eu(MgBi)2": null,
  "Zn2NiIr": null,
  "HfNbB4": {
    "Hf": 4.0,
    "Nb": 2.0,
    "B": -1.5
  },
  "Ti3Zn": null,
  "Mo2S3": {
    "Mo": 3.0,
    "S": -2.0
  },
  "Ti2CoTc": null,
  "YCd2": null,
  "KBaSn": null,
  "UAl2": null,
  "SrAlSi": null,
  "BiTePt": {
    "Bi": 3.0,
    "Te": -1.0,
    "Pt": -2.0
  },
  "VNi3": null,
  "NdZn2": null,
  "Y2AgRu": null,
  "NbNiB": {
    "Nb": 2.0,
    "Ni": 1.0,
    "B": -3.0
  }
}