{
  "As1N1O2Sc1": {
    "As": 5.0,
    "N": -3.0,
    "O": -2.0,
    "Sc": 2.0
  },
  "Au1Ga1O2S1": {
    "Au": 3.0,
    "Ga": 3.0,
    "O": -2.0,
    "S": -2.0
  },
  "Mg1O3Ru1": {
    "Mg": 2.0,
    "O": -2.0,
    "Ru": 4.0
  },
  "N1O2Pt1Sn1": {
    "N": -3.0,
    "O": -2.0,
    "Pt": 5.0,
    "Sn": 2.0
  },
  "F1Li1O2Sb1": null,
  "F1O2Rb1Sn1": {
    "F": -1.0,
    "O": -2.0,
    "Rb": 1.0,
    "Sn": 4.0
  },
  "In1Mo1N3": {
    "In": 3.0,
    "Mo": 6.0,
    "N": -3.0
  },
  "Be1F1O2Pt1": null,
  "F1N1O1Os1Y1": {
    "F": -1.0,
    "N": -3.0,
    "O": -2.0,
    "Os": 3.0,
    "Y": 3.0
  },
  "Mo1N2O1Sb1": {
    "Mo": 5.0,
    "N": -3.0,
    "O": -2.0,
    "Sb": 3.0
  },
  "O2Ru2S1": {
    "O": -2.0,
    "Ru": 3.0,
    "S": -2.0
  },
  "Cr1O2S1Ti1": {
    "Cr": 2.0,
    "O": -2.0,
    "S": -2.0,
    "Ti": 4.0
  },
  "Co1N3Ru1": {
    "Co": 3.0,
    "N": -3.0,
    "Ru": 6.0
  },
  "Mo1O2S1Zr1": {
    "Mo": 2.0,
    "O": -2.0,
    "S": -2.0,
    "Zr": 4.0
  },
  "F1O2Tl2": null,
  "Cd1O3Sr1": null,
  "F1Mo1N1O1Y1": {
    "F": -1.0,
    "Mo": 3.0,
    "N": -3.0,
    "O": -2.0,
    "Y": 3.0
  },
  "Al1Co1O2S1": {
    "Al": 3.0,
    "Co": 3.0,
    "O": -2.0,
    "S": -2.0
  },
  "Cs1N2O1Zn1": {
    "Cs": 1.0,
    "N": -0.5,
    "O": -2.0,
    "Zn": 2.0
  },
  "Ir1O3Rb1": {
    "Ir": 5.0,
    "O": -2.0,
    "Rb": 1.0
  },
  "N1Ni1O2Si1": {
    "N": -3.0,
    "Ni": 3.0,
    "O": -2.0,
    "Si": 4.0
  },
  "Ba1Fe1N3": {
    "Ba": 2.0,
    "Fe": 3.0,
    "N": -1.6666666666666667
  },
  "Be1N1O2Te1": {
    "Be": 2.0,
    "N": -2.0,
    "O": -2.0,
    "Te": 4.0
  },
  "Mg1O3Ta1": {
    "Mg": 2.0,
    "O": -2.0,
    "Ta": 4.0
  },
  "O3Sc1Te1": {
    "O": -2.0,
    "Sc": 2.0,
    "Te": 4.0
  },
  "Cd1N1O2Pd1": {
    "Cd": 2.0,
    "N": -2.0,
    "O": -2.0,
    "Pd": 4.0
  },
  "Fe1La1N1O2": {
    "Fe": 3.0,
    "La": 3.0,
    "N": -2.0,
    "O": -2.0
  },
  "O2Pt1S1Tl1": {
    "O": -2.0,
    "Pt": 5.0,
    "S": -2.0,
    "Tl": 1.0
  },
  "Be1N1O2Tl1": {
    "Be": 2.0,
    "N": 1.0,
    "O": -2.0,
    "Tl": 1.0
  },
  "F1Nb1O2Pd1": {
    "F": -1.0,
    "Nb": 3.0,
    "O": -2.0,
    "Pd": 2.0
  },
  "F1N1O1Pt1Ru1": {
    "F": -1.0,
    "N": -3.0,
    "O": -2.0,
    "Pt": 2.0,
    "Ru": 4.0
  },
  "F1N1O1Tl2": {
    "F": -1.0,
    "N": -3.0,
    "O": -2.0,
    "Tl": 3.0
  },
  "Bi1Hf1O3": {
    "Bi": 2.0,
    "Hf": 4.0,
    "O": -2.0
  },
  "B1N1O2Ti1": {
    "B": 3.0,
    "N": -3.0,
    "O": -2.0,
    "Ti": 4.0
  },
  "F1N1O1Y1Zr1": {
    "F": -1.0,
    "N": -3.0,
    "O": -2.0,
    "Y": 3.0,
    "Zr": 3.0
  },
  "Bi1F1In1N1O1": {
    "Bi": 3.0,
    "F": -1.0,
    "In": 3.0,
    "N": -3.0,
    "O": -2.0
  },
  "Ba1Co1O2S1": {
    "Ba": 2.0,
    "Co": 4.0,
    "O": -2.0,
    "S": -2.0
  },
  "Be1O3Sc1": null,
  "F1N1O1Sb1Ti1": {
    "F": -1.0,
    "N": -3.0,
    "O": -2.0,
    "Sb": 3.0,
    "Ti": 3.0
  },
  "F1N1O1Os1Sb1": {
    "F": -1.0,
    "N": -3.0,
    "O": -2.0,
    "Os": 3.0,
    "Sb": 3.0
  },
  "Hg2N1O2": {
    "Hg": 1.5,
    "N": 1.0,
    "O": -2.0
  },
  "B1Cu1O2S1": {
    "B": 3.0,
    "Cu": 3.0,
    "O": -2.0,
    "S": -2.0
  },
  "Cu1O2S1Zn1": {
    "Cu": 3.0,
    "O": -2.0,
    "S": -1.0,
    "Zn": 2.0
  },
  "Ir1N1Ni1O2": {
    "Ir": 5.0,
    "N": -3.0,
    "Ni": 2.0,
    "O": -2.0
  },
  "B1Fe1N2O1": {
    "B": 3.0,
    "Fe": 3.0,
    "N": -2.0,
    "O": -2.0
  },
  "Ga1N2O1Rh1": {
    "Ga": 3.0,
    "N": -2.0,
    "O": -2.0,
    "Rh": 3.0
  },
  "B1N1Na1O2": null,
  "K1O2Ru1S1": {
    "K": 1.0,
    "O": -2.0,
    "Ru": 5.0,
    "S": -2.0
  },
  "Fe1N3Pt1": {
    "Fe": 3.0,
    "N": -3.0,
    "Pt": 6.0
  },
  "Mn1O3Re1": {
    "Mn": 2.0,
    "O": -2.0,
    "Re": 4.0
  },
  "O2S1Si2": {
    "O": -2.0,
    "S": 4.0,
    "Si": 0.0
  },
  "Nb1O3Y1": {
    "Nb": 3.0,
    "O": -2.0,
    "Y": 3.0
  },
  "F1O2Sb1Ti1": {
    "F": -1.0,
    "O": -2.0,
    "Sb": 3.0,
    "Ti": 2.0
  },
  "F1Na1O2Y1": null,
  "Ge1O2Rh1S1": {
    "Ge": 3.0,
    "O": -2.0,
    "Rh": 3.0,
    "S": -2.0
  },
  "N1O2Pt2": {
    "N": -3.0,
    "O": -2.0,
    "Pt": 3.5
  },
  "Au1O2S1V1": {
    "Au": 1.0,
    "O": -2.0,
    "S": -2.0,
    "V": 5.0
  },
  "Fe1N2O1Os1": {
    "Fe": 3.0,
    "N": -3.0,
    "O": -2.0,
    "Os": 5.0
  },
  "O2S1Tl2": {
    "O": -2.0,
    "S": -2.0,
    "Tl": 3.0
  },
  "Al1F1Hf1N1O1": null,
  "Co1Mg1N1O2": {
    "Co": 3.0,
    "Mg": 2.0,
    "N": -1.0,
    "O": -2.0
  },
  "Cs1F1In1O2": null,
  "Ag1F1O2Os1": {
    "Ag": 1.0,
    "F": -1.0,
    "O": -2.0,
    "Os": 4.0
  },
  "F1Mn1O2Sb1": {
    "F": -1.0,
    "Mn": 2.0,
    "O": -2.0,
    "Sb": 3.0
  },
  "Be2F1N1O1": {
    "Be": 2.0,
    "F": -1.0,
    "N": -1.0,
    "O": -2.0
  },
  "Li1Mo1O2S1": {
    "Li": 1.0,
    "Mo": 5.0,
    "O": -2.0,
    "S": -2.0
  },
  "B1Cu1N2O1": {
    "B": 3.0,
    "Cu": 1.0,
    "N": -1.0,
    "O": -2.0
  },
  "O2Re2S1": {
    "O": -2.0,
    "Re": 3.0,
    "S": -2.0
  },
  "Ge1N3Ni1": {
    "Ge": 4.0,
    "N": -2.3333333333333335,
    "Ni": 3.0
  },
  "Au1Hf1N3": {
    "Au": 5.0,
    "Hf": 4.0,
    "N": -3.0
  },
  "K1N3Nb1": {
    "K": 1.0,
    "N": -1.0,
    "Nb": 2.0
  },
  "N3Pd1Si1": {
    "N": -2.6666666666666665,
    "Pd": 4.0,
    "Si": 4.0
  },
  "Hf1Li1N1O2": {
    "Hf": 4.0,
    "Li": 1.0,
    "N": -1.0,
    "O": -2.0
  },
  "F1O2Pb1Sr1": null,
  "Au1Cu1F1N1O1": {
    "Au": 5.0,
    "Cu": 1.0,
    "F": -1.0,
    "N": -3.0,
    "O": -2.0
  },
  "Ba1Ge1O3": {
    "Ba": 2.0,
    "Ge": 4.0,
    "O": -2.0
  },
  "Au1N1O2Sn1": {
    "Au": 3.0,
    "N": -3.0,
    "O": -2.0,
    "Sn": 4.0
  },
  "Bi1Cs1F1N1O1": {
    "Bi": 5.0,
    "Cs": 1.0,
    "F": -1.0,
    "N": -3.0,
    "O": -2.0
  },
  "F1Fe1O2Os1": {
    "F": -1.0,
    "Fe": 3.0,
    "O": -2.0,
    "Os": 2.0
  },
  "Cs1F1O2Rb1": null,
  "N3Re1Ta1": {
    "N": -3.0,
    "Re": 4.0,
    "Ta": 5.0
  },
  "F1O2Rh1Te1": null,
  "Cr1Mo1N2O1": {
    "Cr": 2.0,
    "Mo": 6.0,
    "N": -3.0,
    "O": -2.0
  },
  "Cs1N1O2Os1": {
    "Cs": 1.0,
    "N": -3.0,
    "O": -2.0,
    "Os": 6.0
  },
  "N1O2Pb1Sc1": {
    "N": -3.0,
    "O": -2.0,
    "Pb": 4.0,
    "Sc": 3.0
  },
  "Ag1F1N1Nb1O1": {
    "Ag": 1.0,
    "F": -1.0,
    "N": -3.0,
    "Nb": 5.0,
    "O": -2.0
  },
  "F1N1O1Ti2": {
    "F": -1.0,
    "N": -3.0,
    "O": -2.0,
    "Ti": 3.0
  },
  "F1La1N1O1Si1": {
    "F": -1.0,
    "La": 2.0,
    "N": -3.0,
    "O": -2.0,
    "Si": 4.0
  },
  "Cr1O2Os1S1": {
    "Cr": 3.0,
    "O": -2.0,
    "Os": 3.0,
    "S": -2.0
  },
  "F1Hf1Ir1O2": null,
  "K1Li1N3": {
    "K": 1.0,
    "Li": 1.0,
    "N": -0.6666666666666666
  },
  "Mo1O2Rh1S1": {
    "Mo": 3.0,
    "O": -2.0,
    "Rh": 3.0,
    "S": -2.0
  },
  "B1N2O1Ti1": {
    "B": 3.0,
    "N": -2.5,
    "O": -2.0,
    "Ti": 4.0
  },
  "Ag1Mg1O2S1": {
    "Ag": 3.0,
    "Mg": 2.0,
    "O": -2.0,
    "S": -1.0
  },
  "Mo1N1O2Si1": {
    "Mo": 3.0,
    "N": -3.0,
    "O": -2.0,
    "Si": 4.0
  },
  "Bi1F1N1Ni1O1": {
    "Bi": 3.0,
    "F": -1.0,
    "N": -3.0,
    "Ni": 3.0,
    "O": -2.0
  },
  "N1Nb1O2Sn1": {
    "N": -3.0,
    "Nb": 5.0,
    "O": -2.0,
    "Sn": 2.0
  },
  "Mo1N2O1Pt1": {
    "Mo": 6.0,
    "N": -3.0,
    "O": -2.0,
    "Pt": 2.0
  },
  "Cr1Mn1O2S1": {
    "Cr": 4.0,
    "Mn": 2.0,
    "O": -2.0,
    "S": -2.0
  },
  "Bi1F1O2W1": {
    "Bi": 3.0,
    "F": -1.0,
    "O": -2.0,
    "W": 2.0
  },
  "Cr1N1Ni1O2": {
    "Cr": 5.0,
    "N": -3.0,
    "Ni": 2.0,
    "O": -2.0
  },
  "Mo1O3Sb1": {
    "Mo": 3.0,
    "O": -2.0,
    "Sb": 3.0
  },
  "Au1Mo1N3": {
    "Au": 3.0,
    "Mo": 6.0,
    "N": -3.0
  },
  "O3Y2": {
    "O": -2.0,
    "Y": 3.0
  },
  "F1O2Re2": null,
  "F1Fe1N1O1Te1": {
    "F": -1.0,
    "Fe": 2.0,
    "N": -3.0,
    "O": -2.0,
    "Te": 4.0
  },
  "Fe1K1N2O1": {
    "Fe": 3.0,
    "K": 1.0,
    "N": -1.0,
    "O": -2.0
  },
  "Ir1O2S1Y1": {
    "Ir": 3.0,
    "O": -2.0,
    "S": -2.0,
    "Y": 3.0
  },
  "O3Pd1Sn1": {
    "O": -2.0,
    "Pd": 2.0,
    "Sn": 4.0
  },
  "O2Rh1Ru1S1": {
    "O": -2.0,
    "Rh": 3.0,
    "Ru": 3.0,
    "S": -2.0
  },
  "Mn1N2O1Re1": {
    "Mn": 2.0,
    "N": -3.0,
    "O": -2.0,
    "Re": 6.0
  },
  "F1Nb2O2": {
    "F": -1.0,
    "Nb": 2.5,
    "O": -2.0
  },
  "Ag1Cu1N2O1": {
    "Ag": 1.0,
    "Cu": 1.0,
    "N": 0.0,
    "O": -2.0
  },
  "F1N1O1Ta1V1": {
    "F": -1.0,
    "N": -3.0,
    "O": -2.0,
    "Ta": 3.0,
    "V": 3.0
  },
  "Cu1Fe1N2O1": {
    "Cu": 1.0,
    "Fe": 3.0,
    "N": -1.0,
    "O": -2.0
  },
  "N2O1Pt1Sn1": {
    "N": -3.0,
    "O": -2.0,
    "Pt": 4.0,
    "Sn": 4.0
  },
  "Cr1N1O2Te1": {
    "Cr": 3.0,
    "N": -3.0,
    "O": -2.0,
    "Te": 4.0
  },
  "Be1N2O1Y1": {
    "Be": 2.0,
    "N": -1.5,
    "O": -2.0,
    "Y": 3.0
  },
  "Ga1N3V1": {
    "Ga": 3.0,
    "N": -2.6666666666666665,
    "V": 5.0
  },
  "F1O2Os1Pt1": {
    "F": -1.0,
    "O": -2.0,
    "Os": -1.0,
    "Pt": 6.0
  },
  "As1Nb1O2S1": {
    "As": 3.0,
    "Nb": 3.0,
    "O": -2.0,
    "S": -2.0
  },
  "Ni1O3Ru1": {
    "Ni": 2.0,
    "O": -2.0,
    "Ru": 4.0
  },
  "Cd2N3": {
    "Cd": 2.0,
    "N": -1.3333333333333333
  },
  "N1O2Tl1Y1": {
    "N": -2.0,
    "O": -2.0,
    "Tl": 3.0,
    "Y": 3.0
  },
  "F1In1N1O1W1": {
    "F": -1.0,
    "In": 3.0,
    "N": -3.0,
    "O": -2.0,
    "W": 3.0
  },
  "La1N2O1Y1": {
    "La": 3.0,
    "N": -2.0,
    "O": -2.0,
    "Y": 3.0
  },
  "F1O2Te1V1": null,
  "K1Nb1O2S1": {
    "K": 1.0,
    "Nb": 5.0,
    "O": -2.0,
    "S": -2.0
  },
  "Ga1N1O2Os1": {
    "Ga": 3.0,
    "N": -3.0,
    "O": -2.0,
    "Os": 4.0
  },
  "Be1F1N1O1Zr1": {
    "Be": 2.0,
    "F": -1.0,
    "N": -3.0,
    "O": -2.0,
    "Zr": 4.0
  },
  "N3Ru1W1": {
    "N": -3.0,
    "Ru": 3.0,
    "W": 6.0
  },
  "Bi1F1Mg1N1O1": {
    "Bi": 3.0,
    "F": -1.0,
    "Mg": 2.0,
    "N": -2.0,
    "O": -2.0
  },
  "N1O2Sb1Sn1": {
    "N": -3.0,
    "O": -2.0,
    "Sb": 3.0,
    "Sn": 4.0
  },
  "F1Hf1Ni1O2": {
    "F": -1.0,
    "Hf": 4.0,
    "Ni": 1.0,
    "O": -2.0
  },
  "Nb2O2S1": {
    "Nb": 3.0,
    "O": -2.0,
    "S": -2.0
  },
  "B1N2O1Zr1": {
    "B": 3.0,
    "N": -2.5,
    "O": -2.0,
    "Zr": 4.0
  },
  "B1F1Fe1N1O1": {
    "B": 3.0,
    "F": -1.0,
    "Fe": 3.0,
    "N": -3.0,
    "O": -2.0
  },
  "In1N2O1Rb1": {
    "In": 3.0,
    "N": -1.0,
    "O": -2.0,
    "Rb": 1.0
  },
  "N2O1Pt2": {
    "N": -3.0,
    "O": -2.0,
    "Pt": 4.0
  },
  "Cr1N3Rb1": {
    "Cr": 2.0,
    "N": -1.0,
    "Rb": 1.0
  },
  "Mg1N1O2Rb1": {
    "Mg": 2.0,
    "N": 1.0,
    "O": -2.0,
    "Rb": 1.0
  },
  "As1Mg1O2S1": {
    "As": 3.0,
    "Mg": 2.0,
    "O": -2.0,
    "S": -1.0
  },
  "Al1F1O2Tl1": null,
  "Co1N1O2Re1": {
    "Co": 2.0,
    "N": -3.0,
    "O": -2.0,
    "Re": 5.0
  },
  "Hg1Mn1O3": {
    "Hg": 2.0,
    "Mn": 4.0,
    "O": -2.0
  },
  "Al1F1N1O1Sb1": {
    "Al": 3.0,
    "F": -1.0,
    "N": -3.0,
    "O": -2.0,
    "Sb": 3.0
  },
  "Ba1F1Ni1O2": {
    "Ba": 2.0,
    "F": -1.0,
    "Ni": 3.0,
    "O": -2.0
  },
  "In1Na1O3": null,
  "Ca1K1O3": null,
  "Be1F1Mo1N1O1": {
    "Be": 2.0,
    "F": -1.0,
    "Mo": 4.0,
    "N": -3.0,
    "O": -2.0
  },
  "F1Ga1N1O1W1": {
    "F": -1.0,
    "Ga": 3.0,
    "N": -3.0,
    "O": -2.0,
    "W": 3.0
  },
  "F1Fe1O2Re1": {
    "F": -1.0,
    "Fe": 2.0,
    "O": -2.0,
    "Re": 3.0
  },
  "Cu1F1N1Nb1O1": {
    "Cu": 1.0,
    "F": -1.0,
    "N": -3.0,
    "Nb": 5.0,
    "O": -2.0
  },
  "F1Hf1O2Pt1": null,
  "Li1Ni1O3": null,
  "Au1O2S1Zn1": {
    "Au": 3.0,
    "O": -2.0,
    "S": -1.0,
    "Zn": 2.0
  },
  "K1N2O1Os1": {
    "K": 1.0,
    "N": -3.0,
    "O": -2.0,
    "Os": 7.0
  },
  "B1Cu1N1O2": {
    "B": 3.0,
    "Cu": 2.0,
    "N": -1.0,
    "O": -2.0
  },
  "Mg1N1O2Pd1": {
    "Mg": 2.0,
    "N": -2.0,
    "O": -2.0,
    "Pd": 4.0
  },
  "Bi1F1Ir1N1O1": {
    "Bi": 3.0,
    "F": -1.0,
    "Ir": 3.0,
    "N": -3.0,
    "O": -2.0
  },
  "Co1F1O2Re1": {
    "Co": 2.0,
    "F": -1.0,
    "O": -2.0,
    "Re": 3.0
  },
  "N3Rh2": {
    "N": -2.3333333333333335,
    "Rh": 3.5
  },
  "Ag1F1Hf1N1O1": {
    "Ag": 2.0,
    "F": -1.0,
    "Hf": 4.0,
    "N": -3.0,
    "O": -2.0
  },
  "O2S1Si1Zn1": {
    "O": -2.0,
    "S": -2.0,
    "Si": 4.0,
    "Zn": 2.0
  },
  "Ca1N3Sr1": {
    "Ca": 2.0,
    "N": -1.3333333333333333,
    "Sr": 2.0
  },
  "F1Hg1N1O1Zr1": {
    "F": -1.0,
    "Hg": 2.0,
    "N": -3.0,
    "O": -2.0,
    "Zr": 4.0
  },
  "F1Fe1Mn1N1O1": {
    "F": -1.0,
    "Fe": 3.0,
    "Mn": 3.0,
    "N": -3.0,
    "O": -2.0
  },
  "Al1Hg1O2S1": {
    "Al": 3.0,
    "Hg": 2.0,
    "O": -2.0,
    "S": -1.0
  },
  "Ge1N1Ni1O2": {
    "Ge": 4.0,
    "N": -3.0,
    "Ni": 3.0,
    "O": -2.0
  },
  "B1Cr1N2O1": {
    "B": 3.0,
    "Cr": 5.0,
    "N": -3.0,
    "O": -2.0
  },
  "F1O2Sn1Y1": {
    "F": -1.0,
    "O": -2.0,
    "Sn": 2.0,
    "Y": 3.0
  },
  "Fe1O3Tl1": {
    "Fe": 3.0,
    "O": -2.0,
    "Tl": 3.0
  },
  "Cd1O3W1": {
    "Cd": 2.0,
    "O": -2.0,
    "W": 4.0
  },
  "As1Ca1N3": {
    "As": 5.0,
    "Ca": 2.0,
    "N": -2.3333333333333335
  },
  "F1O2Y2": null,
  "N2Ni1O1Pt1": {
    "N": -3.0,
    "Ni": 2.0,
    "O": -2.0,
    "Pt": 6.0
  },
  "Co1O3Sc1": {
    "Co": 3.0,
    "O": -2.0,
    "Sc": 3.0
  },
  "Au1Cr1O3": {
    "Au": 3.0,
    "Cr": 3.0,
    "O": -2.0
  },
  "N1O2Sn1Te1": {
    "N": -3.0,
    "O": -2.0,
    "Sn": 3.0,
    "Te": 4.0
  },
  "Mo1N3Zr1": {
    "Mo": 6.0,
    "N": -3.0,
    "Zr": 3.0
  },
  "F1O2Re1Sr1": {
    "F": -1.0,
    "O": -2.0,
    "Re": 3.0,
    "Sr": 2.0
  },
  "Au1F1Li1N1O1": {
    "Au": 5.0,
    "F": -1.0,
    "Li": 1.0,
    "N": -3.0,
    "O": -2.0
  },
  "Co1Cs1O2S1": {
    "Co": 4.0,
    "Cs": 1.0,
    "O": -2.0,
    "S": -1.0
  },
  "Ba1F1O2Sn1": {
    "Ba": 2.0,
    "F": -1.0,
    "O": -2.0,
    "Sn": 3.0
  },
  "N1O2Ru1V1": {
    "N": -3.0,
    "O": -2.0,
    "Ru": 2.0,
    "V": 5.0
  },
  "F1La1Mo1O2": {
    "F": -1.0,
    "La": 3.0,
    "Mo": 2.0,
    "O": -2.0
  },
  "Cu1F1O2Sb1": {
    "Cu": 2.0,
    "F": -1.0,
    "O": -2.0,
    "Sb": 3.0
  },
  "Co1Hg1O3": {
    "Co": 4.0,
    "Hg": 2.0,
    "O": -2.0
  },
  "Nb1O3Rb1": {
    "Nb": 5.0,
    "O": -2.0,
    "Rb": 1.0
  },
  "O3Pt1Te1": {
    "O": -2.0,
    "Pt": 2.0,
    "Te": 4.0
  },
  "F1La1Mo1N1O1": {
    "F": -1.0,
    "La": 3.0,
    "Mo": 3.0,
    "N": -3.0,
    "O": -2.0
  },
  "Mg1O3V1": {
    "Mg": 2.0,
    "O": -2.0,
    "V": 4.0
  },
  "F1O2Pb1Pd1": null,
  "F1Na1O2Zr1": {
    "F": -1.0,
    "Na": 1.0,
    "O": -2.0,
    "Zr": 4.0
  },
  "Co1O2Pt1S1": {
    "Co": 2.0,
    "O": -2.0,
    "Pt": 4.0,
    "S": -2.0
  },
  "Ca1N3Zn1": {
    "Ca": 2.0,
    "N": -1.3333333333333333,
    "Zn": 2.0
  },
  "Al1F1N1O1Re1": {
    "Al": 3.0,
    "F": -1.0,
    "N": -3.0,
    "O": -2.0,
    "Re": 3.0
  },
  "Ag1O3Tl1": {
    "Ag": 3.0,
    "O": -2.0,
    "Tl": 3.0
  },
  "F1N1O1Pt1Sr1": {
    "F": -1.0,
    "N": -3.0,
    "O": -2.0,
    "Pt": 4.0,
    "Sr": 2.0
  },
  "Be1Cs1F1N1O1": null,
  "F1Mo1O2Sr1": {
    "F": -1.0,
    "Mo": 3.0,
    "O": -2.0,
    "Sr": 2.0
  },
  "Ir1N2O1Ta1": {
    "Ir": 3.0,
    "N": -3.0,
    "O": -2.0,
    "Ta": 5.0
  },
  "La1Mg1N1O2": {
    "La": 3.0,
    "Mg": 2.0,
    "N": -1.0,
    "O": -2.0
  },
  "Be1Li1N3": {
    "Be": 2.0,
    "Li": 1.0,
    "N": -1.0
  },
  "Ir1Mn1O3": {
    "Ir": 4.0,
    "Mn": 2.0,
    "O": -2.0
  },
  "N3Ru1Ta1": {
    "N": -3.0,
    "Ru": 4.0,
    "Ta": 5.0
  },
  "La1N3Na1": {
    "La": 2.0,
    "N": -1.0,
    "Na": 1.0
  },
  "Ir1O2S1Si1": {
    "Ir": 4.0,
    "O": -2.0,
    "S": 4.0,
    "Si": -4.0
  },
  "Cu1O3Os1": {
    "Cu": 1.0,
    "O": -2.0,
    "Os": 5.0
  },
  "F1N1Nb1O1Tl1": {
    "F": -1.0,
    "N": -3.0,
    "Nb": 5.0,
    "O": -2.0,
    "Tl": 1.0
  },
  "Co1F1Na1O2": {
    "Co": 4.0,
    "F": -1.0,
    "Na": 1.0,
    "O": -2.0
  },
  "Li1N3Zn1": {
    "Li": 1.0,
    "N": -1.0,
    "Zn": 2.0
  },
  "Al1La1O2S1": {
    "Al": 3.0,
    "La": 3.0,
    "O": -2.0,
    "S": -2.0
  },
  "Bi1N3Zr1": {
    "Bi": 5.0,
    "N": -3.0,
    "Zr": 4.0
  },
  "Co1Fe1N1O2": {
    "Co": 4.0,
    "Fe": 3.0,
    "N": -3.0,
    "O": -2.0
  },
  "Au1Ge1N1O2": {
    "Au": 3.0,
    "Ge": 4.0,
    "N": -3.0,
    "O": -2.0
  },
  "F1Ir1O2Si1": null,
  "Co1Li1N2O1": {
    "Co": 1.0,
    "Li": 1.0,
    "N": 0.0,
    "O": -2.0
  },
  "Be1N1O2Os1": {
    "Be": 2.0,
    "N": -3.0,
    "O": -2.0,
    "Os": 5.0
  },
  "F1Hf1N1O1Ru1": {
    "F": -1.0,
    "Hf": 4.0,
    "N": -3.0,
    "O": -2.0,
    "Ru": 2.0
  },
  "N3Sn1Ta1": {
    "N": -3.0,
    "Sn": 4.0,
    "Ta": 5.0
  },
  "Mn2N1O2": {
    "Mn": 3.5,
    "N": -3.0,
    "O": -2.0
  },
  "F1N1O1Te1Ti1": {
    "F": -1.0,
    "N": -3.0,
    "O": -2.0,
    "Te": 4.0,
    "Ti": 2.0
  },
  "Ca1N1O2Pb1": {
    "Ca": 2.0,
    "N": -2.0,
    "O": -2.0,
    "Pb": 4.0
  },
  "Ag1Mo1N2O1": {
    "Ag": 2.0,
    "Mo": 6.0,
    "N": -3.0,
    "O": -2.0
  },
  "Cd1N1Ni1O2": {
    "Cd": 2.0,
    "N": -1.0,
    "Ni": 3.0,
    "O": -2.0
  },
  "N2O1Os1Sr1": {
    "N": -3.0,
    "O": -2.0,
    "Os": 6.0,
    "Sr": 2.0
  },
  "F1Mg1O2Sn1": {
    "F": -1.0,
    "Mg": 2.0,
    "O": -2.0,
    "Sn": 3.0
  },
  "F1Hf1O2Re1": null,
  "Ge1N1O2Si1": {
    "Ge": 3.0,
    "N": -3.0,
    "O": -2.0,
    "Si": 4.0
  },
  "F1Mn1N1O1Zr1": {
    "F": -1.0,
    "Mn": 2.0,
    "N": -3.0,
    "O": -2.0,
    "Zr": 4.0
  },
  "Co1La1N1O2": {
    "Co": 4.0,
    "La": 3.0,
    "N": -3.0,
    "O": -2.0
  },
  "F1In1N1O1Y1": {
    "F": -1.0,
    "In": 3.0,
    "N": -3.0,
    "O": -2.0,
    "Y": 3.0
  },
  "Cu1N1O2Pt1": {
    "Cu": 1.0,
    "N": -3.0,
    "O": -2.0,
    "Pt": 6.0
  },
  "Ga1Ge1O3": {
    "Ga": 2.0,
    "Ge": 4.0,
    "O": -2.0
  },
  "Mn1N2O1Sn1": {
    "Mn": 4.0,
    "N": -3.0,
    "O": -2.0,
    "Sn": 4.0
  },
  "F1In1Mo1O2": {
    "F": -1.0,
    "In": 3.0,
    "Mo": 2.0,
    "O": -2.0
  },
  "Be1Hf1O3": {
    "Be": 2.0,
    "Hf": 4.0,
    "O": -2.0
  },
  "F1Fe2N1O1": {
    "F": -1.0,
    "Fe": 3.0,
    "N": -3.0,
    "O": -2.0
  },
  "Cr1F1O2Rb1": {
    "Cr": 4.0,
    "F": -1.0,
    "O": -2.0,
    "Rb": 1.0
  },
  "La1N3V1": {
    "La": 3.0,
    "N": -2.6666666666666665,
    "V": 5.0
  },
  "N3Sb1Ti1": {
    "N": -3.0,
    "Sb": 5.0,
    "Ti": 4.0
  },
  "O2S1Sr2": null,
  "N3Nb1Ti1": {
    "N": -3.0,
    "Nb": 5.0,
    "Ti": 4.0
  },
  "B1Co1F1O2": {
    "B": 3.0,
    "Co": 2.0,
    "F": -1.0,
    "O": -2.0
  },
  "Hg1N3Te1": {
    "Hg": 2.0,
    "N": -0.3333333333333333,
    "Te": -1.0
  },
  "Mo1N3W1": {
    "Mo": 6.0,
    "N": -3.0,
    "W": 3.0
  },
  "F1Mg1N1O1Rh1": {
    "F": -1.0,
    "Mg": 2.0,
    "N": -3.0,
    "O": -2.0,
    "Rh": 4.0
  },
  "Hf1N1O2Ta1": {
    "Hf": 4.0,
    "N": -3.0,
    "O": -2.0,
    "Ta": 3.0
  },
  "Ga1N3Pb1": {
    "Ga": 3.0,
    "N": -1.6666666666666667,
    "Pb": 2.0
  },
  "Fe1La1O3": {
    "Fe": 3.0,
    "La": 3.0,
    "O": -2.0
  },
  "N3V2": {
    "N": -3.0,
    "V": 4.5
  },
  "Cu1N1O2Tl1": {
    "Cu": 2.0,
    "N": 1.0,
    "O": -2.0,
    "Tl": 1.0
  },
  "Ba1N1O2Rb1": {
    "Ba": 2.0,
    "N": 1.0,
    "O": -2.0,
    "Rb": 1.0
  },
  "Cs1Na1O2S1": {
    "Cs": 1.0,
    "Na": 1.0,
    "O": -2.0,
    "S": 2.0
  },
  "F1O2Sb1Te1": {
    "F": -1.0,
    "O": -2.0,
    "Sb": -1.0,
    "Te": 6.0
  },
  "Fe1Ge1O2S1": {
    "Fe": 2.0,
    "Ge": 4.0,
    "O": -2.0,
    "S": -2.0
  },
  "B1N3Ni1": {
    "B": 3.0,
    "N": -1.6666666666666667,
    "Ni": 2.0
  },
  "As1F1N1O1Rb1": {
    "As": 5.0,
    "F": -1.0,
    "N": -3.0,
    "O": -2.0,
    "Rb": 1.0
  },
  "Ba1Bi1F1O2": {
    "Ba": 2.0,
    "Bi": 3.0,
    "F": -1.0,
    "O": -2.0
  },
  "Ir1O3Ru1": {
    "Ir": 4.0,
    "O": -2.0,
    "Ru": 2.0
  },
  "Cs1F1O2Ru1": {
    "Cs": 1.0,
    "F": -1.0,
    "O": -2.0,
    "Ru": 4.0
  },
  "Ca1N3Sc1": {
    "Ca": 2.0,
    "N": -1.6666666666666667,
    "Sc": 3.0
  },
  "N1O2Zn2": null,
  "F1Ga1N1O1Zr1": {
    "F": -1.0,
    "Ga": 3.0,
    "N": -3.0,
    "O": -2.0,
    "Zr": 3.0
  },
  "Cd1F1O2Sc1": {
    "Cd": 2.0,
    "F": -1.0,
    "O": -2.0,
    "Sc": 3.0
  },
  "Li1Nb1O2S1": {
    "Li": 1.0,
    "Nb": 5.0,
    "O": -2.0,
    "S": -2.0
  },
  "Al1F1O2Pb1": {
    "Al": 3.0,
    "F": -1.0,
    "O": -2.0,
    "Pb": 2.0
  },
  "F1Mn1O2Si1": null,
  "O3Pt1Rh1": {
    "O": -2.0,
    "Pt": 2.0,
    "Rh": 4.0
  },
  "Ir1N3Sb1": {
    "Ir": 4.0,
    "N": -3.0,
    "Sb": 5.0
  },
  "Cd1Ni1O2S1": {
    "Cd": 2.0,
    "Ni": 4.0,
    "O": -2.0,
    "S": -2.0
  },
  "Cd1N2O1Y1": {
    "Cd": 2.0,
    "N": -1.5,
    "O": -2.0,
    "Y": 3.0
  },
  "F1N1O1Re1Y1": {
    "F": -1.0,
    "N": -3.0,
    "O": -2.0,
    "Re": 3.0,
    "Y": 3.0
  },
  "O3Pd1Ru1": {
    "O": -2.0,
    "Pd": 2.0,
    "Ru": 4.0
  },
  "N1O2Rb2": null,
  "Ir1Mg1O3": {
    "Ir": 4.0,
    "Mg": 2.0,
    "O": -2.0
  },
  "Au1N3Pt1": {
    "Au": 3.0,
    "N": -3.0,
    "Pt": 6.0
  },
  "Co1N3Te1": {
    "Co": 3.0,
    "N": -3.0,
    "Te": 6.0
  },
  "F1Mg2O2": null,
  "O2Rb1Ru1S1": {
    "O": -2.0,
    "Rb": 1.0,
    "Ru": 5.0,
    "S": -2.0
  },
  "Be1F1N1O1Ti1": {
    "Be": 2.0,
    "F": -1.0,
    "N": -3.0,
    "O": -2.0,
    "Ti": 4.0
  },
  "F1Mn1N1O1Si1": {
    "F": -1.0,
    "Mn": 2.0,
    "N": -3.0,
    "O": -2.0,
    "Si": 4.0
  },
  "Au1F1N1O1Y1": {
    "Au": 3.0,
    "F": -1.0,
    "N": -3.0,
    "O": -2.0,
    "Y": 3.0
  },
  "O3Rh2": {
    "O": -2.0,
    "Rh": 3.0
  },
  "O2S1Zn1Zr1": {
    "O": -2.0,
    "S": -2.0,
    "Zn": 2.0,
    "Zr": 4.0
  },
  "Li1O2S1Zr1": {
    "Li": 1.0,
    "O": -2.0,
    "S": -1.0,
    "Zr": 4.0
  },
  "B1N1O2Re1": {
    "B": 3.0,
    "N": -3.0,
    "O": -2.0,
    "Re": 4.0
  },
  "Li1N2O1Re1": {
    "Li": 1.0,
    "N": -3.0,
    "O": -2.0,
    "Re": 7.0
  },
  "Be1N3Tl1": {
    "Be": 2.0,
    "N": -1.0,
    "Tl": 1.0
  },
  "Mn2N2O1": {
    "Mn": 4.0,
    "N": -3.0,
    "O": -2.0
  },
  "F1O2Sc1Te1": null,
  "Fe1O2S1V1": {
    "Fe": 3.0,
    "O": -2.0,
    "S": -2.0,
    "V": 3.0
  },
  "N3Si1Zr1": {
    "N": -2.6666666666666665,
    "Si": 4.0,
    "Zr": 4.0
  },
  "Cs1Li1N3": {
    "Cs": 1.0,
    "Li": 1.0,
    "N": -0.6666666666666666
  },
  "Fe1Hf1O2S1": {
    "Fe": 2.0,
    "Hf": 4.0,
    "O": -2.0,
    "S": -2.0
  },
  "Au1Ca1N3": {
    "Au": -1.0,
    "Ca": 2.0,
    "N": -0.3333333333333333
  },
  "Cu1K1N3": {
    "Cu": 2.0,
    "K": 1.0,
    "N": -1.0
  },
  "F1In1N1O1Tl1": {
    "F": -1.0,
    "In": 3.0,
    "N": -3.0,
    "O": -2.0,
    "Tl": 3.0
  },
  "Co1N3Sb1": {
    "Co": 4.0,
    "N": -3.0,
    "Sb": 5.0
  },
  "Ga1N2O1Sr1": {
    "Ga": 2.0,
    "N": -1.0,
    "O": -2.0,
    "Sr": 2.0
  },
  "Ba1Mo1N1O2": {
    "Ba": 2.0,
    "Mo": 5.0,
    "N": -3.0,
    "O": -2.0
  },
  "Cd2O3": null,
  "Ba2O2S1": null,
  "Ag1O3Rb1": null,
  "Bi1N3Sn1": {
    "Bi": 5.0,
    "N": -3.0,
    "Sn": 4.0
  },
  "O3Os1Rh1": {
    "O": -2.0,
    "Os": 3.0,
    "Rh": 3.0
  },
  "Ba2N3": {
    "Ba": 2.0,
    "N": -1.3333333333333333
  },
  "Ir1N1O2Rb1": {
    "Ir": 4.0,
    "N": -1.0,
    "O": -2.0,
    "Rb": 1.0
  },
  "Hg1N3Sc1": {
    "Hg": 2.0,
    "N": -1.6666666666666667,
    "Sc": 3.0
  },
  "In1Ni1O2S1": {
    "In": 3.0,
    "Ni": 3.0,
    "O": -2.0,
    "S": -2.0
  },
  "Cs1F1Ge1N1O1": {
    "Cs": 1.0,
    "F": -1.0,
    "Ge": 4.0,
    "N": -2.0,
    "O": -2.0
  },
  "Li1N2Ni1O1": {
    "Li": 1.0,
    "N": 0.0,
    "Ni": 1.0,
    "O": -2.0
  },
  "Ag1N3Si1": {
    "Ag": 1.0,
    "N": -1.6666666666666667,
    "Si": 4.0
  },
  "F1O2Rh1Tl1": {
    "F": -1.0,
    "O": -2.0,
    "Rh": 4.0,
    "Tl": 1.0
  },
  "N1O2Sn1Tl1": {
    "N": -3.0,
    "O": -2.0,
    "Sn": 4.0,
    "Tl": 3.0
  },
  "Fe1N3W1": {
    "Fe": 3.0,
    "N": -3.0,
    "W": 6.0
  },
  "O3Pb1Sn1": {
    "O": -2.0,
    "Pb": 2.0,
    "Sn": 4.0
  },
  "Ga1O2S1Ti1": {
    "Ga": 3.0,
    "O": -2.0,
    "S": -2.0,
    "Ti": 3.0
  },
  "Co1Mn1O3": {
    "Co": 4.0,
    "Mn": 2.0,
    "O": -2.0
  },
  "B1N2O1Zn1": {
    "B": 3.0,
    "N": -1.5,
    "O": -2.0,
    "Zn": 2.0
  },
  "N3Sn2": {
    "N": -2.6666666666666665,
    "Sn": 4.0
  },
  "Ba1Cr1N3": {
    "Ba": 2.0,
    "Cr": 3.0,
    "N": -1.6666666666666667
  },
  "Hf1La1O3": {
    "Hf": 4.0,
    "La": 2.0,
    "O": -2.0
  },
  "F1Ga1O2Re1": {
    "F": -1.0,
    "Ga": 2.0,
    "O": -2.0,
    "Re": 3.0
  },
  "F1N1Na1O1Pb1": {
    "F": -1.0,
    "N": -2.0,
    "Na": 1.0,
    "O": -2.0,
    "Pb": 4.0
  },
  "Be1N1O2W1": {
    "Be": 2.0,
    "N": -3.0,
    "O": -2.0,
    "W": 5.0
  },
  "Bi1F1N1O1Zr1": {
    "Bi": 3.0,
    "F": -1.0,
    "N": -3.0,
    "O": -2.0,
    "Zr": 3.0
  },
  "N2Nb1O1Sr1": {
    "N": -2.5,
    "Nb": 5.0,
    "O": -2.0,
    "Sr": 2.0
  },
  "Cu1N1O2Rh1": {
    "Cu": 3.0,
    "N": -3.0,
    "O": -2.0,
    "Rh": 4.0
  },
  "F1O2Pt2": null,
  "Cd1F1Hf1O2": null,
  "Ca1O2S1Te1": {
    "Ca": 2.0,
    "O": -2.0,
    "S": -2.0,
    "Te": 4.0
  },
  "Ag2O3": {
    "Ag": 3.0,
    "O": -2.0
  },
  "F1Ir1N1O1W1": {
    "F": -1.0,
    "Ir": 4.0,
    "N": -3.0,
    "O": -2.0,
    "W": 2.0
  },
  "F1In2N1O1": {
    "F": -1.0,
    "In": 3.0,
    "N": -3.0,
    "O": -2.0
  },
  "F1O2W1Zr1": {
    "F": -1.0,
    "O": -2.0,
    "W": 2.0,
    "Zr": 3.0
  },
  "Al1O3Y1": {
    "Al": 3.0,
    "O": -2.0,
    "Y": 3.0
  },
  "N2O1Pt1Zn1": {
    "N": -3.0,
    "O": -2.0,
    "Pt": 6.0,
    "Zn": 2.0
  },
  "Cr2N3": {
    "Cr": 4.5,
    "N": -3.0
  },
  "F1Nb1O2Ti1": {
    "F": -1.0,
    "Nb": 2.0,
    "O": -2.0,
    "Ti": 3.0
  },
  "F1Na1O2Pt1": {
    "F": -1.0,
    "Na": 1.0,
    "O": -2.0,
    "Pt": 4.0
  },
  "O3Pb1Zn1": {
    "O": -2.0,
    "Pb": 4.0,
    "Zn": 2.0
  },
  "Mg1N2Nb1O1": {
    "Mg": 2.0,
    "N": -2.5,
    "Nb": 5.0,
    "O": -2.0
  },
  "Ca1Cd1O3": null,
  "Nb1O3Sr1": {
    "Nb": 4.0,
    "O": -2.0,
    "Sr": 2.0
  },
  "F1Hg1N1O1W1": {
    "F": -1.0,
    "Hg": 2.0,
    "N": -3.0,
    "O": -2.0,
    "W": 4.0
  },
  "Cr1Mo1O3": {
    "Cr": 3.0,
    "Mo": 3.0,
    "O": -2.0
  },
  "Ba1Mg1N1O2": null,
  "Li1N2O1Te1": {
    "Li": 1.0,
    "N": 1.0,
    "O": -2.0,
    "Te": -1.0
  },
  "F1In1O2Pd1": {
    "F": -1.0,
    "In": 3.0,
    "O": -2.0,
    "Pd": 2.0
  },
  "F1Fe1Ir1O2": {
    "F": -1.0,
    "Fe": 2.0,
    "Ir": 3.0,
    "O": -2.0
  },
  "Ba1O3W1": {
    "Ba": 2.0,
    "O": -2.0,
    "W": 4.0
  },
  "Au1K1N2O1": {
    "Au": -1.0,
    "K": 1.0,
    "N": 1.0,
    "O": -2.0
  },
  "Ge1N2O1Rh1": {
    "Ge": 4.0,
    "N": -3.0,
    "O": -2.0,
    "Rh": 4.0
  },
  "Bi1Co1N2O1": {
    "Bi": 5.0,
    "Co": 3.0,
    "N": -3.0,
    "O": -2.0
  },
  "Ga1N2O1Te1": {
    "Ga": 2.0,
    "N": -3.0,
    "O": -2.0,
    "Te": 6.0
  },
  "N2O1Si1Y1": {
    "N": -2.5,
    "O": -2.0,
    "Si": 4.0,
    "Y": 3.0
  },
  "La1N3Ti1": {
    "La": 3.0,
    "N": -2.3333333333333335,
    "Ti": 4.0
  },
  "O2Pt1S1Te1": {
    "O": -2.0,
    "Pt": 2.0,
    "S": -2.0,
    "Te": 4.0
  },
  "Bi1F1O2Sn1": {
    "Bi": 3.0,
    "F": -1.0,
    "O": -2.0,
    "Sn": 2.0
  },
  "Fe1N1Ni1O2": {
    "Fe": 3.0,
    "N": -3.0,
    "Ni": 4.0,
    "O": -2.0
  },
  "F1Hg1N1O1Rb1": {
    "F": -1.0,
    "Hg": 1.0,
    "N": 1.0,
    "O": -2.0,
    "Rb": 1.0
  },
  "N1O2Ti2": {
    "N": -3.0,
    "O": -2.0,
    "Ti": 3.5
  },
  "F1N1O1Rh1V1": {
    "F": -1.0,
    "N": -3.0,
    "O": -2.0,
    "Rh": 3.0,
    "V": 3.0
  },
  "F1O2Pb1Zr1": {
    "F": -1.0,
    "O": -2.0,
    "Pb": 2.0,
    "Zr": 3.0
  },
  "F1Fe1N1O1Zr1": {
    "F": -1.0,
    "Fe": 2.0,
    "N": -3.0,
    "O": -2.0,
    "Zr": 4.0
  },
  "N3Sr2": {
    "N": -1.3333333333333333,
    "Sr": 2.0
  },
  "Bi1Hg1N1O2": {
    "Bi": 5.0,
    "Hg": 2.0,
    "N": -3.0,
    "O": -2.0
  },
  "N1O2Pt1Ta1": {
    "N": -3.0,
    "O": -2.0,
    "Pt": 2.0,
    "Ta": 5.0
  },
  "Ga2O2S1": {
    "Ga": 3.0,
    "O": -2.0,
    "S": -2.0
  },
  "F1In1N1O1Zn1": {
    "F": -1.0,
    "In": 3.0,
    "N": -2.0,
    "O": -2.0,
    "Zn": 2.0
  },
  "Co1F1O2Ta1": {
    "Co": 2.0,
    "F": -1.0,
    "O": -2.0,
    "Ta": 3.0
  },
  "Ge1Li1N3": {
    "Ge": 4.0,
    "Li": 1.0,
    "N": -1.6666666666666667
  },
  "Cs1O2Pb1S1": {
    "Cs": 1.0,
    "O": -2.0,
    "Pb": 4.0,
    "S": -1.0
  },
  "Ir1N3Na1": {
    "Ir": 4.0,
    "N": -1.6666666666666667,
    "Na": 1.0
  },
  "Ca1Cu1O2S1": {
    "Ca": 2.0,
    "Cu": 3.0,
    "O": -2.0,
    "S": -1.0
  },
  "Be2N1O2": null,
  "N2O1Ti1Zr1": {
    "N": -3.0,
    "O": -2.0,
    "Ti": 4.0,
    "Zr": 4.0
  },
  "O2Pd2S1": {
    "O": -2.0,
    "Pd": 3.0,
    "S": -2.0
  },
  "N1Ni1O2Tl1": {
    "N": -3.0,
    "Ni": 4.0,
    "O": -2.0,
    "Tl": 3.0
  },
  "Be1O3V1": {
    "Be": 2.0,
    "O": -2.0,
    "V": 4.0
  },
  "B1Be1N3": {
    "B": 3.0,
    "Be": 2.0,
    "N": -1.6666666666666667
  },
  "Co2O3": {
    "Co": 3.0,
    "O": -2.0
  },
  "Ga1O3Sn1": {
    "Ga": 3.0,
    "O": -2.0,
    "Sn": 3.0
  },
  "Ag2F1N1O1": {
    "Ag": 3.0,
    "F": -1.0,
    "N": -3.0,
    "O": -2.0
  },
  "Co1F1In1O2": {
    "Co": 2.0,
    "F": -1.0,
    "In": 3.0,
    "O": -2.0
  },
  "Mo2N3": {
    "Mo": 4.5,
    "N": -3.0
  },
  "Ag2F1O2": {
    "Ag": 2.5,
    "F": -1.0,
    "O": -2.0
  },
  "Co1In1O2S1": {
    "Co": 3.0,
    "In": 3.0,
    "O": -2.0,
    "S": -2.0
  },
  "F1O2Te2": {
    "F": -1.0,
    "O": -2.0,
    "Te": 2.5
  },
  "Cr1Nb1O2S1": {
    "Cr": 3.0,
    "Nb": 3.0,
    "O": -2.0,
    "S": -2.0
  },
  "N3Os2": {
    "N": -3.0,
    "Os": 4.5
  },
  "Mg1N1O2Tl1": {
    "Mg": 2.0,
    "N": 1.0,
    "O": -2.0,
    "Tl": 1.0
  },
  "F1Ge1Mo1O2": {
    "F": -1.0,
    "Ge": 2.0,
    "Mo": 3.0,
    "O": -2.0
  },
  "Al1N3Sn1": {
    "Al": 3.0,
    "N": -2.3333333333333335,
    "Sn": 4.0
  },
  "Hf1Mo1N3": {
    "Hf": 4.0,
    "Mo": 5.0,
    "N": -3.0
  },
  "F1Mg1N1O1Ru1": {
    "F": -1.0,
    "Mg": 2.0,
    "N": -3.0,
    "O": -2.0,
    "Ru": 4.0
  },
  "Ag1Be1N3": {
    "Ag": 1.0,
    "Be": 2.0,
    "N": -1.0
  },
  "Cr1F1N1Nb1O1": {
    "Cr": 3.0,
    "F": -1.0,
    "N": -3.0,
    "Nb": 3.0,
    "O": -2.0
  },
  "Ge1O2Pt1S1": {
    "Ge": 4.0,
    "O": -2.0,
    "Pt": 2.0,
    "S": -2.0
  },
  "N1Ni1O2W1": {
    "N": -3.0,
    "Ni": 2.0,
    "O": -2.0,
    "W": 5.0
  },
  "N2O1Si2": {
    "N": -3.0,
    "O": -2.0,
    "Si": 4.0
  },
  "O3Rb1Tl1": null,
  "F1Mg1O2Si1": null,
  "Fe1N2O1Sr1": {
    "Fe": 2.0,
    "N": -1.0,
    "O": -2.0,
    "Sr": 2.0
  },
  "In1N3Te1": {
    "In": 3.0,
    "N": -3.0,
    "Te": 6.0
  },
  "F1Hf1N1O1W1": {
    "F": -1.0,
    "Hf": 4.0,
    "N": -3.0,
    "O": -2.0,
    "W": 2.0
  },
  "F1O2Sr1Ti1": {
    "F": -1.0,
    "O": -2.0,
    "Sr": 2.0,
    "Ti": 3.0
  },
  "F1N1O1Tl1Zr1": {
    "F": -1.0,
    "N": -3.0,
    "O": -2.0,
    "Tl": 3.0,
    "Zr": 3.0
  },
  "Mn1O2Pt1S1": {
    "Mn": 2.0,
    "O": -2.0,
    "Pt": 4.0,
    "S": -2.0
  },
  "F1N1Nb1O1Y1": {
    "F": -1.0,
    "N": -3.0,
    "Nb": 3.0,
    "O": -2.0,
    "Y": 3.0
  },
  "N1O2Ru1Zr1": {
    "N": -3.0,
    "O": -2.0,
    "Ru": 3.0,
    "Zr": 4.0
  },
  "F1Mo1N1O1Sn1": {
    "F": -1.0,
    "Mo": 2.0,
    "N": -3.0,
    "O": -2.0,
    "Sn": 4.0
  },
  "F1N1Na2O1": {
    "F": -1.0,
    "N": 1.0,
    "Na": 1.0,
    "O": -2.0
  },
  "La1O3Te1": {
    "La": 2.0,
    "O": -2.0,
    "Te": 4.0
  },
  "N2O1Rb1Te1": {
    "N": 1.0,
    "O": -2.0,
    "Rb": 1.0,
    "Te": -1.0
  },
  "Mo2O2S1": {
    "Mo": 3.0,
    "O": -2.0,
    "S": -2.0
  },
  "Na1O3Si1": null,
  "Co1F1Ga1O2": {
    "Co": 2.0,
    "F": -1.0,
    "Ga": 3.0,
    "O": -2.0
  },
  "Au1Co1O3": {
    "Au": 3.0,
    "Co": 3.0,
    "O": -2.0
  },
  "In1N3Sn1": {
    "In": 3.0,
    "N": -2.3333333333333335,
    "Sn": 4.0
  },
  "Bi1Li1N2O1": {
    "Bi": 3.0,
    "Li": 1.0,
    "N": -1.0,
    "O": -2.0
  },
  "Mn1O2S1Sn1": {
    "Mn": 2.0,
    "O": -2.0,
    "S": -2.0,
    "Sn": 4.0
  },
  "Co1Mo1N1O2": {
    "Co": 1.0,
    "Mo": 6.0,
    "N": -3.0,
    "O": -2.0
  },
  "N1O2V2": {
    "N": -3.0,
    "O": -2.0,
    "V": 3.5
  },
  "Cu1O2S1Te1": {
    "Cu": 2.0,
    "O": -2.0,
    "S": -2.0,
    "Te": 4.0
  },
  "Au2N3": {
    "Au": 0.5,
    "N": -0.3333333333333333
  },
  "Cu1F1Mo1N1O1": {
    "Cu": 1.0,
    "F": -1.0,
    "Mo": 5.0,
    "N": -3.0,
    "O": -2.0
  },
  "Mg2N2O1": {
    "Mg": 2.0,
    "N": -1.0,
    "O": -2.0
  },
  "Al1N1O2Zn1": {
    "Al": 3.0,
    "N": -1.0,
    "O": -2.0,
    "Zn": 2.0
  },
  "N3Os1Sc1": {
    "N": -3.0,
    "Os": 6.0,
    "Sc": 3.0
  },
  "Cr1F1N1O1V1": {
    "Cr": 3.0,
    "F": -1.0,
    "N": -3.0,
    "O": -2.0,
    "V": 3.0
  },
  "As2O2S1": {
    "As": 3.0,
    "O": -2.0,
    "S": -2.0
  },
  "Cr2O3": {
    "Cr": 3.0,
    "O": -2.0
  },
  "Al1Cu1N3": {
    "Al": 3.0,
    "Cu": 2.0,
    "N": -1.6666666666666667
  },
  "F1N1O1Rh2": {
    "F": -1.0,
    "N": -3.0,
    "O": -2.0,
    "Rh": 3.0
  },
  "Ge2N3": {
    "Ge": 4.0,
    "N": -2.6666666666666665
  },
  "F1N1O1Zn2": {
    "F": -1.0,
    "N": -1.0,
    "O": -2.0,
    "Zn": 2.0
  },
  "Ca2O2S1": null,
  "N2Na1O1Pd1": {
    "N": -0.5,
    "Na": 1.0,
    "O": -2.0,
    "Pd": 2.0
  },
  "Au1B1O3": {
    "Au": 3.0,
    "B": 3.0,
    "O": -2.0
  },
  "Ag1Co1N3": {
    "Ag": 1.0,
    "Co": 2.0,
    "N": -1.0
  },
  "Au1Ba1F1N1O1": {
    "Au": 2.0,
    "Ba": 2.0,
    "F": -1.0,
    "N": -1.0,
    "O": -2.0
  },
  "O3Rb1V1": {
    "O": -2.0,
    "Rb": 1.0,
    "V": 5.0
  },
  "O2S1Zn2": null,
  "N3Si2": {
    "N": -2.6666666666666665,
    "Si": 4.0
  },
  "Ag1O3Ta1": {
    "Ag": 1.0,
    "O": -2.0,
    "Ta": 5.0
  },
  "As1N1O2Ta1": {
    "As": 2.0,
    "N": -3.0,
    "O": -2.0,
    "Ta": 5.0
  },
  "O3Sb1V1": {
    "O": -2.0,
    "Sb": 3.0,
    "V": 3.0
  },
  "Al2F1N1O1": {
    "Al": 3.0,
    "F": -1.0,
    "N": -3.0,
    "O": -2.0
  },
  "O2Os2S1": {
    "O": -2.0,
    "Os": 3.0,
    "S": -2.0
  },
  "F1O2Re1Si1": null,
  "F1O2Sn2": {
    "F": -1.0,
    "O": -2.0,
    "Sn": 2.5
  },
  "N1O2W2": {
    "N": -3.0,
    "O": -2.0,
    "W": 3.5
  }
}