{
  "Cu2O4Rb2": {
    "Cu": 3.0,
    "O": -2.0,
    "Rb": 1.0
  },
  "Cs3F6Y1": {
    "Cs": 1.0,
    "F": -1.0,
    "Y": 3.0
  },
  "Cu2K4P2": {
    "Cu": 1.0,
    "K": 1.0,
    "P": -3.0
  },
  "Cu3K3P2": {
    "Cu": 1.0,
    "K": 1.0,
    "P": -3.0
  },
  "Ge4K4N4O4": {
    "Ge": 4.0,
    "K": 1.0,
    "N": -3.0,
    "O": -2.0
  },
  "Ca8Cl12O2": {
    "Ca": 2.0,
    "Cl": -1.0,
    "O": -2.0
  },
  "K4P4Si2": {
    "K": 1.0,
    "P": 1.0,
    "Si": -4.0
  },
  "Li8Mn12O32Zn4": {
    "Li": 1.0,
    "Mn": 4.0,
    "O": -2.0,
    "Zn": 2.0
  },
  "As2Be2Li2": {
    "As": -3.0,
    "Be": 2.0,
    "Li": 1.0
  },
  "As4Ru2": {
    "As": -1.0,
    "Ru": 2.0
  },
  "Ba2Ge6O18Sn2": {
    "Ba": 2.0,
    "Ge": 4.0,
    "O": -2.0,
    "Sn": 4.0
  },
  "Bi2Cl2Te2": {
    "Bi": 3.0,
    "Cl": -1.0,
    "Te": -2.0
  },
  "Au3K3Sb2": {
    "Au": -1.0,
    "K": 1.0,
    "Sb": 0.0
  },
  "F6Rb1Sb1": {
    "F": -1.0,
    "Rb": 1.0,
    "Sb": 5.0
  },
  "As1F6Rb1": {
    "As": 5.0,
    "F": -1.0,
    "Rb": 1.0
  },
  "C2O6Sr2": {
    "C": 4.0,
    "O": -2.0,
    "Sr": 2.0
  },
  "La1Li3Sb2": {
    "La": 3.0,
    "Li": 1.0,
    "Sb": -3.0
  },
  "Cr2Mn4O8": {
    "Cr": 4.0,
    "Mn": 2.0,
    "O": -2.0
  },
  "Au3Cs1Se2": {
    "Au": 1.0,
    "Cs": 1.0,
    "Se": -2.0
  },
  "Ca2Gd4S8": {
    "Ca": 2.0,
    "Gd": 3.0,
    "S": -2.0
  },
  "O1P2Sr4": {
    "O": -2.0,
    "P": -3.0,
    "Sr": 2.0
  },
  "Hg1K4P2": {
    "Hg": 2.0,
    "K": 1.0,
    "P": -3.0
  },
  "Mn2Rb4S4": {
    "Mn": 2.0,
    "Rb": 1.0,
    "S": -2.0
  },
  "F2La2Se2": {
    "F": -1.0,
    "La": 3.0,
    "Se": -2.0
  },
  "F6Pt1Rb2": {
    "F": -1.0,
    "Pt": 4.0,
    "Rb": 1.0
  },
  "C1O1S1": {
    "C": 4.0,
    "O": -2.0,
    "S": -2.0
  },
  "F1Li5Mn5O9": {
    "F": -1.0,
    "Li": 1.0,
    "Mn": 2.8,
    "O": -2.0
  },
  "F4Tl4": {
    "F": -1.0,
    "Tl": 1.0
  },
  "As1F6Li1": {
    "As": 5.0,
    "F": -1.0,
    "Li": 1.0
  },
  "F4Hg1Rb2": {
    "F": -1.0,
    "Hg": 2.0,
    "Rb": 1.0
  },
  "O4S4Zr4": {
    "O": -2.0,
    "S": -2.0,
    "Zr": 4.0
  },
  "La2O2Se1": {
    "La": 3.0,
    "O": -2.0,
    "Se": -2.0
  },
  "Cl18Cs6Cu6": {
    "Cl": -1.0,
    "Cs": 1.0,
    "Cu": 2.0
  },
  "Ba1Be1O4Si1": {
    "Ba": 2.0,
    "Be": 2.0,
    "O": -2.0,
    "Si": 4.0
  },
  "Nb4O14Sr4": {
    "Nb": 5.0,
    "O": -2.0,
    "Sr": 2.0
  },
  "Na8Sb8": {
    "Na": 1.0,
    "Sb": -1.0
  },
  "Hg1In2Se4": {
    "Hg": 2.0,
    "In": 3.0,
    "Se": -2.0
  },
  "F1Na3O10P2Ti2": {
    "F": -1.0,
    "Na": 1.0,
    "O": -2.0,
    "P": 5.0,
    "Ti": 4.0
  },
  "B3O15P3Pb3": {
    "B": 3.0,
    "O": -2.0,
    "P": 5.0,
    "Pb": 2.0
  },
  "Na16Sn4Te16": {
    "Na": 1.0,
    "Sn": 4.0,
    "Te": -2.0
  },
  "Li20P4Se24Sn2": {
    "Li": 1.0,
    "P": 5.0,
    "Se": -2.0,
    "Sn": 4.0
  },
  "F2K2O4S2": {
    "F": -1.0,
    "K": 1.0,
    "O": -2.0,
    "S": 4.0
  },
  "K4Mn2Te4": {
    "K": 1.0,
    "Mn": 2.0,
    "Te": -2.0
  },
  "Sc4Se6": {
    "Sc": 3.0,
    "Se": -2.0
  },
  "P4Pb4Rb4S16": {
    "P": 5.0,
    "Pb": 2.0,
    "Rb": 1.0,
    "S": -2.0
  },
  "Cr4I12Rb4": {
    "Cr": 2.0,
    "I": -1.0,
    "Rb": 1.0
  },
  "N2Se3Y4": {
    "N": -3.0,
    "Se": -2.0,
    "Y": 3.0
  },
  "O18Te4V4": {
    "O": -2.0,
    "Te": 4.0,
    "V": 5.0
  },
  "Ba2Se6": {
    "Ba": 2.0,
    "Se": -0.6666666666666666
  },
  "B2Lu2O6": {
    "B": 3.0,
    "Lu": 3.0,
    "O": -2.0
  },
  "Pt1Si1Ti1": {
    "Pt": 2.0,
    "Si": -4.0,
    "Ti": 2.0
  },
  "Ca4Si4Sr4": {
    "Ca": 2.0,
    "Si": -4.0,
    "Sr": 2.0
  },
  "As16Si8": {
    "As": -2.0,
    "Si": 4.0
  },
  "Ag2F8Li2": {
    "Ag": 3.0,
    "F": -1.0,
    "Li": 1.0
  },
  "P16Si8": {
    "P": 2.0,
    "Si": -4.0
  },
  "Br8Cd4H16O32": {
    "Br": 5.0,
    "Cd": 2.0,
    "H": 1.0,
    "O": -2.0
  },
  "Cd2Se8Sm4": {
    "Cd": 2.0,
    "Se": -2.0,
    "Sm": 3.0
  },
  "Ba4N8O16": {
    "Ba": 2.0,
    "N": 3.0,
    "O": -2.0
  },
  "Ga2Te4Zn1": {
    "Ga": 3.0,
    "Te": -2.0,
    "Zn": 2.0
  },
  "Be4K4O16P4": {
    "Be": 2.0,
    "K": 1.0,
    "O": -2.0,
    "P": 5.0
  },
  "Al2Co2Li4O8": {
    "Al": 3.0,
    "Co": 3.0,
    "Li": 1.0,
    "O": -2.0
  },
  "Ag2Ba2P2": {
    "Ag": 1.0,
    "Ba": 2.0,
    "P": -3.0
  },
  "Al4O12Y4": {
    "Al": 3.0,
    "O": -2.0,
    "Y": 3.0
  },
  "Li56Mn8N32": {
    "Li": 1.0,
    "Mn": 5.0,
    "N": -3.0
  },
  "Al8N8O12Si4Sr4": {
    "Al": 3.0,
    "N": -3.0,
    "O": -2.0,
    "Si": 4.0,
    "Sr": 2.0
  },
  "Ca4O32P8Zr4": {
    "Ca": 2.0,
    "O": -2.0,
    "P": 5.0,
    "Zr": 4.0
  },
  "Br2Fe1": {
    "Br": -1.0,
    "Fe": 2.0
  },
  "Ca8Cu8O20": {
    "Ca": 2.0,
    "Cu": 3.0,
    "O": -2.0
  },
  "As8S12": {
    "As": 3.0,
    "S": -2.0
  },
  "Fe2O14P4": null,
  "Al2P2S8": {
    "Al": 3.0,
    "P": 5.0,
    "S": -2.0
  },
  "P8Pd8Se8": {
    "P": 0.0,
    "Pd": 2.0,
    "Se": -2.0
  },
  "O24Te4Y8": {
    "O": -2.0,
    "Te": 6.0,
    "Y": 3.0
  },
  "Fe2Mn4O8": {
    "Fe": 3.0,
    "Mn": 2.5,
    "O": -2.0
  },
  "Ir4S6": {
    "Ir": 3.0,
    "S": -2.0
  },
  "O26P8Y4": {
    "O": -2.0,
    "P": 5.0,
    "Y": 3.0
  },
  "Ba6O24Si6Zn6": {
    "Ba": 2.0,
    "O": -2.0,
    "Si": 4.0,
    "Zn": 2.0
  },
  "Ca10Cl2O24P6": {
    "Ca": 2.0,
    "Cl": -1.0,
    "O": -2.0,
    "P": 5.0
  },
  "As8Nb2Rb14": {
    "As": -3.0,
    "Nb": 5.0,
    "Rb": 1.0
  },
  "Al1F4Tl1": {
    "Al": 3.0,
    "F": -1.0,
    "Tl": 1.0
  },
  "Ca20Co8N16": {
    "Ca": 2.0,
    "Co": 1.0,
    "N": -3.0
  },
  "Co1Cr3Li2O8": {
    "Co": 2.0,
    "Cr": 4.0,
    "Li": 1.0,
    "O": -2.0
  },
  "Be1O1": {
    "Be": 2.0,
    "O": -2.0
  },
  "Li2N2Sr2": {
    "Li": 1.0,
    "N": -3.0,
    "Sr": 2.0
  },
  "Ca4Mg2O14Si4": {
    "Ca": 2.0,
    "Mg": 2.0,
    "O": -2.0,
    "Si": 4.0
  },
  "As2Mg3": {
    "As": -3.0,
    "Mg": 2.0
  },
  "As2Li6": {
    "As": -3.0,
    "Li": 1.0
  },
  "Cu2O14Si4Sr4": {
    "Cu": 2.0,
    "O": -2.0,
    "Si": 4.0,
    "Sr": 2.0
  },
  "B2La2O6": {
    "B": 3.0,
    "La": 3.0,
    "O": -2.0
  },
  "Al6Cl2Na8O24Si6": {
    "Al": 3.0,
    "Cl": -1.0,
    "Na": 1.0,
    "O": -2.0,
    "Si": 4.0
  },
  "Cr1Na1S2": {
    "Cr": 3.0,
    "Na": 1.0,
    "S": -2.0
  },
  "H8O24S4Ti4": {
    "H": 1.0,
    "O": -2.0,
    "S": 6.0,
    "Ti": 4.0
  },
  "In1Na1O2": {
    "In": 3.0,
    "Na": 1.0,
    "O": -2.0
  },
  "I4Nb2O2": {
    "I": -1.0,
    "Nb": 4.0,
    "O": -2.0
  },
  "Br4Re12S16": {
    "Br": -1.0,
    "Re": 3.0,
    "S": -2.0
  },
  "Ba24Mo8N32": {
    "Ba": 2.0,
    "Mo": 6.0,
    "N": -3.0
  },
  "F4O20Pr8Sb4": {
    "F": -1.0,
    "O": -2.0,
    "Pr": 3.0,
    "Sb": 5.0
  },
  "P4S16Zn6": {
    "P": 5.0,
    "S": -2.0,
    "Zn": 2.0
  },
  "Ag1F6Ti1": {
    "Ag": 2.0,
    "F": -1.0,
    "Ti": 4.0
  },
  "Li24N16Y8": {
    "Li": 1.0,
    "N": -3.0,
    "Y": 3.0
  },
  "P4S12Sn4": {
    "P": 3.0,
    "S": -2.0,
    "Sn": 3.0
  },
  "Na2Nb2O4": {
    "Na": 1.0,
    "Nb": 3.0,
    "O": -2.0
  },
  "O8Pt2Zn4": {
    "O": -2.0,
    "Pt": 4.0,
    "Zn": 2.0
  },
  "H4Mo2O8": {
    "H": 1.0,
    "Mo": 6.0,
    "O": -2.0
  },
  "Na6Sb2": {
    "Na": 1.0,
    "Sb": -3.0
  },
  "Ge4Se4": {
    "Ge": 2.0,
    "Se": -2.0
  },
  "Cr1Na1O2": {
    "Cr": 3.0,
    "Na": 1.0,
    "O": -2.0
  },
  "Na2Nb2Se4": {
    "Na": 1.0,
    "Nb": 3.0,
    "Se": -2.0
  },
  "K2Nb2S4": {
    "K": 1.0,
    "Nb": 3.0,
    "S": -2.0
  },
  "Ge8O28Sm8": {
    "Ge": 4.0,
    "O": -2.0,
    "Sm": 3.0
  },
  "F4H12O16P4Rb4": {
    "F": -1.0,
    "H": 1.0,
    "O": -2.0,
    "P": 5.0,
    "Rb": 1.0
  },
  "O14Pb4Sb4": {
    "O": -2.0,
    "Pb": 2.0,
    "Sb": 5.0
  },
  "O6Sr2Ti2": {
    "O": -2.0,
    "Sr": 2.0,
    "Ti": 4.0
  },
  "Mn2Na10O8": {
    "Mn": 3.0,
    "Na": 1.0,
    "O": -2.0
  },
  "Cl12Cs2Sb2": {
    "Cl": -1.0,
    "Cs": 1.0,
    "Sb": 5.0
  },
  "H8N4Na4": {
    "H": 1.0,
    "N": -3.0,
    "Na": 1.0
  },
  "Al7In1La8O24": {
    "Al": 3.0,
    "In": 3.0,
    "La": 3.0,
    "O": -2.0
  },
  "C8H24Mo3N2S13": {
    "C": -1.25,
    "H": 1.0,
    "Mo": 6.0,
    "N": -3.0,
    "S": -2.0
  },
  "Ba12Ge4O20": {
    "Ba": 2.0,
    "Ge": 4.0,
    "O": -2.0
  },
  "N40Rb24W16": {
    "N": -3.0,
    "Rb": 1.0,
    "W": 6.0
  },
  "Ba2Br4O12": {
    "Ba": 2.0,
    "Br": 5.0,
    "O": -2.0
  },
  "Fe4Li4Mn4O16": {
    "Fe": 3.0,
    "Li": 1.0,
    "Mn": 4.0,
    "O": -2.0
  },
  "B2O9S2": {
    "B": 3.0,
    "O": -2.0,
    "S": 6.0
  },
  "As4O20Sb4": {
    "As": 5.0,
    "O": -2.0,
    "Sb": 5.0
  },
  "F3Li1O3V2": {
    "F": -1.0,
    "Li": 1.0,
    "O": -2.0,
    "V": 4.0
  },
  "Al9Cl36Ho3": {
    "Al": 3.0,
    "Cl": -1.0,
    "Ho": 3.0
  },
  "Li4Ni2O14P4": {
    "Li": 1.0,
    "Ni": 2.0,
    "O": -2.0,
    "P": 5.0
  },
  "C2Cr1Li6O14P2V1": {
    "C": 4.0,
    "Cr": 2.0,
    "Li": 1.0,
    "O": -2.0,
    "P": 5.0,
    "V": 2.0
  },
  "Na6O2P2S6": {
    "Na": 1.0,
    "O": -2.0,
    "P": 5.0,
    "S": -2.0
  },
  "O8Ta2V2": {
    "O": -2.0,
    "Ta": 5.0,
    "V": 3.0
  },
  "Li2Ni1O4Sn1": {
    "Li": 1.0,
    "Ni": 2.0,
    "O": -2.0,
    "Sn": 4.0
  },
  "F5Fe3Li2O3": {
    "F": -1.0,
    "Fe": 3.0,
    "Li": 1.0,
    "O": -2.0
  },
  "Fe1Sb1V1": null,
  "F2O4Sb2": {
    "F": -1.0,
    "O": -2.0,
    "Sb": 5.0
  },
  "Bi1F5Pb1": {
    "Bi": 3.0,
    "F": -1.0,
    "Pb": 2.0
  },
  "N8O4Zr8": {
    "N": -3.0,
    "O": -2.0,
    "Zr": 4.0
  },
  "C3H20N4O10": {
    "C": 4.0,
    "H": 1.0,
    "N": -3.0,
    "O": -2.0
  },
  "F20Na2Y6": {
    "F": -1.0,
    "Na": 1.0,
    "Y": 3.0
  },
  "Cl8Zn4": {
    "Cl": -1.0,
    "Zn": 2.0
  },
  "H22Na4O16P2": {
    "H": 0.8181818181818182,
    "Na": 1.0,
    "O": -2.0,
    "P": 5.0
  },
  "N6Ta2Zn4": {
    "N": -3.0,
    "Ta": 5.0,
    "Zn": 2.0
  },
  "Ba3Ga3Nb1O14Si2": {
    "Ba": 2.0,
    "Ga": 3.0,
    "Nb": 5.0,
    "O": -2.0,
    "Si": 4.0
  },
  "O26Re4S4": {
    "O": -2.0,
    "Re": 7.0,
    "S": 6.0
  },
  "Ge4N6Na2": {
    "Ge": 4.0,
    "N": -3.0,
    "Na": 1.0
  },
  "F6Li2Ni2": {
    "F": -1.0,
    "Li": 1.0,
    "Ni": 2.0
  },
  "Cu4Ge2Mn2S8": {
    "Cu": 1.0,
    "Ge": 4.0,
    "Mn": 2.0,
    "S": -2.0
  },
  "F2Fe6Li8O24P6": {
    "F": -1.0,
    "Fe": 2.0,
    "Li": 1.0,
    "O": -2.0,
    "P": 5.0
  },
  "Cs4O6Te2": {
    "Cs": 1.0,
    "O": -2.0,
    "Te": 4.0
  },
  "Al2As8Ca6Na6": {
    "Al": 3.0,
    "As": -3.0,
    "Ca": 2.0,
    "Na": 1.0
  },
  "Be6Cd8O24Si6Te2": {
    "Be": 2.0,
    "Cd": 2.0,
    "O": -2.0,
    "Si": 4.0,
    "Te": -2.0
  },
  "Li4S4Ti1": {
    "Li": 1.0,
    "S": -2.0,
    "Ti": 4.0
  },
  "Ag2K1S4Sb1": {
    "Ag": 1.0,
    "K": 1.0,
    "S": -2.0,
    "Sb": 5.0
  },
  "Cl4H8Li4O4": {
    "Cl": -1.0,
    "H": 1.0,
    "Li": 1.0,
    "O": -2.0
  },
  "H12N2O4P2": {
    "H": 1.0,
    "N": -3.0,
    "O": -2.0,
    "P": 1.0
  },
  "Ag2Ga2Se4": {
    "Ag": 1.0,
    "Ga": 3.0,
    "Se": -2.0
  },
  "Hf1O3Sr1": {
    "Hf": 4.0,
    "O": -2.0,
    "Sr": 2.0
  },
  "Al20Li4O32": {
    "Al": 3.0,
    "Li": 1.0,
    "O": -2.0
  },
  "F4Li3Mn1O1": {
    "F": -1.0,
    "Li": 1.0,
    "Mn": 3.0,
    "O": -2.0
  },
  "Ge4Mn4N8": {
    "Ge": 4.0,
    "Mn": 2.0,
    "N": -3.0
  },
  "Nd4O4Se3": {
    "Nd": 2.0,
    "O": -2.0,
    "Se": 0.0
  },
  "B8O14Sn2": {
    "B": 3.0,
    "O": -2.0,
    "Sn": 2.0
  },
  "N8O6Si6Y4": {
    "N": -3.0,
    "O": -2.0,
    "Si": 4.0,
    "Y": 3.0
  },
  "O8Rb3Ta1": null,
  "Ba2Pr4Se8": {
    "Ba": 2.0,
    "Pr": 3.0,
    "Se": -2.0
  },
  "Bi2K2O4": {
    "Bi": 3.0,
    "K": 1.0,
    "O": -2.0
  },
  "Cr12Li8Nb4O32": {
    "Cr": 3.0,
    "Li": 1.0,
    "Nb": 5.0,
    "O": -2.0
  },
  "Ce3In3Ni3": null,
  "I8O16": null,
  "Na4O4Pt1": {
    "Na": 1.0,
    "O": -2.0,
    "Pt": 4.0
  },
  "As8S10": {
    "As": 2.5,
    "S": -2.0
  },
  "As2O6Pb1": {
    "As": 5.0,
    "O": -2.0,
    "Pb": 2.0
  },
  "Cl12P4": {
    "Cl": -1.0,
    "P": 3.0
  },
  "F8H20N4": {
    "F": -1.0,
    "H": 1.0,
    "N": -3.0
  },
  "H3Li4Mn2O16P4": {
    "H": 1.0,
    "Li": 1.0,
    "Mn": 2.5,
    "O": -2.0,
    "P": 5.0
  },
  "Cl6Sc2": {
    "Cl": -1.0,
    "Sc": 3.0
  },
  "Br12Mo4": {
    "Br": -1.0,
    "Mo": 3.0
  },
  "Bi1Te6Tl9": {
    "Bi": 3.0,
    "Te": -2.0,
    "Tl": 1.0
  },
  "Ag1F6P1": {
    "Ag": 1.0,
    "F": -1.0,
    "P": 5.0
  },
  "F8O20S8": {
    "F": -1.0,
    "O": -2.0,
    "S": 6.0
  },
  "Ga2Mn1Se4": {
    "Ga": 3.0,
    "Mn": 2.0,
    "Se": -2.0
  },
  "Li5O8Si2Ti1": {
    "Li": 1.0,
    "O": -2.0,
    "Si": 4.0,
    "Ti": 3.0
  },
  "Co2Li16O12": {
    "Co": 4.0,
    "Li": 1.0,
    "O": -2.0
  },
  "Mg4N6Nb2": {
    "Mg": 2.0,
    "N": -3.0,
    "Nb": 5.0
  },
  "Br2Cs1F1": null,
  "Br2Mg1": {
    "Br": -1.0,
    "Mg": 2.0
  },
  "As16Ge8": {
    "As": -2.0,
    "Ge": 4.0
  },
  "Ca2Rb2Sb2": {
    "Ca": 2.0,
    "Rb": 1.0,
    "Sb": -3.0
  },
  "Cl6Mn2Na2": {
    "Cl": -1.0,
    "Mn": 2.0,
    "Na": 1.0
  },
  "P12Ru3": {
    "P": -1.0,
    "Ru": 4.0
  },
  "O6Sb2Tl2": {
    "O": -2.0,
    "Sb": 5.0,
    "Tl": 1.0
  },
  "Li12Mo2N8": {
    "Li": 1.0,
    "Mo": 6.0,
    "N": -3.0
  },
  "Mg4N8O24": {
    "Mg": 2.0,
    "N": 5.0,
    "O": -2.0
  },
  "Cl6Ni2Rb2": {
    "Cl": -1.0,
    "Ni": 2.0,
    "Rb": 1.0
  },
  "P4Pb4S12": {
    "P": 3.5,
    "Pb": 2.5,
    "S": -2.0
  },
  "Hf5P7Pd9": null,
  "Fe1P4Si4": {
    "Fe": 3.0,
    "P": 3.25,
    "Si": -4.0
  },
  "Be2Br4": {
    "Be": 2.0,
    "Br": -1.0
  },
  "Cr1Li5O5": {
    "Cr": 5.0,
    "Li": 1.0,
    "O": -2.0
  },
  "Br12P4": {
    "Br": -1.0,
    "P": 3.0
  },
  "K8Se20": {
    "K": 1.0,
    "Se": -0.4
  },
  "Li4O20P4V4": {
    "Li": 1.0,
    "O": -2.0,
    "P": 5.0,
    "V": 4.0
  },
  "B3H18N3": {
    "B": -3.0,
    "H": 1.0,
    "N": -3.0
  },
  "Cl1F1Na6O8S2": {
    "Cl": -1.0,
    "F": -1.0,
    "Na": 1.0,
    "O": -2.0,
    "S": 6.0
  },
  "Br4H16Na4O8": {
    "Br": -1.0,
    "H": 1.0,
    "Na": 1.0,
    "O": -2.0
  },
  "Ca4H8": {
    "Ca": 2.0,
    "H": -1.0
  },
  "H16Si4": {
    "H": 1.0,
    "Si": -4.0
  },
  "B4F28S4": {
    "B": 3.0,
    "F": -1.0,
    "S": 4.0
  },
  "Co1Li2O4Ti1": {
    "Co": 2.0,
    "Li": 1.0,
    "O": -2.0,
    "Ti": 4.0
  },
  "Ca5P8": {
    "Ca": 2.0,
    "P": -1.25
  },
  "Cl4Nb2Se4": {
    "Cl": -1.0,
    "Nb": 3.0,
    "Se": -0.5
  },
  "F8O4Se4": {
    "F": -1.0,
    "O": -2.0,
    "Se": 4.0
  },
  "F8H16O4": {
    "F": -1.0,
    "H": 1.0,
    "O": -2.0
  },
  "As2Hg2O6": {
    "As": 4.0,
    "Hg": 2.0,
    "O": -2.0
  },
  "Br16O24": null,
  "F4H4Hg4O4": {
    "F": -1.0,
    "H": 1.0,
    "Hg": 2.0,
    "O": -2.0
  },
  "Br6Ir2": {
    "Br": -1.0,
    "Ir": 3.0
  },
  "O8W4": {
    "O": -2.0,
    "W": 4.0
  },
  "Cu1F7Li4": {
    "Cu": 3.0,
    "F": -1.0,
    "Li": 1.0
  },
  "Ba2H2I2": {
    "Ba": 2.0,
    "H": -1.0,
    "I": -1.0
  },
  "Bi1I1Te1": {
    "Bi": 3.0,
    "I": -1.0,
    "Te": -2.0
  },
  "Au1K1O2": {
    "Au": 3.0,
    "K": 1.0,
    "O": -2.0
  },
  "C4Fe4Li4O16": {
    "C": 4.0,
    "Fe": 3.0,
    "Li": 1.0,
    "O": -2.0
  },
  "Bi1Cs1F6": {
    "Bi": 5.0,
    "Cs": 1.0,
    "F": -1.0
  },
  "Cu16Ge2S12": {
    "Cu": 1.0,
    "Ge": 4.0,
    "S": -2.0
  },
  "Ge20Ir16": null,
  "Na8O20Ti8": {
    "Na": 1.0,
    "O": -2.0,
    "Ti": 4.0
  },
  "Ag1Nd5S8": {
    "Ag": 1.0,
    "Nd": 3.0,
    "S": -2.0
  },
  "Hf1Ni1Sn1": null,
  "Li8O32Ti14": {
    "Li": 1.0,
    "O": -2.0,
    "Ti": 4.0
  },
  "K2Sb4": {
    "K": 1.0,
    "Sb": -0.5
  },
  "Cr4H20O20P4": {
    "Cr": 2.0,
    "H": 1.0,
    "O": -2.0,
    "P": 3.0
  },
  "Ag6P12Si6Sn4": {
    "Ag": 1.0,
    "P": 0.3333333333333333,
    "Si": -4.0,
    "Sn": 3.5
  },
  "F1La1O1": {
    "F": -1.0,
    "La": 3.0,
    "O": -2.0
  },
  "Co1Na1O2": {
    "Co": 3.0,
    "Na": 1.0,
    "O": -2.0
  },
  "Ba1In2Te4": {
    "Ba": 2.0,
    "In": 3.0,
    "Te": -2.0
  },
  "Al4Fe6Si6": {
    "Al": 3.0,
    "Fe": 2.0,
    "Si": -4.0
  },
  "Ca4Ni14P8": {
    "Ca": 2.0,
    "Ni": 1.1428571428571428,
    "P": -3.0
  },
  "B20H8Li12O40": {
    "B": 3.0,
    "H": 1.0,
    "Li": 1.0,
    "O": -2.0
  },
  "Al4B12H48": {
    "Al": 3.0,
    "B": -3.0,
    "H": 0.5
  },
  "Co1Li1O7P2": {
    "Co": 3.0,
    "Li": 1.0,
    "O": -2.0,
    "P": 5.0
  },
  "O8Rb8Sn4": {
    "O": -2.0,
    "Rb": 1.0,
    "Sn": 2.0
  },
  "N6Na2O18Rb4": {
    "N": 5.0,
    "Na": 1.0,
    "O": -2.0,
    "Rb": 1.0
  },
  "F4H12O4": {
    "F": -1.0,
    "H": 1.0,
    "O": -2.0
  },
  "Ga12Ru4": null,
  "O12Rh2Sc2Sr6": {
    "O": -2.0,
    "Rh": 3.0,
    "Sc": 3.0,
    "Sr": 2.0
  },
  "Br1K3O1": {
    "Br": -1.0,
    "K": 1.0,
    "O": -2.0
  },
  "La4N20Si12": {
    "La": 3.0,
    "N": -3.0,
    "Si": 4.0
  },
  "Cs2S2": {
    "Cs": 1.0,
    "S": -1.0
  },
  "Ba6O6S8V4": {
    "Ba": 2.0,
    "O": -2.0,
    "S": -2.0,
    "V": 4.0
  },
  "La8Mn2O2Se12": {
    "La": 3.0,
    "Mn": 2.0,
    "O": -2.0,
    "Se": -2.0
  },
  "Ca8N8Ti2": {
    "Ca": 2.0,
    "N": -3.0,
    "Ti": 4.0
  },
  "Cl12I2P2": {
    "Cl": -1.0,
    "I": 2.0,
    "P": 4.0
  },
  "Cl6Rb2Ti1": {
    "Cl": -1.0,
    "Rb": 1.0,
    "Ti": 4.0
  },
  "Co1Li2O4Sn1": {
    "Co": 2.0,
    "Li": 1.0,
    "O": -2.0,
    "Sn": 4.0
  },
  "Br16Pd8": {
    "Br": -1.0,
    "Pd": 2.0
  },
  "Al6Cd4O12Te1": {
    "Al": 3.0,
    "Cd": 2.0,
    "O": -2.0,
    "Te": -2.0
  },
  "I4Sn1": {
    "I": -1.0,
    "Sn": 4.0
  },
  "H8Li4N4": {
    "H": 1.0,
    "Li": 1.0,
    "N": -3.0
  },
  "Ca6P6": {
    "Ca": 2.0,
    "P": -2.0
  },
  "C2Cu1Li1O10Sr4": {
    "C": 4.0,
    "Cu": 3.0,
    "Li": 1.0,
    "O": -2.0,
    "Sr": 2.0
  },
  "S6Sr2": {
    "S": -0.6666666666666666,
    "Sr": 2.0
  },
  "B6H36Li2Mg2N4": {
    "B": -3.0,
    "H": 0.6666666666666666,
    "Li": 1.0,
    "Mg": 2.0,
    "N": -3.0
  },
  "Ba2O18Si6Sn2": {
    "Ba": 2.0,
    "O": -2.0,
    "Si": 4.0,
    "Sn": 4.0
  },
  "C3N6Rb6": {
    "C": 4.0,
    "N": -3.0,
    "Rb": 1.0
  },
  "C3H3O6Sm1": {
    "C": 2.0,
    "H": 1.0,
    "O": -2.0,
    "Sm": 3.0
  },
  "Fe2Ga1Ta1": null,
  "Ag6Ge10P12": {
    "Ag": 1.0,
    "Ge": 3.0,
    "P": -3.0
  },
  "F16K6Ta2": {
    "F": -1.0,
    "K": 1.0,
    "Ta": 5.0
  },
  "I2Li14N4": {
    "I": -1.0,
    "Li": 1.0,
    "N": -3.0
  },
  "Ca2Li2O12Pr2Te2": {
    "Ca": 2.0,
    "Li": 1.0,
    "O": -2.0,
    "Pr": 3.0,
    "Te": 6.0
  },
  "F5Mn1Rb2": {
    "F": -1.0,
    "Mn": 3.0,
    "Rb": 1.0
  },
  "Li12O20Si4V4": {
    "Li": 1.0,
    "O": -2.0,
    "Si": 4.0,
    "V": 3.0
  },
  "Cl2Ga6Li8O24Si6": {
    "Cl": -1.0,
    "Ga": 3.0,
    "Li": 1.0,
    "O": -2.0,
    "Si": 4.0
  },
  "B29Na2": null,
  "Cl6O24Sc2": null,
  "Ga2O12Y6": {
    "Ga": 3.0,
    "O": -2.0,
    "Y": 3.0
  },
  "Li4Mn1O12Ti1W2": {
    "Li": 1.0,
    "Mn": 4.0,
    "O": -2.0,
    "Ti": 4.0,
    "W": 6.0
  },
  "Al6Cl2Li8O24Si6": {
    "Al": 3.0,
    "Cl": -1.0,
    "Li": 1.0,
    "O": -2.0,
    "Si": 4.0
  },
  "Ag2Ba1S4Sn1": {
    "Ag": 1.0,
    "Ba": 2.0,
    "S": -2.0,
    "Sn": 4.0
  },
  "Ba2F8Zn2": {
    "Ba": 2.0,
    "F": -1.0,
    "Zn": 2.0
  },
  "H4O20P4Ti4": {
    "H": 1.0,
    "O": -2.0,
    "P": 5.0,
    "Ti": 4.0
  },
  "Mo4N12Y4": {
    "Mo": 6.0,
    "N": -3.0,
    "Y": 3.0
  },
  "Al2Na6P8Sr6": {
    "Al": 3.0,
    "Na": 1.0,
    "P": -3.0,
    "Sr": 2.0
  },
  "I3Li6N1": {
    "I": -1.0,
    "Li": 1.0,
    "N": -3.0
  },
  "As4Ge3": {
    "As": -3.0,
    "Ge": 4.0
  },
  "H4K2Pd1": {
    "H": -1.0,
    "K": 1.0,
    "Pd": 2.0
  },
  "F6I2Sn4": {
    "F": -1.0,
    "I": -1.0,
    "Sn": 2.0
  },
  "H6Pt1Rb2": {
    "H": 0.0,
    "Pt": -2.0,
    "Rb": 1.0
  },
  "Ge1I2": {
    "Ge": 2.0,
    "I": -1.0
  },
  "Ba1I6Sr2": {
    "Ba": 2.0,
    "I": -1.0,
    "Sr": 2.0
  },
  "F3Li4Mn1O2": {
    "F": -1.0,
    "Li": 1.0,
    "Mn": 3.0,
    "O": -2.0
  },
  "Fe2O8Sb2": {
    "Fe": 3.0,
    "O": -2.0,
    "Sb": 5.0
  },
  "F3Mg3N1": {
    "F": -1.0,
    "Mg": 2.0,
    "N": -3.0
  },
  "As1F6N1O2": {
    "As": 5.0,
    "F": -1.0,
    "N": 5.0,
    "O": -2.0
  },
  "Mn4Nb4O18Zn4": {
    "Mn": 2.0,
    "Nb": 5.0,
    "O": -2.0,
    "Zn": 2.0
  },
  "Cd2O8Se2": {
    "Cd": 2.0,
    "O": -2.0,
    "Se": 6.0
  },
  "Cu2Ho6S14Si2": {
    "Cu": 1.0,
    "Ho": 3.0,
    "S": -2.0,
    "Si": 4.0
  },
  "Al4Ba4La4O16": {
    "Al": 3.0,
    "Ba": 2.0,
    "La": 3.0,
    "O": -2.0
  },
  "Cs2F5O1Rb1Zr1": {
    "Cs": 1.0,
    "F": -1.0,
    "O": -2.0,
    "Rb": 1.0,
    "Zr": 4.0
  },
  "Ag2F8Li4": {
    "Ag": 2.0,
    "F": -1.0,
    "Li": 1.0
  },
  "Cu1Li1O4P1": {
    "Cu": 2.0,
    "Li": 1.0,
    "O": -2.0,
    "P": 5.0
  },
  "Li1Mn4O8": {
    "Li": 1.0,
    "Mn": 3.75,
    "O": -2.0
  },
  "F6N1Pr3": {
    "F": -1.0,
    "N": -3.0,
    "Pr": 3.0
  },
  "Br4Se4": {
    "Br": 2.0,
    "Se": -2.0
  },
  "Ba1La1Mg1O6Ru1": {
    "Ba": 2.0,
    "La": 3.0,
    "Mg": 2.0,
    "O": -2.0,
    "Ru": 5.0
  },
  "Bi2F7K1": {
    "Bi": 3.0,
    "F": -1.0,
    "K": 1.0
  },
  "Al1As1O4": {
    "Al": 3.0,
    "As": 5.0,
    "O": -2.0
  },
  "B4Cs2Nb2O12": {
    "B": 3.0,
    "Cs": 1.0,
    "Nb": 5.0,
    "O": -2.0
  },
  "Al2As2Cs2O7": {
    "Al": 3.0,
    "As": 3.0,
    "Cs": 1.0,
    "O": -2.0
  },
  "Cd5Cl2S4": {
    "Cd": 2.0,
    "Cl": -1.0,
    "S": -2.0
  },
  "Al2Te4Zn1": {
    "Al": 3.0,
    "Te": -2.0,
    "Zn": 2.0
  },
  "Li2Ni8O24P6": {
    "Li": 1.0,
    "Ni": 2.0,
    "O": -2.0,
    "P": 5.0
  },
  "Cd1In2Te4": {
    "Cd": 2.0,
    "In": 3.0,
    "Te": -2.0
  },
  "Ge3O9Sr3": {
    "Ge": 4.0,
    "O": -2.0,
    "Sr": 2.0
  },
  "Cl6H12La2O18": null,
  "Ba2Nd4O10Pt2": {
    "Ba": 2.0,
    "Nd": 3.0,
    "O": -2.0,
    "Pt": 2.0
  },
  "In4Mn2O8": {
    "In": 3.0,
    "Mn": 2.0,
    "O": -2.0
  },
  "Cr3Cu1O8": {
    "Cr": 5.0,
    "Cu": 1.0,
    "O": -2.0
  },
  "Er2K2O24P8": {
    "Er": 3.0,
    "K": 1.0,
    "O": -2.0,
    "P": 5.0
  },
  "Li8Ni4O32Si12": {
    "Li": 1.0,
    "Ni": 2.0,
    "O": -2.0,
    "Si": 4.0
  },
  "C2Na2O14P2Zr2": {
    "C": 4.0,
    "Na": 1.0,
    "O": -2.0,
    "P": 5.0,
    "Zr": 4.0
  },
  "Na6O2S6V2": {
    "Na": 1.0,
    "O": -2.0,
    "S": -2.0,
    "V": 5.0
  },
  "Br2O2Y2": {
    "Br": -1.0,
    "O": -2.0,
    "Y": 3.0
  },
  "H2O4Sc2": {
    "H": 1.0,
    "O": -2.0,
    "Sc": 3.0
  },
  "Ca4H16Mg4Ni4": null,
  "Ba2O6Te2": {
    "Ba": 2.0,
    "O": -2.0,
    "Te": 4.0
  },
  "Cl2K6O2": {
    "Cl": -1.0,
    "K": 1.0,
    "O": -2.0
  },
  "F2Fe2Li4O4": {
    "F": -1.0,
    "Fe": 3.0,
    "Li": 1.0,
    "O": -2.0
  },
  "Ag3Au1S2": {
    "Ag": 1.0,
    "Au": 1.0,
    "S": -2.0
  },
  "Cl16Ir2K6Sn2": {
    "Cl": -1.0,
    "Ir": 3.0,
    "K": 1.0,
    "Sn": 2.0
  },
  "Ga2N6Sr6": {
    "Ga": 3.0,
    "N": -3.0,
    "Sr": 2.0
  },
  "Cl15P3": {
    "Cl": -1.0,
    "P": 5.0
  },
  "Be24P16": {
    "Be": 2.0,
    "P": -3.0
  },
  "Re4S4Te4": {
    "Re": 4.0,
    "S": -2.0,
    "Te": -2.0
  },
  "As8Co4": {
    "As": -1.0,
    "Co": 2.0
  },
  "Cl4Cu2Mn1": {
    "Cl": -1.0,
    "Cu": 1.0,
    "Mn": 2.0
  },
  "Cr1F6Mo1": {
    "Cr": 3.0,
    "F": -1.0,
    "Mo": 3.0
  },
  "B2Li4Ni2O8": {
    "B": 3.0,
    "Li": 1.0,
    "Ni": 3.0,
    "O": -2.0
  },
  "Al2Hg1S4": {
    "Al": 3.0,
    "Hg": 2.0,
    "S": -2.0
  },
  "K2O2Pd1": {
    "K": 1.0,
    "O": -2.0,
    "Pd": 2.0
  },
  "O24Pb3Re6": {
    "O": -2.0,
    "Pb": 2.0,
    "Re": 7.0
  },
  "Ca4N8Si4": {
    "Ca": 2.0,
    "N": -3.0,
    "Si": 4.0
  },
  "Cl2Cu1H4O4Pb2": {
    "Cl": -1.0,
    "Cu": 2.0,
    "H": 1.0,
    "O": -2.0,
    "Pb": 2.0
  },
  "Co8P8Se8": {
    "Co": 1.0,
    "P": 1.0,
    "Se": -2.0
  },
  "H6Na3O7V1": {
    "H": 1.0,
    "Na": 1.0,
    "O": -2.0,
    "V": 5.0
  },
  "As4O20P4": {
    "As": 5.0,
    "O": -2.0,
    "P": 5.0
  },
  "Ge2Mg2P4": {
    "Ge": 4.0,
    "Mg": 2.0,
    "P": -3.0
  },
  "Mn3O18Sb6": {
    "Mn": 2.0,
    "O": -2.0,
    "Sb": 5.0
  },
  "Ga4Li4Se8": {
    "Ga": 3.0,
    "Li": 1.0,
    "Se": -2.0
  },
  "Ba12N48V24": {
    "Ba": 2.0,
    "N": -3.0,
    "V": 5.0
  },
  "Li2N2Sn1": {
    "Li": 1.0,
    "N": -3.0,
    "Sn": 4.0
  },
  "Cs2F6Mn1": {
    "Cs": 1.0,
    "F": -1.0,
    "Mn": 4.0
  },
  "Hf4O16Ti4": {
    "Hf": 4.0,
    "O": -2.0,
    "Ti": 4.0
  },
  "Ge4O14Sr4Zn2": {
    "Ge": 4.0,
    "O": -2.0,
    "Sr": 2.0,
    "Zn": 2.0
  },
  "Br32Ti8": {
    "Br": -1.0,
    "Ti": 4.0
  },
  "Ru8Si16": {
    "Ru": 2.0,
    "Si": -1.0
  },
  "Cs2F5O1Tl1Zr1": {
    "Cs": 1.0,
    "F": -1.0,
    "O": -2.0,
    "Tl": 1.0,
    "Zr": 4.0
  },
  "B2K4Li2O6": {
    "B": 3.0,
    "K": 1.0,
    "Li": 1.0,
    "O": -2.0
  },
  "Li1O12Sb1Te2W1": {
    "Li": 1.0,
    "O": -2.0,
    "Sb": 5.0,
    "Te": 6.0,
    "W": 6.0
  },
  "B8F24": {
    "B": 3.0,
    "F": -1.0
  },
  "Cl12K4Tc4": {
    "Cl": -1.0,
    "K": 1.0,
    "Tc": 2.0
  },
  "Co2Nb4O12": {
    "Co": 2.0,
    "Nb": 5.0,
    "O": -2.0
  },
  "Li8N4Sr2": {
    "Li": 1.0,
    "N": -3.0,
    "Sr": 2.0
  },
  "N12Re4Sr4": {
    "N": -3.0,
    "Re": 7.0,
    "Sr": 2.0
  },
  "Be6Mn8O24S2Si6": {
    "Be": 2.0,
    "Mn": 2.0,
    "O": -2.0,
    "S": -2.0,
    "Si": 4.0
  },
  "As2Fe1Li1O7": {
    "As": 5.0,
    "Fe": 3.0,
    "Li": 1.0,
    "O": -2.0
  },
  "C4H12Li4O12": {
    "C": 2.0,
    "H": 1.0,
    "Li": 1.0,
    "O": -2.0
  },
  "Ag1H4N1S4W1": {
    "Ag": 1.0,
    "H": 1.0,
    "N": -3.0,
    "S": -2.0,
    "W": 6.0
  },
  "N4Sr2Ti2": {
    "N": -3.0,
    "Sr": 2.0,
    "Ti": 4.0
  },
  "H4Mg2O10S2": {
    "H": 1.0,
    "Mg": 2.0,
    "O": -2.0,
    "S": 6.0
  },
  "C4Ca16N16": {
    "C": 4.0,
    "Ca": 2.0,
    "N": -3.0
  },
  "Ag2Tb2Te4": {
    "Ag": 1.0,
    "Tb": 3.0,
    "Te": -2.0
  },
  "Cr1Li4O12Te2V1": {
    "Cr": 5.0,
    "Li": 1.0,
    "O": -2.0,
    "Te": 5.0,
    "V": 5.0
  },
  "Er6Ga2S12": {
    "Er": 3.0,
    "Ga": 3.0,
    "S": -2.0
  },
  "Co2Cs4O8Si2": {
    "Co": 2.0,
    "Cs": 1.0,
    "O": -2.0,
    "Si": 4.0
  },
  "N12Na4Si8": {
    "N": -3.0,
    "Na": 1.0,
    "Si": 4.0
  },
  "Be6Ca2O8": {
    "Be": 2.0,
    "Ca": 2.0,
    "O": -2.0
  },
  "O8Rh2Ta2": {
    "O": -2.0,
    "Rh": 3.0,
    "Ta": 5.0
  },
  "Br4H2La2": {
    "Br": -1.0,
    "H": -1.0,
    "La": 3.0
  },
  "Cs2I5Li3": {
    "Cs": 1.0,
    "I": -1.0,
    "Li": 1.0
  },
  "Mo1O8V2": {
    "Mo": 6.0,
    "O": -2.0,
    "V": 5.0
  },
  "Ga2Te4Tl2": {
    "Ga": 3.0,
    "Te": -2.0,
    "Tl": 1.0
  },
  "Ge8O28Tm8": {
    "Ge": 4.0,
    "O": -2.0,
    "Tm": 3.0
  },
  "F2Li4O6V2": {
    "F": -1.0,
    "Li": 1.0,
    "O": -2.0,
    "V": 5.0
  },
  "Co1Li1O8W2": {
    "Co": 3.0,
    "Li": 1.0,
    "O": -2.0,
    "W": 6.0
  },
  "Ag6P2S8": {
    "Ag": 1.0,
    "P": 5.0,
    "S": -2.0
  },
  "Na2S1": {
    "Na": 1.0,
    "S": -2.0
  },
  "Fe1O14P4V1": {
    "Fe": 3.0,
    "O": -2.0,
    "P": 5.0,
    "V": 5.0
  },
  "Cs4Se6": {
    "Cs": 1.0,
    "Se": -0.6666666666666666
  },
  "Al4Cl16Ga4": null,
  "Cu1Li2Sb1": {
    "Cu": 1.0,
    "Li": 1.0,
    "Sb": -3.0
  },
  "Hf1N2Zn1": {
    "Hf": 4.0,
    "N": -3.0,
    "Zn": 2.0
  },
  "C6Li2O18V3": {
    "C": 4.0,
    "Li": 1.0,
    "O": -2.0,
    "V": 3.3333333333333335
  },
  "Cl1H3O1": {
    "Cl": -1.0,
    "H": 1.0,
    "O": -2.0
  },
  "Al2Ba1O7Sb2": {
    "Al": 3.0,
    "Ba": 2.0,
    "O": -2.0,
    "Sb": 3.0
  },
  "K2Pt1S2": {
    "K": 1.0,
    "Pt": 2.0,
    "S": -2.0
  },
  "Fe4Li4Nb4O16": {
    "Fe": 2.75,
    "Li": 1.0,
    "Nb": 4.25,
    "O": -2.0
  },
  "Ir1K4O4": {
    "Ir": 4.0,
    "K": 1.0,
    "O": -2.0
  },
  "In2Se4Tl2": {
    "In": 3.0,
    "Se": -2.0,
    "Tl": 1.0
  },
  "F4V2": {
    "F": -1.0,
    "V": 2.0
  },
  "Ga2H2O4": {
    "Ga": 3.0,
    "H": 1.0,
    "O": -2.0
  },
  "K4S6": {
    "K": 1.0,
    "S": -0.6666666666666666
  },
  "K8P8": {
    "K": 1.0,
    "P": -1.0
  },
  "Ca1O6V2": {
    "Ca": 2.0,
    "O": -2.0,
    "V": 5.0
  },
  "Ga2In2O6": {
    "Ga": 3.0,
    "In": 3.0,
    "O": -2.0
  },
  "Bi8Br4Ru2": null,
  "Ca28N24Si4": {
    "Ca": 2.0,
    "N": -3.0,
    "Si": 4.0
  },
  "C2Cs2Pt1": {
    "C": 0.0,
    "Cs": 1.0,
    "Pt": -2.0
  },
  "Cl6F6N6P6": {
    "Cl": -1.0,
    "F": -1.0,
    "N": -3.0,
    "P": 5.0
  },
  "F2Li4O8P2V2": {
    "F": -1.0,
    "Li": 1.0,
    "O": -2.0,
    "P": 5.0,
    "V": 2.0
  },
  "Cl4O12Sr2": null,
  "N12Sr8V4": {
    "N": -3.0,
    "Sr": 2.0,
    "V": 5.0
  },
  "Co3Fe1O16P4": {
    "Co": 3.0,
    "Fe": 3.0,
    "O": -2.0,
    "P": 5.0
  },
  "Cs2Pd3S4": {
    "Cs": 1.0,
    "Pd": 2.0,
    "S": -2.0
  },
  "Cs2O4Sb2": {
    "Cs": 1.0,
    "O": -2.0,
    "Sb": 3.0
  },
  "Mg2S8Tm4": {
    "Mg": 2.0,
    "S": -2.0,
    "Tm": 3.0
  },
  "Cd1Ga2Se4": {
    "Cd": 2.0,
    "Ga": 3.0,
    "Se": -2.0
  },
  "Au2Cs6Ge8": null,
  "Hg2Se4Sn1": {
    "Hg": 2.0,
    "Se": -2.0,
    "Sn": 4.0
  },
  "Ga4H12O24Se6": {
    "Ga": 3.0,
    "H": 1.0,
    "O": -2.0,
    "Se": 4.0
  },
  "Ni1P2S6": {
    "Ni": 2.0,
    "P": 5.0,
    "S": -2.0
  },
  "B12Na4O22Zn2": {
    "B": 3.0,
    "Na": 1.0,
    "O": -2.0,
    "Zn": 2.0
  },
  "Cr6Li10O16V2": {
    "Cr": 3.0,
    "Li": 1.0,
    "O": -2.0,
    "V": 2.0
  },
  "Ga6Na6O24Si6": {
    "Ga": 3.0,
    "Na": 1.0,
    "O": -2.0,
    "Si": 4.0
  },
  "Ga6O18Sc6": {
    "Ga": 3.0,
    "O": -2.0,
    "Sc": 3.0
  },
  "Be2I4": {
    "Be": 2.0,
    "I": -1.0
  },
  "Co4Na24O16": {
    "Co": 2.0,
    "Na": 1.0,
    "O": -2.0
  },
  "Cl6Li2Sn2": {
    "Cl": -1.0,
    "Li": 1.0,
    "Sn": 2.0
  },
  "Na8O40Sb8Si8": {
    "Na": 1.0,
    "O": -2.0,
    "Sb": 5.0,
    "Si": 4.0
  },
  "Ba8Ge8Te20": {
    "Ba": 2.0,
    "Ge": 3.0,
    "Te": -2.0
  },
  "Cs2N6": {
    "Cs": 1.0,
    "N": -0.3333333333333333
  },
  "Mn6O8": {
    "Mn": 2.6666666666666665,
    "O": -2.0
  },
  "Br2Ga6Li8O24Si6": {
    "Br": -1.0,
    "Ga": 3.0,
    "Li": 1.0,
    "O": -2.0,
    "Si": 4.0
  },
  "As4K4Si2": {
    "As": -3.0,
    "K": 1.0,
    "Si": 4.0
  },
  "Al4Na4O16Si4": {
    "Al": 3.0,
    "Na": 1.0,
    "O": -2.0,
    "Si": 4.0
  },
  "Ba2Cd2Sb4": {
    "Ba": 2.0,
    "Cd": 2.0,
    "Sb": -2.0
  },
  "Pt1Sn1Th1": null,
  "As2Cd1O6": {
    "As": 5.0,
    "Cd": 2.0,
    "O": -2.0
  },
  "Br4O4W2": {
    "Br": -1.0,
    "O": -2.0,
    "W": 6.0
  },
  "S12Sc8": {
    "S": -2.0,
    "Sc": 3.0
  },
  "B2Fe2O6": {
    "B": 3.0,
    "Fe": 3.0,
    "O": -2.0
  },
  "La2Mo1O6": {
    "La": 3.0,
    "Mo": 6.0,
    "O": -2.0
  },
  "C4H20N4O10": {
    "C": 3.0,
    "H": 1.0,
    "N": -3.0,
    "O": -2.0
  },
  "Cl2H2O2Sr2": {
    "Cl": -1.0,
    "H": 1.0,
    "O": -2.0,
    "Sr": 2.0
  },
  "Li3O8P2W1": {
    "Li": 1.0,
    "O": -2.0,
    "P": 5.0,
    "W": 3.0
  },
  "Bi2Na2O6": {
    "Bi": 5.0,
    "Na": 1.0,
    "O": -2.0
  },
  "H8O16Pb12": {
    "H": 1.0,
    "O": -2.0,
    "Pb": 2.0
  },
  "Fe4Li6O12V2": {
    "Fe": 2.75,
    "Li": 1.0,
    "O": -2.0,
    "V": 3.5
  },
  "Li15O18Re3": {
    "Li": 1.0,
    "O": -2.0,
    "Re": 7.0
  },
  "Cl2H12Mg1O6": {
    "Cl": -1.0,
    "H": 1.0,
    "Mg": 2.0,
    "O": -2.0
  },
  "Li32N24Ta8": {
    "Li": 1.0,
    "N": -3.0,
    "Ta": 5.0
  },
  "Li2S2Sb2": {
    "Li": 1.0,
    "S": -2.0,
    "Sb": 1.0
  },
  "Ga1Li1Si1": {
    "Ga": 3.0,
    "Li": 1.0,
    "Si": -4.0
  },
  "Li11Sb5Ti1": {
    "Li": 1.0,
    "Sb": -3.0,
    "Ti": 4.0
  },
  "Pt1Sb1Tb1": {
    "Pt": -2.0,
    "Sb": -1.0,
    "Tb": 3.0
  },
  "Cs1I3Sn1": {
    "Cs": 1.0,
    "I": -1.0,
    "Sn": 2.0
  },
  "Al8Ga8O24": {
    "Al": 3.0,
    "Ga": 3.0,
    "O": -2.0
  },
  "Fe4Li12O16": null,
  "F6Si1Tl2": {
    "F": -1.0,
    "Si": 4.0,
    "Tl": 1.0
  },
  "Li4O10Si1V3": {
    "Li": 1.0,
    "O": -2.0,
    "Si": 4.0,
    "V": 4.0
  },
  "Co1Li4O16P4Sn3": {
    "Co": 2.0,
    "Li": 1.0,
    "O": -2.0,
    "P": 5.0,
    "Sn": 2.0
  },
  "In12Ru4": null,
  "Cd4O8": null,
  "F5Li5Mn1O1": {
    "F": -1.0,
    "Li": 1.0,
    "Mn": 2.0,
    "O": -2.0
  },
  "F6K6O8Ti2": null,
  "As8Ir4": {
    "As": -2.0,
    "Ir": 4.0
  },
  "Br4Co2H16O8": {
    "Br": -1.0,
    "Co": 2.0,
    "H": 1.0,
    "O": -2.0
  },
  "O8Rb4Se2": {
    "O": -2.0,
    "Rb": 1.0,
    "Se": 6.0
  },
  "K1Te2Y1": {
    "K": 1.0,
    "Te": -2.0,
    "Y": 3.0
  },
  "K6O20S4V2": {
    "K": 1.0,
    "O": -2.0,
    "S": 6.0,
    "V": 5.0
  },
  "C2K4N4": {
    "C": 4.0,
    "K": 1.0,
    "N": -3.0
  },
  "Ca4Cu2P6Zn4": {
    "Ca": 2.0,
    "Cu": 1.0,
    "P": -3.0,
    "Zn": 2.0
  },
  "N8Na12W2": {
    "N": -3.0,
    "Na": 1.0,
    "W": 6.0
  },
  "Ca8N12Ta4": {
    "Ca": 2.0,
    "N": -3.0,
    "Ta": 5.0
  },
  "Mo1S4Te2W2": {
    "Mo": 6.0,
    "S": -2.0,
    "Te": -2.0,
    "W": 3.0
  },
  "Mo1Te4W1": {
    "Mo": 6.0,
    "Te": -2.0,
    "W": 2.0
  },
  "Mo4N14Sr10": {
    "Mo": 5.5,
    "N": -3.0,
    "Sr": 2.0
  },
  "Ag1Li2Sb1": {
    "Ag": 1.0,
    "Li": 1.0,
    "Sb": -3.0
  },
  "Ca8N12V4": {
    "Ca": 2.0,
    "N": -3.0,
    "V": 5.0
  },
  "C2N4Na4": {
    "C": 4.0,
    "N": -3.0,
    "Na": 1.0
  },
  "Cu4S6Sn2": {
    "Cu": 1.0,
    "S": -2.0,
    "Sn": 4.0
  },
  "B2Ho2O6": {
    "B": 3.0,
    "Ho": 3.0,
    "O": -2.0
  },
  "Pd1Sn1Ti1": null,
  "Al1Li1Si1": {
    "Al": 3.0,
    "Li": 1.0,
    "Si": -4.0
  },
  "Al3Ga1N4": {
    "Al": 3.0,
    "Ga": 3.0,
    "N": -3.0
  },
  "B1Ge1Li1O4": {
    "B": 3.0,
    "Ge": 4.0,
    "Li": 1.0,
    "O": -2.0
  },
  "Bi1Te2Tl1": {
    "Bi": 3.0,
    "Te": -2.0,
    "Tl": 1.0
  },
  "F4Si1": {
    "F": -1.0,
    "Si": 4.0
  },
  "Ni1Sb1Y1": null,
  "Na1O3Ta1": {
    "Na": 1.0,
    "O": -2.0,
    "Ta": 5.0
  },
  "F3K1Ni1": {
    "F": -1.0,
    "K": 1.0,
    "Ni": 2.0
  },
  "Ca2O2": {
    "Ca": 2.0,
    "O": -2.0
  },
  "Mo3Si6": {
    "Mo": 2.6666666666666665,
    "Si": -1.3333333333333333
  },
  "Ba1O3Zr1": {
    "Ba": 2.0,
    "O": -2.0,
    "Zr": 4.0
  },
  "As4Os2": {
    "As": 1.0,
    "Os": -2.0
  },
  "Ca4Cs4H12": {
    "Ca": 2.0,
    "Cs": 1.0,
    "H": -1.0
  },
  "Cr1F6Zn1": {
    "Cr": 4.0,
    "F": -1.0,
    "Zn": 2.0
  },
  "S8Sm4Yb2": {
    "S": -2.0,
    "Sm": 3.0,
    "Yb": 2.0
  },
  "F8H12O2": {
    "F": -1.0,
    "H": 1.0,
    "O": -2.0
  },
  "Ga2Mn1S4": {
    "Ga": 3.0,
    "Mn": 2.0,
    "S": -2.0
  },
  "Al4F24Li12": {
    "Al": 3.0,
    "F": -1.0,
    "Li": 1.0
  },
  "H16Li4N4O16S4": {
    "H": 1.0,
    "Li": 1.0,
    "N": 5.0,
    "O": -2.0,
    "S": -2.0
  },
  "Nb1Se2": {
    "Nb": 4.0,
    "Se": -2.0
  },
  "Li1O12Te1V1W2": {
    "Li": 1.0,
    "O": -2.0,
    "Te": 6.0,
    "V": 5.0,
    "W": 6.0
  },
  "Cl4H16Na4O8": {
    "Cl": -1.0,
    "H": 1.0,
    "Na": 1.0,
    "O": -2.0
  },
  "H8O8": null,
  "K2Se8Sn4": {
    "K": 1.0,
    "Se": -2.0,
    "Sn": 3.5
  },
  "K16N32Ta16": {
    "K": 1.0,
    "N": -3.0,
    "Ta": 5.0
  },
  "Cu1Li1O12P4": {
    "Cu": 3.0,
    "Li": 1.0,
    "O": -2.0,
    "P": 5.0
  },
  "K2O24P8Y2": {
    "K": 1.0,
    "O": -2.0,
    "P": 5.0,
    "Y": 3.0
  },
  "C2K2O14P2Sn2": {
    "C": 4.0,
    "K": 1.0,
    "O": -2.0,
    "P": 5.0,
    "Sn": 4.0
  },
  "Ru1Sb1Ta1": null,
  "Al6Ge6I2Na8O24": {
    "Al": 3.0,
    "Ge": 4.0,
    "I": -1.0,
    "Na": 1.0,
    "O": -2.0
  },
  "Mg2Mo2N4": {
    "Mg": 2.0,
    "Mo": 4.0,
    "N": -3.0
  },
  "F6Pb1Zn1": {
    "F": -1.0,
    "Pb": 4.0,
    "Zn": 2.0
  },
  "Be4Ge2La4O14": {
    "Be": 2.0,
    "Ge": 4.0,
    "La": 3.0,
    "O": -2.0
  },
  "F8Li4Mn1": {
    "F": -1.0,
    "Li": 1.0,
    "Mn": 4.0
  },
  "Be1S1": {
    "Be": 2.0,
    "S": -2.0
  },
  "Cu4O4Sr2": {
    "Cu": 1.0,
    "O": -2.0,
    "Sr": 2.0
  },
  "Cd1F6Pd1": {
    "Cd": 2.0,
    "F": -1.0,
    "Pd": 4.0
  },
  "O10Ta4": {
    "O": -2.0,
    "Ta": 5.0
  },
  "As4H4O20Pb4Zn4": {
    "As": 5.0,
    "H": 1.0,
    "O": -2.0,
    "Pb": 2.0,
    "Zn": 2.0
  },
  "As6Si6": {
    "As": -2.6666666666666665,
    "Si": 2.6666666666666665
  },
  "O18Sc6Te3": {
    "O": -2.0,
    "Sc": 3.0,
    "Te": 6.0
  },
  "Ba6P8": {
    "Ba": 2.0,
    "P": -1.5
  },
  "S2Ta1": {
    "S": -2.0,
    "Ta": 4.0
  },
  "Ag4Cl4O12": null,
  "Ba2Cu4Se8Sn2": {
    "Ba": 2.0,
    "Cu": 1.0,
    "Se": -2.0,
    "Sn": 4.0
  },
  "Ca4N12Re4": {
    "Ca": 2.0,
    "N": -3.0,
    "Re": 7.0
  },
  "As12Ba2Pt8": {
    "As": 1.0,
    "Ba": 2.0,
    "Pt": -2.0
  },
  "Ir4Sb8": {
    "Ir": 3.0,
    "Sb": -1.5
  },
  "K1Li1S2Zn1": {
    "K": 1.0,
    "Li": 1.0,
    "S": -2.0,
    "Zn": 2.0
  },
  "F6Rh2": {
    "F": -1.0,
    "Rh": 3.0
  },
  "F32Li8Mn12": {
    "F": -1.0,
    "Li": 1.0,
    "Mn": 2.0
  },
  "H6Ru1Sr2": {
    "H": -1.0,
    "Ru": 2.0,
    "Sr": 2.0
  },
  "Se4Tl4": {
    "Se": -2.0,
    "Tl": 2.0
  },
  "Au2O4Sc2": {
    "Au": 1.0,
    "O": -2.0,
    "Sc": 3.0
  },
  "Ru4Se8": {
    "Ru": 4.0,
    "Se": -2.0
  },
  "F6K2Ni1": {
    "F": -1.0,
    "K": 1.0,
    "Ni": 4.0
  },
  "Mg2N2Sr1": {
    "Mg": 2.0,
    "N": -3.0,
    "Sr": 2.0
  },
  "Co4Sb12": {
    "Co": 2.0,
    "Sb": -0.6666666666666666
  },
  "As2Cu2Na4": {
    "As": -3.0,
    "Cu": 1.0,
    "Na": 1.0
  },
  "Ca2O8Y4": {
    "Ca": 2.0,
    "O": -2.0,
    "Y": 3.0
  },
  "Nb2O5": {
    "Nb": 5.0,
    "O": -2.0
  },
  "N8Sn6": {
    "N": -3.0,
    "Sn": 4.0
  },
  "Ba1Se1": {
    "Ba": 2.0,
    "Se": -2.0
  },
  "O12Rb4": null,
  "O11Pb9Ti1": {
    "O": -2.0,
    "Pb": 2.0,
    "Ti": 4.0
  },
  "Li2Mn1Ni2O6": {
    "Li": 1.0,
    "Mn": 2.0,
    "Ni": 4.0,
    "O": -2.0
  },
  "Be2Cs2H6": {
    "Be": 2.0,
    "Cs": 1.0,
    "H": -1.0
  },
  "F14I2": null,
  "H8O12Se4": {
    "H": 1.0,
    "O": -2.0,
    "Se": 4.0
  },
  "Cu12N12Sr12": {
    "Cu": 1.0,
    "N": -3.0,
    "Sr": 2.0
  },
  "I2Mn1": {
    "I": -1.0,
    "Mn": 2.0
  },
  "Cl4F4": null,
  "O8Zn4": null,
  "O3Pd1Sr2": {
    "O": -2.0,
    "Pd": 2.0,
    "Sr": 2.0
  },
  "Al2O8Ta2": {
    "Al": 3.0,
    "O": -2.0,
    "Ta": 5.0
  },
  "Cl8S8": {
    "Cl": -1.0,
    "S": 1.0
  },
  "Ba16Ge16N32": {
    "Ba": 2.0,
    "Ge": 4.0,
    "N": -3.0
  },
  "Ca8Hf2N8": {
    "Ca": 2.0,
    "Hf": 4.0,
    "N": -3.0
  },
  "Al6H6O20Si4": {
    "Al": 3.0,
    "H": 1.0,
    "O": -2.0,
    "Si": 4.0
  },
  "Cs4Li2Mn2O8": {
    "Cs": 1.0,
    "Li": 1.0,
    "Mn": 5.0,
    "O": -2.0
  },
  "Cr1Li4Nb1O12W2": {
    "Cr": 3.0,
    "Li": 1.0,
    "Nb": 5.0,
    "O": -2.0,
    "W": 6.0
  },
  "Co2Fe4O8": {
    "Co": 2.0,
    "Fe": 3.0,
    "O": -2.0
  },
  "F4K2Pd1": {
    "F": -1.0,
    "K": 1.0,
    "Pd": 2.0
  },
  "F12O16S4Sb4": {
    "F": -1.0,
    "O": -2.0,
    "S": 6.0,
    "Sb": 5.0
  },
  "Be1Se1": {
    "Be": 2.0,
    "Se": -2.0
  },
  "Cl2Mn1": {
    "Cl": -1.0,
    "Mn": 2.0
  },
  "Br4Li2Rb2": {
    "Br": -1.0,
    "Li": 1.0,
    "Rb": 1.0
  },
  "F6Mg1Pb1": {
    "F": -1.0,
    "Mg": 2.0,
    "Pb": 4.0
  },
  "Li1O4Si1V1": {
    "Li": 1.0,
    "O": -2.0,
    "Si": 4.0,
    "V": 3.0
  },
  "Co4F12Li8O4": {
    "Co": 3.0,
    "F": -1.0,
    "Li": 1.0,
    "O": -2.0
  },
  "Mn2Na2O4": {
    "Mn": 3.0,
    "Na": 1.0,
    "O": -2.0
  },
  "C3H3Nd1O6": {
    "C": 2.0,
    "H": 1.0,
    "Nd": 3.0,
    "O": -2.0
  },
  "Br6Cs2Mn2": {
    "Br": -1.0,
    "Cs": 1.0,
    "Mn": 2.0
  },
  "Na32O24Ti4": {
    "Na": 1.0,
    "O": -2.0,
    "Ti": 4.0
  },
  "I2Na4O1": {
    "I": -1.0,
    "Na": 1.0,
    "O": -2.0
  },
  "In4S4": {
    "In": 2.0,
    "S": -2.0
  },
  "Ba1F6Pb1": {
    "Ba": 2.0,
    "F": -1.0,
    "Pb": 4.0
  },
  "Br6Cs2V2": {
    "Br": -1.0,
    "Cs": 1.0,
    "V": 2.0
  },
  "Ba1Mo4O16P2": {
    "Ba": 2.0,
    "Mo": 5.0,
    "O": -2.0,
    "P": 5.0
  },
  "Cl2Zr1": {
    "Cl": -1.0,
    "Zr": 2.0
  },
  "Cl2Na2O8": null,
  "Ca6O14Ti4": {
    "Ca": 2.0,
    "O": -2.0,
    "Ti": 4.0
  },
  "Ca4F2N2": {
    "Ca": 2.0,
    "F": -1.0,
    "N": -3.0
  },
  "K1O8S2V1": {
    "K": 1.0,
    "O": -2.0,
    "S": 5.0,
    "V": 5.0
  },
  "Cs4Cu8Nb4Te16": {
    "Cs": 1.0,
    "Cu": 1.0,
    "Nb": 5.0,
    "Te": -2.0
  },
  "Au2Ge8K6": null,
  "Cu8S4": {
    "Cu": 1.0,
    "S": -2.0
  },
  "O4Sn1Sr2": {
    "O": -2.0,
    "Sn": 4.0,
    "Sr": 2.0
  },
  "Rb8Sb8": {
    "Rb": 1.0,
    "Sb": -1.0
  },
  "Na2P2Zn2": {
    "Na": 1.0,
    "P": -3.0,
    "Zn": 2.0
  },
  "Cl16Si4": {
    "Cl": -1.0,
    "Si": 4.0
  },
  "Cs2I6Pt1": {
    "Cs": 1.0,
    "I": -1.0,
    "Pt": 4.0
  },
  "C2K2O14P2W2": {
    "C": 4.0,
    "K": 1.0,
    "O": -2.0,
    "P": 5.0,
    "W": 4.0
  },
  "Cs4Er4S16Si4": {
    "Cs": 1.0,
    "Er": 3.0,
    "S": -2.0,
    "Si": 4.0
  },
  "O6Se2Sr2": {
    "O": -2.0,
    "Se": 4.0,
    "Sr": 2.0
  },
  "Cl6Ga2": {
    "Cl": -1.0,
    "Ga": 3.0
  },
  "F10Mn6O2": {
    "F": -1.0,
    "Mn": 2.3333333333333335,
    "O": -2.0
  },
  "Ge4Mg2O14Sr4": {
    "Ge": 4.0,
    "Mg": 2.0,
    "O": -2.0,
    "Sr": 2.0
  },
  "F7K1Sc2": {
    "F": -1.0,
    "K": 1.0,
    "Sc": 3.0
  },
  "Be1Te1": {
    "Be": 2.0,
    "Te": -2.0
  },
  "Bi2Br2O2": {
    "Bi": 3.0,
    "Br": -1.0,
    "O": -2.0
  },
  "Au2K2S2": {
    "Au": 1.0,
    "K": 1.0,
    "S": -2.0
  },
  "Rb2S1": {
    "Rb": 1.0,
    "S": -2.0
  },
  "Ba1Li1P1": {
    "Ba": 2.0,
    "Li": 1.0,
    "P": -3.0
  },
  "Al2Mg1Se4": {
    "Al": 3.0,
    "Mg": 2.0,
    "Se": -2.0
  },
  "Ag1N1O2": {
    "Ag": 1.0,
    "N": 3.0,
    "O": -2.0
  },
  "Ge2P4Zn2": {
    "Ge": 4.0,
    "P": -3.0,
    "Zn": 2.0
  },
  "Bi1Na1O6Ti2": {
    "Bi": 3.0,
    "Na": 1.0,
    "O": -2.0,
    "Ti": 4.0
  },
  "Ag2Co2O4": {
    "Ag": 1.0,
    "Co": 3.0,
    "O": -2.0
  },
  "B6Co4O13": {
    "B": 3.0,
    "Co": 2.0,
    "O": -2.0
  },
  "Mg2O6V2": {
    "Mg": 2.0,
    "O": -2.0,
    "V": 4.0
  },
  "F6In2": {
    "F": -1.0,
    "In": 3.0
  },
  "As1Li1Zn1": {
    "As": -3.0,
    "Li": 1.0,
    "Zn": 2.0
  },
  "Cd1Se2Zn1": {
    "Cd": 2.0,
    "Se": -2.0,
    "Zn": 2.0
  },
  "Cu2In2Se4": {
    "Cu": 1.0,
    "In": 3.0,
    "Se": -2.0
  },
  "As6Mg9O24": {
    "As": 5.0,
    "Mg": 2.0,
    "O": -2.0
  },
  "C2Co2O6": {
    "C": 4.0,
    "Co": 2.0,
    "O": -2.0
  },
  "Ca1Se1": {
    "Ca": 2.0,
    "Se": -2.0
  },
  "Ni2O2": {
    "Ni": 2.0,
    "O": -2.0
  },
  "Al3Gd3Pd3": null,
  "S1Sr1": {
    "S": -2.0,
    "Sr": 2.0
  },
  "B1Be2F2K1O3": {
    "B": 3.0,
    "Be": 2.0,
    "F": -1.0,
    "K": 1.0,
    "O": -2.0
  },
  "Ca2Nd4S8": {
    "Ca": 2.0,
    "Nd": 3.0,
    "S": -2.0
  },
  "Cr4O6": {
    "Cr": 3.0,
    "O": -2.0
  },
  "Cu1Hf2Sb3": {
    "Cu": 1.0,
    "Hf": 4.0,
    "Sb": -3.0
  },
  "Na4S4Zn2": {
    "Na": 1.0,
    "S": -2.0,
    "Zn": 2.0
  },
  "N38Rb30W14": {
    "N": -3.0,
    "Rb": 1.0,
    "W": 6.0
  },
  "Bi2Cd2O6": {
    "Bi": 4.0,
    "Cd": 2.0,
    "O": -2.0
  },
  "F6K2Si1": {
    "F": -1.0,
    "K": 1.0,
    "Si": 4.0
  },
  "Na2Se1": {
    "Na": 1.0,
    "Se": -2.0
  },
  "Ge2Li4O6": {
    "Ge": 4.0,
    "Li": 1.0,
    "O": -2.0
  },
  "Au4Cl4": {
    "Au": 1.0,
    "Cl": -1.0
  },
  "Fe1Nb1Sb1": null,
  "N2Nb2O2": {
    "N": -3.0,
    "Nb": 5.0,
    "O": -2.0
  },
  "Ag2Ba1Se4Sn1": {
    "Ag": 1.0,
    "Ba": 2.0,
    "Se": -2.0,
    "Sn": 4.0
  },
  "O32P8Rb8V4": {
    "O": -2.0,
    "P": 5.0,
    "Rb": 1.0,
    "V": 4.0
  },
  "Ba8Ge16": null,
  "Ag4Pr8Se14": {
    "Ag": 1.0,
    "Pr": 3.0,
    "Se": -2.0
  },
  "Co2F4Li2O2": {
    "Co": 3.0,
    "F": -1.0,
    "Li": 1.0,
    "O": -2.0
  },
  "Cr1Li2O4V1": {
    "Cr": 3.0,
    "Li": 1.0,
    "O": -2.0,
    "V": 3.0
  },
  "K6O18S6": {
    "K": 1.0,
    "O": -2.0,
    "S": 5.0
  },
  "Ba2Nd4S8": {
    "Ba": 2.0,
    "Nd": 3.0,
    "S": -2.0
  },
  "Cu8Se4": {
    "Cu": 1.0,
    "Se": -2.0
  },
  "Ge4Li4O10": {
    "Ge": 4.0,
    "Li": 1.0,
    "O": -2.0
  },
  "Br2F12Pb7": {
    "Br": -1.0,
    "F": -1.0,
    "Pb": 2.0
  },
  "Li2N2Zr1": {
    "Li": 1.0,
    "N": -3.0,
    "Zr": 4.0
  },
  "O8V3Zn2": {
    "O": -2.0,
    "V": 4.0,
    "Zn": 2.0
  },
  "H8Li3N4Na1": {
    "H": 1.0,
    "Li": 1.0,
    "N": -3.0,
    "Na": 1.0
  },
  "Ca4Li4N4": {
    "Ca": 2.0,
    "Li": 1.0,
    "N": -3.0
  },
  "Rb2Te4Y2": {
    "Rb": 1.0,
    "Te": -2.0,
    "Y": 3.0
  },
  "Cd1S2Zn1": {
    "Cd": 2.0,
    "S": -2.0,
    "Zn": 2.0
  },
  "Li2O4Sc2": {
    "Li": 1.0,
    "O": -2.0,
    "Sc": 3.0
  },
  "C8N16Zn8": {
    "C": 4.0,
    "N": -3.0,
    "Zn": 2.0
  },
  "Fe1H4N1O8S2": {
    "Fe": 3.0,
    "H": 1.0,
    "N": 5.0,
    "O": -2.0,
    "S": 2.0
  },
  "C12H12N18Na6O6": {
    "C": 4.0,
    "H": 1.0,
    "N": -3.0,
    "Na": 1.0,
    "O": -2.0
  },
  "N12Nb4Sr8": {
    "N": -3.0,
    "Nb": 5.0,
    "Sr": 2.0
  },
  "Cl12F8Sb4": {
    "Cl": -1.0,
    "F": -1.0,
    "Sb": 5.0
  },
  "H12Mn2N2O10P2": {
    "H": 1.0,
    "Mn": 2.0,
    "N": -3.0,
    "O": -2.0,
    "P": 5.0
  },
  "F4Na2O4V2": {
    "F": -1.0,
    "Na": 1.0,
    "O": -2.0,
    "V": 5.0
  },
  "Ba4N16Si10": {
    "Ba": 2.0,
    "N": -3.0,
    "Si": 4.0
  },
  "Mo1O5V1": {
    "Mo": 6.0,
    "O": -2.0,
    "V": 4.0
  },
  "Cr4H16Li8O24": {
    "Cr": 6.0,
    "H": 1.0,
    "Li": 1.0,
    "O": -2.0
  },
  "Al12Ca10O28": {
    "Al": 3.0,
    "Ca": 2.0,
    "O": -2.0
  },
  "Ag4Ge2O8Zn2": {
    "Ag": 1.0,
    "Ge": 4.0,
    "O": -2.0,
    "Zn": 2.0
  },
  "Lu4O14Sb4": {
    "Lu": 3.0,
    "O": -2.0,
    "Sb": 4.0
  },
  "Ca4Na8O16Si4": {
    "Ca": 2.0,
    "Na": 1.0,
    "O": -2.0,
    "Si": 4.0
  },
  "Br4Ca2": {
    "Br": -1.0,
    "Ca": 2.0
  },
  "S6Ti2": {
    "S": -1.3333333333333333,
    "Ti": 4.0
  },
  "B8Ca8O20": {
    "B": 3.0,
    "Ca": 2.0,
    "O": -2.0
  },
  "As6Na18": {
    "As": -3.0,
    "Na": 1.0
  },
  "Al4Ba2N8O8Si6": {
    "Al": 3.0,
    "Ba": 2.0,
    "N": -3.0,
    "O": -2.0,
    "Si": 4.0
  },
  "As2Cu8K2S8": {
    "As": 1.0,
    "Cu": 1.5,
    "K": 1.0,
    "S": -2.0
  },
  "C24N36Rb12": {
    "C": 4.0,
    "N": -3.0,
    "Rb": 1.0
  },
  "Ag2Te4Y2": {
    "Ag": 1.0,
    "Te": -2.0,
    "Y": 3.0
  },
  "Se1Sr1": {
    "Se": -2.0,
    "Sr": 2.0
  },
  "Ba4O24P8": {
    "Ba": 2.0,
    "O": -2.0,
    "P": 5.0
  },
  "N2Se1Zr2": {
    "N": -3.0,
    "Se": -2.0,
    "Zr": 4.0
  },
  "C2Hf2K2O14P2": {
    "C": 4.0,
    "Hf": 4.0,
    "K": 1.0,
    "O": -2.0,
    "P": 5.0
  },
  "Bi1Li2Tl1": null,
  "N8Na12Os4": {
    "N": -3.0,
    "Na": 1.0,
    "Os": 3.0
  },
  "S4Tl3V1": {
    "S": -2.0,
    "Tl": 1.0,
    "V": 5.0
  },
  "O1Sr1": {
    "O": -2.0,
    "Sr": 2.0
  },
  "Ce1O2": {
    "Ce": 4.0,
    "O": -2.0
  },
  "I1K1O3": {
    "I": 5.0,
    "K": 1.0,
    "O": -2.0
  },
  "F1Rb1": {
    "F": -1.0,
    "Rb": 1.0
  },
  "F1Li1": {
    "F": -1.0,
    "Li": 1.0
  },
  "H1Na1": {
    "H": -1.0,
    "Na": 1.0
  },
  "Cr1Li2O6W1": {
    "Cr": 4.0,
    "Li": 1.0,
    "O": -2.0,
    "W": 6.0
  },
  "H1Li1": {
    "H": -1.0,
    "Li": 1.0
  },
  "Au1Ba2Bi1": null,
  "Ca6O14V4": {
    "Ca": 2.0,
    "O": -2.0,
    "V": 4.0
  },
  "O14Re4": {
    "O": -2.0,
    "Re": 7.0
  },
  "Cu4K2Se8V2": {
    "Cu": 1.0,
    "K": 1.0,
    "Se": -2.0,
    "V": 5.0
  },
  "Mo4O14Zn6": {
    "Mo": 4.0,
    "O": -2.0,
    "Zn": 2.0
  },
  "Ba2Cr3O7Y1": {
    "Ba": 2.0,
    "Cr": 2.3333333333333335,
    "O": -2.0,
    "Y": 3.0
  },
  "Cs2H8Mg1O16P4": {
    "Cs": 1.0,
    "H": 1.0,
    "Mg": 2.0,
    "O": -2.0,
    "P": 5.0
  },
  "Be4Ge2O14Sm4": {
    "Be": 2.0,
    "Ge": 4.0,
    "O": -2.0,
    "Sm": 3.0
  },
  "C2Ge2Na6O14P2": {
    "C": 2.0,
    "Ge": 4.0,
    "Na": 1.0,
    "O": -2.0,
    "P": 5.0
  },
  "O8Sn4Zn2": {
    "O": -2.0,
    "Sn": 3.0,
    "Zn": 2.0
  },
  "Mn4O8Zn2": {
    "Mn": 3.0,
    "O": -2.0,
    "Zn": 2.0
  },
  "Ba8Br1P5": {
    "Ba": 2.0,
    "Br": -1.0,
    "P": -3.0
  },
  "F8W2": {
    "F": -1.0,
    "W": 4.0
  },
  "C2Hf2Na2O14P2": {
    "C": 4.0,
    "Hf": 4.0,
    "Na": 1.0,
    "O": -2.0,
    "P": 5.0
  },
  "Ga4La4O2S12Zn2": {
    "Ga": 3.0,
    "La": 3.0,
    "O": -2.0,
    "S": -2.0,
    "Zn": 2.0
  },
  "F8Mo2": {
    "F": -1.0,
    "Mo": 4.0
  },
  "Cu4Mn2S8Si2": {
    "Cu": 1.0,
    "Mn": 2.0,
    "S": -2.0,
    "Si": 4.0
  },
  "Cd1O6Sb2": {
    "Cd": 2.0,
    "O": -2.0,
    "Sb": 5.0
  },
  "Ba1Mg2Sb2": {
    "Ba": 2.0,
    "Mg": 2.0,
    "Sb": -3.0
  },
  "Cl8H8N2Tl2": {
    "Cl": -1.0,
    "H": 1.0,
    "N": -3.0,
    "Tl": 3.0
  },
  "Br4Te2": {
    "Br": -1.0,
    "Te": 2.0
  },
  "F4Rb2": null,
  "O14W4Zn6": {
    "O": -2.0,
    "W": 4.0,
    "Zn": 2.0
  }
}