{
  "Al1N1Zr2": null,
  "Hf1P1V1": null,
  "Te12Th7": null,
  "Ge6Ir7Yb4": null,
  "P1Sn1": {
    "P": -3.0,
    "Sn": 3.0
  },
  "Bi1Tb1": null,
  "Au2Er1": null,
  "Co1Zr1": null,
  "Mg1Y1": null,
  "Ga2La1": null,
  "Dy1Ir2": null,
  "O2Pt1": {
    "O": -2.0,
    "Pt": 4.0
  },
  "As1Na3Se3": {
    "As": 3.0,
    "Na": 1.0,
    "Se": -2.0
  },
  "Cl6Cs2Zr1": {
    "Cl": -1.0,
    "Cs": 1.0,
    "Zr": 4.0
  },
  "B1Ni4Tb1": null,
  "Ni1S1Sb1": {
    "Ni": 3.0,
    "S": -2.0,
    "Sb": -1.0
  },
  "P2Ru1": {
    "P": -3.0,
    "Ru": 6.0
  },
  "Ag1As1Ba1": {
    "Ag": 1.0,
    "As": -3.0,
    "Ba": 2.0
  },
  "Au1Er1": null,
  "Ba1Mg4Si3": null,
  "Ir1P1Se1": {
    "Ir": 5.0,
    "P": -3.0,
    "Se": -2.0
  },
  "Cs1F3Pb1": {
    "Cs": 1.0,
    "F": -1.0,
    "Pb": 2.0
  },
  "Bi1Ni1Y1": null,
  "B2Mo2Ru1": {
    "B": -3.0,
    "Mo": 2.0,
    "Ru": 2.0
  },
  "Bi2O7Ti2": {
    "Bi": 3.0,
    "O": -2.0,
    "Ti": 4.0
  },
  "Mo3P1": null,
  "Al18Cr2Mg3": null,
  "Rh1Sb1U1": null,
  "Ca3N1Pb1": null,
  "Pd2Sc1Sn1": null,
  "Ge12Pr1Pt4": null,
  "Al4La1": null,
  "Ag2Er1": null,
  "Au2Br6Cs2": {
    "Au": 2.0,
    "Br": -1.0,
    "Cs": 1.0
  },
  "Al2Ho3": null,
  "Bi1Ir1S1": null,
  "Ca2Nb2O7": {
    "Ca": 2.0,
    "Nb": 5.0,
    "O": -2.0
  },
  "Ru1Sb1Zr1": null,
  "Cd1Dy2Se4": {
    "Cd": 2.0,
    "Dy": 3.0,
    "Se": -2.0
  },
  "In2Ir1Sr1": null,
  "Sc5Si3": {
    "Sc": 2.4,
    "Si": -4.0
  },
  "Cd1Cu4Yb1": null,
  "Li3Pb1": null,
  "Cu2O3Sr1": {
    "Cu": 2.0,
    "O": -2.0,
    "Sr": 2.0
  },
  "O3Sr1Zr1": {
    "O": -2.0,
    "Sr": 2.0,
    "Zr": 4.0
  },
  "Nb3Te1": null,
  "Ni12P7Yb2": {
    "Ni": 1.4166666666666667,
    "P": -3.0,
    "Yb": 2.0
  },
  "Ca1P2Ru2": {
    "Ca": 2.0,
    "P": -3.0,
    "Ru": 2.0
  },
  "B1Li3N2": {
    "B": 3.0,
    "Li": 1.0,
    "N": -3.0
  },
  "Cu1Dy2Ge6": null,
  "Ca3Hg2": null,
  "Au1O1Rb3": {
    "Au": -1.0,
    "O": -2.0,
    "Rb": 1.0
  },
  "Sn6V6Y1": null,
  "Li1Si1Y1": {
    "Li": 1.0,
    "Si": -4.0,
    "Y": 3.0
  },
  "S4Sc2Zn1": {
    "S": -2.0,
    "Sc": 3.0,
    "Zn": 2.0
  },
  "Te1": null,
  "Ba1Zn1": null,
  "Hg2Rh1": null,
  "Cd3Er1": null,
  "Er1Ga1": null,
  "Cd2O4Sn1": {
    "Cd": 2.0,
    "O": -2.0,
    "Sn": 4.0
  },
  "Fe1S2": {
    "Fe": 3.0,
    "S": -1.5
  },
  "Al1Pt1Zr1": null,
  "Be2Hf1": null,
  "Mg1Sr1": null,
  "P7Pd9Zr5": null,
  "B2Mn1": null,
  "Au1Dy1Ge1": null,
  "Hf3N1Zn3": null,
  "Ga1Pd1": null,
  "Hf1Ni2Si2": {
    "Hf": 4.0,
    "Ni": 2.0,
    "Si": -4.0
  },
  "F1Gd1S1": {
    "F": -1.0,
    "Gd": 3.0,
    "S": -2.0
  },
  "La3Te4": {
    "La": 2.6666666666666665,
    "Te": -2.0
  },
  "Cd1Pt2Zn1": {
    "Cd": 2.0,
    "Pt": -2.0,
    "Zn": 2.0
  },
  "Ni1Sn1Y1": null,
  "Bi1Rh1": null,
  "P1Pt5Sn1": {
    "P": -3.0,
    "Pt": 0.2,
    "Sn": 2.0
  },
  "Mo1P2": {
    "Mo": 6.0,
    "P": -3.0
  },
  "Hg3Yb1": null,
  "C6Cr3W20": null,
  "H2Ta1": null,
  "Be1O1": {
    "Be": 2.0,
    "O": -2.0
  },
  "Au1Sn4": null,
  "Al1Cu1O2": {
    "Al": 3.0,
    "Cu": 1.0,
    "O": -2.0
  },
  "C1H1": null,
  "Au1Sb1Yb1": {
    "Au": -1.0,
    "Sb": -2.0,
    "Yb": 3.0
  },
  "Al3Nb1": null,
  "Al1Ir1Th1": null,
  "Cu1S2": {
    "Cu": 3.0,
    "S": -1.5
  },
  "Mg1Pd1Y1": null,
  "Cu1Na1Se1": {
    "Cu": 1.0,
    "Na": 1.0,
    "Se": -2.0
  },
  "N2Pt1": {
    "N": -3.0,
    "Pt": 6.0
  },
  "Ca1Tl3": null,
  "Al2I1La2": null,
  "Ge1Hf1Os1": null,
  "Ag1Er1Ge1": null,
  "C1Nb2P1": {
    "C": -4.0,
    "Nb": 3.5,
    "P": -3.0
  },
  "Tc1V1": {
    "Tc": -3.0,
    "V": 3.0
  },
  "Be13Dy1": null,
  "N1Ni3Zn1": null,
  "Ge2Ru2Th1": null,
  "Cs1N2Nb1": {
    "Cs": 1.0,
    "N": -3.0,
    "Nb": 5.0
  },
  "Co1In2Se4": {
    "Co": 2.0,
    "In": 3.0,
    "Se": -2.0
  },
  "Be13Zr1": null,
  "Ga3Sc1": null,
  "Ge2La1Ni1": null,
  "Si2Ti1": null,
  "Be2Ta1": null,
  "Hg1Sc1": null,
  "Ba1O3Pb1": {
    "Ba": 2.0,
    "O": -2.0,
    "Pb": 4.0
  },
  "Co2O7Sb2": {
    "Co": 2.0,
    "O": -2.0,
    "Sb": 5.0
  },
  "H7Th1Zr2": null,
  "Ag2In1Li1": null,
  "B4In5Ir9": null,
  "La1Os2Si2": {
    "La": 3.0,
    "Os": -1.5,
    "Si": 0.0
  },
  "Ge13Ru4Y3": null,
  "Se1": null,
  "Sc1Si1": null,
  "Mg2Si1": {
    "Mg": 2.0,
    "Si": -4.0
  },
  "Al8Er1Mn4": null,
  "Ni2P2Tb1": {
    "Ni": 1.5,
    "P": -3.0,
    "Tb": 3.0
  },
  "Ir1Si3Th1": null,
  "Fe1Si1Ta1": null,
  "Fe1H6Sr2": {
    "Fe": 2.0,
    "H": -1.0,
    "Sr": 2.0
  },
  "Ga1O6Tb3": {
    "Ga": 3.0,
    "O": -2.0,
    "Tb": 3.0
  },
  "B2Ce1Ir3": null,
  "F2Pb1": {
    "F": -1.0,
    "Pb": 2.0
  },
  "Ge1Hf1Rh1": null,
  "Gd1O1": null,
  "Au1Li2Sn1": null,
  "N2U1": {
    "N": -3.0,
    "U": 6.0
  },
  "La1S2": {
    "La": 3.0,
    "S": -1.5
  },
  "La1Pd3": null,
  "C1Li2O3": {
    "C": 4.0,
    "Li": 1.0,
    "O": -2.0
  },
  "P1Pd5Tl1": null,
  "Co5Y1": null,
  "Rh3Te2": null,
  "Al1N3Ta4": null,
  "Au4Yb1": {
    "Au": -0.5,
    "Yb": 2.0
  },
  "Ca1Si2Zn2": null,
  "Dy1Mg3": null,
  "Ge6Ir7Tb4": null,
  "Cd1Ho1Ni4": null,
  "H6Na2Pt1": {
    "H": 0.0,
    "Na": 1.0,
    "Pt": -2.0
  },
  "Rb1": null,
  "Ir1Mn1Sb1": null,
  "Ir1Mn3Si1": null,
  "Nd1Pd3": null,
  "Er3Sn7": null,
  "Pd1Sb1Zr1": null,
  "Fe1Ti1": null,
  "Cl6Mn1Rb2": {
    "Cl": -1.0,
    "Mn": 4.0,
    "Rb": 1.0
  },
  "La1Pt2Si2": {
    "La": 2.0,
    "Pt": 3.0,
    "Si": -4.0
  },
  "Ag2Dy1": null,
  "C2Na1": {
    "C": -0.5,
    "Na": 1.0
  },
  "B1Rh3Tb1": null,
  "Pd3S1": null,
  "Au1Zn1": null,
  "Pt1Sb1Sc1": {
    "Pt": -2.0,
    "Sb": -1.0,
    "Sc": 3.0
  },
  "Ir4Sn4Sr3": null,
  "B3H12Y1": {
    "B": -3.0,
    "H": 0.5,
    "Y": 3.0
  },
  "Ge13Os4Tb3": null,
  "Be1Ni1": null,
  "La1Pb3": null,
  "K1Nb1S2": {
    "K": 1.0,
    "Nb": 3.0,
    "S": -2.0
  },
  "Al20Ti2Yb1": null,
  "Ba1Pt1Si1": {
    "Ba": 2.0,
    "Pt": 2.0,
    "Si": -4.0
  },
  "Al1Nb1Ru2": null,
  "Al1Y3": null,
  "Hg3Zr1": null,
  "C2Dy1": null,
  "In1La1Rh1": null,
  "Nb6Ni16Si7": {
    "Nb": 2.0,
    "Ni": 1.0,
    "Si": -4.0
  },
  "In2Li1Pd1": null,
  "B1S3Tb1": {
    "B": 3.0,
    "S": -2.0,
    "Tb": 3.0
  },
  "Cu2Ho1In1": null,
  "Ag1Li1": null,
  "Al18Mg3V2": null,
  "C1La3Tl1": null,
  "B1Sb1": {
    "B": 3.0,
    "Sb": -3.0
  },
  "Pd2Si2Yb1": {
    "Pd": 3.0,
    "Si": -4.0,
    "Yb": 2.0
  },
  "P1Pt5Zn1": {
    "P": -3.0,
    "Pt": 0.2,
    "Zn": 2.0
  },
  "Co2S6Ta9": null,
  "Ho1Pd3S4": null,
  "Mg1Y1Zn1": null,
  "Cu1Sn3Zr5": null,
  "Si1Ta2V3": null,
  "Os1S2": {
    "Os": 4.0,
    "S": -2.0
  },
  "Cr1N3Sr3": {
    "Cr": 3.0,
    "N": -3.0,
    "Sr": 2.0
  },
  "Ce1Pt3": null,
  "Al2B2Ru3": null,
  "Ir2Th1": null,
  "As1Ho1": {
    "As": -3.0,
    "Ho": 3.0
  },
  "As1Mn1Pd2": null,
  "C1Re2": null,
  "K2Te3": null,
  "Al1Er1Pd1": null,
  "Os3Sn7": null,
  "Ca1Pt1Si1": {
    "Ca": 2.0,
    "Pt": 2.0,
    "Si": -4.0
  },
  "As1Ca3Cl3": {
    "As": -3.0,
    "Ca": 2.0,
    "Cl": -1.0
  },
  "Pd2Si2Tb1": {
    "Pd": 2.0,
    "Si": -4.0,
    "Tb": 4.0
  },
  "Ga1Li2Pt1": null,
  "Br1La5Sn3": null,
  "Ho1": null,
  "Ir1Nb1Si1": null,
  "O1Pd2Zr4": null,
  "Cs1Gd1S2": {
    "Cs": 1.0,
    "Gd": 3.0,
    "S": -2.0
  },
  "Pa1Pt5": {
    "Pa": 3.0,
    "Pt": -0.6
  },
  "F3Na1Zn1": {
    "F": -1.0,
    "Na": 1.0,
    "Zn": 2.0
  },
  "B2Co2Y1": {
    "B": -3.0,
    "Co": 1.5,
    "Y": 3.0
  },
  "B2Hf3Ir5": null,
  "Cu2Dy1In1": null,
  "Mn1": null,
  "Ca1H3Rb1": {
    "Ca": 2.0,
    "H": -1.0,
    "Rb": 1.0
  },
  "Cu1Mn1P1": {
    "Cu": 1.0,
    "Mn": 2.0,
    "P": -3.0
  },
  "Dy4Ge6Ir7": null,
  "As1Ni1Se1": {
    "As": -1.0,
    "Ni": 3.0,
    "Se": -2.0
  },
  "Cd1S1": {
    "Cd": 2.0,
    "S": -2.0
  },
  "Co1Si3Th1": null,
  "Mn1Na1O2": {
    "Mn": 3.0,
    "Na": 1.0,
    "O": -2.0
  },
  "F2Mg1": {
    "F": -1.0,
    "Mg": 2.0
  },
  "La1Mg1": null,
  "Ge1Ni1Zr1": null,
  "In1Li1O2": {
    "In": 3.0,
    "Li": 1.0,
    "O": -2.0
  },
  "Ru2Zr1": null,
  "Hf1Os1": null,
  "Eu1S1": {
    "Eu": 2.0,
    "S": -2.0
  },
  "Na2Ni1O2": {
    "Na": 1.0,
    "Ni": 2.0,
    "O": -2.0
  },
  "Na1O3Ta1": {
    "Na": 1.0,
    "O": -2.0,
    "Ta": 5.0
  },
  "Pd1Se2": {
    "Pd": 4.0,
    "Se": -2.0
  },
  "Se1Sn1": {
    "Se": -2.0,
    "Sn": 2.0
  },
  "Ag1Cl1": {
    "Ag": 1.0,
    "Cl": -1.0
  },
  "As1Li1Mg1": {
    "As": -3.0,
    "Li": 1.0,
    "Mg": 2.0
  },
  "F6Hf1K2": {
    "F": -1.0,
    "Hf": 4.0,
    "K": 1.0
  },
  "Ge4Y3": null,
  "Ba6Mg23": null,
  "C1Sc1": {
    "C": -3.0,
    "Sc": 3.0
  },
  "In3Sc1": null,
  "Co1Ti2": null,
  "Mo1Ni1P1": {
    "Mo": 2.0,
    "Ni": 1.0,
    "P": -3.0
  },
  "B3C1Nb3": {
    "B": -1.0,
    "C": -4.0,
    "Nb": 2.3333333333333335
  },
  "Cd11Na2": null,
  "Er1P1Pd1": null,
  "Ag1Dy1Ge1": null,
  "As1Ni1": {
    "As": -3.0,
    "Ni": 3.0
  },
  "Er2In1Ni2": null,
  "La1Os4P12": {
    "La": 3.0,
    "Os": -1.75,
    "P": 0.3333333333333333
  },
  "Hg2O7Sb2": {
    "Hg": 2.0,
    "O": -2.0,
    "Sb": 5.0
  },
  "Al5W1": null,
  "Ca1Cd1Ge1": null,
  "Cd1O6Pt3": {
    "Cd": 2.0,
    "O": -2.0,
    "Pt": 3.3333333333333335
  },
  "Ga3Ni5": null,
  "Cl4Th1": {
    "Cl": -1.0,
    "Th": 4.0
  },
  "Co2Si1V1": {
    "Co": 1.0,
    "Si": -4.0,
    "V": 2.0
  },
  "Al2Tb1": null,
  "Tl3Y1": null,
  "In3Pd2": null,
  "Dy3Ge13Rh4": null,
  "Ag1P1Pt5": {
    "Ag": 1.0,
    "P": 5.0,
    "Pt": -1.2
  },
  "O2Rh1": {
    "O": -2.0,
    "Rh": 4.0
  },
  "Ag1Th2": null,
  "Fe1Si1": null,
  "Ca4Hg9": null,
  "B1Lu1Rh3": null,
  "Os2Si2Th1": {
    "Os": -2.0,
    "Si": 0.0,
    "Th": 4.0
  },
  "C1S1Zr2": {
    "C": -4.0,
    "S": -2.0,
    "Zr": 3.0
  },
  "As3Ir1": {
    "As": -1.0,
    "Ir": 3.0
  },
  "B1Bi1": {
    "B": -3.0,
    "Bi": 3.0
  },
  "Mo3Sn1": null,
  "Au4Zr1": {
    "Au": -1.0,
    "Zr": 4.0
  },
  "In1Ni2Ti1": null,
  "P2Ru2Y1": null,
  "N2Sr1Ti1": {
    "N": -3.0,
    "Sr": 2.0,
    "Ti": 4.0
  },
  "Pa1Sb2": {
    "Pa": 5.0,
    "Sb": -2.5
  },
  "Na1P1Sr1": {
    "Na": 1.0,
    "P": -3.0,
    "Sr": 2.0
  },
  "B1Ni3": {
    "B": -3.0,
    "Ni": 1.0
  },
  "Cu3Nb1Se4": {
    "Cu": 1.0,
    "Nb": 5.0,
    "Se": -2.0
  },
  "In3Pr1": null,
  "Mo3Sb7": {
    "Mo": 5.0,
    "Sb": -2.142857142857143
  },
  "Al1Ho2": null,
  "Ga1Li2Pd1": null,
  "Cu1K1Te1": {
    "Cu": 1.0,
    "K": 1.0,
    "Te": -2.0
  },
  "Ca1P2Pd2": {
    "Ca": 2.0,
    "P": -3.0,
    "Pd": 2.0
  },
  "Ba1Se1": {
    "Ba": 2.0,
    "Se": -2.0
  },
  "Cl4U1": {
    "Cl": -1.0,
    "U": 4.0
  },
  "B6Os1Y2": {
    "B": -2.0,
    "Os": 6.0,
    "Y": 3.0
  },
  "Ge1P2Zn1": {
    "Ge": 4.0,
    "P": -3.0,
    "Zn": 2.0
  },
  "In1Pt1Sc1": null,
  "Ag1C2K1": {
    "Ag": 1.0,
    "C": -1.0,
    "K": 1.0
  },
  "Ga1Mn1Ni2": null,
  "Sb1Se3Tl3": {
    "Sb": 3.0,
    "Se": -2.0,
    "Tl": 1.0
  },
  "Dy1Zn1": null,
  "Ga2Se4Sr1": {
    "Ga": 3.0,
    "Se": -2.0,
    "Sr": 2.0
  },
  "Ga2O4Zn1": {
    "Ga": 3.0,
    "O": -2.0,
    "Zn": 2.0
  },
  "Cu1Ge1Sc1": null,
  "Ca3Ge1O1": null,
  "Ge1La3": null,
  "Mn1Pd2": null,
  "Ag1Mg1Y1": null,
  "C2Ho1Ni1": {
    "C": -2.5,
    "Ho": 3.0,
    "Ni": 2.0
  },
  "Ag1Pt3": {
    "Ag": 2.0,
    "Pt": -0.6666666666666666
  },
  "Cr1P1": {
    "Cr": 3.0,
    "P": -3.0
  },
  "S2Y1": {
    "S": -1.5,
    "Y": 3.0
  },
  "Cs1Na2": null,
  "Ba1Ni1Sn3": null,
  "C1Pt1": {
    "C": 2.0,
    "Pt": -2.0
  },
  "Co1P2W1": {
    "Co": 2.0,
    "P": -3.0,
    "W": 4.0
  },
  "Os2Sc1": {
    "Os": -1.5,
    "Sc": 3.0
  },
  "Ni1Sb1Yb1": {
    "Ni": 1.0,
    "Sb": -3.0,
    "Yb": 2.0
  },
  "Ge1Pd1": null,
  "Al1Tb3": null,
  "Al2Hf1": null,
  "B2Os1Tb1": {
    "B": -3.0,
    "Os": 3.0,
    "Tb": 3.0
  },
  "In1Pd2Zr2": null,
  "Al1Co2Hf1": null,
  "Au1Bi1Ca1": null,
  "Er1Rh2": null,
  "Mg3Ru2": null,
  "K8Sn46": null,
  "N1Tc2": {
    "N": -3.0,
    "Tc": 1.5
  },
  "C2Dy2Re1": null,
  "Mg3Ni2Ti1": null,
  "B1Tc3": {
    "B": 3.0,
    "Tc": -1.0
  },
  "P2Sc3": {
    "P": -3.0,
    "Sc": 2.0
  },
  "Fe1Hf1Si1": null,
  "Au1Mg1Yb1": null,
  "Ce1Os4P12": {
    "Ce": 3.0,
    "Os": -1.75,
    "P": 0.3333333333333333
  },
  "Au3Sb4Tb3": {
    "Au": -1.0,
    "Sb": -1.5,
    "Tb": 3.0
  },
  "Cd2La1": null,
  "In1La1Pt1": null,
  "Au1Ca1P1": {
    "Au": 1.0,
    "Ca": 2.0,
    "P": -3.0
  },
  "Ga12Pd1Tb4": null,
  "Ba3O1Sn1": null,
  "Mn1Ni2Sb1": null,
  "B1Ce1Rh3": null,
  "Bi1Ho1Pd1": null,
  "Cd1Cs1F3": {
    "Cd": 2.0,
    "Cs": 1.0,
    "F": -1.0
  },
  "Pt1Se1Si1": {
    "Pt": -2.0,
    "Se": -2.0,
    "Si": 4.0
  },
  "Ce1Ir2": null,
  "Ge2Hf1": null,
  "Ho1Ir2": null,
  "Al1Ba1Ge1": null,
  "Ge1Li2O3": {
    "Ge": 4.0,
    "Li": 1.0,
    "O": -2.0
  },
  "B1Sc3Tl1": null,
  "Ir1Mg3": null,
  "C1Ga1Ta2": null,
  "Ag1S3Ta1": {
    "Ag": 1.0,
    "S": -2.0,
    "Ta": 5.0
  },
  "Pb1Th1": null,
  "Au2In2Sr1": null,
  "Ba1Cd2": null,
  "Cd1Dy2S4": {
    "Cd": 2.0,
    "Dy": 3.0,
    "S": -2.0
  },
  "Sn1Ta3": null,
  "Ho1Rh2": null,
  "Cl1Tl1": {
    "Cl": -1.0,
    "Tl": 1.0
  },
  "In24S32": {
    "In": 2.6666666666666665,
    "S": -2.0
  },
  "Rb2S1": {
    "Rb": 1.0,
    "S": -2.0
  },
  "Fe1Te2": {
    "Fe": 3.0,
    "Te": -1.5
  },
  "Zn22Zr1": null,
  "Al1Co2Nb1": null,
  "Ge1Ir1Zr1": null,
  "Ca3H2Pb1": null,
  "Ho1Se1": null,
  "Cu1Mg1Sb1": {
    "Cu": 1.0,
    "Mg": 2.0,
    "Sb": -3.0
  },
  "Lu1Ru2Si2": {
    "Lu": 3.0,
    "Ru": 2.5,
    "Si": -4.0
  },
  "Au1Sn1Tb1": null,
  "La1Rh3Si2": null,
  "Al1C3V4": {
    "Al": 3.0,
    "C": -4.0,
    "V": 2.25
  },
  "B4Ho1Rh4": null,
  "Al2Hf3": null,
  "Cd1Er2S4": {
    "Cd": 2.0,
    "Er": 3.0,
    "S": -2.0
  },
  "As1K1Zn1": {
    "As": -3.0,
    "K": 1.0,
    "Zn": 2.0
  },
  "O3Sn1Sr1": {
    "O": -2.0,
    "Sn": 4.0,
    "Sr": 2.0
  },
  "Ga4Nb5": null,
  "K8Sb4Sn1": {
    "K": 1.0,
    "Sb": -3.0,
    "Sn": 4.0
  },
  "Cu9Ga4": null,
  "Cd1O4Rh2": {
    "Cd": 2.0,
    "O": -2.0,
    "Rh": 3.0
  },
  "Li3Sb1": {
    "Li": 1.0,
    "Sb": -3.0
  },
  "Mg1Tl1": null,
  "Au1Lu1Sn1": null,
  "Ag1O2Y1": {
    "Ag": 1.0,
    "O": -2.0,
    "Y": 3.0
  },
  "C1Lu1Rh3": null,
  "Ca1O3Tc1": {
    "Ca": 2.0,
    "O": -2.0,
    "Tc": 4.0
  },
  "Co1Dy1Ge2": null,
  "F4Pd1Sr1": {
    "F": -1.0,
    "Pd": 2.0,
    "Sr": 2.0
  },
  "Au1Sn1Y1": null,
  "Ti2Zn1": null,
  "C1Pd1": {
    "C": -2.0,
    "Pd": 2.0
  },
  "Pd3Ta1": null,
  "B2Ir1V2": null,
  "Dy1Si1": null,
  "Bi1Rb3Se3": {
    "Bi": 3.0,
    "Rb": 1.0,
    "Se": -2.0
  },
  "Co1Dy1Ge1": null,
  "Mg3N2": {
    "Mg": 2.0,
    "N": -3.0
  },
  "Al3C3Dy1": {
    "Al": 3.0,
    "C": -4.0,
    "Dy": 3.0
  },
  "Cu1La1Si1": {
    "Cu": 1.0,
    "La": 3.0,
    "Si": -4.0
  },
  "La1Pd1Tl1": null,
  "Ge6Rh7Sc4": null,
  "Pb2Pt1": null,
  "Be2V1": null,
  "Mn1Rh1": null,
  "Al1Pt3": null,
  "Os2Si2Y1": {
    "Os": -1.5,
    "Si": 0.0,
    "Y": 3.0
  },
  "Fe1Si1Tb1": null,
  "Rh1Zr1": null,
  "Al1Os1": null,
  "Cd1Cu2Zr1": null,
  "Ga1Mo3": null,
  "C1Sc3Sn1": null,
  "Cu2Er1Si2": {
    "Cu": 2.5,
    "Er": 3.0,
    "Si": -4.0
  },
  "Ca2Sb1": null,
  "Au4Cr1": {
    "Au": -0.5,
    "Cr": 2.0
  },
  "C2Si1": {
    "C": -2.0,
    "Si": 4.0
  },
  "Ir1W1": null,
  "Mg1Pd2Tb2": null,
  "Ho1Os2": {
    "Ho": 3.0,
    "Os": -1.5
  },
  "Al1Ru1": null,
  "Rh2S3": {
    "Rh": 3.0,
    "S": -2.0
  },
  "Er1Ge1Ir1": null,
  "Al1C1Dy3": null,
  "Fe1Ru2Si1": null,
  "Se3Th2": null,
  "Ga2Y1": null,
  "B4Er1Rh4": null,
  "Cs1Cu1F4": {
    "Cs": 1.0,
    "Cu": 3.0,
    "F": -1.0
  },
  "Ge1Ir1Nb1": null,
  "Er1S1": null,
  "Cs2I6Pd1": {
    "Cs": 1.0,
    "I": -1.0,
    "Pd": 4.0
  },
  "Ge13Ru4Tb3": null,
  "Mg3Nb6O11": {
    "Mg": 2.0,
    "Nb": 2.6666666666666665,
    "O": -2.0
  },
  "Rh3Th1": null,
  "N3Tl1": {
    "N": -0.3333333333333333,
    "Tl": 1.0
  },
  "Al2Li1Rh1": null,
  "Ba6Si46": null,
  "B1Co1Re1": null,
  "Br6K2Pt1": {
    "Br": -1.0,
    "K": 1.0,
    "Pt": 4.0
  },
  "Mn1Ni3": null,
  "Al18Mg3Mo2": null,
  "Ba1Ge3Ir1": null,
  "B6Th1": null,
  "Cu3Dy3Sb4": {
    "Cu": 1.0,
    "Dy": 3.0,
    "Sb": -3.0
  },
  "Na1O3W1": {
    "Na": 1.0,
    "O": -2.0,
    "W": 5.0
  },
  "Al3C3Gd1": {
    "Al": 3.0,
    "C": -4.0,
    "Gd": 3.0
  },
  "Cl6Cs2Te1": {
    "Cl": -1.0,
    "Cs": 1.0,
    "Te": 4.0
  },
  "Ru1Sb2": {
    "Ru": 6.0,
    "Sb": -3.0
  },
  "In1La3N1": null,
  "K1": null,
  "Cd1Er1Ni4": null,
  "As7Mg6Ni16": null,
  "S3Sn2": {
    "S": -2.0,
    "Sn": 3.0
  },
  "Ba5Sn3": null,
  "In1Pt4Tb1": {
    "In": 1.0,
    "Pt": -1.0,
    "Tb": 3.0
  },
  "Fe1Ge1": null,
  "As1Pa1": {
    "As": -3.0,
    "Pa": 3.0
  },
  "Ge13Ir4Tb3": null,
  "K10Pb48": null,
  "Ca1In1Rh1": null,
  "Hg1Sn1Sr1": null,
  "B1Mo2": null,
  "Cu2Dy2In1": null,
  "Ba1Hg1S2": {
    "Ba": 2.0,
    "Hg": 2.0,
    "S": -2.0
  },
  "Ba1Be13": null,
  "Ce1Pb3": null,
  "Ni1O6Sb2": {
    "Ni": 2.0,
    "O": -2.0,
    "Sb": 5.0
  },
  "O7Ru2Y2": {
    "O": -2.0,
    "Ru": 4.0,
    "Y": 3.0
  },
  "Pd1Ta1": null,
  "Ca1O4Pd3": {
    "Ca": 2.0,
    "O": -2.0,
    "Pd": 2.0
  },
  "Bi1Li1Zn1": null,
  "Pd1Zn1": null,
  "Al1F4Rb1": {
    "Al": 3.0,
    "F": -1.0,
    "Rb": 1.0
  },
  "In1Rh1Tb1": null,
  "Dy1Ge1": null,
  "B2Hf1": null,
  "Ir2Sc1": null,
  "Bi1Mg1Ni1": null,
  "La1P2Ru2": {
    "La": 2.0,
    "P": -3.0,
    "Ru": 2.0
  },
  "Ho2In1Pd2": null,
  "As1Pt5Zn1": {
    "As": -3.0,
    "Pt": 0.2,
    "Zn": 2.0
  },
  "Al1N1Zr3": null,
  "Al3Hf5N1": null,
  "P1Rh2": null,
  "Cu2La1Si2": {
    "Cu": 2.5,
    "La": 3.0,
    "Si": -4.0
  },
  "Cr2Cu1Te4": {
    "Cr": 3.0,
    "Cu": 2.0,
    "Te": -2.0
  },
  "Dy1In1Zn1": null,
  "H3Ni1Yb1": {
    "H": -1.0,
    "Ni": 1.0,
    "Yb": 2.0
  },
  "Al1Sn3Zr5": null,
  "Er2O7Ti2": {
    "Er": 3.0,
    "O": -2.0,
    "Ti": 4.0
  },
  "Al2C3Th2": null,
  "Be13Mg1": null,
  "Ag3Na1S2": {
    "Ag": 1.0,
    "Na": 1.0,
    "S": -2.0
  },
  "O4Si1Zr1": {
    "O": -2.0,
    "Si": 4.0,
    "Zr": 4.0
  },
  "Au1Ti1": null,
  "Hg1P1Pt5": {
    "Hg": 1.0,
    "P": 5.0,
    "Pt": -1.2
  },
  "B4Re1Th1": null,
  "Ag1Ba1": null,
  "Ge1S2": {
    "Ge": 4.0,
    "S": -2.0
  },
  "Li2Mg1Pb1": null,
  "N2Ni1O6": {
    "N": 5.0,
    "Ni": 2.0,
    "O": -2.0
  },
  "Al3Hf4": null,
  "Ni2Sn1Yb1": null,
  "Si1Sr2": {
    "Si": -4.0,
    "Sr": 2.0
  },
  "Mn1Sn2": null,
  "Cd1O3Sn1": {
    "Cd": 2.0,
    "O": -2.0,
    "Sn": 4.0
  },
  "H15Th4": null,
  "Gd2O7Ti2": {
    "Gd": 3.0,
    "O": -2.0,
    "Ti": 4.0
  },
  "Ge1Te1": {
    "Ge": 2.0,
    "Te": -2.0
  },
  "C1K4O4": {
    "C": 4.0,
    "K": 1.0,
    "O": -2.0
  },
  "Hf1W2": null,
  "Ca1Hg1Sn1": null,
  "Pd1Sr1Tl2": null,
  "Ho2In1": null,
  "O1Pd2": null,
  "Mo1P1": {
    "Mo": 3.0,
    "P": -3.0
  },
  "Ni1P1Rh1": null,
  "Hf1Re2": null,
  "Ge1Mg1N2": {
    "Ge": 4.0,
    "Mg": 2.0,
    "N": -3.0
  },
  "Ca1Cd1": null,
  "F2H1K1": {
    "F": -1.0,
    "H": 1.0,
    "K": 1.0
  },
  "Pt1Tl2": {
    "Pt": -2.0,
    "Tl": 1.0
  },
  "Ba1Ge3Pt1": null,
  "N1Pa1": {
    "N": -3.0,
    "Pa": 3.0
  },
  "O3Ru1Sr1": {
    "O": -2.0,
    "Ru": 4.0,
    "Sr": 2.0
  },
  "C1In1Ti2": null,
  "Cd2Er1": null,
  "Mg2O4Sn1": {
    "Mg": 2.0,
    "O": -2.0,
    "Sn": 4.0
  },
  "Rh1Sn1": null,
  "In1Pt1Sr1": null,
  "Lu1Te2": {
    "Lu": 3.0,
    "Te": -1.5
  },
  "Ba1O3Pa1": {
    "Ba": 2.0,
    "O": -2.0,
    "Pa": 4.0
  },
  "Al16Pt7Ti6": null,
  "Bi4La3Pt3": null,
  "F6K2Mn1": {
    "F": -1.0,
    "K": 1.0,
    "Mn": 4.0
  },
  "Nb5P4Pd4": null,
  "Dy2O7Ru2": {
    "Dy": 3.0,
    "O": -2.0,
    "Ru": 4.0
  },
  "P2Rh2Sr1": null,
  "B12Tb1": null,
  "Ba1Ge12Pt4": null,
  "Mn1P1Zr1": null,
  "Ca1Pt2": null,
  "N1Nd1": {
    "N": -3.0,
    "Nd": 3.0
  },
  "Au1Ge1Y1": null,
  "Ru1Sc1Si1": {
    "Ru": 2.0,
    "Sc": 2.0,
    "Si": -4.0
  },
  "Ga3Ru1Tb1": null,
  "Ba4Bi3": null,
  "Nb6Sn6Tb1": null,
  "Ce4Rh12Si1": null,
  "Bi4Ce3Pt3": null,
  "Ge1Mg1O3": {
    "Ge": 4.0,
    "Mg": 2.0,
    "O": -2.0
  },
  "Y1Zn1": null,
  "Sb2Tl7": null,
  "Al1Au2Ti1": null,
  "Au1Ga2": null,
  "As1Nb1Ni1": {
    "As": -3.0,
    "Nb": 2.0,
    "Ni": 1.0
  },
  "Au3Sb4Y3": {
    "Au": -1.0,
    "Sb": -1.5,
    "Y": 3.0
  },
  "Bi2O7Rh2": {
    "Bi": 3.0,
    "O": -2.0,
    "Rh": 4.0
  },
  "B3Ru2": {
    "B": -3.0,
    "Ru": 4.5
  },
  "Au1Li1Sb1": {
    "Au": 2.0,
    "Li": 1.0,
    "Sb": -3.0
  },
  "Au1Bi1Li2": null,
  "S1Tb1": null,
  "Cl6Rb2Te1": {
    "Cl": -1.0,
    "Rb": 1.0,
    "Te": 4.0
  },
  "B6Er1": null,
  "Mn2Si2Tb1": {
    "Mn": 2.0,
    "Si": -4.0,
    "Tb": 4.0
  },
  "Ag5O6Pb2": {
    "Ag": 1.2,
    "O": -2.0,
    "Pb": 3.0
  },
  "Ca1Pd1Sn2": null,
  "Au1Sc1Sn1": null,
  "Bi1Sc1": null,
  "As1Ru1Zr1": null,
  "Ca2I1N1": {
    "Ca": 2.0,
    "I": -1.0,
    "N": -3.0
  },
  "Sn1V3": null,
  "S3Sc1Y1": {
    "S": -2.0,
    "Sc": 3.0,
    "Y": 3.0
  },
  "Cl2F12Pb7": {
    "Cl": -1.0,
    "F": -1.0,
    "Pb": 2.0
  },
  "Ho1Mn6Sn6": null,
  "Mg3Tb1": null,
  "Eu1F2": {
    "Eu": 2.0,
    "F": -1.0
  },
  "Bi1Er1Pt1": null,
  "C1In1Sc3": null,
  "Cd1Sb1Tl1": {
    "Cd": 2.0,
    "Sb": -3.0,
    "Tl": 1.0
  },
  "Mn1Pt1": {
    "Mn": 2.0,
    "Pt": -2.0
  },
  "Bi1In1O3": {
    "Bi": 3.0,
    "In": 3.0,
    "O": -2.0
  },
  "La1Rh1": null,
  "Re1Ti1": null,
  "C3Ce2": {
    "C": -2.0,
    "Ce": 3.0
  },
  "As1La1": {
    "As": -3.0,
    "La": 3.0
  },
  "Na4Si23": {
    "Na": 1.0,
    "Si": -0.17391304347826086
  },
  "Rh5Y1": null,
  "Al2Mg1O4": {
    "Al": 3.0,
    "Mg": 2.0,
    "O": -2.0
  },
  "Ru1Si3Th1": null,
  "Sc1": null,
  "Be2Ta3": null,
  "N1Ni2W3": null,
  "Pt1Sc1Si1": {
    "Pt": 2.0,
    "Sc": 2.0,
    "Si": -4.0
  },
  "Si4Ti5": {
    "Si": -4.0,
    "Ti": 3.2
  },
  "Al1Ir1": null,
  "Cr1P4": {
    "Cr": 4.0,
    "P": -1.0
  },
  "Bi2Th1": null,
  "Ge1Mn1Rh1": null,
  "Al2Au2Th1": null,
  "C60Rb6": {
    "C": -0.1,
    "Rb": 1.0
  },
  "B12Ni1": null,
  "P1Sn3Zr5": null,
  "Bi2O7Ru2": {
    "Bi": 3.0,
    "O": -2.0,
    "Ru": 4.0
  },
  "Os1Ti1": {
    "Os": -2.0,
    "Ti": 2.0
  },
  "Fe1Nb1Sb1": null,
  "Cd2La1Pd1": null,
  "Pt1S1Sb1": {
    "Pt": 5.0,
    "S": -2.0,
    "Sb": -3.0
  },
  "Ho1Ru2Si2": {
    "Ho": 3.0,
    "Ru": 2.5,
    "Si": -4.0
  },
  "N1Re1": {
    "N": -3.0,
    "Re": 3.0
  },
  "Cu1Ga1Te2": {
    "Cu": 1.0,
    "Ga": 3.0,
    "Te": -2.0
  },
  "B3V2": {
    "B": -3.0,
    "V": 4.5
  },
  "B1Rh3Zr1": null,
  "Al1Au2Hf1": null,
  "S1Zn1": {
    "S": -2.0,
    "Zn": 2.0
  },
  "Ca1Li1Si2": null,
  "Dy1Ge1Ir1": null,
  "Ir2Si2Th1": null,
  "O3Rh1Tb1": {
    "O": -2.0,
    "Rh": 3.0,
    "Tb": 3.0
  },
  "Ag1Al1O2": {
    "Ag": 1.0,
    "Al": 3.0,
    "O": -2.0
  },
  "Al1Cr1Cu2": null,
  "Pd4S1": null,
  "Ir3Mo1": null,
  "Ru1Sb1V1": null,
  "Al2Ba1": null,
  "Cr1O4V1": {
    "Cr": 3.0,
    "O": -2.0,
    "V": 5.0
  },
  "Er1Ir1Si1": null,
  "Er5Si3": null,
  "Ag1Pt5Si1": {
    "Ag": 2.0,
    "Pt": -1.2,
    "Si": 4.0
  },
  "Nb1Zn3": null,
  "Hf2Ir1": null,
  "Ge1Mn1Rh2": null,
  "Cd1In2S4": {
    "Cd": 2.0,
    "In": 3.0,
    "S": -2.0
  },
  "Ba2Sb1": null,
  "Cd3Y1": null,
  "B2Ru1": {
    "B": -3.0,
    "Ru": 6.0
  },
  "O2": null,
  "Ni1Tb1": null,
  "Ba1Ce1N2": {
    "Ba": 2.0,
    "Ce": 4.0,
    "N": -3.0
  },
  "In1Pd1Y1": null,
  "O2Ta1": {
    "O": -2.0,
    "Ta": 4.0
  },
  "As1Zn1": {
    "As": -2.0,
    "Zn": 2.0
  },
  "Ag2In1La1": null,
  "Al1C1Tb3": null,
  "Nb3Tl1": null,
  "In1Pd1Th1": null,
  "Er1Sb1": {
    "Er": 3.0,
    "Sb": -3.0
  },
  "O4P1Tb1": {
    "O": -2.0,
    "P": 5.0,
    "Tb": 3.0
  },
  "As1La1Te1": {
    "As": -1.0,
    "La": 3.0,
    "Te": -2.0
  },
  "As3Rh1": {
    "As": -1.0,
    "Rh": 3.0
  },
  "Br3Ga1La3": null,
  "Pd1Sc1Zn1": null,
  "Al1Au1Ca1": null,
  "Cs3Ni1O2": {
    "Cs": 1.0,
    "Ni": 1.0,
    "O": -2.0
  },
  "F6Li1V2": {
    "F": -1.0,
    "Li": 1.0,
    "V": 2.5
  },
  "Dy1Ga3Ru1": null,
  "Ni16Si7Ta6": null,
  "Mo1N1": {
    "Mo": 3.0,
    "N": -3.0
  },
  "Au1Tb1": null,
  "As1Rb3Se16": {
    "As": 5.0,
    "Rb": 1.0,
    "Se": -0.5
  },
  "Cr1O4Tb1": {
    "Cr": 5.0,
    "O": -2.0,
    "Tb": 3.0
  },
  "B1Hf1": null,
  "Ba1O3Pu1": {
    "Ba": 2.0,
    "O": -2.0,
    "Pu": 4.0
  },
  "Ag2In1Y1": null,
  "Cl1O4Tl1": null,
  "Bi1Lu1Ni1": null,
  "N3Ta1Th1": {
    "N": -3.0,
    "Ta": 5.0,
    "Th": 4.0
  },
  "Mn2O3Ta1": null,
  "Cl6K2Mn1": {
    "Cl": -1.0,
    "K": 1.0,
    "Mn": 4.0
  },
  "C2Os1": {
    "C": 1.0,
    "Os": -2.0
  },
  "Ba2Hf1S4": {
    "Ba": 2.0,
    "Hf": 4.0,
    "S": -2.0
  },
  "Er1P1": {
    "Er": 3.0,
    "P": -3.0
  },
  "In3Yb1": null,
  "Be13Tb1": null,
  "Cu1F3K1": {
    "Cu": 2.0,
    "F": -1.0,
    "K": 1.0
  },
  "O4V1Y1": {
    "O": -2.0,
    "V": 5.0,
    "Y": 3.0
  },
  "Ca1In4Rh1": null,
  "La4Sb3": {
    "La": 2.25,
    "Sb": -3.0
  },
  "Ca1O3Ti1": {
    "Ca": 2.0,
    "O": -2.0,
    "Ti": 4.0
  },
  "Bi1Pd1Y1": null,
  "Er3Os1": null,
  "Ba1Ge2P2": {
    "Ba": 2.0,
    "Ge": 2.0,
    "P": -3.0
  },
  "Cu1Dy1Sn1": null,
  "Ge1Mn1Ni2": null,
  "Ru1Sb1": {
    "Ru": 3.0,
    "Sb": -3.0
  },
  "O3Sc2": {
    "O": -2.0,
    "Sc": 3.0
  },
  "Al1La1": null,
  "Bi3Sr1": null,
  "Cu1S4Zr2": {
    "Cu": 1.0,
    "S": -2.0,
    "Zr": 3.5
  },
  "Ba1C2": {
    "Ba": 2.0,
    "C": -1.0
  },
  "As2Cd1Si1": {
    "As": -3.0,
    "Cd": 2.0,
    "Si": 4.0
  },
  "La3Sn1": null,
  "Au1Sb2": {
    "Au": -1.0,
    "Sb": 0.5
  },
  "Ga1Sn2V2": null,
  "Ge1Ir1Tb1": null,
  "Er1Si1": null,
  "Dy1Sb1": {
    "Dy": 3.0,
    "Sb": -3.0
  },
  "Ca1Pd2": null,
  "F3Mg3N1": {
    "F": -1.0,
    "Mg": 2.0,
    "N": -3.0
  },
  "La1Sb1": {
    "La": 3.0,
    "Sb": -3.0
  },
  "Co4Ge13Tb3": null,
  "Co2Ga1Mn1": null,
  "Ca1Hg1": null,
  "Br4Ti1": {
    "Br": -1.0,
    "Ti": 4.0
  },
  "Mg3Sb2": {
    "Mg": 2.0,
    "Sb": -3.0
  },
  "Cu3Nb1S4": {
    "Cu": 1.0,
    "Nb": 5.0,
    "S": -2.0
  },
  "C2Mg1": {
    "C": -1.0,
    "Mg": 2.0
  },
  "As2Ni2U1": {
    "As": -3.0,
    "Ni": 1.5,
    "U": 3.0
  },
  "Co1Ge1Mn1": null,
  "N2W1": {
    "N": -3.0,
    "W": 6.0
  },
  "P3Pd1": {
    "P": -0.6666666666666666,
    "Pd": 2.0
  },
  "Ga2Hf6Ni1": null,
  "Ga6Mn1Tb2": null,
  "Mn1Rh1Sb1": null,
  "K2Se2": {
    "K": 1.0,
    "Se": -1.0
  },
  "F6Na1Sb1": {
    "F": -1.0,
    "Na": 1.0,
    "Sb": 5.0
  },
  "Hf3Ni2Si3": null,
  "Ge1Mn1Pd2": null,
  "Ba1Ge1Pt1": null,
  "Ba3Sn5": null,
  "Cu3Se4Ta1": {
    "Cu": 1.0,
    "Se": -2.0,
    "Ta": 5.0
  },
  "Dy1In1Ir1": null,
  "Ge3Ir1Sr1": null,
  "B1Ir6Zr2": null,
  "Ge6Ho4Rh7": null,
  "Dy1Rh5": null,
  "Ir1V3": null,
  "Ir1Mn1Si1": null,
  "Hg3Y1": null,
  "O3Sr1Tc1": {
    "O": -2.0,
    "Sr": 2.0,
    "Tc": 4.0
  },
  "Ag1Tb1": null,
  "Ag1Dy1Se2": {
    "Ag": 1.0,
    "Dy": 3.0,
    "Se": -2.0
  },
  "Ag1Cu4Er1": null,
  "N4W3": {
    "N": -3.0,
    "W": 4.0
  },
  "C1Nb2": {
    "C": -4.0,
    "Nb": 2.0
  },
  "Ca1O3Pt1": {
    "Ca": 2.0,
    "O": -2.0,
    "Pt": 4.0
  }
}