{
  "As1B1": {
    "As": -3.0,
    "B": 3.0
  },
  "Ba1Ga1H1Si1": {
    "Ba": 2.0,
    "Ga": 3.0,
    "H": -1.0,
    "Si": -4.0
  },
  "Ge1Pt1Ti1": null,
  "As4Be2Sn2": {
    "As": -3.0,
    "Be": 2.0,
    "Sn": 4.0
  },
  "Ir4P8": {
    "Ir": 4.0,
    "P": -2.0
  },
  "Ba2F1N1": {
    "Ba": 2.0,
    "F": -1.0,
    "N": -3.0
  },
  "K2S1": {
    "K": 1.0,
    "S": -2.0
  },
  "B4C4Ca2": {
    "B": 3.0,
    "C": -4.0,
    "Ca": 2.0
  },
  "K2O4Sb2": {
    "K": 1.0,
    "O": -2.0,
    "Sb": 3.0
  },
  "F6Rb2Si1": {
    "F": -1.0,
    "Rb": 1.0,
    "Si": 4.0
  },
  "Au4O4Rb4": {
    "Au": 1.0,
    "O": -2.0,
    "Rb": 1.0
  },
  "Cu3S4Ta1": {
    "Cu": 1.0,
    "S": -2.0,
    "Ta": 5.0
  },
  "C2Pt1Rb2": {
    "C": 0.0,
    "Pt": -2.0,
    "Rb": 1.0
  },
  "C1Cd1N2": {
    "C": 4.0,
    "Cd": 2.0,
    "N": -3.0
  },
  "F1Li1": {
    "F": -1.0,
    "Li": 1.0
  },
  "Li2S1": {
    "Li": 1.0,
    "S": -2.0
  },
  "B2Ba1O6Ti1": {
    "B": 3.0,
    "Ba": 2.0,
    "O": -2.0,
    "Ti": 4.0
  },
  "Al4Se6": {
    "Al": 3.0,
    "Se": -2.0
  },
  "Pd3Rb2S4": {
    "Pd": 2.0,
    "Rb": 1.0,
    "S": -2.0
  },
  "Ga1O6Sr2Ta1": {
    "Ga": 3.0,
    "O": -2.0,
    "Sr": 2.0,
    "Ta": 5.0
  },
  "Cu2F2S2Sr2": {
    "Cu": 1.0,
    "F": -1.0,
    "S": -2.0,
    "Sr": 2.0
  },
  "Cd2Cs2La2Te6": {
    "Cd": 2.0,
    "Cs": 1.0,
    "La": 3.0,
    "Te": -2.0
  },
  "O2P2Y2Zn2": {
    "O": -2.0,
    "P": -3.0,
    "Y": 3.0,
    "Zn": 2.0
  },
  "O2S1Y2": {
    "O": -2.0,
    "S": -2.0,
    "Y": 3.0
  },
  "Ba4O4": {
    "Ba": 2.0,
    "O": -2.0
  },
  "O8P2Tl2": {
    "O": -2.0,
    "P": 5.0,
    "Tl": 3.0
  },
  "F6Rb2Zr1": {
    "F": -1.0,
    "Rb": 1.0,
    "Zr": 4.0
  },
  "F6Hf1Rb2": {
    "F": -1.0,
    "Hf": 4.0,
    "Rb": 1.0
  },
  "F6Na1Rh1Tl2": {
    "F": -1.0,
    "Na": 1.0,
    "Rh": 3.0,
    "Tl": 1.0
  },
  "Ag2Al2Se4": {
    "Ag": 1.0,
    "Al": 3.0,
    "Se": -2.0
  },
  "Cu1O2Rh1": {
    "Cu": 1.0,
    "O": -2.0,
    "Rh": 3.0
  },
  "Ca1Se1": {
    "Ca": 2.0,
    "Se": -2.0
  },
  "Na4Pt2Se4": {
    "Na": 1.0,
    "Pt": 2.0,
    "Se": -2.0
  },
  "Fe2S4": {
    "Fe": 2.0,
    "S": -1.0
  },
  "Cu4Se6Si2": {
    "Cu": 1.0,
    "Se": -2.0,
    "Si": 4.0
  },
  "Be3F6": {
    "Be": 2.0,
    "F": -1.0
  },
  "P8Rh4": {
    "P": -2.0,
    "Rh": 4.0
  },
  "B1N1": {
    "B": 3.0,
    "N": -3.0
  },
  "Ca1F8Hf1Li2": {
    "Ca": 2.0,
    "F": -1.0,
    "Hf": 4.0,
    "Li": 1.0
  },
  "Ag2Ba2F2Te2": {
    "Ag": 1.0,
    "Ba": 2.0,
    "F": -1.0,
    "Te": -2.0
  },
  "Al1N1": {
    "Al": 3.0,
    "N": -3.0
  },
  "Cs1F1": {
    "Cs": 1.0,
    "F": -1.0
  },
  "Sr1Te1": {
    "Sr": 2.0,
    "Te": -2.0
  },
  "Li2O1": {
    "Li": 1.0,
    "O": -2.0
  },
  "F6Mg1Pb1": {
    "F": -1.0,
    "Mg": 2.0,
    "Pb": 4.0
  },
  "Ag2In2S4": {
    "Ag": 1.0,
    "In": 3.0,
    "S": -2.0
  },
  "As2O6Pb1": {
    "As": 5.0,
    "O": -2.0,
    "Pb": 2.0
  },
  "In2Te4Zn1": {
    "In": 3.0,
    "Te": -2.0,
    "Zn": 2.0
  },
  "Pb1S1": {
    "Pb": 2.0,
    "S": -2.0
  },
  "As4In2K4Na2": {
    "As": -3.0,
    "In": 3.0,
    "K": 1.0,
    "Na": 1.0
  },
  "In2K4Na2P4": {
    "In": 3.0,
    "K": 1.0,
    "Na": 1.0,
    "P": -3.0
  },
  "F1Tl1": {
    "F": -1.0,
    "Tl": 1.0
  },
  "Cu2In2Te4": {
    "Cu": 1.0,
    "In": 3.0,
    "Te": -2.0
  },
  "Na2O2Pt1": {
    "Na": 1.0,
    "O": -2.0,
    "Pt": 2.0
  },
  "Cl4K2Pt1": {
    "Cl": -1.0,
    "K": 1.0,
    "Pt": 2.0
  },
  "Ca2Cl1N1": {
    "Ca": 2.0,
    "Cl": -1.0,
    "N": -3.0
  },
  "Cl2F2Sr2": {
    "Cl": -1.0,
    "F": -1.0,
    "Sr": 2.0
  },
  "Br1Ca2N1": {
    "Br": -1.0,
    "Ca": 2.0,
    "N": -3.0
  },
  "Br2F8K2": null,
  "Ba2Cl2H2": {
    "Ba": 2.0,
    "Cl": -1.0,
    "H": -1.0
  },
  "Ba2S6": {
    "Ba": 2.0,
    "S": -0.6666666666666666
  },
  "H1K1": {
    "H": -1.0,
    "K": 1.0
  },
  "H6Ru1Sr2": {
    "H": -1.0,
    "Ru": 2.0,
    "Sr": 2.0
  },
  "Br2H2Sr2": {
    "Br": -1.0,
    "H": -1.0,
    "Sr": 2.0
  },
  "Ba2Br2H2": {
    "Ba": 2.0,
    "Br": -1.0,
    "H": -1.0
  },
  "H4K2N2": {
    "H": 1.0,
    "K": 1.0,
    "N": -3.0
  },
  "H1Rb1": {
    "H": -1.0,
    "Rb": 1.0
  },
  "O6Te2": {
    "O": -2.0,
    "Te": 6.0
  },
  "Ca1O1": {
    "Ca": 2.0,
    "O": -2.0
  },
  "Mg3Sb2": {
    "Mg": 2.0,
    "Sb": -3.0
  },
  "O4Ti2": {
    "O": -2.0,
    "Ti": 4.0
  },
  "Au4O6": {
    "Au": 3.0,
    "O": -2.0
  },
  "Cl6Rb2Se1": {
    "Cl": -1.0,
    "Rb": 1.0,
    "Se": 4.0
  },
  "Fe4S4Sb4": {
    "Fe": 3.0,
    "S": -2.0,
    "Sb": -1.0
  },
  "Cu1K5Sb2": {
    "Cu": 1.0,
    "K": 1.0,
    "Sb": -3.0
  },
  "P4Pd2": {
    "P": -1.0,
    "Pd": 2.0
  },
  "Cs2I2O6": {
    "Cs": 1.0,
    "I": 5.0,
    "O": -2.0
  },
  "Ca4I2N2": {
    "Ca": 2.0,
    "I": -1.0,
    "N": -3.0
  },
  "As1Ca2I1": {
    "As": -3.0,
    "Ca": 2.0,
    "I": -1.0
  },
  "H1Se1Y1": {
    "H": -1.0,
    "Se": -2.0,
    "Y": 3.0
  },
  "Cl1Li4N1": {
    "Cl": -1.0,
    "Li": 1.0,
    "N": -3.0
  },
  "Be4Li4N4": {
    "Be": 2.0,
    "Li": 1.0,
    "N": -3.0
  },
  "Li2N2Sr2": {
    "Li": 1.0,
    "N": -3.0,
    "Sr": 2.0
  },
  "Br3Ca1Cs1": {
    "Br": -1.0,
    "Ca": 2.0,
    "Cs": 1.0
  },
  "As4Cd2Si2": {
    "As": -3.0,
    "Cd": 2.0,
    "Si": 4.0
  },
  "Bi1Co1Zr1": null,
  "Ru1Sb1Ta1": null,
  "Ca4Li4N4": {
    "Ca": 2.0,
    "Li": 1.0,
    "N": -3.0
  },
  "Al2Cd1Se4": {
    "Al": 3.0,
    "Cd": 2.0,
    "Se": -2.0
  },
  "Li2N2Zr1": {
    "Li": 1.0,
    "N": -3.0,
    "Zr": 4.0
  },
  "Au2F8Rb2": {
    "Au": 3.0,
    "F": -1.0,
    "Rb": 1.0
  },
  "H2N4P2": {
    "H": 1.0,
    "N": -3.0,
    "P": 5.0
  },
  "Ca1F3Rb1": {
    "Ca": 2.0,
    "F": -1.0,
    "Rb": 1.0
  },
  "Cu3S4V1": {
    "Cu": 1.0,
    "S": -2.0,
    "V": 5.0
  },
  "Ba1Ga2Te4": {
    "Ba": 2.0,
    "Ga": 3.0,
    "Te": -2.0
  },
  "Ba1O3Zr1": {
    "Ba": 2.0,
    "O": -2.0,
    "Zr": 4.0
  },
  "Ga4Te6": {
    "Ga": 3.0,
    "Te": -2.0
  },
  "C2Ca2O6": {
    "C": 4.0,
    "Ca": 2.0,
    "O": -2.0
  },
  "F6Li2Zr1": {
    "F": -1.0,
    "Li": 1.0,
    "Zr": 4.0
  },
  "Cu3Nb1Se4": {
    "Cu": 1.0,
    "Nb": 5.0,
    "Se": -2.0
  },
  "N4O4Ta4": {
    "N": -3.0,
    "O": -2.0,
    "Ta": 5.0
  },
  "La2O2Te1": {
    "La": 3.0,
    "O": -2.0,
    "Te": -2.0
  },
  "Hf2O8Si2": {
    "Hf": 4.0,
    "O": -2.0,
    "Si": 4.0
  },
  "As4Co4S4": {
    "As": 0.0,
    "Co": 2.0,
    "S": -2.0
  },
  "Mn2P8": {
    "Mn": 2.0,
    "P": -0.5
  },
  "Hg1Na2O2": {
    "Hg": 2.0,
    "Na": 1.0,
    "O": -2.0
  },
  "Nb1Ru1Sb1": null,
  "Li5O6Re1": {
    "Li": 1.0,
    "O": -2.0,
    "Re": 7.0
  },
  "Cs2Pd3S4": {
    "Cs": 1.0,
    "Pd": 2.0,
    "S": -2.0
  },
  "O8P2Y2": {
    "O": -2.0,
    "P": 5.0,
    "Y": 3.0
  },
  "Cs2Na2Te2": {
    "Cs": 1.0,
    "Na": 1.0,
    "Te": -2.0
  },
  "Na2S4Sb2": {
    "Na": 1.0,
    "S": -2.0,
    "Sb": 3.0
  },
  "Br6Cd2Cs2": {
    "Br": -1.0,
    "Cd": 2.0,
    "Cs": 1.0
  },
  "Ba2O6Te2": {
    "Ba": 2.0,
    "O": -2.0,
    "Te": 4.0
  },
  "Al1F4Rb1": {
    "Al": 3.0,
    "F": -1.0,
    "Rb": 1.0
  },
  "Bi2Br2O4Sr2": {
    "Bi": 3.0,
    "Br": -1.0,
    "O": -2.0,
    "Sr": 2.0
  },
  "Cu2La2O2Se2": {
    "Cu": 1.0,
    "La": 3.0,
    "O": -2.0,
    "Se": -2.0
  },
  "O4Sr2Ti1": {
    "O": -2.0,
    "Sr": 2.0,
    "Ti": 4.0
  },
  "Ba2La1Nb1O6": {
    "Ba": 2.0,
    "La": 3.0,
    "Nb": 5.0,
    "O": -2.0
  },
  "Cs2Cu2O4": {
    "Cs": 1.0,
    "Cu": 3.0,
    "O": -2.0
  },
  "Cs1Nb1O8P2": {
    "Cs": 1.0,
    "Nb": 5.0,
    "O": -2.0,
    "P": 5.0
  },
  "Cs2Na2O6Ti2": {
    "Cs": 1.0,
    "Na": 1.0,
    "O": -2.0,
    "Ti": 4.0
  },
  "O7Si2Y2": {
    "O": -2.0,
    "Si": 4.0,
    "Y": 3.0
  },
  "Cl6Cs2Li1Y1": {
    "Cl": -1.0,
    "Cs": 1.0,
    "Li": 1.0,
    "Y": 3.0
  },
  "Au2Cs2Se6": {
    "Au": 5.0,
    "Cs": 1.0,
    "Se": -2.0
  },
  "Au2Br6Cs2": {
    "Au": 2.0,
    "Br": -1.0,
    "Cs": 1.0
  },
  "Al1Ba1H1Si1": {
    "Al": 3.0,
    "Ba": 2.0,
    "H": -1.0,
    "Si": -4.0
  },
  "Ca4Cu2P6Zn4": {
    "Ca": 2.0,
    "Cu": 1.0,
    "P": -3.0,
    "Zn": 2.0
  },
  "As2K4Zn1": {
    "As": -3.0,
    "K": 1.0,
    "Zn": 2.0
  },
  "Cs1K2Sb1": {
    "Cs": 1.0,
    "K": 1.0,
    "Sb": -3.0
  },
  "Cd1F6Pt1": {
    "Cd": 2.0,
    "F": -1.0,
    "Pt": 4.0
  },
  "F3K1Zn1": {
    "F": -1.0,
    "K": 1.0,
    "Zn": 2.0
  },
  "Cs2F6Na1Sc1": {
    "Cs": 1.0,
    "F": -1.0,
    "Na": 1.0,
    "Sc": 3.0
  },
  "Cs2H2O2": {
    "Cs": 1.0,
    "H": 1.0,
    "O": -2.0
  },
  "Cu2Ge1S4Zn1": {
    "Cu": 1.0,
    "Ge": 4.0,
    "S": -2.0,
    "Zn": 2.0
  },
  "H4K2O4P2": {
    "H": 1.0,
    "K": 1.0,
    "O": -2.0,
    "P": 1.0
  },
  "Ca2Cl2H2O2": {
    "Ca": 2.0,
    "Cl": -1.0,
    "H": 1.0,
    "O": -2.0
  },
  "H6Mg2Os1": {
    "H": -0.3333333333333333,
    "Mg": 2.0,
    "Os": -2.0
  },
  "H4K2Pd1": {
    "H": -1.0,
    "K": 1.0,
    "Pd": 2.0
  },
  "H2Rb2S2": {
    "H": 1.0,
    "Rb": 1.0,
    "S": -2.0
  },
  "Ba2H6Ru1": {
    "Ba": 2.0,
    "H": -1.0,
    "Ru": 2.0
  },
  "Ba2H6Os1": {
    "Ba": 2.0,
    "H": -0.3333333333333333,
    "Os": -2.0
  },
  "Ag4Na4O4": {
    "Ag": 1.0,
    "Na": 1.0,
    "O": -2.0
  },
  "Ca1Hg1O2": {
    "Ca": 2.0,
    "Hg": 2.0,
    "O": -2.0
  },
  "La2O2P2Zn2": {
    "La": 3.0,
    "O": -2.0,
    "P": -3.0,
    "Zn": 2.0
  },
  "Pt1Sb1Sc1": {
    "Pt": -2.0,
    "Sb": -1.0,
    "Sc": 3.0
  },
  "Al2Os1": null,
  "Cs2Hg1O2": {
    "Cs": 1.0,
    "Hg": 2.0,
    "O": -2.0
  },
  "Cs4Se6": {
    "Cs": 1.0,
    "Se": -0.6666666666666666
  },
  "F8Sn4": {
    "F": -1.0,
    "Sn": 2.0
  },
  "Au2O4Rb2": {
    "Au": 3.0,
    "O": -2.0,
    "Rb": 1.0
  },
  "As2O6Sr1": {
    "As": 5.0,
    "O": -2.0,
    "Sr": 2.0
  },
  "Li5O5Ta1": {
    "Li": 1.0,
    "O": -2.0,
    "Ta": 5.0
  },
  "Ca1Ge1Li2O4": {
    "Ca": 2.0,
    "Ge": 4.0,
    "Li": 1.0,
    "O": -2.0
  },
  "Li2O6Sb2": {
    "Li": 1.0,
    "O": -2.0,
    "Sb": 5.0
  },
  "Bi2Ca2K2": null,
  "K1Li1S2Zn1": {
    "K": 1.0,
    "Li": 1.0,
    "S": -2.0,
    "Zn": 2.0
  },
  "F6Ge1K2": {
    "F": -1.0,
    "Ge": 4.0,
    "K": 1.0
  },
  "Al1O4P1": {
    "Al": 3.0,
    "O": -2.0,
    "P": 5.0
  },
  "Al2Se4Zn1": {
    "Al": 3.0,
    "Se": -2.0,
    "Zn": 2.0
  },
  "Al2Te4Zn1": {
    "Al": 3.0,
    "Te": -2.0,
    "Zn": 2.0
  },
  "Al2Cd1Te4": {
    "Al": 3.0,
    "Cd": 2.0,
    "Te": -2.0
  },
  "Al2Hg1Te4": {
    "Al": 3.0,
    "Hg": 2.0,
    "Te": -2.0
  },
  "Cu4K4O4": {
    "Cu": 1.0,
    "K": 1.0,
    "O": -2.0
  },
  "Ca1F6Pd1": {
    "Ca": 2.0,
    "F": -1.0,
    "Pd": 4.0
  },
  "K2Pt1S2": {
    "K": 1.0,
    "Pt": 2.0,
    "S": -2.0
  },
  "Pt1Rb2S2": {
    "Pt": 2.0,
    "Rb": 1.0,
    "S": -2.0
  },
  "K2Nb2S4": {
    "K": 1.0,
    "Nb": 3.0,
    "S": -2.0
  },
  "Na2Nb2Se4": {
    "Na": 1.0,
    "Nb": 3.0,
    "Se": -2.0
  },
  "K1La1O2": {
    "K": 1.0,
    "La": 3.0,
    "O": -2.0
  },
  "K4O4Zn2": {
    "K": 1.0,
    "O": -2.0,
    "Zn": 2.0
  },
  "Ba1Mg2P2": {
    "Ba": 2.0,
    "Mg": 2.0,
    "P": -3.0
  },
  "Ba1Cd2P2": {
    "Ba": 2.0,
    "Cd": 2.0,
    "P": -3.0
  },
  "Ba2O4Zr1": {
    "Ba": 2.0,
    "O": -2.0,
    "Zr": 4.0
  },
  "Cs4Te4": {
    "Cs": 1.0,
    "Te": -1.0
  },
  "Cd1Cs1F3": {
    "Cd": 2.0,
    "Cs": 1.0,
    "F": -1.0
  },
  "Ag2As2Na4": {
    "Ag": 1.0,
    "As": -3.0,
    "Na": 1.0
  },
  "Cu2K4P2": {
    "Cu": 1.0,
    "K": 1.0,
    "P": -3.0
  },
  "Cd2O8S2": {
    "Cd": 2.0,
    "O": -2.0,
    "S": 6.0
  },
  "B2Nb2O8": {
    "B": 3.0,
    "Nb": 5.0,
    "O": -2.0
  },
  "Au1Ba2Sb1": {
    "Au": -1.0,
    "Ba": 2.0,
    "Sb": -3.0
  },
  "Au1Ba2Bi1": null,
  "Cs2Na2Se2": {
    "Cs": 1.0,
    "Na": 1.0,
    "Se": -2.0
  },
  "B2O6Sc2": {
    "B": 3.0,
    "O": -2.0,
    "Sc": 3.0
  },
  "Na3Sb1Se4": {
    "Na": 1.0,
    "Sb": 5.0,
    "Se": -2.0
  },
  "K4O6Te2": {
    "K": 1.0,
    "O": -2.0,
    "Te": 4.0
  },
  "K2Li2Se2": {
    "K": 1.0,
    "Li": 1.0,
    "Se": -2.0
  },
  "B1Li1O4Si1": {
    "B": 3.0,
    "Li": 1.0,
    "O": -2.0,
    "Si": 4.0
  },
  "Cd1O6Sb2": {
    "Cd": 2.0,
    "O": -2.0,
    "Sb": 5.0
  },
  "In2O8Ta2": {
    "In": 3.0,
    "O": -2.0,
    "Ta": 5.0
  },
  "Au2Rb2Te2": {
    "Au": 1.0,
    "Rb": 1.0,
    "Te": -2.0
  },
  "Cu2Na2S6Zr2": {
    "Cu": 1.0,
    "Na": 1.0,
    "S": -2.0,
    "Zr": 4.0
  },
  "Ba2Cu2F2Se2": {
    "Ba": 2.0,
    "Cu": 1.0,
    "F": -1.0,
    "Se": -2.0
  },
  "F2K2O4Se2": {
    "F": -1.0,
    "K": 1.0,
    "O": -2.0,
    "Se": 4.0
  },
  "Hf1N2Sr1": {
    "Hf": 4.0,
    "N": -3.0,
    "Sr": 2.0
  },
  "Au3Cs1S2": {
    "Au": 1.0,
    "Cs": 1.0,
    "S": -2.0
  },
  "As2Ca1Mg2": {
    "As": -3.0,
    "Ca": 2.0,
    "Mg": 2.0
  },
  "As2Ca1Zn2": {
    "As": -3.0,
    "Ca": 2.0,
    "Zn": 2.0
  },
  "Be2Li2Sb2": {
    "Be": 2.0,
    "Li": 1.0,
    "Sb": -3.0
  },
  "Pd1Sn1Ti1": null,
  "Pd1Sn1Zr1": null,
  "Pt1Si1Zr1": {
    "Pt": 2.0,
    "Si": -4.0,
    "Zr": 2.0
  },
  "Ag2Al2O4": {
    "Ag": 1.0,
    "Al": 3.0,
    "O": -2.0
  },
  "K2O1": {
    "K": 1.0,
    "O": -2.0
  },
  "B2P4Rb6": {
    "B": 3.0,
    "P": -3.0,
    "Rb": 1.0
  },
  "Al2C2O2Sc2": {
    "Al": 3.0,
    "C": -4.0,
    "O": -2.0,
    "Sc": 3.0
  },
  "Ag2Hf2Rb2Te6": {
    "Ag": 1.0,
    "Hf": 4.0,
    "Rb": 1.0,
    "Te": -2.0
  },
  "Ga1H1Si1Sr1": {
    "Ga": 3.0,
    "H": -1.0,
    "Si": -4.0,
    "Sr": 2.0
  },
  "Al1Ge1H1Sr1": null,
  "Al2B2Ba1O7": {
    "Al": 3.0,
    "B": 3.0,
    "Ba": 2.0,
    "O": -2.0
  },
  "Cs4Se6Zr2": {
    "Cs": 1.0,
    "Se": -2.0,
    "Zr": 4.0
  },
  "N6W2Y2": {
    "N": -3.0,
    "W": 6.0,
    "Y": 3.0
  },
  "Al1Cs2H6In1": {
    "Al": 3.0,
    "Cs": 1.0,
    "H": -1.0,
    "In": 1.0
  },
  "Cl6Cs2In1Na1": {
    "Cl": -1.0,
    "Cs": 1.0,
    "In": 3.0,
    "Na": 1.0
  },
  "Cs2H6In1Na1": {
    "Cs": 1.0,
    "H": -0.6666666666666666,
    "In": 1.0,
    "Na": 1.0
  },
  "Ca2Mo2N6": {
    "Ca": 2.0,
    "Mo": 6.0,
    "N": -2.6666666666666665
  },
  "Ag4Ge2S6": {
    "Ag": 1.0,
    "Ge": 4.0,
    "S": -2.0
  },
  "Li2Sb2Zn2": {
    "Li": 1.0,
    "Sb": -3.0,
    "Zn": 2.0
  },
  "Au2Li2O4": {
    "Au": 3.0,
    "Li": 1.0,
    "O": -2.0
  },
  "Au2K2O4": {
    "Au": 3.0,
    "K": 1.0,
    "O": -2.0
  },
  "Au2Cd2O4": {
    "Au": 2.0,
    "Cd": 2.0,
    "O": -2.0
  },
  "Cu2Na2O4": {
    "Cu": 3.0,
    "Na": 1.0,
    "O": -2.0
  }
}