{
  "Br2N2Zr2": {
    "Br": -1.0,
    "N": -3.0,
    "Zr": 4.0
  },
  "O6Pd2Se2": {
    "O": -2.0,
    "Pd": 4.0,
    "Se": 2.0
  },
  "Br4Nb2O2": {
    "Br": -1.0,
    "Nb": 4.0,
    "O": -2.0
  },
  "O2V1": {
    "O": -2.0,
    "V": 4.0
  },
  "I2Ni1": {
    "I": -1.0,
    "Ni": 2.0
  },
  "I2Th1": null,
  "Ce2I2Si2": null,
  "Ge2Te2Zr2": null,
  "Au2Br2": {
    "Au": 1.0,
    "Br": -1.0
  },
  "Au2Te4": {
    "Au": 4.0,
    "Te": -2.0
  },
  "Se4Ti1Zr1": {
    "Se": -2.0,
    "Ti": 4.0,
    "Zr": 4.0
  },
  "Se2Ta4": null,
  "Sb3Si1": {
    "Sb": -1.3333333333333333,
    "Si": 4.0
  },
  "O2W1": {
    "O": -2.0,
    "W": 4.0
  },
  "Ba2N1": null,
  "Ba2S4Zr1": {
    "Ba": 2.0,
    "S": -2.0,
    "Zr": 4.0
  },
  "Ag1N1O2": {
    "Ag": 1.0,
    "N": 3.0,
    "O": -2.0
  },
  "I6U2": {
    "I": -1.0,
    "U": 3.0
  },
  "Cl6Tb2": {
    "Cl": -1.0,
    "Tb": 3.0
  },
  "Cl2Tb2": null,
  "F2Np1O2": {
    "F": -1.0,
    "Np": 6.0,
    "O": -2.0
  },
  "Bi1Br1Te1": {
    "Bi": 3.0,
    "Br": -1.0,
    "Te": -2.0
  },
  "O2Tl4": {
    "O": -2.0,
    "Tl": 1.0
  },
  "Cl2O2Y2": {
    "Cl": -1.0,
    "O": -2.0,
    "Y": 3.0
  },
  "As1Na3": {
    "As": -3.0,
    "Na": 1.0
  },
  "Ag1Er1P2Se6": {
    "Ag": 1.0,
    "Er": 3.0,
    "P": 4.0,
    "Se": -2.0
  },
  "S4Si2": {
    "S": -2.0,
    "Si": 4.0
  },
  "Te2Ti1": {
    "Te": -2.0,
    "Ti": 4.0
  },
  "Te6Zr2": {
    "Te": -1.0,
    "Zr": 3.0
  },
  "Se2Sn2": {
    "Se": -2.0,
    "Sn": 2.0
  },
  "Ir1Te2": {
    "Ir": 4.0,
    "Te": -2.0
  },
  "Rh1Te2": {
    "Rh": 4.0,
    "Te": -2.0
  },
  "I2S2Sb2": {
    "I": -1.0,
    "S": -2.0,
    "Sb": 3.0
  },
  "Cl2Mg1": {
    "Cl": -1.0,
    "Mg": 2.0
  },
  "Cl6P2": {
    "Cl": -1.0,
    "P": 3.0
  },
  "I6Sb2": {
    "I": -1.0,
    "Sb": 3.0
  },
  "Bi4I2Te2": {
    "Bi": 1.5,
    "I": -1.0,
    "Te": -2.0
  },
  "Ni1Te2": {
    "Ni": 4.0,
    "Te": -2.0
  },
  "Hg2P2S6": {
    "Hg": 1.0,
    "P": 5.0,
    "S": -2.0
  },
  "Cl4Nb2Se4": {
    "Cl": -1.0,
    "Nb": 3.0,
    "Se": -0.5
  },
  "Cl12Cr4": {
    "Cl": -1.0,
    "Cr": 3.0
  },
  "I4Te8": {
    "I": -1.0,
    "Te": 0.5
  },
  "Ge8I8S12": {
    "Ge": 4.0,
    "I": -1.0,
    "S": -2.0
  },
  "Cl2Ti1": {
    "Cl": -1.0,
    "Ti": 2.0
  },
  "Cl6V2": {
    "Cl": -1.0,
    "V": 3.0
  },
  "Au1Cl7Te1": {
    "Au": 3.0,
    "Cl": -1.0,
    "Te": 4.0
  },
  "Hf3Te2": null,
  "Ag1Ga1P2Se6": {
    "Ag": 1.0,
    "Ga": 3.0,
    "P": 4.0,
    "Se": -2.0
  },
  "P4Pd4S4": {
    "P": -1.0,
    "Pd": 3.0,
    "S": -2.0
  },
  "Nd2Te6": {
    "Nd": 3.0,
    "Te": -1.0
  },
  "Ag1P2S6Sc1": {
    "Ag": 1.0,
    "P": 4.0,
    "S": -2.0,
    "Sc": 3.0
  },
  "S8Tc4": {
    "S": -2.0,
    "Tc": 4.0
  },
  "Cl2Er2S2": {
    "Cl": -1.0,
    "Er": 3.0,
    "S": -2.0
  },
  "In2S2": {
    "In": 2.0,
    "S": -2.0
  },
  "Bi1Cl1Te1": {
    "Bi": 3.0,
    "Cl": -1.0,
    "Te": -2.0
  },
  "Bi2Cl2O2": {
    "Bi": 3.0,
    "Cl": -1.0,
    "O": -2.0
  },
  "I2N2Zr2": {
    "I": -1.0,
    "N": -3.0,
    "Zr": 4.0
  },
  "C1Cl2Sc2": {
    "C": -4.0,
    "Cl": -1.0,
    "Sc": 3.0
  },
  "I2O2Tm2": {
    "I": -1.0,
    "O": -2.0,
    "Tm": 3.0
  },
  "B1P1S4": {
    "B": 3.0,
    "P": 5.0,
    "S": -2.0
  },
  "Cl2N2Th2": {
    "Cl": -1.0,
    "N": -3.0,
    "Th": 4.0
  },
  "Bi2Se1Te2": {
    "Bi": 3.0,
    "Se": -2.0,
    "Te": -2.0
  },
  "Br2Nd2O2": {
    "Br": -1.0,
    "Nd": 3.0,
    "O": -2.0
  },
  "Ba1O2": null,
  "Bi2O4Rb2": {
    "Bi": 3.0,
    "O": -2.0,
    "Rb": 1.0
  },
  "Au2Rb2S2": {
    "Au": 1.0,
    "Rb": 1.0,
    "S": -2.0
  },
  "As2I6": {
    "As": 3.0,
    "I": -1.0
  },
  "F2I2Sr2": {
    "F": -1.0,
    "I": -1.0,
    "Sr": 2.0
  },
  "Au2K2Se2": {
    "Au": 1.0,
    "K": 1.0,
    "Se": -2.0
  },
  "Cl2Cr2O2": {
    "Cl": -1.0,
    "Cr": 3.0,
    "O": -2.0
  },
  "Br2O2V2": {
    "Br": -1.0,
    "O": -2.0,
    "V": 3.0
  },
  "As2Ce1Li2": {
    "As": -3.0,
    "Ce": 4.0,
    "Li": 1.0
  },
  "Hf2Te10": {
    "Hf": 4.0,
    "Te": -0.8
  },
  "P2Pd3S8": {
    "P": 5.0,
    "Pd": 2.0,
    "S": -2.0
  },
  "As2S6Sn1Tl2": {
    "As": 4.0,
    "S": -2.0,
    "Sn": 2.0,
    "Tl": 1.0
  },
  "Sb6Te6": {
    "Sb": 2.0,
    "Te": -2.0
  },
  "Br10Pr4": null,
  "N2Te2U2": {
    "N": -3.0,
    "Te": -2.0,
    "U": 5.0
  },
  "Br2O2Pu2": {
    "Br": -1.0,
    "O": -2.0,
    "Pu": 3.0
  },
  "Ca2Si2": null,
  "I6Tl2": {
    "I": -1.0,
    "Tl": 3.0
  },
  "H2Mg5O6": {
    "H": 1.0,
    "Mg": 2.0,
    "O": -2.0
  },
  "I7Se1Ta3": {
    "I": -1.0,
    "Se": -2.0,
    "Ta": 3.0
  },
  "Cl2Ga2Te2": {
    "Cl": -1.0,
    "Ga": 3.0,
    "Te": -2.0
  },
  "Al2Cl2O2": {
    "Al": 3.0,
    "Cl": -1.0,
    "O": -2.0
  },
  "Cl16Nb4": {
    "Cl": -1.0,
    "Nb": 4.0
  },
  "Br7Nb3S1": {
    "Br": -1.0,
    "Nb": 3.0,
    "S": -2.0
  },
  "Lu4P4S16": {
    "Lu": 3.0,
    "P": 5.0,
    "S": -2.0
  },
  "I8Pd4": {
    "I": -1.0,
    "Pd": 2.0
  },
  "Cl2O2Yb2": {
    "Cl": -1.0,
    "O": -2.0,
    "Yb": 3.0
  },
  "Er2Te6": {
    "Er": 3.0,
    "Te": -1.0
  },
  "C2Cl5Pr4": {
    "C": -3.5,
    "Cl": -1.0,
    "Pr": 3.0
  },
  "Br6Ti2": {
    "Br": -1.0,
    "Ti": 3.0
  },
  "H4O8Te2": {
    "H": 1.0,
    "O": -2.0,
    "Te": 6.0
  },
  "Br2H4Tb2": {
    "Br": -1.0,
    "H": -1.0,
    "Tb": 3.0
  },
  "Ir1Nb3Se8": {
    "Ir": 3.0,
    "Nb": 4.333333333333333,
    "Se": -2.0
  },
  "I2O2Y2": {
    "I": -1.0,
    "O": -2.0,
    "Y": 3.0
  },
  "Br2O2Pr2": {
    "Br": -1.0,
    "O": -2.0,
    "Pr": 3.0
  },
  "C2O6V1": {
    "C": 4.0,
    "O": -2.0,
    "V": 4.0
  },
  "Co3O8Ti1": {
    "Co": 4.0,
    "O": -2.0,
    "Ti": 4.0
  },
  "I2Lu2O2": {
    "I": -1.0,
    "Lu": 3.0,
    "O": -2.0
  },
  "Ag2Bi2O4": {
    "Ag": 1.0,
    "Bi": 3.0,
    "O": -2.0
  },
  "B4Cl8": null,
  "Cl2Co1O8": null
}