{
  "Al2Na2Te4": {
    "Al": 3.0,
    "Na": 1.0,
    "Te": -2.0
  },
  "Ba1F3Li1": {
    "Ba": 2.0,
    "F": -1.0,
    "Li": 1.0
  },
  "O4Rb2Sb2": {
    "O": -2.0,
    "Rb": 1.0,
    "Sb": 3.0
  },
  "Ba4Ca4Sn4": null,
  "Rb2Se1": {
    "Rb": 1.0,
    "Se": -2.0
  },
  "Hf1Pd1Sn1": null,
  "Ca4Ge4Sr4": null,
  "Cd2Te2": {
    "Cd": 2.0,
    "Te": -2.0
  },
  "K6S6": {
    "K": 1.0,
    "S": -1.0
  },
  "Al2Ba1O7Sb2": {
    "Al": 3.0,
    "Ba": 2.0,
    "O": -2.0,
    "Sb": 3.0
  },
  "Ag1Sc1Se2": {
    "Ag": 1.0,
    "Sc": 3.0,
    "Se": -2.0
  },
  "Ca6P6": {
    "Ca": 2.0,
    "P": -2.0
  },
  "Cs4Pt2": {
    "Cs": 1.0,
    "Pt": -2.0
  },
  "F8Pd2": {
    "F": -1.0,
    "Pd": 4.0
  },
  "F6Sn1Zn1": {
    "F": -1.0,
    "Sn": 4.0,
    "Zn": 2.0
  },
  "Cd1Ga2Te4": {
    "Cd": 2.0,
    "Ga": 3.0,
    "Te": -2.0
  },
  "F6Pd1Zn1": {
    "F": -1.0,
    "Pd": 4.0,
    "Zn": 2.0
  },
  "P4Ru2": {
    "P": -1.0,
    "Ru": 2.0
  },
  "Co4P8": {
    "Co": 2.0,
    "P": -1.0
  },
  "B2Ca1O6Sn1": {
    "B": 3.0,
    "Ca": 2.0,
    "O": -2.0,
    "Sn": 4.0
  },
  "P4Ru1Si4": {
    "P": 3.0,
    "Ru": 4.0,
    "Si": -4.0
  },
  "Ba1S1": {
    "Ba": 2.0,
    "S": -2.0
  },
  "Ca1Te1": {
    "Ca": 2.0,
    "Te": -2.0
  },
  "Be1Se1": {
    "Be": 2.0,
    "Se": -2.0
  },
  "As6Rb4": {
    "As": -0.6666666666666666,
    "Rb": 1.0
  },
  "As8Ir4": {
    "As": -2.0,
    "Ir": 4.0
  },
  "K1La1S2": {
    "K": 1.0,
    "La": 3.0,
    "S": -2.0
  },
  "Au2Li6S4": {
    "Au": 1.0,
    "Li": 1.0,
    "S": -2.0
  },
  "B12": {
    "B": 0.0
  },
  "K2Te1": {
    "K": 1.0,
    "Te": -2.0
  },
  "F4Zn2": {
    "F": -1.0,
    "Zn": 2.0
  },
  "Ru4Se8": {
    "Ru": 4.0,
    "Se": -2.0
  },
  "La2O3": {
    "La": 3.0,
    "O": -2.0
  },
  "Hg1In2Te4": {
    "Hg": 2.0,
    "In": 3.0,
    "Te": -2.0
  },
  "As4Fe2": {
    "As": -1.5,
    "Fe": 3.0
  },
  "In2Li2Se4": {
    "In": 3.0,
    "Li": 1.0,
    "Se": -2.0
  },
  "Ag2In2O4": {
    "Ag": 1.0,
    "In": 3.0,
    "O": -2.0
  },
  "B16Cr4Y4": {
    "B": -1.5,
    "Cr": 3.0,
    "Y": 3.0
  },
  "Ge4Pt4Se4": {
    "Ge": 4.0,
    "Pt": -2.0,
    "Se": -2.0
  },
  "In1Na1Se2": {
    "In": 3.0,
    "Na": 1.0,
    "Se": -2.0
  },
  "In2Se4Zn1": {
    "In": 3.0,
    "Se": -2.0,
    "Zn": 2.0
  },
  "Li2Se1": {
    "Li": 1.0,
    "Se": -2.0
  },
  "Br4Ca2": {
    "Br": -1.0,
    "Ca": 2.0
  },
  "Cl1Li1": {
    "Cl": -1.0,
    "Li": 1.0
  },
  "Cl4Zn2": {
    "Cl": -1.0,
    "Zn": 2.0
  },
  "I2Na4O1": {
    "I": -1.0,
    "Na": 1.0,
    "O": -2.0
  },
  "Bi2O8Sb2": {
    "Bi": 3.0,
    "O": -2.0,
    "Sb": 5.0
  },
  "Cl2La2O2": {
    "Cl": -1.0,
    "La": 3.0,
    "O": -2.0
  },
  "Cl6Rb2Sn1": {
    "Cl": -1.0,
    "Rb": 1.0,
    "Sn": 4.0
  },
  "Ag1Br1": {
    "Ag": 1.0,
    "Br": -1.0
  },
  "Br6La2": {
    "Br": -1.0,
    "La": 3.0
  },
  "Au2Cl6Cs2": {
    "Au": 2.0,
    "Cl": -1.0,
    "Cs": 1.0
  },
  "Ba1H3Li1": {
    "Ba": 2.0,
    "H": -1.0,
    "Li": 1.0
  },
  "Ca1H3Rb1": {
    "Ca": 2.0,
    "H": -1.0,
    "Rb": 1.0
  },
  "H4K2Mg1": {
    "H": -1.0,
    "K": 1.0,
    "Mg": 2.0
  },
  "Br2H2O2Rb4": {
    "Br": -1.0,
    "H": 1.0,
    "O": -2.0,
    "Rb": 1.0
  },
  "O5S2Ti2Y2": {
    "O": -2.0,
    "S": -2.0,
    "Ti": 4.0,
    "Y": 3.0
  },
  "Ru2Te4": {
    "Ru": 4.0,
    "Te": -2.0
  },
  "O2Sr1": null,
  "Br4K2Pd1": {
    "Br": -1.0,
    "K": 1.0,
    "Pd": 2.0
  },
  "Au2Br6Rb2": {
    "Au": 2.0,
    "Br": -1.0,
    "Rb": 1.0
  },
  "Ag6Na2O4": {
    "Ag": 1.0,
    "Na": 1.0,
    "O": -2.0
  },
  "Ca1F2": {
    "Ca": 2.0,
    "F": -1.0
  },
  "Bi1F6Rb1": {
    "Bi": 5.0,
    "F": -1.0,
    "Rb": 1.0
  },
  "Ba8Br16": {
    "Ba": 2.0,
    "Br": -1.0
  },
  "Ca2Cl2F2": {
    "Ca": 2.0,
    "Cl": -1.0,
    "F": -1.0
  },
  "Cl6Y4": null,
  "K2O2Tl2": {
    "K": 1.0,
    "O": -2.0,
    "Tl": 1.0
  },
  "Cl6Cs2Se1": {
    "Cl": -1.0,
    "Cs": 1.0,
    "Se": 4.0
  },
  "Cl2O2Y2": {
    "Cl": -1.0,
    "O": -2.0,
    "Y": 3.0
  },
  "Al2Cl8Cu2": {
    "Al": 3.0,
    "Cl": -1.0,
    "Cu": 1.0
  },
  "As1Ca3Cl3": {
    "As": -3.0,
    "Ca": 2.0,
    "Cl": -1.0
  },
  "H6O4Rb2": {
    "H": 1.0,
    "O": -2.0,
    "Rb": 1.0
  },
  "Cs1Ge1I3": {
    "Cs": 1.0,
    "Ge": 2.0,
    "I": -1.0
  },
  "Au1Sc1Sn1": null,
  "Br2Li5N1": {
    "Br": -1.0,
    "Li": 1.0,
    "N": -3.0
  },
  "K2Sb4": {
    "K": 1.0,
    "Sb": -0.5
  },
  "Cl2Li5N1": {
    "Cl": -1.0,
    "Li": 1.0,
    "N": -3.0
  },
  "Ag4S6Te2": {
    "Ag": 1.0,
    "S": -2.0,
    "Te": 4.0
  },
  "Bi2Ca1Mg2": null,
  "Li5O5Sb1": {
    "Li": 1.0,
    "O": -2.0,
    "Sb": 5.0
  },
  "Cu1Ga1I4": {
    "Cu": 1.0,
    "Ga": 3.0,
    "I": -1.0
  },
  "As2Hg1K4": {
    "As": -3.0,
    "Hg": 2.0,
    "K": 1.0
  },
  "Bi2O4Rb2": {
    "Bi": 3.0,
    "O": -2.0,
    "Rb": 1.0
  },
  "As2Cd1K4": {
    "As": -3.0,
    "Cd": 2.0,
    "K": 1.0
  },
  "Ge4N8Zn4": {
    "Ge": 4.0,
    "N": -3.0,
    "Zn": 2.0
  },
  "Bi1Rb1S2": {
    "Bi": 3.0,
    "Rb": 1.0,
    "S": -2.0
  },
  "Al2Hg1Se4": {
    "Al": 3.0,
    "Hg": 2.0,
    "Se": -2.0
  },
  "Ca8Ge4": null,
  "F6K2Si1": {
    "F": -1.0,
    "K": 1.0,
    "Si": 4.0
  },
  "Bi1Ni1Sc1": null,
  "C2Li4O6": {
    "C": 4.0,
    "Li": 1.0,
    "O": -2.0
  },
  "Na1O2Tl1": {
    "Na": 1.0,
    "O": -2.0,
    "Tl": 3.0
  },
  "Bi2K2O4": {
    "Bi": 3.0,
    "K": 1.0,
    "O": -2.0
  },
  "Cs4S6Ti2": {
    "Cs": 1.0,
    "S": -2.0,
    "Ti": 4.0
  },
  "Ba2O4Sn1": {
    "Ba": 2.0,
    "O": -2.0,
    "Sn": 4.0
  },
  "Cu4P10Sn1": {
    "Cu": 1.0,
    "P": -0.6,
    "Sn": 2.0
  },
  "Cs2N4Ta2": {
    "Cs": 1.0,
    "N": -3.0,
    "Ta": 5.0
  },
  "F7Hf1Na3": {
    "F": -1.0,
    "Hf": 4.0,
    "Na": 1.0
  },
  "Li2N4P2": {
    "Li": 1.0,
    "N": -3.0,
    "P": 5.0
  },
  "K1O3Ta1": {
    "K": 1.0,
    "O": -2.0,
    "Ta": 5.0
  },
  "F8Li2Y2": {
    "F": -1.0,
    "Li": 1.0,
    "Y": 3.0
  },
  "Cd1Ga2Se4": {
    "Cd": 2.0,
    "Ga": 3.0,
    "Se": -2.0
  },
  "Cu2Ga2Te4": {
    "Cu": 1.0,
    "Ga": 3.0,
    "Te": -2.0
  },
  "Cu3Se4Ta1": {
    "Cu": 1.0,
    "Se": -2.0,
    "Ta": 5.0
  },
  "C1Ca1N2": {
    "C": 4.0,
    "Ca": 2.0,
    "N": -3.0
  },
  "P4Sn2Zn2": {
    "P": -3.0,
    "Sn": 4.0,
    "Zn": 2.0
  },
  "Ge4N4O2": {
    "Ge": 4.0,
    "N": -3.0,
    "O": -2.0
  },
  "O8P2Sc2": {
    "O": -2.0,
    "P": 5.0,
    "Sc": 3.0
  },
  "C2Cd2O6": {
    "C": 4.0,
    "Cd": 2.0,
    "O": -2.0
  },
  "As2Ca1O6": {
    "As": 5.0,
    "Ca": 2.0,
    "O": -2.0
  },
  "Al2Li2Te4": {
    "Al": 3.0,
    "Li": 1.0,
    "Te": -2.0
  },
  "Cd2P4Si2": {
    "Cd": 2.0,
    "P": 1.0,
    "Si": -4.0
  },
  "Ni2P4": {
    "Ni": 2.0,
    "P": -1.0
  },
  "Li4O6Si2": {
    "Li": 1.0,
    "O": -2.0,
    "Si": 4.0
  },
  "Be1O4S1": {
    "Be": 2.0,
    "O": -2.0,
    "S": 6.0
  },
  "Cs2P2S6": {
    "Cs": 1.0,
    "P": 5.0,
    "S": -2.0
  },
  "Ag2Ga2S4": {
    "Ag": 1.0,
    "Ga": 3.0,
    "S": -2.0
  },
  "O8Ta2Y2": {
    "O": -2.0,
    "Ta": 5.0,
    "Y": 3.0
  },
  "K2O2Pd1": {
    "K": 1.0,
    "O": -2.0,
    "Pd": 2.0
  },
  "Cs8S4": {
    "Cs": 1.0,
    "S": -2.0
  },
  "K2O6Sb2": {
    "K": 1.0,
    "O": -2.0,
    "Sb": 5.0
  },
  "Ge1I1O6Rb1": null,
  "Ba2Bi2Cl2O4": {
    "Ba": 2.0,
    "Bi": 3.0,
    "Cl": -1.0,
    "O": -2.0
  },
  "Ba2Br1Cu1O2": {
    "Ba": 2.0,
    "Br": -1.0,
    "Cu": 1.0,
    "O": -2.0
  },
  "B1Be2Cs1F2O3": {
    "B": 3.0,
    "Be": 2.0,
    "Cs": 1.0,
    "F": -1.0,
    "O": -2.0
  },
  "As2Li2S4": {
    "As": 3.0,
    "Li": 1.0,
    "S": -2.0
  },
  "Bi1Cs2F6Na1": {
    "Bi": 3.0,
    "Cs": 1.0,
    "F": -1.0,
    "Na": 1.0
  },
  "C2Cl2La2N4": {
    "C": 4.0,
    "Cl": -1.0,
    "La": 3.0,
    "N": -3.0
  },
  "C1Cl2N2Sr2": {
    "C": 4.0,
    "Cl": -1.0,
    "N": -3.0,
    "Sr": 2.0
  },
  "Br8Sr4": {
    "Br": -1.0,
    "Sr": 2.0
  },
  "Rb2Sb4": {
    "Rb": 1.0,
    "Sb": -0.5
  },
  "Au2Cl8Rb2": {
    "Au": 3.0,
    "Cl": -1.0,
    "Rb": 1.0
  },
  "Ba2Cl2N6": {
    "Ba": 2.0,
    "Cl": -1.0,
    "N": -0.3333333333333333
  },
  "Bi1N1Sr3": null,
  "Al1H1Si1Sr1": {
    "Al": 3.0,
    "H": -1.0,
    "Si": -4.0,
    "Sr": 2.0
  },
  "Ga12Os4": null,
  "As4B2Cs6": {
    "As": -3.0,
    "B": 3.0,
    "Cs": 1.0
  },
  "Hg1K2O2": {
    "Hg": 2.0,
    "K": 1.0,
    "O": -2.0
  },
  "Mo2Te4": {
    "Mo": 4.0,
    "Te": -2.0
  },
  "H2O2Rb2": {
    "H": 1.0,
    "O": -2.0,
    "Rb": 1.0
  },
  "Br6Cs2Sn1": {
    "Br": -1.0,
    "Cs": 1.0,
    "Sn": 4.0
  },
  "Al2K4Li2P4": {
    "Al": 3.0,
    "K": 1.0,
    "Li": 1.0,
    "P": -3.0
  },
  "C2Ca1Mg1O6": {
    "C": 4.0,
    "Ca": 2.0,
    "Mg": 2.0,
    "O": -2.0
  },
  "Cs1F6P1": {
    "Cs": 1.0,
    "F": -1.0,
    "P": 5.0
  },
  "Ag2Se4Y2": {
    "Ag": 1.0,
    "Se": -2.0,
    "Y": 3.0
  },
  "Sc4Se6": {
    "Sc": 3.0,
    "Se": -2.0
  },
  "K1N1O3": {
    "K": 1.0,
    "N": 5.0,
    "O": -2.0
  },
  "Cd1F3Rb1": {
    "Cd": 2.0,
    "F": -1.0,
    "Rb": 1.0
  },
  "H4N2Rb2": {
    "H": 1.0,
    "N": -3.0,
    "Rb": 1.0
  },
  "Cu1S2Sc1": {
    "Cu": 1.0,
    "S": -2.0,
    "Sc": 3.0
  },
  "K2Mg2Sb2": {
    "K": 1.0,
    "Mg": 2.0,
    "Sb": -3.0
  },
  "F2La2O2": {
    "F": -1.0,
    "La": 3.0,
    "O": -2.0
  },
  "Na4Se6Zr2": {
    "Na": 1.0,
    "Se": -2.0,
    "Zr": 4.0
  },
  "Cu3K3P2": {
    "Cu": 1.0,
    "K": 1.0,
    "P": -3.0
  },
  "K4P4Pd2": {
    "K": 1.0,
    "P": -3.0,
    "Pd": 4.0
  },
  "O7Sc2Ti2": {
    "O": -2.0,
    "Sc": 3.0,
    "Ti": 4.0
  },
  "H2O4Y2": {
    "H": 1.0,
    "O": -2.0,
    "Y": 3.0
  },
  "Ca2I6Sr1": {
    "Ca": 2.0,
    "I": -1.0,
    "Sr": 2.0
  },
  "Ba2Se6": {
    "Ba": 2.0,
    "Se": -0.6666666666666666
  },
  "As2Li6": {
    "As": -3.0,
    "Li": 1.0
  },
  "K4Se6": {
    "K": 1.0,
    "Se": -0.6666666666666666
  },
  "Hf2O4": {
    "Hf": 4.0,
    "O": -2.0
  },
  "Au2Na4Sb2": {
    "Au": 1.0,
    "Na": 1.0,
    "Sb": -3.0
  },
  "Ba2P6": {
    "Ba": 2.0,
    "P": -0.6666666666666666
  },
  "O3Rb2Sn2": {
    "O": -2.0,
    "Rb": 1.0,
    "Sn": 2.0
  },
  "P6Sr6": {
    "P": -2.0,
    "Sr": 2.0
  },
  "K2Nb2Se4": {
    "K": 1.0,
    "Nb": 3.0,
    "Se": -2.0
  },
  "La1O2Rb1": {
    "La": 3.0,
    "O": -2.0,
    "Rb": 1.0
  },
  "F6K2Pd1": {
    "F": -1.0,
    "K": 1.0,
    "Pd": 4.0
  },
  "Ga2In2O6": {
    "Ga": 3.0,
    "In": 3.0,
    "O": -2.0
  },
  "O2Rb1Tl1": {
    "O": -2.0,
    "Rb": 1.0,
    "Tl": 3.0
  },
  "Ag4P8": {
    "Ag": 1.0,
    "P": -0.5
  },
  "O6Pt3Zn1": {
    "O": -2.0,
    "Pt": 3.3333333333333335,
    "Zn": 2.0
  },
  "Cd1O6Pt3": {
    "Cd": 2.0,
    "O": -2.0,
    "Pt": 3.3333333333333335
  },
  "F6Pt1Zn1": {
    "F": -1.0,
    "Pt": 4.0,
    "Zn": 2.0
  },
  "Ni1P4Si3": {
    "Ni": 2.0,
    "P": 2.5,
    "Si": -4.0
  },
  "La1Li3P2": {
    "La": 3.0,
    "Li": 1.0,
    "P": -3.0
  },
  "O4Sn2": {
    "O": -2.0,
    "Sn": 4.0
  },
  "Ir4S6": {
    "Ir": 3.0,
    "S": -2.0
  },
  "K2Pt1Se2": {
    "K": 1.0,
    "Pt": 2.0,
    "Se": -2.0
  },
  "Pt1Rb2Se2": {
    "Pt": 2.0,
    "Rb": 1.0,
    "Se": -2.0
  },
  "B2K2O6Zr1": {
    "B": 3.0,
    "K": 1.0,
    "O": -2.0,
    "Zr": 4.0
  },
  "As4Ge2K4": {
    "As": -3.0,
    "Ge": 4.0,
    "K": 1.0
  },
  "As4Rb4Sn2": {
    "As": -3.0,
    "Rb": 1.0,
    "Sn": 4.0
  },
  "Cs4P4Si2": {
    "Cs": 1.0,
    "P": 1.0,
    "Si": -4.0
  },
  "O6Sb2Sr1": {
    "O": -2.0,
    "Sb": 5.0,
    "Sr": 2.0
  },
  "F6Li1P1": {
    "F": -1.0,
    "Li": 1.0,
    "P": 5.0
  },
  "As1F6Li1": {
    "As": 5.0,
    "F": -1.0,
    "Li": 1.0
  },
  "Au3K3Sb2": {
    "Au": -1.0,
    "K": 1.0,
    "Sb": 0.0
  },
  "Ba2N2Zn1": {
    "Ba": 2.0,
    "N": -3.0,
    "Zn": 2.0
  },
  "Cu2K2S6Zr2": {
    "Cu": 1.0,
    "K": 1.0,
    "S": -2.0,
    "Zr": 4.0
  },
  "La1Rb1S2": {
    "La": 3.0,
    "Rb": 1.0,
    "S": -2.0
  },
  "Au3Rb1Se2": {
    "Au": 1.0,
    "Rb": 1.0,
    "Se": -2.0
  },
  "Fe1Nb1Sb1": null,
  "N4Sr2Ti2": {
    "N": -3.0,
    "Sr": 2.0,
    "Ti": 4.0
  },
  "Ca1Mg2Sb2": {
    "Ca": 2.0,
    "Mg": 2.0,
    "Sb": -3.0
  },
  "Mg2Sb2Sr1": {
    "Mg": 2.0,
    "Sb": -3.0,
    "Sr": 2.0
  },
  "Ca1Cd2P2": {
    "Ca": 2.0,
    "Cd": 2.0,
    "P": -3.0
  },
  "Fe1Te1Zr1": null,
  "Fe1Te1Ti1": null,
  "Co1Sc1Te1": null,
  "Au1In1Zr1": null,
  "Cs1F6Sb1": {
    "Cs": 1.0,
    "F": -1.0,
    "Sb": 5.0
  },
  "As2Li2O6": {
    "As": 5.0,
    "Li": 1.0,
    "O": -2.0
  },
  "K4Ni2P4": {
    "K": 1.0,
    "Ni": 2.0,
    "P": -2.0
  },
  "B2Cs6P4": {
    "B": 3.0,
    "Cs": 1.0,
    "P": -3.0
  },
  "Au2K4P2": {
    "Au": 1.0,
    "K": 1.0,
    "P": -3.0
  },
  "C2K2Pt1": {
    "C": 0.0,
    "K": 1.0,
    "Pt": -2.0
  },
  "Ag2K4P2": {
    "Ag": 1.0,
    "K": 1.0,
    "P": -3.0
  },
  "B2Cu2Se4": {
    "B": 3.0,
    "Cu": 1.0,
    "Se": -2.0
  },
  "Al1F6K2Li1": {
    "Al": 3.0,
    "F": -1.0,
    "K": 1.0,
    "Li": 1.0
  },
  "As2Ca2Rb2": {
    "As": -3.0,
    "Ca": 2.0,
    "Rb": 1.0
  },
  "Au2K2Se2": {
    "Au": 1.0,
    "K": 1.0,
    "Se": -2.0
  },
  "F6Ga1Na1Rb2": {
    "F": -1.0,
    "Ga": 3.0,
    "Na": 1.0,
    "Rb": 1.0
  },
  "F6Ga1Na1Tl2": {
    "F": -1.0,
    "Ga": 3.0,
    "Na": 1.0,
    "Tl": 1.0
  },
  "As1Cl6Cs2Na1": {
    "As": 3.0,
    "Cl": -1.0,
    "Cs": 1.0,
    "Na": 1.0
  },
  "Ca2N6W2": {
    "Ca": 2.0,
    "N": -2.6666666666666665,
    "W": 6.0
  },
  "Cu3Te4V1": {
    "Cu": 1.0,
    "Te": -2.0,
    "V": 5.0
  },
  "Br3Ca1Rb1": {
    "Br": -1.0,
    "Ca": 2.0,
    "Rb": 1.0
  },
  "Br6Cs2Se2": {
    "Br": -1.0,
    "Cs": 1.0,
    "Se": 2.0
  },
  "Au4Cs4O4": {
    "Au": 1.0,
    "Cs": 1.0,
    "O": -2.0
  },
  "Cl6Pb2Rb2": {
    "Cl": -1.0,
    "Pb": 2.0,
    "Rb": 1.0
  },
  "N2W1": {
    "N": -3.0,
    "W": 6.0
  }
}