{
  "Ba1Te1": {
    "Ba": 2.0,
    "Te": -2.0
  },
  "F2S2Y2": {
    "F": -1.0,
    "S": -2.0,
    "Y": 3.0
  },
  "Si1Sn1": {
    "Si": -4.0,
    "Sn": 4.0
  },
  "Cs2Se1": {
    "Cs": 1.0,
    "Se": -2.0
  },
  "Na4Pt2S4": {
    "Na": 1.0,
    "Pt": 2.0,
    "S": -2.0
  },
  "Ba2Hf2N4": {
    "Ba": 2.0,
    "Hf": 4.0,
    "N": -3.0
  },
  "Ba2Cu2Te6Y2": {
    "Ba": 2.0,
    "Cu": 1.0,
    "Te": -2.0,
    "Y": 3.0
  },
  "Cs3Sb1": {
    "Cs": 1.0,
    "Sb": -3.0
  },
  "C1K2N2": {
    "C": 4.0,
    "K": 1.0,
    "N": -3.0
  },
  "S1Sr1": {
    "S": -2.0,
    "Sr": 2.0
  },
  "C2Pd1Rb2": {
    "C": -2.0,
    "Pd": 2.0,
    "Rb": 1.0
  },
  "Cu6Rb2S4": {
    "Cu": 1.0,
    "Rb": 1.0,
    "S": -2.0
  },
  "Si4Sr8": {
    "Si": -4.0,
    "Sr": 2.0
  },
  "K2S4Sb2": {
    "K": 1.0,
    "S": -2.0,
    "Sb": 3.0
  },
  "K4P2Zn1": {
    "K": 1.0,
    "P": -3.0,
    "Zn": 2.0
  },
  "Ca3N1P1": {
    "Ca": 2.0,
    "N": -3.0,
    "P": -3.0
  },
  "Be4Ca2N4": {
    "Be": 2.0,
    "Ca": 2.0,
    "N": -3.0
  },
  "C1N2Sr1": {
    "C": 4.0,
    "N": -3.0,
    "Sr": 2.0
  },
  "Ir4Sb8": {
    "Ir": 3.0,
    "Sb": -1.5
  },
  "Ag2K1P1S4": {
    "Ag": 1.0,
    "K": 1.0,
    "P": 5.0,
    "S": -2.0
  },
  "B2Cu2S4": {
    "B": 3.0,
    "Cu": 1.0,
    "S": -2.0
  },
  "Hf2O6Sr2": {
    "Hf": 4.0,
    "O": -2.0,
    "Sr": 2.0
  },
  "K4O6Ti2": {
    "K": 1.0,
    "O": -2.0,
    "Ti": 4.0
  },
  "Ga4Se6": {
    "Ga": 3.0,
    "Se": -2.0
  },
  "B2Mg1O6Sr2": {
    "B": 3.0,
    "Mg": 2.0,
    "O": -2.0,
    "Sr": 2.0
  },
  "F6Pb1Zn1": {
    "F": -1.0,
    "Pb": 4.0,
    "Zn": 2.0
  },
  "Cs2F6In1Na1": {
    "Cs": 1.0,
    "F": -1.0,
    "In": 3.0,
    "Na": 1.0
  },
  "O1Rb2": {
    "O": -2.0,
    "Rb": 1.0
  },
  "F6Na1Rb2Rh1": {
    "F": -1.0,
    "Na": 1.0,
    "Rb": 1.0,
    "Rh": 3.0
  },
  "Ag2Al2Te4": {
    "Ag": 1.0,
    "Al": 3.0,
    "Te": -2.0
  },
  "Li1O2Rh1": {
    "Li": 1.0,
    "O": -2.0,
    "Rh": 3.0
  },
  "Ga2Se4Zn1": {
    "Ga": 3.0,
    "Se": -2.0,
    "Zn": 2.0
  },
  "Li1Se2Y1": {
    "Li": 1.0,
    "Se": -2.0,
    "Y": 3.0
  },
  "Ca4Li4Sb4": {
    "Ca": 2.0,
    "Li": 1.0,
    "Sb": -3.0
  },
  "Ga2Hg1Te4": {
    "Ga": 3.0,
    "Hg": 2.0,
    "Te": -2.0
  },
  "Ca1S1": {
    "Ca": 2.0,
    "S": -2.0
  },
  "K1Te2Y1": {
    "K": 1.0,
    "Te": -2.0,
    "Y": 3.0
  },
  "Ga9K3": null,
  "Fe2P4": {
    "Fe": 2.0,
    "P": -1.0
  },
  "P6Rb4": {
    "P": -0.6666666666666666,
    "Rb": 1.0
  },
  "Pb1Se1": {
    "Pb": 2.0,
    "Se": -2.0
  },
  "In2Rb2Te4": {
    "In": 3.0,
    "Rb": 1.0,
    "Te": -2.0
  },
  "Ba2F2I2": {
    "Ba": 2.0,
    "F": -1.0,
    "I": -1.0
  },
  "Cl3Cs1Ge1": {
    "Cl": -1.0,
    "Cs": 1.0,
    "Ge": 2.0
  },
  "Cl1N1Sr2": {
    "Cl": -1.0,
    "N": -3.0,
    "Sr": 2.0
  },
  "Br1N1Sr2": {
    "Br": -1.0,
    "N": -3.0,
    "Sr": 2.0
  },
  "Cl2Sr1": {
    "Cl": -1.0,
    "Sr": 2.0
  },
  "Bi1Li3": null,
  "I1Na1": {
    "I": -1.0,
    "Na": 1.0
  },
  "Cl6Pt1Rb2": {
    "Cl": -1.0,
    "Pt": 4.0,
    "Rb": 1.0
  },
  "Cl4Cs2Li2": {
    "Cl": -1.0,
    "Cs": 1.0,
    "Li": 1.0
  },
  "Ba2Cl2F2": {
    "Ba": 2.0,
    "Cl": -1.0,
    "F": -1.0
  },
  "Ca2Cl2H2": {
    "Ca": 2.0,
    "Cl": -1.0,
    "H": -1.0
  },
  "Cl2H2Sr2": {
    "Cl": -1.0,
    "H": -1.0,
    "Sr": 2.0
  },
  "Ba2H2I2": {
    "Ba": 2.0,
    "H": -1.0,
    "I": -1.0
  },
  "Al2H6": {
    "Al": 3.0,
    "H": -1.0
  },
  "As4Os2": {
    "As": 1.0,
    "Os": -2.0
  },
  "Li1N3": {
    "Li": 1.0,
    "N": -0.3333333333333333
  },
  "K4O4": null,
  "Os2Sb4": {
    "Os": 0.0,
    "Sb": 0.0
  },
  "Ag6Li2O4": {
    "Ag": 1.0,
    "Li": 1.0,
    "O": -2.0
  },
  "Ca1F6Ti1": {
    "Ca": 2.0,
    "F": -1.0,
    "Ti": 4.0
  },
  "Bi1F6Li1": {
    "Bi": 5.0,
    "F": -1.0,
    "Li": 1.0
  },
  "Bi1F6Na1": {
    "Bi": 5.0,
    "F": -1.0,
    "Na": 1.0
  },
  "Se1Sr1": {
    "Se": -2.0,
    "Sr": 2.0
  },
  "Cl6Cs2Ge1": {
    "Cl": -1.0,
    "Cs": 1.0,
    "Ge": 4.0
  },
  "Cl4Li2Rb2": {
    "Cl": -1.0,
    "Li": 1.0,
    "Rb": 1.0
  },
  "Br2K4O1": {
    "Br": -1.0,
    "K": 1.0,
    "O": -2.0
  },
  "Br1O3Rb1": {
    "Br": 5.0,
    "O": -2.0,
    "Rb": 1.0
  },
  "Au2K2Se4": {
    "Au": 3.0,
    "K": 1.0,
    "Se": -2.0
  },
  "Cs2S2": {
    "Cs": 1.0,
    "S": -1.0
  },
  "Cu4O4Pb2": {
    "Cu": 1.0,
    "O": -2.0,
    "Pb": 2.0
  },
  "As2Be1K4": {
    "As": -3.0,
    "Be": 2.0,
    "K": 1.0
  },
  "Mg2P4Si2": {
    "Mg": 2.0,
    "P": 1.0,
    "Si": -4.0
  },
  "Br2O1Rb4": {
    "Br": -1.0,
    "O": -2.0,
    "Rb": 1.0
  },
  "F2Pb1": {
    "F": -1.0,
    "Pb": 2.0
  },
  "Ba1O3Sn1": {
    "Ba": 2.0,
    "O": -2.0,
    "Sn": 4.0
  },
  "Ge1Hg2Se4": {
    "Ge": 4.0,
    "Hg": 2.0,
    "Se": -2.0
  },
  "O7Sr3Ti2": {
    "O": -2.0,
    "Sr": 2.0,
    "Ti": 4.0
  },
  "Bi2Li2S4": {
    "Bi": 3.0,
    "Li": 1.0,
    "S": -2.0
  },
  "O6Se2Sr2": {
    "O": -2.0,
    "Se": 4.0,
    "Sr": 2.0
  },
  "H5Rh1Sr2": null,
  "As4Si2Zn2": {
    "As": -3.0,
    "Si": 4.0,
    "Zn": 2.0
  },
  "F6Hg1Sn1": {
    "F": -1.0,
    "Hg": 2.0,
    "Sn": 4.0
  },
  "Li2O6Ta2": {
    "Li": 1.0,
    "O": -2.0,
    "Ta": 5.0
  },
  "Cd2Ge2P4": {
    "Cd": 2.0,
    "Ge": 4.0,
    "P": -3.0
  },
  "Al2Sr1Te4": {
    "Al": 3.0,
    "Sr": 2.0,
    "Te": -2.0
  },
  "Cd1F6Pb1": {
    "Cd": 2.0,
    "F": -1.0,
    "Pb": 4.0
  },
  "Li2Nb2O6": {
    "Li": 1.0,
    "Nb": 5.0,
    "O": -2.0
  },
  "Mg2O6Ti2": {
    "Mg": 2.0,
    "O": -2.0,
    "Ti": 4.0
  },
  "F6K2Pt1": {
    "F": -1.0,
    "K": 1.0,
    "Pt": 4.0
  },
  "Cu2K2O4": {
    "Cu": 3.0,
    "K": 1.0,
    "O": -2.0
  },
  "Ca2O6Sn2": {
    "Ca": 2.0,
    "O": -2.0,
    "Sn": 4.0
  },
  "Ca2O8S2": {
    "Ca": 2.0,
    "O": -2.0,
    "S": 6.0
  },
  "Rb2Te1": {
    "Rb": 1.0,
    "Te": -2.0
  },
  "Na2O6Sb2": {
    "Na": 1.0,
    "O": -2.0,
    "Sb": 5.0
  },
  "La2O2S1": {
    "La": 3.0,
    "O": -2.0,
    "S": -2.0
  },
  "Na8Nb8O24": {
    "Na": 1.0,
    "Nb": 5.0,
    "O": -2.0
  },
  "Ca1F6Sn1": {
    "Ca": 2.0,
    "F": -1.0,
    "Sn": 4.0
  },
  "O8Si2Zr2": {
    "O": -2.0,
    "Si": 4.0,
    "Zr": 4.0
  },
  "Al2Cu2S4": {
    "Al": 3.0,
    "Cu": 1.0,
    "S": -2.0
  },
  "Ba1O3Ti1": {
    "Ba": 2.0,
    "O": -2.0,
    "Ti": 4.0
  },
  "Cs2F6Pd1": {
    "Cs": 1.0,
    "F": -1.0,
    "Pd": 4.0
  },
  "C2Cs2Pt1": {
    "C": 0.0,
    "Cs": 1.0,
    "Pt": -2.0
  },
  "Hg1O2Rb2": {
    "Hg": 2.0,
    "O": -2.0,
    "Rb": 1.0
  },
  "Cs2O4Sb2": {
    "Cs": 1.0,
    "O": -2.0,
    "Sb": 3.0
  },
  "La2Nb2O8": {
    "La": 3.0,
    "Nb": 5.0,
    "O": -2.0
  },
  "F2La2S2": {
    "F": -1.0,
    "La": 3.0,
    "S": -2.0
  },
  "Cs2I6Te1": {
    "Cs": 1.0,
    "I": -1.0,
    "Te": 4.0
  },
  "Cs2O4Y2": {
    "Cs": 1.0,
    "O": -2.0,
    "Y": 3.0
  },
  "Br1Cs1F6": {
    "Br": 5.0,
    "Cs": 1.0,
    "F": -1.0
  },
  "Ba2Cl2O4Sb2": {
    "Ba": 2.0,
    "Cl": -1.0,
    "O": -2.0,
    "Sb": 3.0
  },
  "As2O2Y2Zn2": {
    "As": -3.0,
    "O": -2.0,
    "Y": 3.0,
    "Zn": 2.0
  },
  "C1N2O2Y2": {
    "C": 4.0,
    "N": -3.0,
    "O": -2.0,
    "Y": 3.0
  },
  "As2La2O2Zn2": {
    "As": -3.0,
    "La": 3.0,
    "O": -2.0,
    "Zn": 2.0
  },
  "I4O2Sr4": {
    "I": -1.0,
    "O": -2.0,
    "Sr": 2.0
  },
  "Ba2Bi2I2O4": {
    "Ba": 2.0,
    "Bi": 3.0,
    "I": -1.0,
    "O": -2.0
  },
  "Ba2La1O6Sb1": {
    "Ba": 2.0,
    "La": 3.0,
    "O": -2.0,
    "Sb": 5.0
  },
  "Ag2Ga2Se4": {
    "Ag": 1.0,
    "Ga": 3.0,
    "Se": -2.0
  },
  "Ba4I4O2": {
    "Ba": 2.0,
    "I": -1.0,
    "O": -2.0
  },
  "Bi2Ca4O1": null,
  "Br1Cu1O2Sr2": {
    "Br": -1.0,
    "Cu": 1.0,
    "O": -2.0,
    "Sr": 2.0
  },
  "Bi2I2O4Sr2": {
    "Bi": 3.0,
    "I": -1.0,
    "O": -2.0,
    "Sr": 2.0
  },
  "Bi2Ca2Cl2O4": {
    "Bi": 3.0,
    "Ca": 2.0,
    "Cl": -1.0,
    "O": -2.0
  },
  "K1O8P2Sb1": {
    "K": 1.0,
    "O": -2.0,
    "P": 5.0,
    "Sb": 5.0
  },
  "Ag4Hg2I4S2": {
    "Ag": 1.0,
    "Hg": 2.0,
    "I": -1.0,
    "S": -2.0
  },
  "O8Sc2Ta2": {
    "O": -2.0,
    "Sc": 3.0,
    "Ta": 5.0
  },
  "Au2Cd2Cs2S4": {
    "Au": 1.0,
    "Cd": 2.0,
    "Cs": 1.0,
    "S": -2.0
  },
  "Ag1Au1Cl6Cs2": {
    "Ag": 1.0,
    "Au": 3.0,
    "Cl": -1.0,
    "Cs": 1.0
  },
  "Be24P16": {
    "Be": 2.0,
    "P": -3.0
  },
  "I8Sr4": {
    "I": -1.0,
    "Sr": 2.0
  },
  "Hg1K2Se4Sn1": {
    "Hg": 2.0,
    "K": 1.0,
    "Se": -2.0,
    "Sn": 4.0
  },
  "Bi1Li1Mg1": null,
  "As4Cs4Si2": {
    "As": -3.0,
    "Cs": 1.0,
    "Si": 4.0
  },
  "F6Ga2": {
    "F": -1.0,
    "Ga": 3.0
  },
  "Cl6Cs2Sn1": {
    "Cl": -1.0,
    "Cs": 1.0,
    "Sn": 4.0
  },
  "Cu2La2O2S2": {
    "Cu": 1.0,
    "La": 3.0,
    "O": -2.0,
    "S": -2.0
  },
  "Cs1I1": {
    "Cs": 1.0,
    "I": -1.0
  },
  "Cd1F6Ti1": {
    "Cd": 2.0,
    "F": -1.0,
    "Ti": 4.0
  },
  "Ba2Li1O6Re1": {
    "Ba": 2.0,
    "Li": 1.0,
    "O": -2.0,
    "Re": 7.0
  },
  "Cs1H1": {
    "Cs": 1.0,
    "H": -1.0
  },
  "Cl6Cs2Zr1": {
    "Cl": -1.0,
    "Cs": 1.0,
    "Zr": 4.0
  },
  "Cs2H6Pt1": {
    "Cs": 1.0,
    "H": 0.0,
    "Pt": -2.0
  },
  "Ca1Cs1H3": {
    "Ca": 2.0,
    "Cs": 1.0,
    "H": -1.0
  },
  "Al4F24K8Na4": {
    "Al": 3.0,
    "F": -1.0,
    "K": 1.0,
    "Na": 1.0
  },
  "C2": {
    "C": 0.0
  },
  "B2Ba2Na2O6": {
    "B": 3.0,
    "Ba": 2.0,
    "Na": 1.0,
    "O": -2.0
  },
  "La2Na2S4": {
    "La": 3.0,
    "Na": 1.0,
    "S": -2.0
  },
  "Cu1Se2Y1": {
    "Cu": 1.0,
    "Se": -2.0,
    "Y": 3.0
  },
  "Al1O4Sb1": {
    "Al": 3.0,
    "O": -2.0,
    "Sb": 5.0
  },
  "F6In2": {
    "F": -1.0,
    "In": 3.0
  },
  "H6Mg2Ru1": {
    "H": -1.0,
    "Mg": 2.0,
    "Ru": 2.0
  },
  "Ba2O6Se2": {
    "Ba": 2.0,
    "O": -2.0,
    "Se": 4.0
  },
  "Ca1Cs1F3": {
    "Ca": 2.0,
    "Cs": 1.0,
    "F": -1.0
  },
  "Li6P2": {
    "Li": 1.0,
    "P": -3.0
  },
  "Ag2Na4Sb2": {
    "Ag": 1.0,
    "Na": 1.0,
    "Sb": -3.0
  },
  "O2Se1Y2": {
    "O": -2.0,
    "Se": -2.0,
    "Y": 3.0
  },
  "O10Sc4Ti2": {
    "O": -2.0,
    "Sc": 3.0,
    "Ti": 4.0
  },
  "Co1Li1S2": {
    "Co": 3.0,
    "Li": 1.0,
    "S": -2.0
  },
  "Ba1I6Sr2": {
    "Ba": 2.0,
    "I": -1.0,
    "Sr": 2.0
  },
  "Cd2O6Sn2": {
    "Cd": 2.0,
    "O": -2.0,
    "Sn": 4.0
  },
  "Ca1I6Sr2": {
    "Ca": 2.0,
    "I": -1.0,
    "Sr": 2.0
  },
  "Ca3Cd1O4": {
    "Ca": 2.0,
    "Cd": 2.0,
    "O": -2.0
  },
  "Li3Nb1S4": {
    "Li": 1.0,
    "Nb": 5.0,
    "S": -2.0
  },
  "Bi2Cd2O6": {
    "Bi": 4.0,
    "Cd": 2.0,
    "O": -2.0
  },
  "In2O8P2": {
    "In": 3.0,
    "O": -2.0,
    "P": 5.0
  },
  "Li1N1Zn1": {
    "Li": 1.0,
    "N": -3.0,
    "Zn": 2.0
  },
  "N4Nb4O4": {
    "N": -3.0,
    "Nb": 5.0,
    "O": -2.0
  },
  "Fe2Se4": {
    "Fe": 3.0,
    "Se": -1.5
  },
  "As4Ru2": {
    "As": -1.0,
    "Ru": 2.0
  },
  "Ag4Li4O4": {
    "Ag": 1.0,
    "Li": 1.0,
    "O": -2.0
  },
  "As2Sr1Zn2": {
    "As": -3.0,
    "Sr": 2.0,
    "Zn": 2.0
  },
  "Cs1Cu3S2": {
    "Cs": 1.0,
    "Cu": 1.0,
    "S": -2.0
  },
  "Ca2Ge2N4": {
    "Ca": 2.0,
    "Ge": 4.0,
    "N": -3.0
  },
  "Al2Hg1S4": {
    "Al": 3.0,
    "Hg": 2.0,
    "S": -2.0
  },
  "Li2Nb2S4": {
    "Li": 1.0,
    "Nb": 3.0,
    "S": -2.0
  },
  "Cs2O1": {
    "Cs": 1.0,
    "O": -2.0
  },
  "B2O6Sn1Sr1": {
    "B": 3.0,
    "O": -2.0,
    "Sn": 4.0,
    "Sr": 2.0
  },
  "Al2Cu2Te4": {
    "Al": 3.0,
    "Cu": 1.0,
    "Te": -2.0
  },
  "Li2N2O6": {
    "Li": 1.0,
    "N": 5.0,
    "O": -2.0
  },
  "K1O2Sc1": {
    "K": 1.0,
    "O": -2.0,
    "Sc": 3.0
  },
  "Cs2F6Ge1": {
    "Cs": 1.0,
    "F": -1.0,
    "Ge": 4.0
  },
  "Cd2P2Sr1": {
    "Cd": 2.0,
    "P": -3.0,
    "Sr": 2.0
  },
  "As2Ba1Mg2": {
    "As": -3.0,
    "Ba": 2.0,
    "Mg": 2.0
  },
  "K1O2Y1": {
    "K": 1.0,
    "O": -2.0,
    "Y": 3.0
  },
  "K2Se1": {
    "K": 1.0,
    "Se": -2.0
  },
  "K2Li2S2": {
    "K": 1.0,
    "Li": 1.0,
    "S": -2.0
  },
  "As1Au1Ba2": {
    "As": -3.0,
    "Au": -1.0,
    "Ba": 2.0
  },
  "Cd1Na4P2": {
    "Cd": 2.0,
    "Na": 1.0,
    "P": -3.0
  },
  "Ca2N2Zn1": {
    "Ca": 2.0,
    "N": -3.0,
    "Zn": 2.0
  },
  "As4Cs4Pd2": {
    "As": -3.0,
    "Cs": 1.0,
    "Pd": 4.0
  },
  "B1Ge1Li1O4": {
    "B": 3.0,
    "Ge": 4.0,
    "Li": 1.0,
    "O": -2.0
  },
  "As4Cs4Sn2": {
    "As": -3.0,
    "Cs": 1.0,
    "Sn": 4.0
  },
  "Cs2F4Hg1": {
    "Cs": 1.0,
    "F": -1.0,
    "Hg": 2.0
  },
  "Li2Rb2Se2": {
    "Li": 1.0,
    "Rb": 1.0,
    "Se": -2.0
  },
  "B2Ba2Mg1O6": {
    "B": 3.0,
    "Ba": 2.0,
    "Mg": 2.0,
    "O": -2.0
  },
  "K6Se6": {
    "K": 1.0,
    "Se": -1.0
  },
  "Cu4P8": {
    "Cu": 2.0,
    "P": -1.0
  },
  "N2Sr2Zn1": {
    "N": -3.0,
    "Sr": 2.0,
    "Zn": 2.0
  },
  "N2Sr1Zr1": {
    "N": -3.0,
    "Sr": 2.0,
    "Zr": 4.0
  },
  "Au3Cs1Se2": {
    "Au": 1.0,
    "Cs": 1.0,
    "Se": -2.0
  },
  "Ca1P2Zn2": {
    "Ca": 2.0,
    "P": -3.0,
    "Zn": 2.0
  },
  "C1Li2N2": {
    "C": 4.0,
    "Li": 1.0,
    "N": -3.0
  },
  "As1Ca1Na1": {
    "As": -3.0,
    "Ca": 2.0,
    "Na": 1.0
  },
  "Ba1Na1Sb1": {
    "Ba": 2.0,
    "Na": 1.0,
    "Sb": -3.0
  },
  "As4B2Rb6": {
    "As": -3.0,
    "B": 3.0,
    "Rb": 1.0
  },
  "Ge2Hf2O8": {
    "Ge": 4.0,
    "Hf": 4.0,
    "O": -2.0
  },
  "As3Na3Sr3": {
    "As": -3.0,
    "Na": 1.0,
    "Sr": 2.0
  },
  "C2O6Zn2": {
    "C": 4.0,
    "O": -2.0,
    "Zn": 2.0
  },
  "F6Rb1Sb1": {
    "F": -1.0,
    "Rb": 1.0,
    "Sb": 5.0
  },
  "Ca2Rb2Sb2": {
    "Ca": 2.0,
    "Rb": 1.0,
    "Sb": -3.0
  },
  "Br6Cs2In1Li1": {
    "Br": -1.0,
    "Cs": 1.0,
    "In": 3.0,
    "Li": 1.0
  },
  "Cs2F6Ga1K1": {
    "Cs": 1.0,
    "F": -1.0,
    "Ga": 3.0,
    "K": 1.0
  },
  "Al1H6Rb2Tl1": {
    "Al": 3.0,
    "H": -1.0,
    "Rb": 1.0,
    "Tl": 1.0
  },
  "Ca2N6Tc2": {
    "Ca": 2.0,
    "N": -3.0,
    "Tc": 7.0
  },
  "Al1Cs2H6Na1": {
    "Al": 3.0,
    "Cs": 1.0,
    "H": -1.0,
    "Na": 1.0
  },
  "Cu3Nb1Te4": {
    "Cu": 1.0,
    "Nb": 5.0,
    "Te": -2.0
  },
  "Ba1Hf1O3": {
    "Ba": 2.0,
    "Hf": 4.0,
    "O": -2.0
  },
  "Br6Pb2Rb2": {
    "Br": -1.0,
    "Pb": 2.0,
    "Rb": 1.0
  }
}