{
  "Au1F1K1N1O1": {
    "Au": 5.0,
    "F": -1.0,
    "K": 1.0,
    "N": -3.0,
    "O": -2.0
  },
  "O2S1Y1Zr1": {
    "O": -2.0,
    "S": -2.0,
    "Y": 3.0,
    "Zr": 3.0
  },
  "Ge1N3Nb1": {
    "Ge": 4.0,
    "N": -3.0,
    "Nb": 5.0
  },
  "Be1Ga1O2S1": {
    "Be": 2.0,
    "Ga": 3.0,
    "O": -2.0,
    "S": -1.0
  },
  "Be1N3Sc1": {
    "Be": 2.0,
    "N": -1.6666666666666667,
    "Sc": 3.0
  },
  "Mo1N2Ni1O1": {
    "Mo": 6.0,
    "N": -3.0,
    "Ni": 2.0,
    "O": -2.0
  },
  "Au1Mg1N1O2": {
    "Au": 5.0,
    "Mg": 2.0,
    "N": -3.0,
    "O": -2.0
  },
  "Bi1O2Re1S1": {
    "Bi": 3.0,
    "O": -2.0,
    "Re": 3.0,
    "S": -2.0
  },
  "Be1N3Si1": {
    "Be": 2.0,
    "N": -2.0,
    "Si": 4.0
  },
  "N1O2Rb1Ru1": {
    "N": -3.0,
    "O": -2.0,
    "Rb": 1.0,
    "Ru": 6.0
  },
  "F1O2Si2": null,
  "Fe1O2S1Tl1": {
    "Fe": 3.0,
    "O": -2.0,
    "S": -2.0,
    "Tl": 3.0
  },
  "O3Sc1Ti1": {
    "O": -2.0,
    "Sc": 2.0,
    "Ti": 4.0
  },
  "Cu1F1N1O1Zn1": {
    "Cu": 2.0,
    "F": -1.0,
    "N": -1.0,
    "O": -2.0,
    "Zn": 2.0
  },
  "Ag1Ir1N1O2": {
    "Ag": 3.0,
    "Ir": 4.0,
    "N": -3.0,
    "O": -2.0
  },
  "O2Rh1S1Y1": {
    "O": -2.0,
    "Rh": 3.0,
    "S": -2.0,
    "Y": 3.0
  },
  "B1Cs1N2O1": {
    "B": 3.0,
    "Cs": 1.0,
    "N": -1.0,
    "O": -2.0
  },
  "Co1N1Nb1O2": {
    "Co": 2.0,
    "N": -3.0,
    "Nb": 5.0,
    "O": -2.0
  },
  "Be1F1O2Si1": null,
  "O3Sc1Zn1": null,
  "As1F1O2Zr1": {
    "As": 3.0,
    "F": -1.0,
    "O": -2.0,
    "Zr": 2.0
  },
  "Al2N3": {
    "Al": 3.0,
    "N": -2.0
  },
  "Al1Au1F1O2": {
    "Al": 3.0,
    "Au": 2.0,
    "F": -1.0,
    "O": -2.0
  },
  "F1N1O1Si2": {
    "F": -1.0,
    "N": 3.0,
    "O": -2.0,
    "Si": 0.0
  },
  "Ir1O2S1Sn1": {
    "Ir": 4.0,
    "O": -2.0,
    "S": -2.0,
    "Sn": 2.0
  },
  "N3Ta1W1": {
    "N": -3.0,
    "Ta": 5.0,
    "W": 4.0
  },
  "In1N1O2Pd1": {
    "In": 3.0,
    "N": -3.0,
    "O": -2.0,
    "Pd": 4.0
  },
  "N1O2Si1Ta1": {
    "N": -3.0,
    "O": -2.0,
    "Si": 4.0,
    "Ta": 3.0
  },
  "Au1F1Ga1N1O1": {
    "Au": 3.0,
    "F": -1.0,
    "Ga": 3.0,
    "N": -3.0,
    "O": -2.0
  },
  "Cd1F1O2Te1": null,
  "B1Ca1N3": {
    "B": 3.0,
    "Ca": 2.0,
    "N": -1.6666666666666667
  },
  "Hf1O3W1": {
    "Hf": 4.0,
    "O": -2.0,
    "W": 2.0
  },
  "F1Hf1K1O2": {
    "F": -1.0,
    "Hf": 4.0,
    "K": 1.0,
    "O": -2.0
  },
  "O3Te2": null,
  "Cd1Hg1N1O2": {
    "Cd": 2.0,
    "Hg": 1.0,
    "N": 1.0,
    "O": -2.0
  },
  "Cr1F1O2Zr1": {
    "Cr": 3.0,
    "F": -1.0,
    "O": -2.0,
    "Zr": 2.0
  },
  "As1Li1N3": {
    "As": 2.0,
    "Li": 1.0,
    "N": -1.0
  },
  "Cu1F1N1O1Rh1": {
    "Cu": 2.0,
    "F": -1.0,
    "N": -3.0,
    "O": -2.0,
    "Rh": 4.0
  },
  "Ag1F1N1O1Pd1": {
    "Ag": 2.0,
    "F": -1.0,
    "N": -3.0,
    "O": -2.0,
    "Pd": 4.0
  },
  "N1Na1O2Te1": {
    "N": -3.0,
    "Na": 1.0,
    "O": -2.0,
    "Te": 6.0
  },
  "F1N1O1Ru2": {
    "F": -1.0,
    "N": -3.0,
    "O": -2.0,
    "Ru": 3.0
  },
  "Ca1N2O1Sc1": {
    "Ca": 2.0,
    "N": -1.0,
    "O": -2.0,
    "Sc": 2.0
  },
  "N3Pb1Rh1": {
    "N": -1.6666666666666667,
    "Pb": 2.0,
    "Rh": 3.0
  },
  "F1In1O2Sc1": {
    "F": -1.0,
    "In": 3.0,
    "O": -2.0,
    "Sc": 2.0
  },
  "Cd1Ir1N1O2": {
    "Cd": 2.0,
    "Ir": 5.0,
    "N": -3.0,
    "O": -2.0
  },
  "N1O2Ru1Sn1": {
    "N": -3.0,
    "O": -2.0,
    "Ru": 3.0,
    "Sn": 4.0
  },
  "Ni1O3W1": {
    "Ni": 2.0,
    "O": -2.0,
    "W": 4.0
  },
  "Co1Li1N3": {
    "Co": 2.0,
    "Li": 1.0,
    "N": -1.0
  },
  "Cs1N2O1Rh1": {
    "Cs": 1.0,
    "N": -1.0,
    "O": -2.0,
    "Rh": 3.0
  },
  "N1O2Ti1W1": {
    "N": -3.0,
    "O": -2.0,
    "Ti": 4.0,
    "W": 3.0
  },
  "F1In1N1O1Ti1": {
    "F": -1.0,
    "In": 2.0,
    "N": -3.0,
    "O": -2.0,
    "Ti": 4.0
  },
  "F1La1O2Pt1": {
    "F": -1.0,
    "La": 3.0,
    "O": -2.0,
    "Pt": 2.0
  },
  "B1Ni1O3": {
    "B": 3.0,
    "Ni": 3.0,
    "O": -2.0
  },
  "F1O2Rb1Ti1": {
    "F": -1.0,
    "O": -2.0,
    "Rb": 1.0,
    "Ti": 4.0
  },
  "Cs1N3Sb1": {
    "Cs": 1.0,
    "N": -1.3333333333333333,
    "Sb": 3.0
  },
  "O3V2": {
    "O": -2.0,
    "V": 3.0
  },
  "Cu1N3Zr1": {
    "Cu": 1.0,
    "N": -1.6666666666666667,
    "Zr": 4.0
  },
  "Ag1Ir1N3": {
    "Ag": 1.0,
    "Ir": 4.0,
    "N": -1.6666666666666667
  },
  "Bi1Ge1O3": {
    "Bi": 3.0,
    "Ge": 3.0,
    "O": -2.0
  },
  "F1O2Sc1Zr1": {
    "F": -1.0,
    "O": -2.0,
    "Sc": 3.0,
    "Zr": 2.0
  },
  "Ga1Na1O2S1": null,
  "Ga1N2O1Y1": {
    "Ga": 3.0,
    "N": -2.0,
    "O": -2.0,
    "Y": 3.0
  },
  "Al1N1O2Te1": {
    "Al": 3.0,
    "N": -3.0,
    "O": -2.0,
    "Te": 4.0
  },
  "La1O2S1Si1": {
    "La": 2.0,
    "O": -2.0,
    "S": -2.0,
    "Si": 4.0
  },
  "Hg1O2S1Ti1": {
    "Hg": 2.0,
    "O": -2.0,
    "S": -2.0,
    "Ti": 4.0
  },
  "Ag1Cu1N3": {
    "Ag": 1.0,
    "Cu": 2.0,
    "N": -1.0
  },
  "Hf1N3Sr1": {
    "Hf": 4.0,
    "N": -2.0,
    "Sr": 2.0
  },
  "Bi1F1N1O1Zn1": {
    "Bi": 3.0,
    "F": -1.0,
    "N": -2.0,
    "O": -2.0,
    "Zn": 2.0
  },
  "B1N3Pb1": {
    "B": 3.0,
    "N": -1.6666666666666667,
    "Pb": 2.0
  },
  "F1N1O1Ta1Zr1": {
    "F": -1.0,
    "N": -3.0,
    "O": -2.0,
    "Ta": 4.0,
    "Zr": 2.0
  },
  "Hf1N3W1": {
    "Hf": 4.0,
    "N": -3.0,
    "W": 5.0
  },
  "Ir1N2Nb1O1": {
    "Ir": 3.0,
    "N": -3.0,
    "Nb": 5.0,
    "O": -2.0
  },
  "Cd1O2S1Y1": {
    "Cd": 2.0,
    "O": -2.0,
    "S": -1.0,
    "Y": 3.0
  },
  "Ge1N2O1Sc1": {
    "Ge": 4.0,
    "N": -2.5,
    "O": -2.0,
    "Sc": 3.0
  },
  "La1O2S1Ta1": {
    "La": 3.0,
    "O": -2.0,
    "S": -2.0,
    "Ta": 3.0
  },
  "Au1F1Ir1O2": {
    "Au": 1.0,
    "F": -1.0,
    "Ir": 4.0,
    "O": -2.0
  },
  "F1N1O1Sc1Zr1": {
    "F": -1.0,
    "N": -3.0,
    "O": -2.0,
    "Sc": 2.0,
    "Zr": 4.0
  },
  "Cd1Ni1O3": {
    "Cd": 2.0,
    "Ni": 4.0,
    "O": -2.0
  },
  "F1N1O1Rb1Te1": {
    "F": -1.0,
    "N": -2.0,
    "O": -2.0,
    "Rb": 1.0,
    "Te": 4.0
  },
  "F1Mg1N1O1Pb1": {
    "F": -1.0,
    "Mg": 2.0,
    "N": -3.0,
    "O": -2.0,
    "Pb": 4.0
  },
  "Hf1N2O1Zn1": {
    "Hf": 4.0,
    "N": -2.0,
    "O": -2.0,
    "Zn": 2.0
  },
  "F1Mo1O2Rh1": {
    "F": -1.0,
    "Mo": 2.0,
    "O": -2.0,
    "Rh": 3.0
  },
  "Fe1Nb1O2S1": {
    "Fe": 3.0,
    "Nb": 3.0,
    "O": -2.0,
    "S": -2.0
  },
  "Ag1N2O1Ti1": {
    "Ag": 1.0,
    "N": -1.0,
    "O": -2.0,
    "Ti": 3.0
  },
  "Ge1O2S1Zr1": {
    "Ge": 4.0,
    "O": -2.0,
    "S": -2.0,
    "Zr": 2.0
  },
  "Ca1N1O2Tl1": {
    "Ca": 2.0,
    "N": 1.0,
    "O": -2.0,
    "Tl": 1.0
  },
  "La1N1O2Ta1": {
    "La": 3.0,
    "N": -3.0,
    "O": -2.0,
    "Ta": 4.0
  },
  "As1F1O2Os1": {
    "As": -3.0,
    "F": -1.0,
    "O": -2.0,
    "Os": 8.0
  },
  "Al1Cr1N1O2": {
    "Al": 3.0,
    "Cr": 4.0,
    "N": -3.0,
    "O": -2.0
  },
  "Co1N3Na1": {
    "Co": 2.0,
    "N": -1.0,
    "Na": 1.0
  },
  "Ge1O3Rh1": {
    "Ge": 3.0,
    "O": -2.0,
    "Rh": 3.0
  },
  "O3Os1Sn1": {
    "O": -2.0,
    "Os": 2.0,
    "Sn": 4.0
  },
  "Al1N2O1Re1": {
    "Al": 3.0,
    "N": -3.0,
    "O": -2.0,
    "Re": 5.0
  },
  "F1Nb1Ni1O2": {
    "F": -1.0,
    "Nb": 3.0,
    "Ni": 2.0,
    "O": -2.0
  },
  "Ni1O2S1Tl1": {
    "Ni": 3.0,
    "O": -2.0,
    "S": -2.0,
    "Tl": 3.0
  },
  "Bi1Na1O3": {
    "Bi": 5.0,
    "Na": 1.0,
    "O": -2.0
  },
  "Co1N2Ni1O1": {
    "Co": 4.0,
    "N": -3.0,
    "Ni": 4.0,
    "O": -2.0
  },
  "Mg1N2O1Ti1": {
    "Mg": 2.0,
    "N": -2.0,
    "O": -2.0,
    "Ti": 4.0
  },
  "Li2N1O2": null,
  "Ag1As1N1O2": {
    "Ag": 2.0,
    "As": 5.0,
    "N": -3.0,
    "O": -2.0
  },
  "Co1F1Ir1N1O1": {
    "Co": 2.0,
    "F": -1.0,
    "Ir": 4.0,
    "N": -3.0,
    "O": -2.0
  },
  "Ca1Mg1N2O1": {
    "Ca": 2.0,
    "Mg": 2.0,
    "N": -1.0,
    "O": -2.0
  },
  "Ba1Cu1N3": {
    "Ba": 2.0,
    "Cu": 1.0,
    "N": -1.0
  },
  "O2S1Ta1Tl1": {
    "O": -2.0,
    "S": -2.0,
    "Ta": 5.0,
    "Tl": 1.0
  },
  "Al1Ba1O2S1": {
    "Al": 3.0,
    "Ba": 2.0,
    "O": -2.0,
    "S": -1.0
  },
  "Co2N2O1": {
    "Co": 4.0,
    "N": -3.0,
    "O": -2.0
  },
  "N3Nb1Te1": {
    "N": -3.0,
    "Nb": 5.0,
    "Te": 4.0
  },
  "Ag1Ir1N2O1": {
    "Ag": 3.0,
    "Ir": 5.0,
    "N": -3.0,
    "O": -2.0
  },
  "Fe1N3Ni1": {
    "Fe": 3.0,
    "N": -1.6666666666666667,
    "Ni": 2.0
  },
  "Cd1F1Fe1N1O1": {
    "Cd": 2.0,
    "F": -1.0,
    "Fe": 3.0,
    "N": -2.0,
    "O": -2.0
  },
  "Mo1N2O1W1": {
    "Mo": 6.0,
    "N": -3.0,
    "O": -2.0,
    "W": 2.0
  },
  "N3Ni1Si1": {
    "N": -2.3333333333333335,
    "Ni": 3.0,
    "Si": 4.0
  },
  "F1O2Pb1Rh1": {
    "F": -1.0,
    "O": -2.0,
    "Pb": 2.0,
    "Rh": 3.0
  },
  "N2O1Pb1Y1": {
    "N": -2.5,
    "O": -2.0,
    "Pb": 4.0,
    "Y": 3.0
  },
  "Li1N1O2Si1": {
    "Li": 1.0,
    "N": -1.0,
    "O": -2.0,
    "Si": 4.0
  },
  "O3Pt1Si1": {
    "O": -2.0,
    "Pt": 2.0,
    "Si": 4.0
  },
  "Ag1N3Rb1": {
    "Ag": 2.0,
    "N": -1.0,
    "Rb": 1.0
  },
  "Bi1Cr1F1N1O1": {
    "Bi": 3.0,
    "Cr": 3.0,
    "F": -1.0,
    "N": -3.0,
    "O": -2.0
  },
  "B1Fe1O2S1": {
    "B": 3.0,
    "Fe": 3.0,
    "O": -2.0,
    "S": -2.0
  },
  "F1Ge1N1O1Ru1": {
    "F": -1.0,
    "Ge": 4.0,
    "N": -3.0,
    "O": -2.0,
    "Ru": 2.0
  },
  "Ga1Hf1N1O2": {
    "Ga": 3.0,
    "Hf": 4.0,
    "N": -3.0,
    "O": -2.0
  },
  "F1Fe1N1O1Rh1": {
    "F": -1.0,
    "Fe": 3.0,
    "N": -3.0,
    "O": -2.0,
    "Rh": 3.0
  },
  "Bi1O2S1Sr1": {
    "Bi": 3.0,
    "O": -2.0,
    "S": -1.0,
    "Sr": 2.0
  },
  "Al1F1Ga1O2": {
    "Al": 3.0,
    "F": -1.0,
    "Ga": 2.0,
    "O": -2.0
  },
  "In1La1O2S1": {
    "In": 3.0,
    "La": 3.0,
    "O": -2.0,
    "S": -2.0
  },
  "As1Mn1N2O1": {
    "As": 5.0,
    "Mn": 3.0,
    "N": -3.0,
    "O": -2.0
  },
  "Al1O2S1Sb1": {
    "Al": 3.0,
    "O": -2.0,
    "S": -2.0,
    "Sb": 3.0
  },
  "Cu2N3": {
    "Cu": 1.5,
    "N": -1.0
  },
  "Ag1F1N1O1Sc1": {
    "Ag": 3.0,
    "F": -1.0,
    "N": -3.0,
    "O": -2.0,
    "Sc": 3.0
  },
  "O2Ru1S1Zn1": {
    "O": -2.0,
    "Ru": 4.0,
    "S": -2.0,
    "Zn": 2.0
  },
  "Hg2N2O1": {
    "Hg": 2.0,
    "N": -1.0,
    "O": -2.0
  },
  "Fe1N1O2Rh1": {
    "Fe": 3.0,
    "N": -3.0,
    "O": -2.0,
    "Rh": 4.0
  },
  "O2Os1Pt1S1": {
    "O": -2.0,
    "Os": 1.0,
    "Pt": 5.0,
    "S": -2.0
  },
  "Al1F1N1O1Tl1": {
    "Al": 3.0,
    "F": -1.0,
    "N": -3.0,
    "O": -2.0,
    "Tl": 3.0
  },
  "As1Mo1O3": {
    "As": 3.0,
    "Mo": 3.0,
    "O": -2.0
  },
  "Ag1O2S1W1": {
    "Ag": 1.0,
    "O": -2.0,
    "S": -2.0,
    "W": 5.0
  },
  "Ir1O3Tl1": {
    "Ir": 5.0,
    "O": -2.0,
    "Tl": 1.0
  },
  "O3Sn2": {
    "O": -2.0,
    "Sn": 3.0
  },
  "Hg1N1O2Sc1": {
    "Hg": 2.0,
    "N": -1.0,
    "O": -2.0,
    "Sc": 3.0
  },
  "N1O2Rb1Sr1": {
    "N": 1.0,
    "O": -2.0,
    "Rb": 1.0,
    "Sr": 2.0
  },
  "N1O2Os1Sb1": {
    "N": -3.0,
    "O": -2.0,
    "Os": 4.0,
    "Sb": 3.0
  },
  "Be1Cd1O2S1": null,
  "N1O2Te2": {
    "N": 1.0,
    "O": -2.0,
    "Te": 1.5
  },
  "Hf1La1N3": {
    "Hf": 4.0,
    "La": 3.0,
    "N": -2.3333333333333335
  },
  "N3Ti2": {
    "N": -2.6666666666666665,
    "Ti": 4.0
  },
  "Ge1N1O2Pt1": {
    "Ge": 2.0,
    "N": -3.0,
    "O": -2.0,
    "Pt": 5.0
  },
  "F1N1O1Pt1Zn1": {
    "F": -1.0,
    "N": -3.0,
    "O": -2.0,
    "Pt": 4.0,
    "Zn": 2.0
  },
  "Li1N2O1Zr1": {
    "Li": 1.0,
    "N": -1.0,
    "O": -2.0,
    "Zr": 3.0
  },
  "F1O2Rh1Ru1": {
    "F": -1.0,
    "O": -2.0,
    "Rh": 3.0,
    "Ru": 2.0
  },
  "Fe1Mn1N1O2": {
    "Fe": 3.0,
    "Mn": 4.0,
    "N": -3.0,
    "O": -2.0
  },
  "As1Cr1O3": {
    "As": 3.0,
    "Cr": 3.0,
    "O": -2.0
  },
  "N3Na1Rh1": {
    "N": -1.6666666666666667,
    "Na": 1.0,
    "Rh": 4.0
  },
  "Cr1N2O1Re1": {
    "Cr": 3.0,
    "N": -3.0,
    "O": -2.0,
    "Re": 5.0
  },
  "Be1O3Ti1": {
    "Be": 2.0,
    "O": -2.0,
    "Ti": 4.0
  },
  "F1In1La1N1O1": {
    "F": -1.0,
    "In": 3.0,
    "La": 3.0,
    "N": -3.0,
    "O": -2.0
  },
  "Ag1O2S1Sc1": {
    "Ag": 3.0,
    "O": -2.0,
    "S": -2.0,
    "Sc": 3.0
  },
  "O3Rb2": null,
  "Cu1O2S1Sb1": {
    "Cu": 1.0,
    "O": -2.0,
    "S": -2.0,
    "Sb": 5.0
  },
  "O2Pd1S1Zr1": {
    "O": -2.0,
    "Pd": 2.0,
    "S": -2.0,
    "Zr": 4.0
  },
  "B1N2O1Pt1": {
    "B": 3.0,
    "N": -3.0,
    "O": -2.0,
    "Pt": 5.0
  },
  "Au1F1N1O1Rh1": {
    "Au": 3.0,
    "F": -1.0,
    "N": -3.0,
    "O": -2.0,
    "Rh": 3.0
  },
  "N3Rb1W1": {
    "N": -2.3333333333333335,
    "Rb": 1.0,
    "W": 6.0
  },
  "N2O1V1Zn1": {
    "N": -2.5,
    "O": -2.0,
    "V": 5.0,
    "Zn": 2.0
  },
  "N3Zr2": {
    "N": -2.6666666666666665,
    "Zr": 4.0
  },
  "F1N1Na1O1Tl1": {
    "F": -1.0,
    "N": 1.0,
    "Na": 1.0,
    "O": -2.0,
    "Tl": 1.0
  },
  "Ba1Mn1O3": {
    "Ba": 2.0,
    "Mn": 4.0,
    "O": -2.0
  },
  "Be1O2S1Zn1": null,
  "Mo1N1O2V1": {
    "Mo": 2.0,
    "N": -3.0,
    "O": -2.0,
    "V": 5.0
  },
  "B1Mg1O3": null,
  "Cu1O2Os1S1": {
    "Cu": 1.0,
    "O": -2.0,
    "Os": 5.0,
    "S": -2.0
  },
  "Au1B1F1O2": {
    "Au": 2.0,
    "B": 3.0,
    "F": -1.0,
    "O": -2.0
  },
  "Au1F1N1O1Sn1": {
    "Au": 2.0,
    "F": -1.0,
    "N": -3.0,
    "O": -2.0,
    "Sn": 4.0
  },
  "Ag1N1O2Ti1": {
    "Ag": 3.0,
    "N": -3.0,
    "O": -2.0,
    "Ti": 4.0
  },
  "O2Re1S1Sr1": {
    "O": -2.0,
    "Re": 4.0,
    "S": -2.0,
    "Sr": 2.0
  },
  "Li1N1O2Ru1": {
    "Li": 1.0,
    "N": -3.0,
    "O": -2.0,
    "Ru": 6.0
  },
  "Ga2N2O1": {
    "Ga": 3.0,
    "N": -2.0,
    "O": -2.0
  },
  "F1Ge1In1N1O1": {
    "F": -1.0,
    "Ge": 4.0,
    "In": 2.0,
    "N": -3.0,
    "O": -2.0
  },
  "Ca1O2S1W1": {
    "Ca": 2.0,
    "O": -2.0,
    "S": -2.0,
    "W": 4.0
  },
  "Co1N1O2Zn1": {
    "Co": 3.0,
    "N": -1.0,
    "O": -2.0,
    "Zn": 2.0
  },
  "Hg1O3Pt1": {
    "Hg": 2.0,
    "O": -2.0,
    "Pt": 4.0
  },
  "F1N1O1Pb1Re1": {
    "F": -1.0,
    "N": -3.0,
    "O": -2.0,
    "Pb": 2.0,
    "Re": 4.0
  },
  "O3Rb1Rh1": null,
  "Be1Mo1O2S1": {
    "Be": 2.0,
    "Mo": 4.0,
    "O": -2.0,
    "S": -2.0
  },
  "Mg2O3": null,
  "Au1O2Rh1S1": {
    "Au": 3.0,
    "O": -2.0,
    "Rh": 3.0,
    "S": -2.0
  },
  "K1N2Na1O1": {
    "K": 1.0,
    "N": 0.0,
    "Na": 1.0,
    "O": -2.0
  },
  "F1N1O1Sc2": {
    "F": -1.0,
    "N": -3.0,
    "O": -2.0,
    "Sc": 3.0
  },
  "O2S1Y2": {
    "O": -2.0,
    "S": -2.0,
    "Y": 3.0
  },
  "Na1Ni1O3": null,
  "Cr1Ga1O3": {
    "Cr": 3.0,
    "Ga": 3.0,
    "O": -2.0
  },
  "N3Os1Ta1": {
    "N": -3.0,
    "Os": 4.0,
    "Ta": 5.0
  },
  "Cd1F1O2Ru1": {
    "Cd": 2.0,
    "F": -1.0,
    "O": -2.0,
    "Ru": 3.0
  },
  "Fe1N2O1V1": {
    "Fe": 3.0,
    "N": -3.0,
    "O": -2.0,
    "V": 5.0
  },
  "Ag1Au1F1O2": {
    "Ag": 2.0,
    "Au": 3.0,
    "F": -1.0,
    "O": -2.0
  },
  "N3Rb1Sc1": {
    "N": -1.0,
    "Rb": 1.0,
    "Sc": 2.0
  },
  "Mo2N1O2": {
    "Mo": 3.5,
    "N": -3.0,
    "O": -2.0
  },
  "F1O2Si1Y1": null,
  "Ca1Mg1N1O2": null,
  "Bi1Ir1O3": {
    "Bi": 3.0,
    "Ir": 3.0,
    "O": -2.0
  },
  "Cu1F1Mg1O2": {
    "Cu": 3.0,
    "F": -1.0,
    "Mg": 2.0,
    "O": -2.0
  },
  "N3Sb1Ta1": {
    "N": -3.0,
    "Sb": 5.0,
    "Ta": 4.0
  },
  "La1N1O2Re1": {
    "La": 3.0,
    "N": -3.0,
    "O": -2.0,
    "Re": 4.0
  },
  "As1N2O1Ru1": {
    "As": 5.0,
    "N": -3.0,
    "O": -2.0,
    "Ru": 3.0
  },
  "Cd1F1Mn1O2": {
    "Cd": 2.0,
    "F": -1.0,
    "Mn": 3.0,
    "O": -2.0
  },
  "N3Si1Ti1": {
    "N": -2.6666666666666665,
    "Si": 4.0,
    "Ti": 4.0
  },
  "B1Mn1O2S1": {
    "B": 3.0,
    "Mn": 3.0,
    "O": -2.0,
    "S": -2.0
  },
  "F1Mo1N1O1Ti1": {
    "F": -1.0,
    "Mo": 2.0,
    "N": -3.0,
    "O": -2.0,
    "Ti": 4.0
  },
  "In1La1N2O1": {
    "In": 3.0,
    "La": 3.0,
    "N": -2.0,
    "O": -2.0
  },
  "Fe1O3Zr1": {
    "Fe": 2.0,
    "O": -2.0,
    "Zr": 4.0
  },
  "F1Li1N1O1Re1": {
    "F": -1.0,
    "Li": 1.0,
    "N": -3.0,
    "O": -2.0,
    "Re": 5.0
  },
  "Al1N3Os1": {
    "Al": 3.0,
    "N": -3.0,
    "Os": 6.0
  },
  "As1N2O1Pb1": {
    "As": 5.0,
    "N": -2.5,
    "O": -2.0,
    "Pb": 2.0
  },
  "O2Re1S1V1": {
    "O": -2.0,
    "Re": 3.0,
    "S": -2.0,
    "V": 3.0
  },
  "Al1La1N2O1": {
    "Al": 3.0,
    "La": 3.0,
    "N": -2.0,
    "O": -2.0
  },
  "Ca1F1N1O1Sc1": {
    "Ca": 2.0,
    "F": -1.0,
    "N": -2.0,
    "O": -2.0,
    "Sc": 3.0
  },
  "O2S1V2": {
    "O": -2.0,
    "S": -2.0,
    "V": 3.0
  },
  "F1Ge1N1O1Sb1": {
    "F": -1.0,
    "Ge": 3.0,
    "N": -3.0,
    "O": -2.0,
    "Sb": 3.0
  },
  "Li1N1O2Ti1": {
    "Li": 1.0,
    "N": -1.0,
    "O": -2.0,
    "Ti": 4.0
  },
  "Ca1Ge1N2O1": {
    "Ca": 2.0,
    "Ge": 4.0,
    "N": -2.0,
    "O": -2.0
  },
  "F1Mo1N1O1Pb1": {
    "F": -1.0,
    "Mo": 4.0,
    "N": -3.0,
    "O": -2.0,
    "Pb": 2.0
  },
  "Al1Mo1N3": {
    "Al": 3.0,
    "Mo": 6.0,
    "N": -3.0
  },
  "N3Re1Rh1": {
    "N": -3.0,
    "Re": 6.0,
    "Rh": 3.0
  },
  "In1O2S1Y1": {
    "In": 3.0,
    "O": -2.0,
    "S": -2.0,
    "Y": 3.0
  },
  "As1F1N1O1Ti1": {
    "As": 2.0,
    "F": -1.0,
    "N": -3.0,
    "O": -2.0,
    "Ti": 4.0
  },
  "F1N1Na1Ni1O1": {
    "F": -1.0,
    "N": -1.0,
    "Na": 1.0,
    "Ni": 3.0,
    "O": -2.0
  },
  "B1K1O2S1": {
    "B": -3.0,
    "K": 1.0,
    "O": -2.0,
    "S": 6.0
  },
  "N3Os1Tl1": {
    "N": -3.0,
    "Os": 8.0,
    "Tl": 1.0
  },
  "Ag1Cd1O3": null,
  "Fe1Hf1N1O2": {
    "Fe": 3.0,
    "Hf": 4.0,
    "N": -3.0,
    "O": -2.0
  },
  "Li1O2Re1S1": {
    "Li": 1.0,
    "O": -2.0,
    "Re": 5.0,
    "S": -2.0
  },
  "Mn1N3Sb1": {
    "Mn": 4.0,
    "N": -3.0,
    "Sb": 5.0
  },
  "F1Nb1O2Pt1": {
    "F": -1.0,
    "Nb": 3.0,
    "O": -2.0,
    "Pt": 2.0
  },
  "Mn1O2Rh1S1": {
    "Mn": 2.0,
    "O": -2.0,
    "Rh": 4.0,
    "S": -2.0
  },
  "F1In1N1O1Sb1": {
    "F": -1.0,
    "In": 3.0,
    "N": -3.0,
    "O": -2.0,
    "Sb": 3.0
  },
  "F1N1Na1O1W1": {
    "F": -1.0,
    "N": -3.0,
    "Na": 1.0,
    "O": -2.0,
    "W": 5.0
  },
  "Cr1Ge1N2O1": {
    "Cr": 4.0,
    "Ge": 4.0,
    "N": -3.0,
    "O": -2.0
  },
  "Cr1F1O2Pd1": {
    "Cr": 3.0,
    "F": -1.0,
    "O": -2.0,
    "Pd": 2.0
  },
  "Bi1O2Ru1S1": {
    "Bi": 3.0,
    "O": -2.0,
    "Ru": 3.0,
    "S": -2.0
  },
  "N3Re1W1": {
    "N": -3.0,
    "Re": 3.0,
    "W": 6.0
  },
  "Cr1F1O2Y1": {
    "Cr": 2.0,
    "F": -1.0,
    "O": -2.0,
    "Y": 3.0
  },
  "F1N1O1V1W1": {
    "F": -1.0,
    "N": -3.0,
    "O": -2.0,
    "V": 4.0,
    "W": 2.0
  },
  "La1N1O2Sn1": {
    "La": 3.0,
    "N": -3.0,
    "O": -2.0,
    "Sn": 4.0
  },
  "B1F1Mn1O2": {
    "B": 3.0,
    "F": -1.0,
    "Mn": 2.0,
    "O": -2.0
  },
  "La2O2S1": {
    "La": 3.0,
    "O": -2.0,
    "S": -2.0
  },
  "F1Fe1Ga1O2": {
    "F": -1.0,
    "Fe": 2.0,
    "Ga": 3.0,
    "O": -2.0
  },
  "N2O1Rb1Ti1": {
    "N": -1.0,
    "O": -2.0,
    "Rb": 1.0,
    "Ti": 3.0
  },
  "Ga1N1O2Sr1": {
    "Ga": 3.0,
    "N": -1.0,
    "O": -2.0,
    "Sr": 2.0
  },
  "Cr2F1O2": {
    "Cr": 2.5,
    "F": -1.0,
    "O": -2.0
  },
  "In1O3Y1": {
    "In": 3.0,
    "O": -2.0,
    "Y": 3.0
  },
  "Be1N3Pt1": {
    "Be": 2.0,
    "N": -2.3333333333333335,
    "Pt": 5.0
  },
  "Cr2F1N1O1": {
    "Cr": 3.0,
    "F": -1.0,
    "N": -3.0,
    "O": -2.0
  },
  "Hf1Nb1O2S1": {
    "Hf": 4.0,
    "Nb": 2.0,
    "O": -2.0,
    "S": -2.0
  },
  "N2O1Ru1Zn1": {
    "N": -3.0,
    "O": -2.0,
    "Ru": 6.0,
    "Zn": 2.0
  },
  "F1Ge1Ir1O2": {
    "F": -1.0,
    "Ge": 2.0,
    "Ir": 3.0,
    "O": -2.0
  },
  "F1Fe2O2": {
    "F": -1.0,
    "Fe": 2.5,
    "O": -2.0
  },
  "Be1Cd1N2O1": {
    "Be": 2.0,
    "Cd": 2.0,
    "N": -1.0,
    "O": -2.0
  },
  "F1Ir1O2Ru1": {
    "F": -1.0,
    "Ir": 3.0,
    "O": -2.0,
    "Ru": 2.0
  },
  "Ag1N1O2Pt1": {
    "Ag": 1.0,
    "N": -3.0,
    "O": -2.0,
    "Pt": 6.0
  },
  "Ge1Hg1N3": {
    "Ge": 4.0,
    "Hg": 1.0,
    "N": -1.6666666666666667
  },
  "K1N1O2Sr1": {
    "K": 1.0,
    "N": 1.0,
    "O": -2.0,
    "Sr": 2.0
  },
  "Ca1O3Rh1": {
    "Ca": 2.0,
    "O": -2.0,
    "Rh": 4.0
  },
  "F1Hg1O2Sb1": {
    "F": -1.0,
    "Hg": 2.0,
    "O": -2.0,
    "Sb": 3.0
  },
  "Mo1Ni1O3": {
    "Mo": 4.0,
    "Ni": 2.0,
    "O": -2.0
  },
  "N3Rh1Sb1": {
    "N": -3.0,
    "Rh": 4.0,
    "Sb": 5.0
  },
  "Ag1Fe1O2S1": {
    "Ag": 3.0,
    "Fe": 3.0,
    "O": -2.0,
    "S": -2.0
  },
  "Cu1F1O2Ru1": {
    "Cu": 1.0,
    "F": -1.0,
    "O": -2.0,
    "Ru": 4.0
  },
  "Cr2O2S1": {
    "Cr": 3.0,
    "O": -2.0,
    "S": -2.0
  },
  "Hf2N2O1": {
    "Hf": 4.0,
    "N": -3.0,
    "O": -2.0
  },
  "N1O2Rh2": {
    "N": -3.0,
    "O": -2.0,
    "Rh": 3.5
  },
  "Al1Cd1O3": null,
  "F1Ge1N1O1Tl1": {
    "F": -1.0,
    "Ge": 3.0,
    "N": -3.0,
    "O": -2.0,
    "Tl": 3.0
  },
  "N3Te2": {
    "N": -2.6666666666666665,
    "Te": 4.0
  },
  "N1Nb1O2Os1": {
    "N": -3.0,
    "Nb": 5.0,
    "O": -2.0,
    "Os": 2.0
  },
  "K1N3Pb1": {
    "K": 1.0,
    "N": -1.0,
    "Pb": 2.0
  },
  "O2Pd1S1Si1": {
    "O": -2.0,
    "Pd": 2.0,
    "S": -2.0,
    "Si": 4.0
  },
  "Cu1Li1O3": null,
  "O3Pt2": {
    "O": -2.0,
    "Pt": 3.0
  },
  "Ir1Mn1N1O2": {
    "Ir": 5.0,
    "Mn": 2.0,
    "N": -3.0,
    "O": -2.0
  },
  "F1Hf1O2Pb1": null,
  "F1Nb1O2Rb1": {
    "F": -1.0,
    "Nb": 4.0,
    "O": -2.0,
    "Rb": 1.0
  },
  "F1O2Os1Zr1": {
    "F": -1.0,
    "O": -2.0,
    "Os": 1.0,
    "Zr": 4.0
  },
  "O3Zr2": {
    "O": -2.0,
    "Zr": 3.0
  },
  "Al1Mg1N1O2": {
    "Al": 3.0,
    "Mg": 2.0,
    "N": -1.0,
    "O": -2.0
  },
  "La1Mo1N2O1": {
    "La": 3.0,
    "Mo": 5.0,
    "N": -3.0,
    "O": -2.0
  },
  "La1O2Os1S1": {
    "La": 3.0,
    "O": -2.0,
    "Os": 3.0,
    "S": -2.0
  },
  "Ge1O3Zn1": {
    "Ge": 4.0,
    "O": -2.0,
    "Zn": 2.0
  },
  "As1F1Fe1O2": {
    "As": 2.0,
    "F": -1.0,
    "Fe": 3.0,
    "O": -2.0
  },
  "F1N1Ni1O1Zn1": {
    "F": -1.0,
    "N": -3.0,
    "Ni": 4.0,
    "O": -2.0,
    "Zn": 2.0
  },
  "As1O2S1Tl1": {
    "As": 5.0,
    "O": -2.0,
    "S": -2.0,
    "Tl": 1.0
  },
  "B1O2S1Tl1": {
    "B": 3.0,
    "O": -2.0,
    "S": -2.0,
    "Tl": 3.0
  },
  "F1N1O1Si1Sn1": {
    "F": -1.0,
    "N": -3.0,
    "O": -2.0,
    "Si": 4.0,
    "Sn": 2.0
  },
  "Mg1O2Os1S1": {
    "Mg": 2.0,
    "O": -2.0,
    "Os": 4.0,
    "S": -2.0
  },
  "Au1Hg1O2S1": {
    "Au": 5.0,
    "Hg": 1.0,
    "O": -2.0,
    "S": -2.0
  },
  "Cr1Ga1N3": {
    "Cr": 6.0,
    "Ga": 3.0,
    "N": -3.0
  },
  "Cd2N2O1": {
    "Cd": 2.0,
    "N": -1.0,
    "O": -2.0
  },
  "Mn1O2S1Si1": {
    "Mn": 2.0,
    "O": -2.0,
    "S": -2.0,
    "Si": 4.0
  },
  "N3Pt1Ta1": {
    "N": -3.0,
    "Pt": 4.0,
    "Ta": 5.0
  },
  "Ca1N1O2Sb1": {
    "Ca": 2.0,
    "N": -3.0,
    "O": -2.0,
    "Sb": 5.0
  },
  "K1N2O1V1": {
    "K": 1.0,
    "N": -2.0,
    "O": -2.0,
    "V": 5.0
  },
  "Au1O2S1Y1": {
    "Au": 3.0,
    "O": -2.0,
    "S": -2.0,
    "Y": 3.0
  },
  "Cu1Ir1O3": {
    "Cu": 1.0,
    "Ir": 5.0,
    "O": -2.0
  },
  "Cr1O2Pt1S1": {
    "Cr": 2.0,
    "O": -2.0,
    "Pt": 4.0,
    "S": -2.0
  },
  "Be1In1N1O2": {
    "Be": 2.0,
    "In": 3.0,
    "N": -1.0,
    "O": -2.0
  },
  "F1O2Tl1Zn1": {
    "F": -1.0,
    "O": -2.0,
    "Tl": 3.0,
    "Zn": 2.0
  },
  "F1Ir1Li1O2": {
    "F": -1.0,
    "Ir": 4.0,
    "Li": 1.0,
    "O": -2.0
  },
  "Ba1O3Ta1": {
    "Ba": 2.0,
    "O": -2.0,
    "Ta": 4.0
  },
  "Be1F1Mn1O2": {
    "Be": 2.0,
    "F": -1.0,
    "Mn": 3.0,
    "O": -2.0
  },
  "As2N2O1": {
    "As": 4.0,
    "N": -3.0,
    "O": -2.0
  },
  "Cu2O3": {
    "Cu": 3.0,
    "O": -2.0
  },
  "N3Rh1W1": {
    "N": -3.0,
    "Rh": 3.0,
    "W": 6.0
  },
  "F1Mn1O2Sr1": {
    "F": -1.0,
    "Mn": 3.0,
    "O": -2.0,
    "Sr": 2.0
  },
  "Co1N3Ni1": {
    "Co": 1.0,
    "N": -1.0,
    "Ni": 2.0
  },
  "F1N1Na1Nb1O1": {
    "F": -1.0,
    "N": -3.0,
    "Na": 1.0,
    "Nb": 5.0,
    "O": -2.0
  },
  "As1N3Ni1": {
    "As": 5.0,
    "N": -3.0,
    "Ni": 4.0
  },
  "F1Ir1O2Zn1": {
    "F": -1.0,
    "Ir": 3.0,
    "O": -2.0,
    "Zn": 2.0
  },
  "Ag1La1O2S1": {
    "Ag": 3.0,
    "La": 3.0,
    "O": -2.0,
    "S": -2.0
  },
  "F1N1O1Tl1Zn1": {
    "F": -1.0,
    "N": -2.0,
    "O": -2.0,
    "Tl": 3.0,
    "Zn": 2.0
  },
  "Fe1N1O2Pd1": {
    "Fe": 3.0,
    "N": -3.0,
    "O": -2.0,
    "Pd": 4.0
  },
  "Ge1O3Sb1": {
    "Ge": 3.0,
    "O": -2.0,
    "Sb": 3.0
  },
  "Bi1N2Ni1O1": {
    "Bi": 5.0,
    "N": -3.0,
    "Ni": 3.0,
    "O": -2.0
  },
  "Mg1N3Sc1": {
    "Mg": 2.0,
    "N": -1.6666666666666667,
    "Sc": 3.0
  },
  "La2O3": {
    "La": 3.0,
    "O": -2.0
  },
  "K1O2S1Y1": null,
  "Au1Bi1N1O2": {
    "Au": 2.0,
    "Bi": 5.0,
    "N": -3.0,
    "O": -2.0
  },
  "Cu1F1Fe1O2": {
    "Cu": 2.0,
    "F": -1.0,
    "Fe": 3.0,
    "O": -2.0
  },
  "F1O2Zr2": {
    "F": -1.0,
    "O": -2.0,
    "Zr": 2.5
  },
  "Ba2F1N1O1": {
    "Ba": 2.0,
    "F": -1.0,
    "N": -1.0,
    "O": -2.0
  },
  "N3Rb2": {
    "N": -0.6666666666666666,
    "Rb": 1.0
  },
  "N3Pd1Ti1": {
    "N": -2.6666666666666665,
    "Pd": 4.0,
    "Ti": 4.0
  },
  "F1Ir1N1O1Os1": {
    "F": -1.0,
    "Ir": 4.0,
    "N": -3.0,
    "O": -2.0,
    "Os": 2.0
  },
  "F1Hg1O2Tl1": {
    "F": -1.0,
    "Hg": 2.0,
    "O": -2.0,
    "Tl": 3.0
  },
  "La1N1Na1O2": {
    "La": 2.0,
    "N": 1.0,
    "Na": 1.0,
    "O": -2.0
  },
  "Al1O2S1Zr1": {
    "Al": 3.0,
    "O": -2.0,
    "S": -2.0,
    "Zr": 3.0
  },
  "O3Ru1V1": {
    "O": -2.0,
    "Ru": 2.0,
    "V": 4.0
  },
  "Hf2N1O2": null,
  "Ge2N1O2": {
    "Ge": 3.5,
    "N": -3.0,
    "O": -2.0
  },
  "Ga1N2O1Sc1": {
    "Ga": 3.0,
    "N": -2.0,
    "O": -2.0,
    "Sc": 3.0
  },
  "F1Ni1O2Sn1": {
    "F": -1.0,
    "Ni": 2.0,
    "O": -2.0,
    "Sn": 3.0
  },
  "Cd1F1La1O2": {
    "Cd": 2.0,
    "F": -1.0,
    "La": 3.0,
    "O": -2.0
  },
  "N1O2Sn2": {
    "N": -3.0,
    "O": -2.0,
    "Sn": 3.5
  },
  "F1N1O1W2": {
    "F": -1.0,
    "N": -3.0,
    "O": -2.0,
    "W": 3.0
  },
  "La1O2S1Sn1": {
    "La": 3.0,
    "O": -2.0,
    "S": -2.0,
    "Sn": 3.0
  },
  "Ba1N1O2Pb1": {
    "Ba": 2.0,
    "N": -2.0,
    "O": -2.0,
    "Pb": 4.0
  },
  "N1O2Ru2": {
    "N": -3.0,
    "O": -2.0,
    "Ru": 3.5
  },
  "Be1Ni1O2S1": {
    "Be": 2.0,
    "Ni": 4.0,
    "O": -2.0,
    "S": -2.0
  },
  "O3Tl1Zr1": {
    "O": -2.0,
    "Tl": 3.0,
    "Zr": 3.0
  },
  "Au1N2O1Zr1": {
    "Au": 5.0,
    "N": -3.0,
    "O": -2.0,
    "Zr": 3.0
  },
  "Cu1Ge1O2S1": {
    "Cu": 2.0,
    "Ge": 4.0,
    "O": -2.0,
    "S": -2.0
  },
  "Ba1N3Ru1": {
    "Ba": 2.0,
    "N": -2.3333333333333335,
    "Ru": 5.0
  },
  "Cd1Li1O2S1": null,
  "Bi1N2O1Os1": {
    "Bi": 3.0,
    "N": -3.0,
    "O": -2.0,
    "Os": 5.0
  },
  "Al1N2O1Rb1": {
    "Al": 3.0,
    "N": -1.0,
    "O": -2.0,
    "Rb": 1.0
  },
  "B1F1N1O1Zr1": {
    "B": 3.0,
    "F": -1.0,
    "N": -3.0,
    "O": -2.0,
    "Zr": 3.0
  },
  "F1Hg2O2": null,
  "Ag1O3W1": {
    "Ag": 1.0,
    "O": -2.0,
    "W": 5.0
  },
  "Al1Co1N1O2": {
    "Al": 3.0,
    "Co": 4.0,
    "N": -3.0,
    "O": -2.0
  },
  "B1O2Rb1S1": {
    "B": -3.0,
    "O": -2.0,
    "Rb": 1.0,
    "S": 6.0
  },
  "F1Ir1O2W1": {
    "F": -1.0,
    "Ir": 3.0,
    "O": -2.0,
    "W": 2.0
  },
  "Co1F1O2Os1": {
    "Co": 2.0,
    "F": -1.0,
    "O": -2.0,
    "Os": 3.0
  },
  "Cd1O2Pd1S1": {
    "Cd": 2.0,
    "O": -2.0,
    "Pd": 4.0,
    "S": -2.0
  },
  "F1N1O1Pd1Rh1": {
    "F": -1.0,
    "N": -3.0,
    "O": -2.0,
    "Pd": 2.0,
    "Rh": 4.0
  },
  "F1Ir1O2Pb1": {
    "F": -1.0,
    "Ir": 3.0,
    "O": -2.0,
    "Pb": 2.0
  },
  "Hg2O2S1": {
    "Hg": 1.0,
    "O": -2.0,
    "S": 2.0
  },
  "F1Hg1O2Pd1": {
    "F": -1.0,
    "Hg": 1.0,
    "O": -2.0,
    "Pd": 4.0
  },
  "Al1O3Ti1": {
    "Al": 3.0,
    "O": -2.0,
    "Ti": 3.0
  },
  "Mg1O3Rb1": null,
  "N1Nb1O2V1": {
    "N": -3.0,
    "Nb": 5.0,
    "O": -2.0,
    "V": 2.0
  },
  "In2O2S1": {
    "In": 3.0,
    "O": -2.0,
    "S": -2.0
  },
  "La1O2S1Tl1": {
    "La": 3.0,
    "O": -2.0,
    "S": -2.0,
    "Tl": 3.0
  },
  "Fe1N2Ni1O1": {
    "Fe": 2.0,
    "N": -1.0,
    "Ni": 2.0,
    "O": -2.0
  },
  "N2Nb2O1": {
    "N": -3.0,
    "Nb": 4.0,
    "O": -2.0
  },
  "Co2F1O2": {
    "Co": 2.5,
    "F": -1.0,
    "O": -2.0
  },
  "Ca1F1O2Te1": null,
  "Cr1N2O1Zr1": {
    "Cr": 4.0,
    "N": -3.0,
    "O": -2.0,
    "Zr": 4.0
  },
  "Bi1Hf1N1O2": {
    "Bi": 3.0,
    "Hf": 4.0,
    "N": -3.0,
    "O": -2.0
  },
  "Ag1Bi1F1N1O1": {
    "Ag": 1.0,
    "Bi": 5.0,
    "F": -1.0,
    "N": -3.0,
    "O": -2.0
  },
  "F1Hg1In1O2": {
    "F": -1.0,
    "Hg": 2.0,
    "In": 3.0,
    "O": -2.0
  },
  "F1Li2O2": null,
  "N2O1Tl1V1": {
    "N": -3.0,
    "O": -2.0,
    "Tl": 3.0,
    "V": 5.0
  },
  "F1Ni1O2Sb1": {
    "F": -1.0,
    "Ni": 2.0,
    "O": -2.0,
    "Sb": 3.0
  },
  "F1In1O2Rh1": {
    "F": -1.0,
    "In": 2.0,
    "O": -2.0,
    "Rh": 3.0
  },
  "N1Nb1Ni1O2": {
    "N": -3.0,
    "Nb": 5.0,
    "Ni": 2.0,
    "O": -2.0
  },
  "F1Ni1O2Ru1": {
    "F": -1.0,
    "Ni": 2.0,
    "O": -2.0,
    "Ru": 3.0
  },
  "F1O2Rh1V1": {
    "F": -1.0,
    "O": -2.0,
    "Rh": 3.0,
    "V": 2.0
  },
  "F1O2Rh1W1": {
    "F": -1.0,
    "O": -2.0,
    "Rh": 3.0,
    "W": 2.0
  },
  "Ir1N2O1Zr1": {
    "Ir": 4.0,
    "N": -3.0,
    "O": -2.0,
    "Zr": 4.0
  },
  "N2O1Pb1V1": {
    "N": -3.0,
    "O": -2.0,
    "Pb": 4.0,
    "V": 4.0
  },
  "Na2O3": null,
  "Al1Ba1O3": null,
  "F1Ga2O2": {
    "F": -1.0,
    "Ga": 2.5,
    "O": -2.0
  },
  "F1Li1O2V1": {
    "F": -1.0,
    "Li": 1.0,
    "O": -2.0,
    "V": 4.0
  },
  "Be2O3": null,
  "O3Rh1Tl1": {
    "O": -2.0,
    "Rh": 3.0,
    "Tl": 3.0
  },
  "Bi1O2S1Sn1": {
    "Bi": 3.0,
    "O": -2.0,
    "S": -2.0,
    "Sn": 3.0
  },
  "Au2O3": {
    "Au": 3.0,
    "O": -2.0
  },
  "As1Bi1N3": {
    "As": 5.0,
    "Bi": 3.0,
    "N": -2.6666666666666665
  },
  "Ga1N3Rh1": {
    "Ga": 3.0,
    "N": -2.3333333333333335,
    "Rh": 4.0
  },
  "Ni1O2S1Sb1": {
    "Ni": 3.0,
    "O": -2.0,
    "S": -2.0,
    "Sb": 3.0
  },
  "Cr1Mg1O2S1": {
    "Cr": 4.0,
    "Mg": 2.0,
    "O": -2.0,
    "S": -2.0
  },
  "O3Os1Si1": {
    "O": -2.0,
    "Os": 2.0,
    "Si": 4.0
  },
  "Li1Mn1N2O1": {
    "Li": 1.0,
    "Mn": 7.0,
    "N": -3.0,
    "O": -2.0
  },
  "As2O3": {
    "As": 3.0,
    "O": -2.0
  },
  "Cd1F1N1O1Ta1": {
    "Cd": 2.0,
    "F": -1.0,
    "N": -3.0,
    "O": -2.0,
    "Ta": 4.0
  },
  "Cu1N2O1Ta1": {
    "Cu": 3.0,
    "N": -3.0,
    "O": -2.0,
    "Ta": 5.0
  },
  "As1N3Pb1": {
    "As": 5.0,
    "N": -3.0,
    "Pb": 4.0
  },
  "O2Os1Rb1S1": {
    "O": -2.0,
    "Os": 5.0,
    "Rb": 1.0,
    "S": -2.0
  },
  "O3W2": {
    "O": -2.0,
    "W": 3.0
  },
  "Mn1N3Ru1": {
    "Mn": 3.0,
    "N": -3.0,
    "Ru": 6.0
  },
  "Al1F1O2Pt1": {
    "Al": 3.0,
    "F": -1.0,
    "O": -2.0,
    "Pt": 2.0
  },
  "F1Ge1N1O1Sn1": {
    "F": -1.0,
    "Ge": 4.0,
    "N": -3.0,
    "O": -2.0,
    "Sn": 2.0
  },
  "F1Ge1O2Sn1": {
    "F": -1.0,
    "Ge": 3.0,
    "O": -2.0,
    "Sn": 2.0
  },
  "Cs1Ni1O3": null,
  "Au1Be1O3": null,
  "N1Nb2O2": {
    "N": -3.0,
    "Nb": 3.5,
    "O": -2.0
  },
  "Ge1O3Sc1": {
    "Ge": 4.0,
    "O": -2.0,
    "Sc": 2.0
  },
  "Ba1N2Nb1O1": {
    "Ba": 2.0,
    "N": -2.5,
    "Nb": 5.0,
    "O": -2.0
  },
  "Be1F1Mg1N1O1": {
    "Be": 2.0,
    "F": -1.0,
    "Mg": 2.0,
    "N": -1.0,
    "O": -2.0
  },
  "Hf1O3Os1": {
    "Hf": 4.0,
    "O": -2.0,
    "Os": 2.0
  },
  "Mg1N1O2Re1": {
    "Mg": 2.0,
    "N": -3.0,
    "O": -2.0,
    "Re": 5.0
  },
  "Ba1Cs1O2S1": null,
  "Ir1Nb1O2S1": {
    "Ir": 3.0,
    "Nb": 3.0,
    "O": -2.0,
    "S": -2.0
  },
  "F1N1O1Sr1Y1": {
    "F": -1.0,
    "N": -2.0,
    "O": -2.0,
    "Sr": 2.0,
    "Y": 3.0
  },
  "Ca1N3Ni1": {
    "Ca": 2.0,
    "N": -1.0,
    "Ni": 1.0
  },
  "F1O2Sn1Te1": null,
  "Ca1N1O2Zn1": null,
  "In1N3Sb1": {
    "In": 3.0,
    "N": -2.6666666666666665,
    "Sb": 5.0
  },
  "Ga1Mn1N1O2": {
    "Ga": 3.0,
    "Mn": 4.0,
    "N": -3.0,
    "O": -2.0
  },
  "K1O2Re1S1": {
    "K": 1.0,
    "O": -2.0,
    "Re": 5.0,
    "S": -2.0
  },
  "N1O2Sr1W1": {
    "N": -3.0,
    "O": -2.0,
    "Sr": 2.0,
    "W": 5.0
  },
  "Hg1Ni1O3": {
    "Hg": 2.0,
    "Ni": 4.0,
    "O": -2.0
  },
  "F1N1O1Re1Zr1": {
    "F": -1.0,
    "N": -3.0,
    "O": -2.0,
    "Re": 3.0,
    "Zr": 3.0
  },
  "Hf2O3": null,
  "Fe1N1O2Re1": {
    "Fe": 3.0,
    "N": -3.0,
    "O": -2.0,
    "Re": 4.0
  },
  "Al1Ba1N3": {
    "Al": 3.0,
    "Ba": 2.0,
    "N": -1.6666666666666667
  },
  "O3Sr2": null,
  "Cr1O3Sc1": {
    "Cr": 3.0,
    "O": -2.0,
    "Sc": 3.0
  },
  "Cd2F1N1O1": {
    "Cd": 2.0,
    "F": -1.0,
    "N": -1.0,
    "O": -2.0
  },
  "F1Mn2O2": {
    "F": -1.0,
    "Mn": 2.5,
    "O": -2.0
  },
  "Cr1Ir1N3": {
    "Cr": 6.0,
    "Ir": 3.0,
    "N": -3.0
  },
  "Cd2F1O2": null,
  "N2Ni2O1": {
    "N": -3.0,
    "Ni": 4.0,
    "O": -2.0
  },
  "Cd1F1O2Zn1": null,
  "Mn2O2S1": {
    "Mn": 3.0,
    "O": -2.0,
    "S": -2.0
  },
  "Bi1N3Pb1": {
    "Bi": 5.0,
    "N": -3.0,
    "Pb": 4.0
  },
  "Cu1Ga1N1O2": {
    "Cu": 2.0,
    "Ga": 3.0,
    "N": -1.0,
    "O": -2.0
  },
  "Hg1O2S1V1": {
    "Hg": 2.0,
    "O": -2.0,
    "S": -2.0,
    "V": 4.0
  },
  "La2N1O2": {
    "La": 3.0,
    "N": -2.0,
    "O": -2.0
  },
  "N1O2Sc1Si1": {
    "N": -3.0,
    "O": -2.0,
    "Sc": 3.0,
    "Si": 4.0
  },
  "Cr1N3Os1": {
    "Cr": 3.0,
    "N": -3.0,
    "Os": 6.0
  },
  "F1O2Rh2": null,
  "N3Pt1W1": {
    "N": -3.0,
    "Pt": 4.0,
    "W": 5.0
  },
  "Cs1N1O2Ru1": {
    "Cs": 1.0,
    "N": -3.0,
    "O": -2.0,
    "Ru": 6.0
  },
  "N3Ru1Sn1": {
    "N": -3.0,
    "Ru": 5.0,
    "Sn": 4.0
  },
  "N1O2Ru1Sc1": {
    "N": -3.0,
    "O": -2.0,
    "Ru": 4.0,
    "Sc": 3.0
  },
  "B1O2S1Si1": null,
  "Al1F1Mn1O2": {
    "Al": 3.0,
    "F": -1.0,
    "Mn": 2.0,
    "O": -2.0
  },
  "O2Rb1S1Ta1": {
    "O": -2.0,
    "Rb": 1.0,
    "S": -2.0,
    "Ta": 5.0
  },
  "F1O2Os1Rh1": {
    "F": -1.0,
    "O": -2.0,
    "Os": 2.0,
    "Rh": 3.0
  },
  "N2O1W2": {
    "N": -3.0,
    "O": -2.0,
    "W": 4.0
  },
  "F1Ir1N1O1Tl1": {
    "F": -1.0,
    "Ir": 5.0,
    "N": -3.0,
    "O": -2.0,
    "Tl": 1.0
  },
  "Ag1F1O2Pt1": {
    "Ag": 1.0,
    "F": -1.0,
    "O": -2.0,
    "Pt": 4.0
  },
  "Ag2N3": {
    "Ag": 1.5,
    "N": -1.0
  },
  "N3Tl1Y1": {
    "N": -1.3333333333333333,
    "Tl": 1.0,
    "Y": 3.0
  },
  "As2F1N1O1": {
    "As": 3.0,
    "F": -1.0,
    "N": -3.0,
    "O": -2.0
  },
  "N3Re2": {
    "N": -3.0,
    "Re": 4.5
  },
  "As2F1O2": {
    "As": 2.5,
    "F": -1.0,
    "O": -2.0
  },
  "O3Pd1V1": {
    "O": -2.0,
    "Pd": 2.0,
    "V": 4.0
  },
  "O2Rb2S1": {
    "O": -2.0,
    "Rb": 1.0,
    "S": 2.0
  },
  "Al2O2S1": {
    "Al": 3.0,
    "O": -2.0,
    "S": -2.0
  },
  "F1K2N1O1": {
    "F": -1.0,
    "K": 1.0,
    "N": 1.0,
    "O": -2.0
  },
  "Cd1Mn1N3": {
    "Cd": 2.0,
    "Mn": 7.0,
    "N": -3.0
  },
  "F1O2Rb2": null,
  "Li2N3": {
    "Li": 1.0,
    "N": -0.6666666666666666
  },
  "Bi2O3": {
    "Bi": 3.0,
    "O": -2.0
  },
  "F1Ga1Hg1O2": {
    "F": -1.0,
    "Ga": 3.0,
    "Hg": 2.0,
    "O": -2.0
  },
  "As2N3": {
    "As": 4.0,
    "N": -2.6666666666666665
  },
  "Ba2N1O2": null,
  "F1Ge2O2": {
    "F": -1.0,
    "Ge": 2.5,
    "O": -2.0
  }
}