{
  "F2Sb2Se4Sr2": {
    "F": -1.0,
    "Sb": 3.0,
    "Se": -2.0,
    "Sr": 2.0
  },
  "Ag2I2": {
    "Ag": 1.0,
    "I": -1.0
  },
  "Mg1O8Re2": {
    "Mg": 2.0,
    "O": -2.0,
    "Re": 7.0
  },
  "H2Si6": {
    "H": 0.0,
    "Si": 0.0
  },
  "O18Te8": {
    "O": -2.0,
    "Te": 4.5
  },
  "Fe2S2": {
    "Fe": 2.0,
    "S": -2.0
  },
  "Cr2P2S8": {
    "Cr": 3.0,
    "P": 5.0,
    "S": -2.0
  },
  "Bi1Cu1P2Se6": {
    "Bi": 1.0,
    "Cu": 1.0,
    "P": 5.0,
    "Se": -2.0
  },
  "Sb2Se2Te1": {
    "Sb": 3.0,
    "Se": -2.0,
    "Te": -2.0
  },
  "Ge1I2Y2": null,
  "Br2Ho2O2": {
    "Br": -1.0,
    "Ho": 3.0,
    "O": -2.0
  },
  "Cl2Er2O2": {
    "Cl": -1.0,
    "Er": 3.0,
    "O": -2.0
  },
  "Cr1P2S7": {
    "Cr": 4.0,
    "P": 5.0,
    "S": -2.0
  },
  "Te6Y2": {
    "Te": -1.0,
    "Y": 3.0
  },
  "Nb2O5": {
    "Nb": 5.0,
    "O": -2.0
  },
  "As2Te3": {
    "As": -3.0,
    "Te": 2.0
  },
  "Ni1S2": {
    "Ni": 4.0,
    "S": -2.0
  },
  "H2Ni1O2": {
    "H": 1.0,
    "Ni": 2.0,
    "O": -2.0
  },
  "Bi2Br2O4Sr2": {
    "Bi": 3.0,
    "Br": -1.0,
    "O": -2.0,
    "Sr": 2.0
  },
  "Ga2Te2": {
    "Ga": 2.0,
    "Te": -2.0
  },
  "S2Zr1": {
    "S": -2.0,
    "Zr": 4.0
  },
  "Ag1P2Sc1Se6": {
    "Ag": 1.0,
    "P": 4.0,
    "Sc": 3.0,
    "Se": -2.0
  },
  "Pd2S4": {
    "Pd": 4.0,
    "S": -2.0
  },
  "Ir2Ta2Te8": {
    "Ir": 3.0,
    "Ta": 5.0,
    "Te": -2.0
  },
  "Se2W1": {
    "Se": -2.0,
    "W": 4.0
  },
  "As2Mn2Rb2": {
    "As": -3.0,
    "Mn": 2.0,
    "Rb": 1.0
  },
  "Fe2Se2": {
    "Fe": 2.0,
    "Se": -2.0
  },
  "Se2Zr1": {
    "Se": -2.0,
    "Zr": 4.0
  },
  "Br2S2Sb2": {
    "Br": -1.0,
    "S": -2.0,
    "Sb": 3.0
  },
  "Bi2I2Se2": {
    "Bi": 3.0,
    "I": -1.0,
    "Se": -2.0
  },
  "Cl2Fe1": {
    "Cl": -1.0,
    "Fe": 2.0
  },
  "H2N2S14": {
    "H": 1.0,
    "N": 5.0,
    "S": -0.8571428571428571
  },
  "Ca2Sn2": null,
  "Cl8Nb4S8": {
    "Cl": -1.0,
    "Nb": 5.0,
    "S": -1.5
  },
  "As8S6": {
    "As": 1.5,
    "S": -2.0
  },
  "Br2Ti1": {
    "Br": -1.0,
    "Ti": 2.0
  },
  "I2N2Ti2": {
    "I": -1.0,
    "N": -3.0,
    "Ti": 4.0
  },
  "Br1C1N1": {
    "Br": -1.0,
    "C": 4.0,
    "N": -3.0
  },
  "Cl6Fe1Zr1": {
    "Cl": -1.0,
    "Fe": 2.0,
    "Zr": 4.0
  },
  "Cd1I2": {
    "Cd": 2.0,
    "I": -1.0
  },
  "P2Se5": {
    "P": 5.0,
    "Se": -2.0
  },
  "Cr1S2": {
    "Cr": 4.0,
    "S": -2.0
  },
  "Br6Sr1Th1": {
    "Br": -1.0,
    "Sr": 2.0,
    "Th": 4.0
  },
  "I7Ta3Te1": {
    "I": -1.0,
    "Ta": 3.0,
    "Te": -2.0
  },
  "Al1I7Te1": {
    "Al": 3.0,
    "I": -1.0,
    "Te": 4.0
  },
  "Al8Te12": {
    "Al": 3.0,
    "Te": -2.0
  },
  "Cl6Pd6S6": {
    "Cl": -1.0,
    "Pd": 3.0,
    "S": -2.0
  },
  "As1Cl5": {
    "As": 5.0,
    "Cl": -1.0
  },
  "I10Nb2": {
    "I": -1.0,
    "Nb": 5.0
  },
  "Pt1Te2": {
    "Pt": 4.0,
    "Te": -2.0
  },
  "C2": {
    "C": 0.0
  },
  "Ni2Se2": {
    "Ni": 2.0,
    "Se": -2.0
  },
  "P2S8Sc2": {
    "P": 5.0,
    "S": -2.0,
    "Sc": 3.0
  },
  "S2Zr2": {
    "S": -2.0,
    "Zr": 2.0
  },
  "Pt4Te6Tl2": {
    "Pt": 2.5,
    "Te": -2.0,
    "Tl": 1.0
  },
  "Se6U2": {
    "Se": -2.0,
    "U": 6.0
  },
  "Hf1S2": {
    "Hf": 4.0,
    "S": -2.0
  },
  "S6Zr2": {
    "S": -1.3333333333333333,
    "Zr": 4.0
  },
  "B2C2Dy2": {
    "B": 0.0,
    "C": -3.0,
    "Dy": 3.0
  },
  "Na2P2Zn2": {
    "Na": 1.0,
    "P": -3.0,
    "Zn": 2.0
  },
  "Li2Rb2S2": {
    "Li": 1.0,
    "Rb": 1.0,
    "S": -2.0
  },
  "Cl6Sc2": {
    "Cl": -1.0,
    "Sc": 3.0
  },
  "Sb2Sn1Te4": {
    "Sb": 3.0,
    "Sn": 2.0,
    "Te": -2.0
  },
  "Bi4O6": {
    "Bi": 3.0,
    "O": -2.0
  },
  "Cl2O2V2": {
    "Cl": -1.0,
    "O": -2.0,
    "V": 3.0
  },
  "Cl2O1Os1": {
    "Cl": -1.0,
    "O": -2.0,
    "Os": 4.0
  },
  "Br6Nd2": {
    "Br": -1.0,
    "Nd": 3.0
  },
  "Cl12Rh4": {
    "Cl": -1.0,
    "Rh": 3.0
  },
  "K2Mg2Sb2": {
    "K": 1.0,
    "Mg": 2.0,
    "Sb": -3.0
  },
  "K2S4Sb2": {
    "K": 1.0,
    "S": -2.0,
    "Sb": 3.0
  },
  "Ag2Cl6Re1": {
    "Ag": 1.0,
    "Cl": -1.0,
    "Re": 4.0
  },
  "F4Tl4": {
    "F": -1.0,
    "Tl": 1.0
  },
  "Au1K1Se2": {
    "Au": 3.0,
    "K": 1.0,
    "Se": -2.0
  },
  "Ca1I2": {
    "Ca": 2.0,
    "I": -1.0
  },
  "Er2I2Se2": {
    "Er": 3.0,
    "I": -1.0,
    "Se": -2.0
  },
  "Na2O4Pd3": {
    "Na": 1.0,
    "O": -2.0,
    "Pd": 2.0
  },
  "Li2Rb2Se2": {
    "Li": 1.0,
    "Rb": 1.0,
    "Se": -2.0
  },
  "Br2Dy2S2": {
    "Br": -1.0,
    "Dy": 3.0,
    "S": -2.0
  },
  "O2Sr1": null,
  "Bi2I2O2": {
    "Bi": 3.0,
    "I": -1.0,
    "O": -2.0
  },
  "As2Na2Zn2": {
    "As": -3.0,
    "Na": 1.0,
    "Zn": 2.0
  },
  "Bi2Br2O2": {
    "Bi": 3.0,
    "Br": -1.0,
    "O": -2.0
  },
  "Cl2V1": {
    "Cl": -1.0,
    "V": 2.0
  },
  "Br2H2Sr2": {
    "Br": -1.0,
    "H": -1.0,
    "Sr": 2.0
  },
  "Cl2In2O2": {
    "Cl": -1.0,
    "In": 3.0,
    "O": -2.0
  },
  "Dy2I2S2": {
    "Dy": 3.0,
    "I": -1.0,
    "S": -2.0
  },
  "H2I2Sr2": {
    "H": -1.0,
    "I": -1.0,
    "Sr": 2.0
  },
  "Ag2K2Se2": {
    "Ag": 1.0,
    "K": 1.0,
    "Se": -2.0
  },
  "Co1S2": {
    "Co": 4.0,
    "S": -2.0
  },
  "Fe1O2": null,
  "I2N2U2": {
    "I": -1.0,
    "N": -3.0,
    "U": 4.0
  },
  "S2Sm2": {
    "S": -2.0,
    "Sm": 2.0
  },
  "I6Rb2": null,
  "Br4O2": null,
  "H2Mg3O4": {
    "H": 1.0,
    "Mg": 2.0,
    "O": -2.0
  },
  "K4Se10": {
    "K": 1.0,
    "Se": -0.4
  },
  "Br2Zr2": null,
  "Pt2Ta2Te10": {
    "Pt": 5.0,
    "Ta": 5.0,
    "Te": -2.0
  },
  "Cl9Mo2Rb3": {
    "Cl": -1.0,
    "Mo": 3.0,
    "Rb": 1.0
  },
  "S4Si4": {
    "S": -2.0,
    "Si": 2.0
  },
  "Ga2I2Tb2": null,
  "Co1Nb2S4": {
    "Co": 1.0,
    "Nb": 3.5,
    "S": -2.0
  },
  "Cl2Y2": null,
  "Nb2P4S16": {
    "Nb": 4.0,
    "P": 5.0,
    "S": -1.75
  },
  "Br6Hg3": {
    "Br": -1.0,
    "Hg": 2.0
  },
  "Ga2H2O4": {
    "Ga": 3.0,
    "H": 1.0,
    "O": -2.0
  },
  "Co4Ta4Te8": {
    "Co": 1.0,
    "Ta": 3.0,
    "Te": -2.0
  }
}