{
  "NbB2": null,
  "ErF3": {
    "Er": 3.0,
    "F": -1.0
  },
  "ZrBrN": {
    "Zr": 4.0,
    "Br": -1.0,
    "N": -3.0
  },
  "ErTlTe2": {
    "Er": 3.0,
    "Tl": 1.0,
    "Te": -2.0
  },
  "Ti2MnIr": null,
  "CdIn2O4": {
    "Cd": 2.0,
    "In": 3.0,
    "O": -2.0
  },
  "NbF4": {
    "Nb": 4.0,
    "F": -1.0
  },
  "MnCo2Si": {
    "Mn": 2.0,
    "Co": 1.0,
    "Si": -4.0
  },
  "CoBr2": {
    "Co": 2.0,
    "Br": -1.0
  },
  "Zr4In5Co2": null,
  "Ba(AlTe2)2": {
    "Ba": 2.0,
    "Al": 3.0,
    "Te": -2.0
  },
  "ScHCl": {
    "Sc": 2.0,
    "H": -1.0,
    "Cl": -1.0
  },
  "ZnBiO3": null,
  "SnCl4": {
    "Sn": 4.0,
    "Cl": -1.0
  },
  "LiBePt2": null,
  "Ba(LaSe2)2": {
    "Ba": 2.0,
    "La": 3.0,
    "Se": -2.0
  },
  "CoCu2O3": {
    "Co": 2.0,
    "Cu": 2.0,
    "O": -2.0
  },
  "PmCdHg2": null,
  "Ba5Bi3": null,
  "AlCrO4": {
    "Al": 3.0,
    "Cr": 5.0,
    "O": -2.0
  },
  "Ca4Mg4Fe3H22": {
    "Ca": 2.0,
    "Mg": 2.0,
    "Fe": 2.0,
    "H": -1.0
  },
  "TlPd2Se3": {
    "Tl": 1.0,
    "Pd": 2.0,
    "Se": -1.6666666666666667
  },
  "MgInCu4": null,
  "NbNiB": {
    "Nb": 2.0,
    "Ni": 1.0,
    "B": -3.0
  },
  "SmPd3": null,
  "Zr(VGa2)2": null,
  "Rb2O": {
    "Rb": 1.0,
    "O": -2.0
  },
  "GePd": null,
  "Y2AlZn": null,
  "NbInS2": {
    "Nb": 3.0,
    "In": 1.0,
    "S": -2.0
  },
  "HfN": null,
  "Ba2Cd": null,
  "EuCl3": {
    "Eu": 3.0,
    "Cl": -1.0
  },
  "NdFeO3": {
    "Nd": 3.0,
    "Fe": 3.0,
    "O": -2.0
  },
  "KGaSb4": {
    "K": 1.0,
    "Ga": 3.0,
    "Sb": -1.0
  },
  "CoPt": {
    "Co": 2.0,
    "Pt": -2.0
  },
  "TmBi": null,
  "CdWO4": {
    "Cd": 2.0,
    "W": 6.0,
    "O": -2.0
  },
  "MnSbIr": null,
  "Sc2CuRu": null,
  "Si5Pt12": {
    "Si": 4.0,
    "Pt": -1.6666666666666667
  },
  "Fe2O3F": null,
  "HfAs2": {
    "Hf": 4.0,
    "As": -2.0
  },
  "PaZnRu2": null,
  "PrNdTl2": null,
  "Cu3Pt": null,
  "CeNi": null,
  "SrMgTl2": null,
  "In2HgTe4": {
    "In": 3.0,
    "Hg": 2.0,
    "Te": -2.0
  },
  "HfIr3": null,
  "SmGa5Co": null,
  "Ca(AlSi)2": {
    "Ca": 2.0,
    "Al": 3.0,
    "Si": -4.0
  },
  "Li4WO5": {
    "Li": 1.0,
    "W": 6.0,
    "O": -2.0
  },
  "Y2O3": {
    "Y": 3.0,
    "O": -2.0
  },
  "Li3PS4": {
    "Li": 1.0,
    "P": 5.0,
    "S": -2.0
  },
  "MnSn2": null,
  "CuPt": {
    "Cu": 2.0,
    "Pt": -2.0
  },
  "CsVI3": {
    "Cs": 1.0,
    "V": 2.0,
    "I": -1.0
  },
  "Y2FeB": null,
  "ThSe": null,
  "Zr3As2": {
    "Zr": 2.0,
    "As": -3.0
  },
  "V3(O2F)2": {
    "V": 3.3333333333333335,
    "O": -2.0,
    "F": -1.0
  },
  "AgBr": {
    "Ag": 1.0,
    "Br": -1.0
  },
  "ZnSbF6": null,
  "Mo(CO)6": {
    "Mo": 6.0,
    "C": 1.0,
    "O": -2.0
  },
  "SrH2": {
    "Sr": 2.0,
    "H": -1.0
  },
  "ScRh3": null,
  "ZnCN2": {
    "Zn": 2.0,
    "C": 4.0,
    "N": -3.0
  },
  "Nb3Pt": null,
  "Ho3TlC": null,
  "Y2NiIr": null,
  "Ba2YBiO6": {
    "Ba": 2.0,
    "Y": 3.0,
    "Bi": 5.0,
    "O": -2.0
  },
  "SmLuIn2": null,
  "Cu2Sb": {
    "Cu": 1.5,
    "Sb": -3.0
  },
  "Ag2MoO4": {
    "Ag": 1.0,
    "Mo": 6.0,
    "O": -2.0
  },
  "CsTiBr3": {
    "Cs": 1.0,
    "Ti": 2.0,
    "Br": -1.0
  },
  "SbCl5": {
    "Sb": 5.0,
    "Cl": -1.0
  },
  "HfSnRu2": null,
  "Li2CdSb": null,
  "Li2InPd": null,
  "Sr4Fe4O11": null,
  "Hf3Si2": null,
  "CaCd2": null,
  "Ca(SiNi)2": {
    "Ca": 2.0,
    "Si": -4.0,
    "Ni": 3.0
  },
  "Ta3Sb": null,
  "Sc2BeRu": null,
  "Si3W": {
    "Si": -1.3333333333333333,
    "W": 4.0
  },
  "Ti2MnRh": null,
  "Al12W": null,
  "HfPt": null,
  "NbRhO4": {
    "Nb": 5.0,
    "Rh": 3.0,
    "O": -2.0
  },
  "Mn2AlRe": null,
  "Li2GePbS4": {
    "Li": 1.0,
    "Ge": 4.0,
    "Pb": 2.0,
    "S": -2.0
  },
  "Eu(MnSb)2": {
    "Eu": 2.0,
    "Mn": 2.0,
    "Sb": -3.0
  },
  "YPPt": {
    "Y": 3.0,
    "P": -1.0,
    "Pt": -2.0
  },
  "Sm3I": null,
  "ScNbRu2": null,
  "CrGaFe2": null,
  "LiCa2Ir": null,
  "Ba(NO2)2": {
    "Ba": 2.0,
    "N": 3.0,
    "O": -2.0
  },
  "Be22W": null,
  "W(OF)2": {
    "W": 6.0,
    "O": -2.0,
    "F": -1.0
  },
  "Be2Fe": null,
  "LiBe": null,
  "Rb2Cu(BrCl)2": {
    "Rb": 1.0,
    "Cu": 2.0,
    "Br": -1.0,
    "Cl": -1.0
  },
  "CrIrRu": null,
  "Nb3In": null,
  "RbI": {
    "Rb": 1.0,
    "I": -1.0
  },
  "ZrGaNi2": null,
  "NbZnRu2": null,
  "LiBePd2": null,
  "CsInBr3": {
    "Cs": 1.0,
    "In": 2.0,
    "Br": -1.0
  },
  "Y5Sn3": null,
  "Zr2Fe3Ge": null,
  "Sc3InB": null,
  "LiAlAg2": null,
  "PuF3": {
    "Pu": 3.0,
    "F": -1.0
  },
  "NbS": {
    "Nb": 2.0,
    "S": -2.0
  },
  "Mg3Hg": null,
  "ZnSiN2": {
    "Zn": 2.0,
    "Si": 4.0,
    "N": -3.0
  },
  "YbTe": {
    "Yb": 2.0,
    "Te": -2.0
  },
  "ZnAg3": null,
  "TePdI2": {
    "Te": -2.0,
    "Pd": 4.0,
    "I": -1.0
  },
  "Sc2V2O7": {
    "Sc": 3.0,
    "V": 4.0,
    "O": -2.0
  },
  "Mg2Ge": null,
  "LaCuSe2": {
    "La": 3.0,
    "Cu": 1.0,
    "Se": -2.0
  },
  "MnPtF6": {
    "Mn": 2.0,
    "Pt": 4.0,
    "F": -1.0
  },
  "Sc3SnC": null,
  "ScInAg2": null,
  "PtI2": {
    "Pt": 2.0,
    "I": -1.0
  },
  "In2O3": {
    "In": 3.0,
    "O": -2.0
  },
  "RbSe": {
    "Rb": 1.0,
    "Se": -1.0
  },
  "Si3Pt": {
    "Si": -1.3333333333333333,
    "Pt": 4.0
  },
  "DyNiBi": null,
  "CoSe2": {
    "Co": 4.0,
    "Se": -2.0
  },
  "WOF4": {
    "W": 6.0,
    "O": -2.0,
    "F": -1.0
  },
  "TiTlPS5": {
    "Ti": 4.0,
    "Tl": 1.0,
    "P": 5.0,
    "S": -2.0
  },
  "In3Pd2": null,
  "LiGa2Pt": null,
  "TiBeRh2": null,
  "NiSeO4": {
    "Ni": 2.0,
    "Se": 6.0,
    "O": -2.0
  },
  "LaBr": null,
  "Hf3ZnN": null,
  "LiAuI4": {
    "Li": 1.0,
    "Au": 3.0,
    "I": -1.0
  },
  "RbCu3S2": {
    "Rb": 1.0,
    "Cu": 1.0,
    "S": -2.0
  },
  "Be5Pd": null,
  "Be2Cr": null,
  "Sc2O3": {
    "Sc": 3.0,
    "O": -2.0
  },
  "KCuSe": {
    "K": 1.0,
    "Cu": 1.0,
    "Se": -2.0
  },
  "Mg3H4O5": {
    "Mg": 2.0,
    "H": 1.0,
    "O": -2.0
  },
  "ZrSe2": {
    "Zr": 4.0,
    "Se": -2.0
  },
  "AlClO": {
    "Al": 3.0,
    "Cl": -1.0,
    "O": -2.0
  },
  "Ca(ZnN)2": {
    "Ca": 2.0,
    "Zn": 2.0,
    "N": -3.0
  },
  "NbAs2": {
    "Nb": 5.0,
    "As": -2.5
  },
  "CrSb": {
    "Cr": 3.0,
    "Sb": -3.0
  },
  "LiCaSi2": null,
  "CrF3": {
    "Cr": 3.0,
    "F": -1.0
  },
  "ScAlNi2": null,
  "Na2CN2": {
    "Na": 1.0,
    "C": 4.0,
    "N": -3.0
  },
  "CsVBr3": {
    "Cs": 1.0,
    "V": 2.0,
    "Br": -1.0
  },
  "Sc2ZnIr": null,
  "MnVRu2": null,
  "Hf2CuIr": null,
  "TbScO3": {
    "Tb": 3.0,
    "Sc": 3.0,
    "O": -2.0
  },
  "Sr4Cu2O7": {
    "Sr": 2.0,
    "Cu": 3.0,
    "O": -2.0
  },
  "Cr2GeC": null,
  "Cs(CoS)2": {
    "Cs": 1.0,
    "Co": 1.5,
    "S": -2.0
  },
  "MnSbPt": {
    "Mn": 3.0,
    "Sb": -1.0,
    "Pt": -2.0
  },
  "MnInNi2": null,
  "Sr(CdP)2": {
    "Sr": 2.0,
    "Cd": 2.0,
    "P": -3.0
  },
  "Mg2C3": {
    "Mg": 2.0,
    "C": -1.3333333333333333
  },
  "In3Ni2": null,
  "Li15Si4": null,
  "FeSe2": {
    "Fe": 3.0,
    "Se": -1.5
  },
  "Li9(CoO4)2": {
    "Li": 1.0,
    "Co": 3.5,
    "O": -2.0
  },
  "Cs2HfF6": {
    "Cs": 1.0,
    "Hf": 4.0,
    "F": -1.0
  },
  "KHCO2": {
    "K": 1.0,
    "H": 1.0,
    "C": 2.0,
    "O": -2.0
  },
  "NiO": {
    "Ni": 2.0,
    "O": -2.0
  },
  "LiBiPd2": null,
  "YbMg": null,
  "ScBrO": {
    "Sc": 3.0,
    "Br": -1.0,
    "O": -2.0
  },
  "ZrTe5": {
    "Zr": 4.0,
    "Te": -0.8
  },
  "MgSnRh2": null,
  "TmZn2": null,
  "YbSnAu2": null,
  "SrMgH4": {
    "Sr": 2.0,
    "Mg": 2.0,
    "H": -1.0
  },
  "TaSiIr": null,
  "Li3Al2": null,
  "Ti3AlC": null,
  "Tl(CoS)2": {
    "Tl": 1.0,
    "Co": 1.5,
    "S": -2.0
  },
  "Y(CuSi)2": {
    "Y": 3.0,
    "Cu": 2.5,
    "Si": -4.0
  },
  "HoErAg2": null,
  "LiRuN": {
    "Li": 1.0,
    "Ru": 2.0,
    "N": -3.0
  },
  "Hf3(Cu2Si)2": null,
  "MgTl": null,
  "ReC5BrO5": {
    "Re": 7.0,
    "C": 0.8,
    "Br": -1.0,
    "O": -2.0
  },
  "LiFeAs": {
    "Li": 1.0,
    "Fe": 2.0,
    "As": -3.0
  },
  "ZrCoO3": {
    "Zr": 4.0,
    "Co": 2.0,
    "O": -2.0
  },
  "GdSb": {
    "Gd": 3.0,
    "Sb": -3.0
  },
  "TiMnRh2": null,
  "MgRh": null,
  "Sr2Co2O5": {
    "Sr": 2.0,
    "Co": 3.0,
    "O": -2.0
  },
  "MgCd3": null,
  "Li2CO3": {
    "Li": 1.0,
    "C": 4.0,
    "O": -2.0
  },
  "Mg41Al67": null,
  "LaOs2": {
    "La": 3.0,
    "Os": -1.5
  },
  "LiV2N3": {
    "Li": 1.0,
    "V": 4.0,
    "N": -3.0
  },
  "Li2O": {
    "Li": 1.0,
    "O": -2.0
  },
  "Na2FeO3": null,
  "Ba2CoO4": {
    "Ba": 2.0,
    "Co": 4.0,
    "O": -2.0
  },
  "HfNbTc2": {
    "Hf": 4.0,
    "Nb": 2.0,
    "Tc": -3.0
  },
  "KI": {
    "K": 1.0,
    "I": -1.0
  },
  "Al5Rh2": null,
  "MgSiRh2": null,
  "CdPt3": {
    "Cd": 2.0,
    "Pt": -0.6666666666666666
  },
  "ZrAs": {
    "Zr": 3.0,
    "As": -3.0
  },
  "Te2Pt": {
    "Te": -2.0,
    "Pt": 4.0
  },
  "Li3CrS4": {
    "Li": 1.0,
    "Cr": 5.0,
    "S": -2.0
  },
  "Ti3ZnN": null,
  "CaSn2Pd": null,
  "Li2GaAu": null,
  "RbMnN2": {
    "Rb": 1.0,
    "Mn": 3.0,
    "N": -2.0
  },
  "Tl(FeSe)2": null,
  "Sn7Ir5": null,
  "Ba4Bi3": null,
  "LiFe3O4": {
    "Li": 1.0,
    "Fe": 2.3333333333333335,
    "O": -2.0
  },
  "Fe3C": null,
  "SiPd2": {
    "Si": -4.0,
    "Pd": 2.0
  },
  "SmClO": {
    "Sm": 3.0,
    "Cl": -1.0,
    "O": -2.0
  },
  "ScBRh3": null,
  "Ti2Sn": null,
  "HfCr2": null,
  "ScInPt2": {
    "Sc": 3.0,
    "In": 1.0,
    "Pt": -2.0
  },
  "ZrPt3": {
    "Zr": 2.0,
    "Pt": -0.6666666666666666
  },
  "Zn2ReN3": {
    "Zn": 2.0,
    "Re": 5.0,
    "N": -3.0
  },
  "MgSe": {
    "Mg": 2.0,
    "Se": -2.0
  },
  "YScO2": null,
  "Sc2GaOs": null,
  "Li2SnAu": null,
  "ScAuO2": {
    "Sc": 3.0,
    "Au": 1.0,
    "O": -2.0
  },
  "ZrPd": null,
  "CuP2": {
    "Cu": 2.0,
    "P": -1.0
  },
  "TiAl2O5": {
    "Ti": 4.0,
    "Al": 3.0,
    "O": -2.0
  },
  "BaBiAu": null,
  "ZnNi": null,
  "FeI2": {
    "Fe": 2.0,
    "I": -1.0
  },
  "Ba(TaN2)2": {
    "Ba": 2.0,
    "Ta": 5.0,
    "N": -3.0
  },
  "ThBr4": {
    "Th": 4.0,
    "Br": -1.0
  },
  "Mn3Pt": null,
  "LiMnPd2": null,
  "Nb2AsC": {
    "Nb": 3.5,
    "As": -3.0,
    "C": -4.0
  },
  "V2O3": {
    "V": 3.0,
    "O": -2.0
  },
  "UBrN": {
    "U": 4.0,
    "Br": -1.0,
    "N": -3.0
  },
  "B13N2": {
    "B": 0.23076923076923078,
    "N": -1.5
  },
  "Ho2B4C": null,
  "SrAl9Co2": null,
  "TiGeO3": {
    "Ti": 2.0,
    "Ge": 4.0,
    "O": -2.0
  },
  "HfMo2": null,
  "Y(FeSi)2": {
    "Y": 3.0,
    "Fe": 2.5,
    "Si": -4.0
  },
  "Mg2Sn": null,
  "MnAl2O4": {
    "Mn": 2.0,
    "Al": 3.0,
    "O": -2.0
  },
  "RbHS": {
    "Rb": 1.0,
    "H": 1.0,
    "S": -2.0
  },
  "ThSnRu2": null,
  "NaBr": {
    "Na": 1.0,
    "Br": -1.0
  },
  "NbPbS2": {
    "Nb": 2.0,
    "Pb": 2.0,
    "S": -2.0
  },
  "DyAlO3": {
    "Dy": 3.0,
    "Al": 3.0,
    "O": -2.0
  },
  "Zr2Ni2Sn": null,
  "LiCoF4": {
    "Li": 1.0,
    "Co": 3.0,
    "F": -1.0
  },
  "CaSiPt": {
    "Ca": 2.0,
    "Si": -4.0,
    "Pt": 2.0
  },
  "Cd(CuO2)2": {
    "Cd": 2.0,
    "Cu": 3.0,
    "O": -2.0
  },
  "Ti2Al": null,
  "ZrSnTe": null,
  "Li4SiO4": {
    "Li": 1.0,
    "Si": 4.0,
    "O": -2.0
  },
  "Cu3SbSe4": {
    "Cu": 1.0,
    "Sb": 5.0,
    "Se": -2.0
  },
  "UNi5": null,
  "SrCrN2": {
    "Sr": 2.0,
    "Cr": 4.0,
    "N": -3.0
  },
  "LiVIr2": null,
  "TiGePd": null,
  "Fe4O5F3": null,
  "ScNbO4": {
    "Sc": 3.0,
    "Nb": 5.0,
    "O": -2.0
  },
  "Al3Fe": null,
  "Li2CuGe": null,
  "ThB6": null,
  "BeZnO2": {
    "Be": 2.0,
    "Zn": 2.0,
    "O": -2.0
  },
  "ScHO2": {
    "Sc": 3.0,
    "H": 1.0,
    "O": -2.0
  },
  "Li2Sb": {
    "Li": 1.0,
    "Sb": -2.0
  },
  "Ti3Te4": {
    "Ti": 2.6666666666666665,
    "Te": -2.0
  },
  "SiRh2": null,
  "VGePt": null,
  "Fe2Si": {
    "Fe": 2.0,
    "Si": -4.0
  },
  "V2P": null,
  "Li3ScN2": {
    "Li": 1.0,
    "Sc": 3.0,
    "N": -3.0
  },
  "SiS2": {
    "Si": 4.0,
    "S": -2.0
  },
  "CeGeAu": null,
  "AuSe": {
    "Au": 2.0,
    "Se": -2.0
  },
  "TiNi": null,
  "CaAsAu": {
    "Ca": 2.0,
    "As": -3.0,
    "Au": 1.0
  },
  "GePt2": {
    "Ge": 4.0,
    "Pt": -2.0
  },
  "PdO2": {
    "Pd": 4.0,
    "O": -2.0
  },
  "ScInNi2": null,
  "LiCeSn2": null,
  "CoMoP": {
    "Co": 1.0,
    "Mo": 2.0,
    "P": -3.0
  },
  "SrZnCl4": {
    "Sr": 2.0,
    "Zn": 2.0,
    "Cl": -1.0
  },
  "LiF": {
    "Li": 1.0,
    "F": -1.0
  },
  "HoCl3": {
    "Ho": 3.0,
    "Cl": -1.0
  },
  "Li3Bi": null,
  "MgRh3": null,
  "Ba3V2O8": {
    "Ba": 2.0,
    "V": 5.0,
    "O": -2.0
  },
  "Bi2Pb2Se5": {
    "Bi": 3.0,
    "Pb": 2.0,
    "Se": -2.0
  },
  "BaMoO4": {
    "Ba": 2.0,
    "Mo": 6.0,
    "O": -2.0
  },
  "Li2SnPt": null,
  "VCuO3": {
    "V": 5.0,
    "Cu": 1.0,
    "O": -2.0
  },
  "MnI2": {
    "Mn": 2.0,
    "I": -1.0
  },
  "MnAgO2": {
    "Mn": 3.0,
    "Ag": 1.0,
    "O": -2.0
  },
  "NaTi2O3": {
    "Na": 1.0,
    "Ti": 2.5,
    "O": -2.0
  },
  "Li2ZnSn": null,
  "Hf5Si3": null,
  "TiBe": null,
  "LiRhO2": {
    "Li": 1.0,
    "Rh": 3.0,
    "O": -2.0
  },
  "BaGe": null,
  "TlAsPd5": null,
  "TePb": {
    "Te": -2.0,
    "Pb": 2.0
  },
  "AlVNi2": null,
  "Hf2ZnRe": null,
  "NbO2F": {
    "Nb": 5.0,
    "O": -2.0,
    "F": -1.0
  },
  "Al2CdTe4": {
    "Al": 3.0,
    "Cd": 2.0,
    "Te": -2.0
  },
  "KAlF4": {
    "K": 1.0,
    "Al": 3.0,
    "F": -1.0
  },
  "Pt3Pb": {
    "Pt": -0.6666666666666666,
    "Pb": 2.0
  },
  "Ti2Be17": null,
  "MgGaPd2": null,
  "NaHgPd2": null,
  "PbSeO3": {
    "Pb": 2.0,
    "Se": 4.0,
    "O": -2.0
  },
  "LiMgSnPt": null,
  "TiTc2Mo": {
    "Ti": 4.0,
    "Tc": -3.0,
    "Mo": 2.0
  },
  "Be2CuRh": null,
  "NdBr3": {
    "Nd": 3.0,
    "Br": -1.0
  },
  "LaGe2": null,
  "LiFe5O8": {
    "Li": 1.0,
    "Fe": 3.0,
    "O": -2.0
  },
  "Cu3Se2": {
    "Cu": 1.3333333333333333,
    "Se": -2.0
  },
  "InI3": {
    "In": 3.0,
    "I": -1.0
  },
  "V2HO4": {
    "V": 3.5,
    "H": 1.0,
    "O": -2.0
  },
  "TaB2": null,
  "Sc2GaC": null,
  "LiAlPt2": {
    "Li": 1.0,
    "Al": 3.0,
    "Pt": -2.0
  },
  "ThO2": {
    "Th": 4.0,
    "O": -2.0
  },
  "Ca3Ni7B2": null,
  "SiO2": {
    "Si": 4.0,
    "O": -2.0
  },
  "Li2VF6": {
    "Li": 1.0,
    "V": 4.0,
    "F": -1.0
  },
  "Mn2VGa": null,
  "Be2B": null,
  "Tl(CuS)2": {
    "Tl": 1.0,
    "Cu": 1.5,
    "S": -2.0
  },
  "Y(PdO2)2": null,
  "Nb3Rh": null,
  "Sr2NbN3": {
    "Sr": 2.0,
    "Nb": 5.0,
    "N": -3.0
  },
  "MgV2O5": {
    "Mg": 2.0,
    "V": 4.0,
    "O": -2.0
  },
  "Rb2Se": {
    "Rb": 1.0,
    "Se": -2.0
  },
  "Y(SiOs)2": {
    "Y": 3.0,
    "Si": 0.0,
    "Os": -1.5
  },
  "TiOF": {
    "Ti": 3.0,
    "O": -2.0,
    "F": -1.0
  },
  "Ti3TlN": null,
  "Sr(NiGe)2": null,
  "Zn(GaTe2)2": {
    "Zn": 2.0,
    "Ga": 3.0,
    "Te": -2.0
  },
  "NbBO4": {
    "Nb": 5.0,
    "B": 3.0,
    "O": -2.0
  },
  "ScRh2Pb": null,
  "Sr3Li": null,
  "Tl5Se2I": {
    "Tl": 1.0,
    "Se": -2.0,
    "I": -1.0
  },
  "CaMg2": null,
  "EuFeO3": {
    "Eu": 3.0,
    "Fe": 3.0,
    "O": -2.0
  },
  "Sr2PbO4": {
    "Sr": 2.0,
    "Pb": 4.0,
    "O": -2.0
  },
  "LiZnAu2": null,
  "Mg(AlSi)2": {
    "Mg": 2.0,
    "Al": 3.0,
    "Si": -4.0
  },
  "KAlTe2": {
    "K": 1.0,
    "Al": 3.0,
    "Te": -2.0
  },
  "MnCN2": {
    "Mn": 2.0,
    "C": 4.0,
    "N": -3.0
  },
  "TlBiTe2": {
    "Tl": 1.0,
    "Bi": 3.0,
    "Te": -2.0
  },
  "TiReTc2": {
    "Ti": 3.0,
    "Re": 3.0,
    "Tc": -3.0
  },
  "PuNi": null,
  "Fe3Se4": {
    "Fe": 2.6666666666666665,
    "Se": -2.0
  },
  "CdCu2": null,
  "PbF4": {
    "Pb": 4.0,
    "F": -1.0
  },
  "Be12Cr": null,
  "ZrCd3": null,
  "CaSiN2": {
    "Ca": 2.0,
    "Si": 4.0,
    "N": -3.0
  },
  "MnSiIr": null,
  "CsTiCl3": {
    "Cs": 1.0,
    "Ti": 2.0,
    "Cl": -1.0
  },
  "LiFeO2": {
    "Li": 1.0,
    "Fe": 3.0,
    "O": -2.0
  },
  "Na2H4Pt": {
    "Na": 1.0,
    "H": 0.0,
    "Pt": -2.0
  },
  "Be2RuPt": null,
  "ScBIr3": null,
  "LiGePd2": null,
  "TlCu3Se2": {
    "Tl": 1.0,
    "Cu": 1.0,
    "Se": -2.0
  },
  "Sr3(GeN)2": null,
  "Co3Mo": null,
  "RbCoCl3": {
    "Rb": 1.0,
    "Co": 2.0,
    "Cl": -1.0
  },
  "YMgZn": null,
  "ScTaRu2": null,
  "BPt3": null,
  "Na2Si3O7": {
    "Na": 1.0,
    "Si": 4.0,
    "O": -2.0
  },
  "Hf2TcRu": null,
  "Li3GaN2": {
    "Li": 1.0,
    "Ga": 3.0,
    "N": -3.0
  },
  "Si3Ru4": {
    "Si": -4.0,
    "Ru": 3.0
  },
  "ZrV2": null,
  "Cu3Sn": null,
  "Cu2SiTe3": {
    "Cu": 1.0,
    "Si": 4.0,
    "Te": -2.0
  },
  "Zn3Ru": null,
  "Ba3SbN": {
    "Ba": 2.0,
    "Sb": -3.0,
    "N": -3.0
  },
  "Nd2AgHg": null,
  "Mg3NF3": {
    "Mg": 2.0,
    "N": -3.0,
    "F": -1.0
  },
  "Sr2FeSO3": {
    "Sr": 2.0,
    "Fe": 3.0,
    "S": -1.0,
    "O": -2.0
  },
  "CuSe": {
    "Cu": 2.0,
    "Se": -2.0
  },
  "TcO2": {
    "Tc": 4.0,
    "O": -2.0
  },
  "Sr2VO4": {
    "Sr": 2.0,
    "V": 4.0,
    "O": -2.0
  },
  "NiCO3": {
    "Ni": 2.0,
    "C": 4.0,
    "O": -2.0
  },
  "GaFe2Co": null,
  "CoPdO2": {
    "Co": 2.0,
    "Pd": 2.0,
    "O": -2.0
  },
  "ZrMnGe": null,
  "Nb2Co3Si": null,
  "YNi3": null,
  "B2Ru": {
    "B": -3.0,
    "Ru": 6.0
  },
  "Ni2As2O7": {
    "Ni": 2.0,
    "As": 5.0,
    "O": -2.0
  },
  "FeCuSe2": {
    "Fe": 3.0,
    "Cu": 1.0,
    "Se": -2.0
  },
  "Ta2CrFe": null,
  "MnNbP": null,
  "Bi3BrO4": {
    "Bi": 3.0,
    "Br": -1.0,
    "O": -2.0
  },
  "LaB6": null,
  "TiSnRu2": null,
  "Hf2FeOs": null,
  "Fe3RhN": null,
  "CoCu2SnS4": {
    "Co": 2.0,
    "Cu": 1.0,
    "Sn": 4.0,
    "S": -2.0
  },
  "BeAg3": null,
  "ZrRu": null,
  "Y(CoB)2": {
    "Y": 3.0,
    "Co": 1.5,
    "B": -3.0
  },
  "PdPbO2": {
    "Pd": 2.0,
    "Pb": 2.0,
    "O": -2.0
  },
  "Al6Re": null,
  "Zn(SbO2)2": {
    "Zn": 2.0,
    "Sb": 3.0,
    "O": -2.0
  },
  "P2Ir": {
    "P": -2.0,
    "Ir": 4.0
  },
  "SF6": {
    "S": 6.0,
    "F": -1.0
  },
  "Zr2Ga3": null,
  "Cu2WS4": {
    "Cu": 1.0,
    "W": 6.0,
    "S": -2.0
  },
  "Li5ReN4": {
    "Li": 1.0,
    "Re": 7.0,
    "N": -3.0
  },
  "BaCuBi": null,
  "KBi2F7": {
    "K": 1.0,
    "Bi": 3.0,
    "F": -1.0
  },
  "AgAu3": {
    "Ag": 1.0,
    "Au": -0.3333333333333333
  },
  "Fe2SiO4": {
    "Fe": 2.0,
    "Si": 4.0,
    "O": -2.0
  },
  "Ti2CrTe4": {
    "Ti": 3.0,
    "Cr": 2.0,
    "Te": -2.0
  },
  "KTiO3": null,
  "LiNiP": {
    "Li": 1.0,
    "Ni": 2.0,
    "P": -3.0
  },
  "ZnSeO4": {
    "Zn": 2.0,
    "Se": 6.0,
    "O": -2.0
  },
  "BeVCo2": null,
  "NaBO2": {
    "Na": 1.0,
    "B": 3.0,
    "O": -2.0
  },
  "SiIr3": null,
  "Sc2Pt": null,
  "NdCo2": null,
  "Sr3B3N5": {
    "Sr": 2.0,
    "B": 3.0,
    "N": -3.0
  },
  "HfCoSn": null,
  "Cs2PbCl6": {
    "Cs": 1.0,
    "Pb": 4.0,
    "Cl": -1.0
  },
  "CuBS2": {
    "Cu": 1.0,
    "B": 3.0,
    "S": -2.0
  },
  "Cr3Se4": {
    "Cr": 2.6666666666666665,
    "Se": -2.0
  },
  "ZrHCl": {
    "Zr": 2.0,
    "H": -1.0,
    "Cl": -1.0
  },
  "TaCuS3": {
    "Ta": 5.0,
    "Cu": 1.0,
    "S": -2.0
  },
  "K2PdCl4": {
    "K": 1.0,
    "Pd": 2.0,
    "Cl": -1.0
  },
  "YAlAg2": null,
  "Rb2PdBr6": {
    "Rb": 1.0,
    "Pd": 4.0,
    "Br": -1.0
  },
  "Fe3Ge": null,
  "Sn4Ir": null,
  "IrOs2Br": {
    "Ir": 4.0,
    "Os": -1.5,
    "Br": -1.0
  },
  "TiHg": null,
  "Zr3In": null,
  "IBr": null,
  "Rh(OF3)2": null,
  "Ca3Cd2": null,
  "MgSiN2": {
    "Mg": 2.0,
    "Si": 4.0,
    "N": -3.0
  },
  "Ga2FeO4": {
    "Ga": 3.0,
    "Fe": 2.0,
    "O": -2.0
  },
  "TaRh3": null,
  "Rb2PdF6": {
    "Rb": 1.0,
    "Pd": 4.0,
    "F": -1.0
  },
  "AgBiS2": {
    "Ag": 1.0,
    "Bi": 3.0,
    "S": -2.0
  },
  "ZrSiRu": {
    "Zr": 2.0,
    "Si": -4.0,
    "Ru": 2.0
  },
  "HfNi5": null,
  "HfZn2": null,
  "Be2CuRu": null,
  "NaBeSb": {
    "Na": 1.0,
    "Be": 2.0,
    "Sb": -3.0
  },
  "ZrOs2": {
    "Zr": 4.0,
    "Os": -2.0
  },
  "CeAs": {
    "Ce": 3.0,
    "As": -3.0
  },
  "CsNiCl3": {
    "Cs": 1.0,
    "Ni": 2.0,
    "Cl": -1.0
  },
  "Tb2Bi2O7": {
    "Tb": 4.0,
    "Bi": 3.0,
    "O": -2.0
  },
  "Mg2TiO4": {
    "Mg": 2.0,
    "Ti": 4.0,
    "O": -2.0
  },
  "ZrMoP": null,
  "LiAlPd2": null,
  "CaC2": {
    "Ca": 2.0,
    "C": -1.0
  },
  "NbSiRh": null,
  "Y2CuO4": {
    "Y": 3.0,
    "Cu": 2.0,
    "O": -2.0
  },
  "Sc2IrRu": null,
  "MgSc": null,
  "Zr3(CuSi)4": {
    "Zr": 4.0,
    "Cu": 1.0,
    "Si": -4.0
  },
  "KAsF6": {
    "K": 1.0,
    "As": 5.0,
    "F": -1.0
  },
  "Lu2S3": {
    "Lu": 3.0,
    "S": -2.0
  },
  "PdC": {
    "Pd": 2.0,
    "C": -2.0
  },
  "LiZn": null,
  "AlNi3": null,
  "RbTaO3": {
    "Rb": 1.0,
    "Ta": 5.0,
    "O": -2.0
  },
  "Li(CuP)2": {
    "Li": 1.0,
    "Cu": 1.5,
    "P": -2.0
  },
  "Li(FeP)2": {
    "Li": 1.0,
    "Fe": 2.5,
    "P": -3.0
  },
  "PdSO4": {
    "Pd": 2.0,
    "S": 6.0,
    "O": -2.0
  },
  "Nb2AlC": null,
  "TaMn2": null,
  "Hg2AsF6": {
    "Hg": 2.0,
    "As": 2.0,
    "F": -1.0
  },
  "MgZn2": null,
  "Hf2Ga": null,
  "MnCu2SnS4": {
    "Mn": 2.0,
    "Cu": 1.0,
    "Sn": 4.0,
    "S": -2.0
  },
  "Li3CuO3": {
    "Li": 1.0,
    "Cu": 3.0,
    "O": -2.0
  },
  "BeGaCo2": null,
  "Cs3Ti2Cl9": {
    "Cs": 1.0,
    "Ti": 3.0,
    "Cl": -1.0
  },
  "Li12Si7": {
    "Li": 1.0,
    "Si": -1.7142857142857142
  },
  "Re3Pd": null,
  "NbB": {
    "Nb": 3.0,
    "B": -3.0
  },
  "MnVO4": {
    "Mn": 3.0,
    "V": 5.0,
    "O": -2.0
  },
  "Mg5Rh2": null,
  "AsPdS": {
    "As": -2.0,
    "Pd": 4.0,
    "S": -2.0
  },
  "HoFeO3": {
    "Ho": 3.0,
    "Fe": 3.0,
    "O": -2.0
  },
  "LiZrAu2": null,
  "Ni3S2": {
    "Ni": 1.3333333333333333,
    "S": -2.0
  },
  "CaGeN2": {
    "Ca": 2.0,
    "Ge": 4.0,
    "N": -3.0
  },
  "TiAlRh2": null,
  "BeBr2": {
    "Be": 2.0,
    "Br": -1.0
  },
  "AlAuO2": {
    "Al": 3.0,
    "Au": 1.0,
    "O": -2.0
  },
  "NaNiN": {
    "Na": 1.0,
    "Ni": 2.0,
    "N": -3.0
  },
  "NbGaO4": {
    "Nb": 5.0,
    "Ga": 3.0,
    "O": -2.0
  },
  "YInCu2": null,
  "CsTiI3": {
    "Cs": 1.0,
    "Ti": 2.0,
    "I": -1.0
  },
  "HfZrO4": {
    "Hf": 4.0,
    "Zr": 4.0,
    "O": -2.0
  },
  "Al2W": null,
  "NbRh": null,
  "AlFe4(CuO4)3": {
    "Al": 3.0,
    "Fe": 3.0,
    "Cu": 3.0,
    "O": -2.0
  },
  "NaNO3": {
    "Na": 1.0,
    "N": 5.0,
    "O": -2.0
  },
  "Li2CuSb": {
    "Li": 1.0,
    "Cu": 1.0,
    "Sb": -3.0
  },
  "Al2Te3": {
    "Al": 3.0,
    "Te": -2.0
  },
  "NbCr3": null,
  "HgBr": {
    "Hg": 1.0,
    "Br": -1.0
  },
  "K2CoF4": {
    "K": 1.0,
    "Co": 2.0,
    "F": -1.0
  },
  "Ti2InFe": null,
  "MgI2": {
    "Mg": 2.0,
    "I": -1.0
  },
  "CaLaFeSbO6": {
    "Ca": 2.0,
    "La": 3.0,
    "Fe": 2.0,
    "Sb": 5.0,
    "O": -2.0
  },
  "BaCoF4": {
    "Ba": 2.0,
    "Co": 2.0,
    "F": -1.0
  },
  "Na3OsN2": {
    "Na": 1.0,
    "Os": 3.0,
    "N": -3.0
  },
  "BeCo": null,
  "HfGeSe": null,
  "V3NiS6": {
    "V": 3.3333333333333335,
    "Ni": 2.0,
    "S": -2.0
  },
  "HgPtO2": {
    "Hg": 2.0,
    "Pt": 2.0,
    "O": -2.0
  },
  "ZnN": {
    "Zn": 2.0,
    "N": -2.0
  },
  "CdO": {
    "Cd": 2.0,
    "O": -2.0
  },
  "Ti2OsRu": null,
  "SmFeO3": {
    "Sm": 3.0,
    "Fe": 3.0,
    "O": -2.0
  },
  "MnAlRh2": null,
  "VNi2": null,
  "Li2SiO3": {
    "Li": 1.0,
    "Si": 4.0,
    "O": -2.0
  },
  "ZrTiTe4": {
    "Zr": 4.0,
    "Ti": 4.0,
    "Te": -2.0
  },
  "LaAl": null,
  "MnAlPt2": null,
  "Cs2ZrF6": {
    "Cs": 1.0,
    "Zr": 4.0,
    "F": -1.0
  },
  "TiFe": null,
  "BPd2": null,
  "TiMnCo2": null,
  "HgO": {
    "Hg": 2.0,
    "O": -2.0
  },
  "LiTi2O4": {
    "Li": 1.0,
    "Ti": 3.5,
    "O": -2.0
  },
  "Be3Nb": null,
  "Ti2CoIr": null,
  "NaVS2": {
    "Na": 1.0,
    "V": 3.0,
    "S": -2.0
  },
  "Mg2AgRh": null,
  "ErH2": null,
  "EuF2": {
    "Eu": 2.0,
    "F": -1.0
  },
  "MgAlSi": null,
  "Rb2MgF4": {
    "Rb": 1.0,
    "Mg": 2.0,
    "F": -1.0
  },
  "Sr2MgH6": {
    "Sr": 2.0,
    "Mg": 2.0,
    "H": -1.0
  },
  "BaAl2": null,
  "LiFeP": {
    "Li": 1.0,
    "Fe": 2.0,
    "P": -3.0
  },
  "TaAlFe2": null,
  "SnO": {
    "Sn": 2.0,
    "O": -2.0
  },
  "Na2HfN2": {
    "Na": 1.0,
    "Hf": 4.0,
    "N": -3.0
  },
  "Cu4Pd": null,
  "AgSbTe2": {
    "Ag": 1.0,
    "Sb": 3.0,
    "Te": -2.0
  },
  "Sr(AlTe2)2": {
    "Sr": 2.0,
    "Al": 3.0,
    "Te": -2.0
  },
  "KCrF6": {
    "K": 1.0,
    "Cr": 5.0,
    "F": -1.0
  },
  "Ga2Te3": {
    "Ga": 3.0,
    "Te": -2.0
  },
  "Y4CuTe8": {
    "Y": 3.0,
    "Cu": 2.0,
    "Te": -1.75
  },
  "Ca2N": null,
  "Na3PS3O": {
    "Na": 1.0,
    "P": 5.0,
    "S": -2.0,
    "O": -2.0
  },
  "Sc2TlC": null,
  "Ni3C": {
    "Ni": 1.3333333333333333,
    "C": -4.0
  },
  "SrSi": null,
  "LiHfPt2": null,
  "Zn2CrN3": {
    "Zn": 2.0,
    "Cr": 5.0,
    "N": -3.0
  },
  "TaTiRu2": null,
  "YAgTe2": {
    "Y": 3.0,
    "Ag": 1.0,
    "Te": -2.0
  },
  "Be2IrPd": null,
  "Sc3TlB": null,
  "Na2TlSb": {
    "Na": 1.0,
    "Tl": 1.0,
    "Sb": -3.0
  },
  "NiMoP": {
    "Ni": 1.0,
    "Mo": 2.0,
    "P": -3.0
  },
  "VIr": null,
  "HfO2": {
    "Hf": 4.0,
    "O": -2.0
  },
  "Ge7Ir3": null,
  "NiS": {
    "Ni": 2.0,
    "S": -2.0
  },
  "TiMn2Si": null,
  "BeP2": {
    "Be": 2.0,
    "P": -1.0
  },
  "Li3BrO": {
    "Li": 1.0,
    "Br": -1.0,
    "O": -2.0
  },
  "YAlSi": null,
  "SiPt2": {
    "Si": 4.0,
    "Pt": -2.0
  },
  "LiSn4Ru": null,
  "CoSe": {
    "Co": 2.0,
    "Se": -2.0
  },
  "Al2FeO4": {
    "Al": 3.0,
    "Fe": 2.0,
    "O": -2.0
  },
  "TiTe2": {
    "Ti": 4.0,
    "Te": -2.0
  },
  "TiRe2W": null,
  "NbSbRh": null,
  "Li2CaGe": null,
  "GePbO3": {
    "Ge": 4.0,
    "Pb": 2.0,
    "O": -2.0
  },
  "ZrAl2": null,
  "GaAgSe2": {
    "Ga": 3.0,
    "Ag": 1.0,
    "Se": -2.0
  },
  "Ti2FeO5": {
    "Ti": 4.0,
    "Fe": 2.0,
    "O": -2.0
  },
  "CoTe": {
    "Co": 2.0,
    "Te": -2.0
  },
  "Nb2O5": {
    "Nb": 5.0,
    "O": -2.0
  },
  "HfIr": null,
  "GaFe3": null,
  "Bi2OsAu": {
    "Bi": 1.0,
    "Os": -1.0,
    "Au": -1.0
  },
  "Li3Tl": null,
  "EuSi2": null,
  "TiP": {
    "Ti": 3.0,
    "P": -3.0
  },
  "CoTc3": {
    "Co": 2.0,
    "Tc": -0.6666666666666666
  },
  "InPd": null,
  "Au3O": {
    "Au": 0.6666666666666666,
    "O": -2.0
  },
  "OsF6": {
    "Os": 6.0,
    "F": -1.0
  },
  "NbN": {
    "Nb": 3.0,
    "N": -3.0
  },
  "HoCo3Cu2": null,
  "Ti2TcPd": null,
  "PCl3O": {
    "P": 5.0,
    "Cl": -1.0,
    "O": -2.0
  },
  "LiScHg2": null,
  "LiLaTiO4": {
    "Li": 1.0,
    "La": 3.0,
    "Ti": 4.0,
    "O": -2.0
  },
  "CdCu2O3": {
    "Cd": 2.0,
    "Cu": 2.0,
    "O": -2.0
  },
  "YTiSi": null,
  "Fe2N": null,
  "GaPd2": null,
  "NbCrO4": {
    "Nb": 5.0,
    "Cr": 3.0,
    "O": -2.0
  },
  "ScInO3": {
    "Sc": 3.0,
    "In": 3.0,
    "O": -2.0
  },
  "Mn2VSi": null,
  "BaAu2": {
    "Ba": 2.0,
    "Au": -1.0
  },
  "Ba2LaTaO6": {
    "Ba": 2.0,
    "La": 3.0,
    "Ta": 5.0,
    "O": -2.0
  },
  "BiSI": {
    "Bi": 3.0,
    "S": -2.0,
    "I": -1.0
  },
  "LaSnAu2": null,
  "Mn2CoO4": {
    "Mn": 2.0,
    "Co": 4.0,
    "O": -2.0
  },
  "FePd": null,
  "AlPd2": null,
  "Ba(MgSb)2": {
    "Ba": 2.0,
    "Mg": 2.0,
    "Sb": -3.0
  },
  "Ti2S": null,
  "HoMg3": null,
  "TiCuGe": null,
  "Ce(FeP3)4": {
    "Ce": 3.0,
    "Fe": 2.25,
    "P": -1.0
  },
  "GaCo2Ni": null,
  "Na3CoO3": {
    "Na": 1.0,
    "Co": 3.0,
    "O": -2.0
  },
  "DyTe2": {
    "Dy": 3.0,
    "Te": -1.5
  },
  "Er2O3": {
    "Er": 3.0,
    "O": -2.0
  },
  "Fe11Co5": null,
  "Ni(AsO3)2": {
    "Ni": 2.0,
    "As": 5.0,
    "O": -2.0
  },
  "PmCu3": null,
  "TiGaFe2": null,
  "Nb2CS2": {
    "Nb": 4.0,
    "C": -4.0,
    "S": -2.0
  },
  "GaAgTe2": {
    "Ga": 3.0,
    "Ag": 1.0,
    "Te": -2.0
  },
  "CaMg(CO3)2": {
    "Ca": 2.0,
    "Mg": 2.0,
    "C": 4.0,
    "O": -2.0
  },
  "SnCl2": {
    "Sn": 2.0,
    "Cl": -1.0
  },
  "BMo": {
    "B": -3.0,
    "Mo": 3.0
  },
  "TePdI": {
    "Te": -1.0,
    "Pd": 2.0,
    "I": -1.0
  },
  "LiNbO2": {
    "Li": 1.0,
    "Nb": 3.0,
    "O": -2.0
  },
  "Ca5(AlSb3)2": {
    "Ca": 2.0,
    "Al": 3.0,
    "Sb": -2.6666666666666665
  },
  "InBr": {
    "In": 1.0,
    "Br": -1.0
  },
  "Y3InC": null,
  "TiNi2Sn": null,
  "TiCo2Sn": null,
  "ZrAg": null,
  "Hf3Rh5": null,
  "Mg5Pd2": null,
  "Ca5(InSb3)2": {
    "Ca": 2.0,
    "In": 3.0,
    "Sb": -2.6666666666666665
  },
  "Ge2Pt": null,
  "LaC2": {
    "La": 2.0,
    "C": -1.0
  },
  "CsAu3Se2": {
    "Cs": 1.0,
    "Au": 1.0,
    "Se": -2.0
  },
  "CaPtO3": {
    "Ca": 2.0,
    "Pt": 4.0,
    "O": -2.0
  },
  "YbFeO3": {
    "Yb": 3.0,
    "Fe": 3.0,
    "O": -2.0
  },
  "WCl4O": {
    "W": 6.0,
    "Cl": -1.0,
    "O": -2.0
  },
  "Fe2C": {
    "Fe": 2.0,
    "C": -4.0
  },
  "Ti2CdC": null,
  "HfTe2": {
    "Hf": 4.0,
    "Te": -2.0
  },
  "TiBrN": {
    "Ti": 4.0,
    "Br": -1.0,
    "N": -3.0
  },
  "Sm2ZnIn": null,
  "Cr3Si": null,
  "B9C": {
    "B": 0.3333333333333333,
    "C": -3.0
  },
  "BaBiO3": null,
  "NaFePO4": {
    "Na": 1.0,
    "Fe": 2.0,
    "P": 5.0,
    "O": -2.0
  },
  "Ca3N2": {
    "Ca": 2.0,
    "N": -3.0
  },
  "ZrZnRh2": null,
  "Li5Sn2": null,
  "RbFeF4": {
    "Rb": 1.0,
    "Fe": 3.0,
    "F": -1.0
  },
  "ScRe2": null,
  "Na2ZrSe3": {
    "Na": 1.0,
    "Zr": 4.0,
    "Se": -2.0
  },
  "MnVAs": null,
  "Cs2CuF6": null,
  "ScSiRh": null,
  "Yb2TlPb": null,
  "Ti2AlRe": null,
  "ScTlO2": {
    "Sc": 3.0,
    "Tl": 1.0,
    "O": -2.0
  },
  "YCdAu2": null,
  "Na2GeO3": {
    "Na": 1.0,
    "Ge": 4.0,
    "O": -2.0
  },
  "NiTe": {
    "Ni": 2.0,
    "Te": -2.0
  },
  "Ti3Os": null,
  "ScSiRh2": null,
  "RbCuO": {
    "Rb": 1.0,
    "Cu": 1.0,
    "O": -2.0
  },
  "TiCr2": null,
  "TiGePt": null,
  "FeF3": {
    "Fe": 3.0,
    "F": -1.0
  },
  "AlSbO4": {
    "Al": 3.0,
    "Sb": 5.0,
    "O": -2.0
  },
  "In2Si2O7": {
    "In": 3.0,
    "Si": 4.0,
    "O": -2.0
  },
  "CeGa3Pd2": null,
  "ScCuO2": {
    "Sc": 3.0,
    "Cu": 1.0,
    "O": -2.0
  },
  "ScBr2": {
    "Sc": 2.0,
    "Br": -1.0
  },
  "LiScTl2": null,
  "TiRu": null,
  "SmMn2O5": {
    "Sm": 3.0,
    "Mn": 3.5,
    "O": -2.0
  },
  "Cu3Ge": null,
  "Al6Ru": null,
  "GdCl3": {
    "Gd": 3.0,
    "Cl": -1.0
  },
  "MgCu2": null,
  "TaBe2": null,
  "ScAgO2": {
    "Sc": 3.0,
    "Ag": 1.0,
    "O": -2.0
  },
  "Al12Re": null,
  "YTlCd": null,
  "Rb2S": {
    "Rb": 1.0,
    "S": -2.0
  },
  "Mo3Os": null,
  "MnTePd": null,
  "PdSeO4": {
    "Pd": 4.0,
    "Se": 4.0,
    "O": -2.0
  },
  "SnSb": {
    "Sn": 2.0,
    "Sb": -2.0
  },
  "MgMnRh2": null,
  "CuSe2": {
    "Cu": 3.0,
    "Se": -1.5
  },
  "CaSiPd": {
    "Ca": 2.0,
    "Si": -4.0,
    "Pd": 2.0
  },
  "ScCo3C": null,
  "SiIr": {
    "Si": -4.0,
    "Ir": 4.0
  },
  "HoLuMg2": null,
  "SrF2": {
    "Sr": 2.0,
    "F": -1.0
  },
  "MnBe2Co": null,
  "ScAl2": null,
  "Fe(CO3)2": null,
  "UC2": {
    "U": 6.0,
    "C": -3.0
  },
  "Ti2MoPt": null,
  "KSi2Hg": null,
  "BaSb2Pd": {
    "Ba": 2.0,
    "Sb": -2.0,
    "Pd": 2.0
  },
  "Pr2S3": {
    "Pr": 3.0,
    "S": -2.0
  },
  "Ba(Cu2As)2": {
    "Ba": 2.0,
    "Cu": 1.0,
    "As": -3.0
  },
  "Mg(AlC)2": {
    "Mg": 2.0,
    "Al": 3.0,
    "C": -4.0
  },
  "Al3Pt2": null,
  "TbCoC2": {
    "Tb": 4.0,
    "Co": 2.0,
    "C": -3.0
  },
  "Ba(MgSi)2": null,
  "HfNiSn": null,
  "Ca(BeN)2": {
    "Ca": 2.0,
    "Be": 2.0,
    "N": -3.0
  },
  "Si3P": {
    "Si": -1.3333333333333333,
    "P": 4.0
  },
  "Cs3AuO": {
    "Cs": 1.0,
    "Au": -1.0,
    "O": -2.0
  },
  "MgB7": null,
  "AlZnIr2": null,
  "ZnCu2SnS4": {
    "Zn": 2.0,
    "Cu": 1.0,
    "Sn": 4.0,
    "S": -2.0
  },
  "Mg(CuO2)2": {
    "Mg": 2.0,
    "Cu": 3.0,
    "O": -2.0
  },
  "TlCuF3": {
    "Tl": 1.0,
    "Cu": 2.0,
    "F": -1.0
  },
  "NpN": {
    "Np": 3.0,
    "N": -3.0
  },
  "BP": {
    "B": 3.0,
    "P": -3.0
  },
  "LiGa": null,
  "Y3Al7Cu2": null,
  "Sn2Pd": null,
  "ScRh3C": null,
  "LiGaNi2": null,
  "Cd2GeO4": {
    "Cd": 2.0,
    "Ge": 4.0,
    "O": -2.0
  },
  "SmSbTe": {
    "Sm": 3.0,
    "Sb": -1.0,
    "Te": -2.0
  },
  "ScNbOs2": {
    "Sc": 2.0,
    "Nb": 2.0,
    "Os": -2.0
  },
  "CsMgF3": {
    "Cs": 1.0,
    "Mg": 2.0,
    "F": -1.0
  },
  "HfPd3": null,
  "Y2Ti2O7": {
    "Y": 3.0,
    "Ti": 4.0,
    "O": -2.0
  },
  "BaZrN2": {
    "Ba": 2.0,
    "Zr": 4.0,
    "N": -3.0
  },
  "CaAl4O7": {
    "Ca": 2.0,
    "Al": 3.0,
    "O": -2.0
  },
  "NaPt2": null,
  "CuNi2Sb": {
    "Cu": 1.0,
    "Ni": 1.0,
    "Sb": -3.0
  },
  "GePtSe": {
    "Ge": 4.0,
    "Pt": -2.0,
    "Se": -2.0
  },
  "NbCoP": {
    "Nb": 2.0,
    "Co": 1.0,
    "P": -3.0
  },
  "HfTiO4": {
    "Hf": 4.0,
    "Ti": 4.0,
    "O": -2.0
  },
  "Y(SiIr)2": null,
  "Sb2Au": {
    "Sb": 0.5,
    "Au": -1.0
  },
  "SrZnO2": {
    "Sr": 2.0,
    "Zn": 2.0,
    "O": -2.0
  },
  "SnC": {
    "Sn": 4.0,
    "C": -4.0
  },
  "YZn12": null,
  "Li2S": {
    "Li": 1.0,
    "S": -2.0
  },
  "SrCuO2": {
    "Sr": 2.0,
    "Cu": 2.0,
    "O": -2.0
  },
  "TiBO3": {
    "Ti": 3.0,
    "B": 3.0,
    "O": -2.0
  },
  "NpCdPt2": null,
  "Mn2O3": {
    "Mn": 3.0,
    "O": -2.0
  },
  "Si3Ru2": {
    "Si": -1.3333333333333333,
    "Ru": 2.0
  },
  "Li2FeF6": null,
  "Ag2SO4": {
    "Ag": 1.0,
    "S": 6.0,
    "O": -2.0
  },
  "NbNi2Sn": null,
  "LiMgN": {
    "Li": 1.0,
    "Mg": 2.0,
    "N": -3.0
  },
  "NdCl3": {
    "Nd": 3.0,
    "Cl": -1.0
  },
  "Ca3AsN": {
    "Ca": 2.0,
    "As": -3.0,
    "N": -3.0
  },
  "Mn2ZnO4": {
    "Mn": 3.0,
    "Zn": 2.0,
    "O": -2.0
  },
  "SrZnF4": {
    "Sr": 2.0,
    "Zn": 2.0,
    "F": -1.0
  },
  "Sn3Pd": null,
  "Ag2O": {
    "Ag": 1.0,
    "O": -2.0
  },
  "GaCu3": null,
  "Li3(FeO3)2": null,
  "HoTe2": {
    "Ho": 3.0,
    "Te": -1.5
  },
  "HgS": {
    "Hg": 2.0,
    "S": -2.0
  },
  "RbCuO2": {
    "Rb": 1.0,
    "Cu": 3.0,
    "O": -2.0
  },
  "YCuAs2": {
    "Y": 3.0,
    "Cu": 1.0,
    "As": -2.0
  },
  "RuSe2": {
    "Ru": 4.0,
    "Se": -2.0
  },
  "PaC": {
    "Pa": 4.0,
    "C": -4.0
  },
  "GaBr3": {
    "Ga": 3.0,
    "Br": -1.0
  },
  "CoN": {
    "Co": 3.0,
    "N": -3.0
  },
  "CaHg2": null,
  "VF5": {
    "V": 5.0,
    "F": -1.0
  },
  "LaScO3": {
    "La": 3.0,
    "Sc": 3.0,
    "O": -2.0
  },
  "K2Na4Ge2O7": {
    "K": 1.0,
    "Na": 1.0,
    "Ge": 4.0,
    "O": -2.0
  },
  "CuAsO3": {
    "Cu": 1.0,
    "As": 5.0,
    "O": -2.0
  },
  "AlMo3": null,
  "UH3": {
    "U": 3.0,
    "H": -1.0
  },
  "HfCo": null,
  "SiC2": {
    "Si": 4.0,
    "C": -2.0
  },
  "Ba3WO6": {
    "Ba": 2.0,
    "W": 6.0,
    "O": -2.0
  },
  "DyScO3": {
    "Dy": 3.0,
    "Sc": 3.0,
    "O": -2.0
  },
  "Al2CoRu": null,
  "MnSiRh2": null,
  "HfGaAu": null,
  "NbTe": {
    "Nb": 2.0,
    "Te": -2.0
  },
  "VBO3": {
    "V": 3.0,
    "B": 3.0,
    "O": -2.0
  },
  "V4GeSe8": {
    "V": 3.0,
    "Ge": 4.0,
    "Se": -2.0
  },
  "GeS2": {
    "Ge": 4.0,
    "S": -2.0
  },
  "Be22Re": null,
  "Na2Mn3O7": {
    "Na": 1.0,
    "Mn": 4.0,
    "O": -2.0
  },
  "FeCo3O8": null,
  "Cr(FeSe2)2": {
    "Cr": 3.0,
    "Fe": 2.5,
    "Se": -2.0
  },
  "BaSnHg": null,
  "MoN2": {
    "Mo": 6.0,
    "N": -3.0
  },
  "Sb7Mo3": {
    "Sb": -2.142857142857143,
    "Mo": 5.0
  },
  "U(ClO)2": {
    "U": 6.0,
    "Cl": -1.0,
    "O": -2.0
  },
  "SnBr2": {
    "Sn": 2.0,
    "Br": -1.0
  },
  "As2PdO6": {
    "As": 5.0,
    "Pd": 2.0,
    "O": -2.0
  },
  "CaAl2SiO6": {
    "Ca": 2.0,
    "Al": 3.0,
    "Si": 4.0,
    "O": -2.0
  },
  "BaPdF4": {
    "Ba": 2.0,
    "Pd": 2.0,
    "F": -1.0
  },
  "NiSbSe": {
    "Ni": 3.0,
    "Sb": -1.0,
    "Se": -2.0
  },
  "NbRu": null,
  "CeMg": null,
  "Ba(ZnP)2": {
    "Ba": 2.0,
    "Zn": 2.0,
    "P": -3.0
  },
  "TiB2": null,
  "CaMgSn": null,
  "Ti2TcOs": {
    "Ti": 2.5,
    "Tc": -3.0,
    "Os": -2.0
  },
  "Ti2CuSb3": {
    "Ti": 4.0,
    "Cu": 1.0,
    "Sb": -3.0
  },
  "TcSnSe": {
    "Tc": -1.0,
    "Sn": 3.0,
    "Se": -2.0
  },
  "Yb(FeP3)4": {
    "Yb": 2.0,
    "Fe": 2.5,
    "P": -1.0
  },
  "MnNiSb": {
    "Mn": 2.0,
    "Ni": 1.0,
    "Sb": -3.0
  },
  "TiAlAu": null,
  "AlIr": null,
  "MgB4": null,
  "Y2AgRu": null,
  "InCuPt2": {
    "In": 3.0,
    "Cu": 1.0,
    "Pt": -2.0
  },
  "Zn(BIr)2": null,
  "MnZnRh2": null,
  "TiFe2Ge": null,
  "Li3PO4": {
    "Li": 1.0,
    "P": 5.0,
    "O": -2.0
  },
  "Y(Re2Si)2": null,
  "GaCuO2": {
    "Ga": 3.0,
    "Cu": 1.0,
    "O": -2.0
  },
  "YPd3": null,
  "YbMgIn2": null,
  "NbSeI": {
    "Nb": 3.0,
    "Se": -2.0,
    "I": -1.0
  },
  "VTc": {
    "V": 3.0,
    "Tc": -3.0
  },
  "NbCrP": null,
  "LiSn2N3": {
    "Li": 1.0,
    "Sn": 4.0,
    "N": -3.0
  },
  "ScTlSe2": {
    "Sc": 3.0,
    "Tl": 1.0,
    "Se": -2.0
  },
  "BeRu2W": null,
  "Ta2Ni": null,
  "BaAgO2": {
    "Ba": 2.0,
    "Ag": 2.0,
    "O": -2.0
  },
  "Cu(SbO2)2": {
    "Cu": 2.0,
    "Sb": 3.0,
    "O": -2.0
  },
  "Sr3N2": {
    "Sr": 2.0,
    "N": -3.0
  },
  "Ca5Au4": null,
  "Zr5N5O2": {
    "Zr": 3.8,
    "N": -3.0,
    "O": -2.0
  },
  "Sc2ZnTc": null,
  "Al3Cu": null,
  "MgGaNi2": null,
  "Zn(GaS2)2": {
    "Zn": 2.0,
    "Ga": 3.0,
    "S": -2.0
  },
  "MnV2O6": {
    "Mn": 2.0,
    "V": 5.0,
    "O": -2.0
  },
  "Ni2Ge": null,
  "CdCO3": {
    "Cd": 2.0,
    "C": 4.0,
    "O": -2.0
  },
  "Li3N": {
    "Li": 1.0,
    "N": -3.0
  },
  "YHg": null,
  "MgSeO4": {
    "Mg": 2.0,
    "Se": 6.0,
    "O": -2.0
  },
  "ZnP4": {
    "Zn": 2.0,
    "P": -0.5
  },
  "GeP3": {
    "Ge": 4.0,
    "P": -1.3333333333333333
  },
  "TiSiRu": {
    "Ti": 2.0,
    "Si": -4.0,
    "Ru": 2.0
  },
  "LiNi2Sn": null,
  "Mg2Cu": null,
  "UC": {
    "U": 4.0,
    "C": -4.0
  },
  "YMgRh2": null,
  "HfGeTe": null,
  "ReS2": {
    "Re": 4.0,
    "S": -2.0
  },
  "RbAlF4": {
    "Rb": 1.0,
    "Al": 3.0,
    "F": -1.0
  },
  "ScZnRh2": null,
  "CoSn": null,
  "LiGaI4": {
    "Li": 1.0,
    "Ga": 3.0,
    "I": -1.0
  },
  "IrN2": {
    "Ir": 4.0,
    "N": -2.0
  },
  "NdNiO2": {
    "Nd": 3.0,
    "Ni": 1.0,
    "O": -2.0
  },
  "CuSeO3": {
    "Cu": 2.0,
    "Se": 4.0,
    "O": -2.0
  },
  "Sr3(FeO3)2": {
    "Sr": 2.0,
    "Fe": 3.0,
    "O": -2.0
  },
  "Rb2Bi2O5": {
    "Rb": 1.0,
    "Bi": 4.0,
    "O": -2.0
  },
  "Li2CrO3": {
    "Li": 1.0,
    "Cr": 4.0,
    "O": -2.0
  },
  "RbHgF3": {
    "Rb": 1.0,
    "Hg": 2.0,
    "F": -1.0
  },
  "FeSn2": null,
  "Ti2MnAl": null,
  "SrTaNO2": {
    "Sr": 2.0,
    "Ta": 5.0,
    "N": -3.0,
    "O": -2.0
  },
  "BaZn2": null,
  "Sc2CuTc": null,
  "Yb(ZnP)2": {
    "Yb": 2.0,
    "Zn": 2.0,
    "P": -3.0
  },
  "Sc(CoSi)2": {
    "Sc": 3.0,
    "Co": 2.5,
    "Si": -4.0
  },
  "Yb3Os": null,
  "NiPd3": null,
  "MnFeAs": null,
  "ZrSiO4": {
    "Zr": 4.0,
    "Si": 4.0,
    "O": -2.0
  },
  "LiMg2Hg": null,
  "Li2SbAu": {
    "Li": 1.0,
    "Sb": -3.0,
    "Au": 1.0
  },
  "MoC": {
    "Mo": 4.0,
    "C": -4.0
  },
  "Sc5Si3": {
    "Sc": 2.4,
    "Si": -4.0
  },
  "BaPt2": null,
  "ZnCl2": {
    "Zn": 2.0,
    "Cl": -1.0
  },
  "Sr2MgWO6": {
    "Sr": 2.0,
    "Mg": 2.0,
    "W": 6.0,
    "O": -2.0
  },
  "Al5Mo": null,
  "PtN2": {
    "Pt": 6.0,
    "N": -3.0
  },
  "MnV": null,
  "Ba3N": null,
  "Na3SbSe4": {
    "Na": 1.0,
    "Sb": 5.0,
    "Se": -2.0
  },
  "Li2(CoO2)3": {
    "Li": 1.0,
    "Co": 3.3333333333333335,
    "O": -2.0
  },
  "Li3(CuO)4": {
    "Li": 1.0,
    "Cu": 1.25,
    "O": -2.0
  },
  "Mg3Bi2": null,
  "Sc2TcPd": null,
  "Sm2Ag2O5": {
    "Sm": 3.0,
    "Ag": 2.0,
    "O": -2.0
  },
  "V6C5": {
    "V": 3.3333333333333335,
    "C": -4.0
  },
  "MnIr": null,
  "TaTiMn2": null,
  "HfPbO3": {
    "Hf": 4.0,
    "Pb": 2.0,
    "O": -2.0
  },
  "MnNi3O4": {
    "Mn": 2.0,
    "Ni": 2.0,
    "O": -2.0
  },
  "MnSiRh": null,
  "LiTl2InCl6": {
    "Li": 1.0,
    "Tl": 1.0,
    "In": 3.0,
    "Cl": -1.0
  },
  "SbTePd": {
    "Sb": -2.0,
    "Te": -2.0,
    "Pd": 4.0
  },
  "VC": {
    "V": 4.0,
    "C": -4.0
  },
  "Ca3SiO": {
    "Ca": 2.0,
    "Si": -4.0,
    "O": -2.0
  },
  "Cu2As": {
    "Cu": 1.5,
    "As": -3.0
  },
  "Ca(SiAu)2": {
    "Ca": 2.0,
    "Si": 0.0,
    "Au": -1.0
  },
  "ThSn2": null
}