{
  "Al1Ga1N2": {
    "Al": 3.0,
    "Ga": 3.0,
    "N": -3.0
  },
  "Be2P4Si2": {
    "Be": 2.0,
    "P": 1.0,
    "Si": -4.0
  },
  "Ge4Li2N6": {
    "Ge": 4.0,
    "Li": 1.0,
    "N": -3.0
  },
  "Ge1O6Sr1Te1": {
    "Ge": 4.0,
    "O": -2.0,
    "Sr": 2.0,
    "Te": 6.0
  },
  "Ba2Li2Sb2": {
    "Ba": 2.0,
    "Li": 1.0,
    "Sb": -3.0
  },
  "Mg2N2Sr1": {
    "Mg": 2.0,
    "N": -3.0,
    "Sr": 2.0
  },
  "As1Ba1Li1": {
    "As": -3.0,
    "Ba": 2.0,
    "Li": 1.0
  },
  "As2K2S6Sn1": {
    "As": 4.0,
    "K": 1.0,
    "S": -2.0,
    "Sn": 2.0
  },
  "Hg2Se4Sn1": {
    "Hg": 2.0,
    "Se": -2.0,
    "Sn": 4.0
  },
  "Ba1O2": null,
  "Cs2Hg2Se6Y2": {
    "Cs": 1.0,
    "Hg": 2.0,
    "Se": -2.0,
    "Y": 3.0
  },
  "Ni1Sb1Y1": null,
  "Ba2O6Ta1Y1": {
    "Ba": 2.0,
    "O": -2.0,
    "Ta": 5.0,
    "Y": 3.0
  },
  "Ba1Se1": {
    "Ba": 2.0,
    "Se": -2.0
  },
  "O4Pt2": {
    "O": -2.0,
    "Pt": 4.0
  },
  "Ag2Te4Y2": {
    "Ag": 1.0,
    "Te": -2.0,
    "Y": 3.0
  },
  "Ba2O6Sr1Te1": {
    "Ba": 2.0,
    "O": -2.0,
    "Sr": 2.0,
    "Te": 6.0
  },
  "As4Pt2Rb4": {
    "As": -1.0,
    "Pt": 0.0,
    "Rb": 1.0
  },
  "Cd2O6Ti2": {
    "Cd": 2.0,
    "O": -2.0,
    "Ti": 4.0
  },
  "Cu4O4Sr2": {
    "Cu": 1.0,
    "O": -2.0,
    "Sr": 2.0
  },
  "Cd1F6Sn1": {
    "Cd": 2.0,
    "F": -1.0,
    "Sn": 4.0
  },
  "Cd1F6Pd1": {
    "Cd": 2.0,
    "F": -1.0,
    "Pd": 4.0
  },
  "K3Nb1O8": null,
  "O2Rb1Y1": {
    "O": -2.0,
    "Rb": 1.0,
    "Y": 3.0
  },
  "Si2": {
    "Si": 0.0
  },
  "Ge2Li4O6": {
    "Ge": 4.0,
    "Li": 1.0,
    "O": -2.0
  },
  "Be2C1": {
    "Be": 2.0,
    "C": -4.0
  },
  "Be2C2N4": {
    "Be": 2.0,
    "C": 4.0,
    "N": -3.0
  },
  "Li1S2Y1": {
    "Li": 1.0,
    "S": -2.0,
    "Y": 3.0
  },
  "As8Rh4": {
    "As": -2.0,
    "Rh": 4.0
  },
  "Cu1Li2Sb1": {
    "Cu": 1.0,
    "Li": 1.0,
    "Sb": -3.0
  },
  "Ag2K2Se2": {
    "Ag": 1.0,
    "K": 1.0,
    "Se": -2.0
  },
  "Rb2Te4Y2": {
    "Rb": 1.0,
    "Te": -2.0,
    "Y": 3.0
  },
  "Be1O1": {
    "Be": 2.0,
    "O": -2.0
  },
  "Ru4Si4": {
    "Ru": 2.0,
    "Si": -2.0
  },
  "Pb1Te1": {
    "Pb": 2.0,
    "Te": -2.0
  },
  "In4S4": {
    "In": 2.0,
    "S": -2.0
  },
  "In2K2Te4": {
    "In": 3.0,
    "K": 1.0,
    "Te": -2.0
  },
  "Cs2F6Pb2": {
    "Cs": 1.0,
    "F": -1.0,
    "Pb": 2.0
  },
  "Ru4S8": {
    "Ru": 4.0,
    "S": -2.0
  },
  "F6Rh2": {
    "F": -1.0,
    "Rh": 3.0
  },
  "K4Te4": {
    "K": 1.0,
    "Te": -1.0
  },
  "Ca4Pb4Sr4": null,
  "Cu2F2Se2Sr2": {
    "Cu": 1.0,
    "F": -1.0,
    "Se": -2.0,
    "Sr": 2.0
  },
  "Cd1In2Te4": {
    "Cd": 2.0,
    "In": 3.0,
    "Te": -2.0
  },
  "Cu3Se4V1": {
    "Cu": 1.0,
    "Se": -2.0,
    "V": 5.0
  },
  "In2Na2Te4": {
    "In": 3.0,
    "Na": 1.0,
    "Te": -2.0
  },
  "Cl1Cs1": {
    "Cl": -1.0,
    "Cs": 1.0
  },
  "Br2Cs2F2": null,
  "Cl2Cs1I1": null,
  "Br2F2Sr2": {
    "Br": -1.0,
    "F": -1.0,
    "Sr": 2.0
  },
  "Ca2I1P1": {
    "Ca": 2.0,
    "I": -1.0,
    "P": -3.0
  },
  "Ba2Br2F2": {
    "Ba": 2.0,
    "Br": -1.0,
    "F": -1.0
  },
  "Os2P4": {
    "Os": -2.0,
    "P": 1.0
  },
  "B3Bi1O6": {
    "B": 3.0,
    "Bi": 3.0,
    "O": -2.0
  },
  "Br6Cs2Te1": {
    "Br": -1.0,
    "Cs": 1.0,
    "Te": 4.0
  },
  "Cl6Cs2Pb1": {
    "Cl": -1.0,
    "Cs": 1.0,
    "Pb": 4.0
  },
  "Cl6Cs2Te1": {
    "Cl": -1.0,
    "Cs": 1.0,
    "Te": 4.0
  },
  "H1Li1": {
    "H": -1.0,
    "Li": 1.0
  },
  "Ga2Te5": {
    "Ga": 2.0,
    "Te": -0.8
  },
  "Cl2H2O2Sr2": {
    "Cl": -1.0,
    "H": 1.0,
    "O": -2.0,
    "Sr": 2.0
  },
  "Br2H2K4O2": {
    "Br": -1.0,
    "H": 1.0,
    "K": 1.0,
    "O": -2.0
  },
  "O1Sr1": {
    "O": -2.0,
    "Sr": 2.0
  },
  "Be1Te1": {
    "Be": 2.0,
    "Te": -2.0
  },
  "Li2Te1": {
    "Li": 1.0,
    "Te": -2.0
  },
  "Ge4Sr8": null,
  "Au1Cs1": {
    "Au": -1.0,
    "Cs": 1.0
  },
  "Se1Sn1": {
    "Se": -2.0,
    "Sn": 2.0
  },
  "I1O3Rb1": {
    "I": 5.0,
    "O": -2.0,
    "Rb": 1.0
  },
  "Br4K2Pt1": {
    "Br": -1.0,
    "K": 1.0,
    "Pt": 2.0
  },
  "Bi1Cs1F6": {
    "Bi": 5.0,
    "Cs": 1.0,
    "F": -1.0
  },
  "Be4O7Te1": {
    "Be": 2.0,
    "O": -2.0,
    "Te": 6.0
  },
  "Br6Pd1Rb2": {
    "Br": -1.0,
    "Pd": 4.0,
    "Rb": 1.0
  },
  "Cl6Pd1Rb2": {
    "Cl": -1.0,
    "Pd": 4.0,
    "Rb": 1.0
  },
  "I1K3O1": {
    "I": -1.0,
    "K": 1.0,
    "O": -2.0
  },
  "Cd1K4P2": {
    "Cd": 2.0,
    "K": 1.0,
    "P": -3.0
  },
  "Ga4Se4Te2": {
    "Ga": 3.0,
    "Se": -2.0,
    "Te": -2.0
  },
  "Hg1Na4P2": {
    "Hg": 2.0,
    "Na": 1.0,
    "P": -3.0
  },
  "Br2Na4O1": {
    "Br": -1.0,
    "Na": 1.0,
    "O": -2.0
  },
  "La4O4S4": {
    "La": 3.0,
    "O": -2.0,
    "S": -1.0
  },
  "Pt2S2": {
    "Pt": 2.0,
    "S": -2.0
  },
  "Cu4S4Ti1": {
    "Cu": 1.0,
    "S": -2.0,
    "Ti": 4.0
  },
  "Al2La2O6": {
    "Al": 3.0,
    "La": 3.0,
    "O": -2.0
  },
  "Ca3Cl3P1": {
    "Ca": 2.0,
    "Cl": -1.0,
    "P": -3.0
  },
  "Cs2Hf1I6": {
    "Cs": 1.0,
    "Hf": 4.0,
    "I": -1.0
  },
  "Bi2Cs2O4": {
    "Bi": 3.0,
    "Cs": 1.0,
    "O": -2.0
  },
  "Br6Cs2Mg2": {
    "Br": -1.0,
    "Cs": 1.0,
    "Mg": 2.0
  },
  "Cs2I6Mg2": {
    "Cs": 1.0,
    "I": -1.0,
    "Mg": 2.0
  },
  "Au2O4Y2": {
    "Au": 1.0,
    "O": -2.0,
    "Y": 3.0
  },
  "B1Ca3N3": {
    "B": 3.0,
    "Ca": 2.0,
    "N": -3.0
  },
  "Au1Rb1": {
    "Au": -1.0,
    "Rb": 1.0
  },
  "Rb2Te5": {
    "Rb": 1.0,
    "Te": -0.4
  },
  "Ba2N4Zr2": {
    "Ba": 2.0,
    "N": -3.0,
    "Zr": 4.0
  },
  "Ba3Bi3Na3": null,
  "As1B1O4": {
    "As": 5.0,
    "B": 3.0,
    "O": -2.0
  },
  "Cs3N3O6": {
    "Cs": 1.0,
    "N": 3.0,
    "O": -2.0
  },
  "Ca4F2N2": {
    "Ca": 2.0,
    "F": -1.0,
    "N": -3.0
  },
  "Al4Li4O8": {
    "Al": 3.0,
    "Li": 1.0,
    "O": -2.0
  },
  "K2Sb2Sn2": {
    "K": 1.0,
    "Sb": -3.0,
    "Sn": 2.0
  },
  "O4S4Zr4": {
    "O": -2.0,
    "S": -2.0,
    "Zr": 4.0
  },
  "B1O4P1": {
    "B": 3.0,
    "O": -2.0,
    "P": 5.0
  },
  "As2Hg1O6": {
    "As": 5.0,
    "Hg": 2.0,
    "O": -2.0
  },
  "Mg2P8": {
    "Mg": 2.0,
    "P": -0.5
  },
  "Ba1Hg1O2": {
    "Ba": 2.0,
    "Hg": 2.0,
    "O": -2.0
  },
  "Li2Nb2O4": {
    "Li": 1.0,
    "Nb": 3.0,
    "O": -2.0
  },
  "F6K2Ti1": {
    "F": -1.0,
    "K": 1.0,
    "Ti": 4.0
  },
  "F6Li1Sb1": {
    "F": -1.0,
    "Li": 1.0,
    "Sb": 5.0
  },
  "Be1S1": {
    "Be": 2.0,
    "S": -2.0
  },
  "Au1O1Rb3": {
    "Au": -1.0,
    "O": -2.0,
    "Rb": 1.0
  },
  "N4O2Si4": {
    "N": -3.0,
    "O": -2.0,
    "Si": 4.0
  },
  "K3O8Ta1": null,
  "Ga2Hg1S4": {
    "Ga": 3.0,
    "Hg": 2.0,
    "S": -2.0
  },
  "Cs2Ga2S4": {
    "Cs": 1.0,
    "Ga": 3.0,
    "S": -2.0
  },
  "H2In2O4": {
    "H": 1.0,
    "In": 3.0,
    "O": -2.0
  },
  "Ga2Li2Te4": {
    "Ga": 3.0,
    "Li": 1.0,
    "Te": -2.0
  },
  "Cs4Te6": {
    "Cs": 1.0,
    "Te": -0.6666666666666666
  },
  "Li2Na1Sb1": {
    "Li": 1.0,
    "Na": 1.0,
    "Sb": -3.0
  },
  "F8Sr2Zn2": {
    "F": -1.0,
    "Sr": 2.0,
    "Zn": 2.0
  },
  "Cu4Li4O4": {
    "Cu": 1.0,
    "Li": 1.0,
    "O": -2.0
  },
  "Cd2P4Sn2": {
    "Cd": 2.0,
    "P": -3.0,
    "Sn": 4.0
  },
  "Cu2Ga2S4": {
    "Cu": 1.0,
    "Ga": 3.0,
    "S": -2.0
  },
  "Ca4O1P2": {
    "Ca": 2.0,
    "O": -2.0,
    "P": -3.0
  },
  "Cs2Cu2O2": {
    "Cs": 1.0,
    "Cu": 1.0,
    "O": -2.0
  },
  "Mg2O7P2": {
    "Mg": 2.0,
    "O": -2.0,
    "P": 5.0
  },
  "As2O8Sc2": {
    "As": 5.0,
    "O": -2.0,
    "Sc": 3.0
  },
  "Bi2Cl2O4Sr2": {
    "Bi": 3.0,
    "Cl": -1.0,
    "O": -2.0,
    "Sr": 2.0
  },
  "O8Pd6Tl2": {
    "O": -2.0,
    "Pd": 2.3333333333333335,
    "Tl": 1.0
  },
  "B2Ba2Ca1O6": {
    "B": 3.0,
    "Ba": 2.0,
    "Ca": 2.0,
    "O": -2.0
  },
  "Ba1Be1O4Si1": {
    "Ba": 2.0,
    "Be": 2.0,
    "O": -2.0,
    "Si": 4.0
  },
  "K2Li2O4Zn2": {
    "K": 1.0,
    "Li": 1.0,
    "O": -2.0,
    "Zn": 2.0
  },
  "Ag2Ba1S4Sn1": {
    "Ag": 1.0,
    "Ba": 2.0,
    "S": -2.0,
    "Sn": 4.0
  },
  "P2Rb2S6": {
    "P": 5.0,
    "Rb": 1.0,
    "S": -2.0
  },
  "O7Sc2Si2": {
    "O": -2.0,
    "Sc": 3.0,
    "Si": 4.0
  },
  "Cs2S6Sn2": {
    "Cs": 1.0,
    "S": -1.3333333333333333,
    "Sn": 3.0
  },
  "Cu3Nb1S4": {
    "Cu": 1.0,
    "Nb": 5.0,
    "S": -2.0
  },
  "Ag2Cl4Cs2": {
    "Ag": 1.0,
    "Cl": -1.0,
    "Cs": 1.0
  },
  "Fe1Sb1V1": null,
  "Ga6K4": null,
  "Au2I6Rb2": {
    "Au": 2.0,
    "I": -1.0,
    "Rb": 1.0
  },
  "Pd1Sb1Sc1": null,
  "Li4P2Sr1": {
    "Li": 1.0,
    "P": -3.0,
    "Sr": 2.0
  },
  "Br6Rb2Te1": {
    "Br": -1.0,
    "Rb": 1.0,
    "Te": 4.0
  },
  "Au2Cs2Te2": {
    "Au": 1.0,
    "Cs": 1.0,
    "Te": -2.0
  },
  "Cs8Te4": {
    "Cs": 1.0,
    "Te": -2.0
  },
  "Au2Cs2Se2": {
    "Au": 1.0,
    "Cs": 1.0,
    "Se": -2.0
  },
  "F2O4Rb2S2": {
    "F": -1.0,
    "O": -2.0,
    "Rb": 1.0,
    "S": 4.0
  },
  "H6K2Pt1": {
    "H": 0.0,
    "K": 1.0,
    "Pt": -2.0
  },
  "C2Ca1K2O6": {
    "C": 4.0,
    "Ca": 2.0,
    "K": 1.0,
    "O": -2.0
  },
  "Cl6Na3Y1": {
    "Cl": -1.0,
    "Na": 1.0,
    "Y": 3.0
  },
  "Bi2Na2S4": {
    "Bi": 3.0,
    "Na": 1.0,
    "S": -2.0
  },
  "Ga1O4P1": {
    "Ga": 3.0,
    "O": -2.0,
    "P": 5.0
  },
  "S6Sc4": {
    "S": -2.0,
    "Sc": 3.0
  },
  "C1Ca1F1K1O3": {
    "C": 4.0,
    "Ca": 2.0,
    "F": -1.0,
    "K": 1.0,
    "O": -2.0
  },
  "Ca1Cs2H4": {
    "Ca": 2.0,
    "Cs": 1.0,
    "H": -1.0
  },
  "As4K4Si2": {
    "As": -3.0,
    "K": 1.0,
    "Si": 4.0
  },
  "B2In2O6": {
    "B": 3.0,
    "In": 3.0,
    "O": -2.0
  },
  "La1Rb1Se2": {
    "La": 3.0,
    "Rb": 1.0,
    "Se": -2.0
  },
  "P8Pt4": {
    "P": 1.0,
    "Pt": -2.0
  },
  "B1Be2F2O3Rb1": {
    "B": 3.0,
    "Be": 2.0,
    "F": -1.0,
    "O": -2.0,
    "Rb": 1.0
  },
  "K1Nb1O3": {
    "K": 1.0,
    "Nb": 5.0,
    "O": -2.0
  },
  "K2Sb2Zn2": {
    "K": 1.0,
    "Sb": -3.0,
    "Zn": 2.0
  },
  "Rb4S6": {
    "Rb": 1.0,
    "S": -0.6666666666666666
  },
  "Rb4Se6": {
    "Rb": 1.0,
    "Se": -0.6666666666666666
  },
  "Cu4O4Rb4": {
    "Cu": 1.0,
    "O": -2.0,
    "Rb": 1.0
  },
  "Bi4O10Ti2": {
    "Bi": 3.0,
    "O": -2.0,
    "Ti": 4.0
  },
  "Cu1F2Li1": {
    "Cu": 1.0,
    "F": -1.0,
    "Li": 1.0
  },
  "Ca1Cd1O2": {
    "Ca": 2.0,
    "Cd": 2.0,
    "O": -2.0
  },
  "Ba2Se4": {
    "Ba": 2.0,
    "Se": -1.0
  },
  "La2Na2O4": {
    "La": 3.0,
    "Na": 1.0,
    "O": -2.0
  },
  "O2Te1Y2": {
    "O": -2.0,
    "Te": -2.0,
    "Y": 3.0
  },
  "Ba3O7Zr2": {
    "Ba": 2.0,
    "O": -2.0,
    "Zr": 4.0
  },
  "I2O1Rb4": {
    "I": -1.0,
    "O": -2.0,
    "Rb": 1.0
  },
  "Ca1Li2O4Si1": {
    "Ca": 2.0,
    "Li": 1.0,
    "O": -2.0,
    "Si": 4.0
  },
  "Ag2K4Sb2": {
    "Ag": 1.0,
    "K": 1.0,
    "Sb": -3.0
  },
  "K4S6": {
    "K": 1.0,
    "S": -0.6666666666666666
  },
  "I2K4O1": {
    "I": -1.0,
    "K": 1.0,
    "O": -2.0
  },
  "Rb2S1": {
    "Rb": 1.0,
    "S": -2.0
  },
  "Ge2O8Zr2": {
    "Ge": 4.0,
    "O": -2.0,
    "Zr": 4.0
  },
  "C2K2Mg1O6": {
    "C": 4.0,
    "K": 1.0,
    "Mg": 2.0,
    "O": -2.0
  },
  "K1O2Tl1": {
    "K": 1.0,
    "O": -2.0,
    "Tl": 3.0
  },
  "F6Pt1Rb2": {
    "F": -1.0,
    "Pt": 4.0,
    "Rb": 1.0
  },
  "K4P4Si2": {
    "K": 1.0,
    "P": 1.0,
    "Si": -4.0
  },
  "Ca1F6Pt1": {
    "Ca": 2.0,
    "F": -1.0,
    "Pt": 4.0
  },
  "Na4S4Zn2": {
    "Na": 1.0,
    "S": -2.0,
    "Zn": 2.0
  },
  "K4P6": {
    "K": 1.0,
    "P": -0.6666666666666666
  },
  "P2Sr1Zn2": {
    "P": -3.0,
    "Sr": 2.0,
    "Zn": 2.0
  },
  "O8Te4": {
    "O": -2.0,
    "Te": 4.0
  },
  "La1Li3Sb2": {
    "La": 3.0,
    "Li": 1.0,
    "Sb": -3.0
  },
  "K2Pt1Te2": {
    "K": 1.0,
    "Pt": 2.0,
    "Te": -2.0
  },
  "Fe2Si1Ti1": null,
  "Hg1Sn1Sr2": null,
  "Ga2Ge2N2Sr4": null,
  "Li2Rb2S2": {
    "Li": 1.0,
    "Rb": 1.0,
    "S": -2.0
  },
  "Hg1K4P2": {
    "Hg": 2.0,
    "K": 1.0,
    "P": -3.0
  },
  "Cs4O6Zr2": {
    "Cs": 1.0,
    "O": -2.0,
    "Zr": 4.0
  },
  "Na1O2Rh1": {
    "Na": 1.0,
    "O": -2.0,
    "Rh": 3.0
  },
  "F8Pt2": {
    "F": -1.0,
    "Pt": 4.0
  },
  "As1Li1Zn1": {
    "As": -3.0,
    "Li": 1.0,
    "Zn": 2.0
  },
  "Ca1O6Sb2": {
    "Ca": 2.0,
    "O": -2.0,
    "Sb": 5.0
  },
  "Fe1P4Si4": {
    "Fe": 3.0,
    "P": 3.25,
    "Si": -4.0
  },
  "Ni1Sn1Zr1": null,
  "Ni1Sn1Ti1": null,
  "Au3Rb3Sb2": {
    "Au": -1.0,
    "Rb": 1.0,
    "Sb": 0.0
  },
  "Ba2Hf1S4": {
    "Ba": 2.0,
    "Hf": 4.0,
    "S": -2.0
  },
  "Al1F5K2": {
    "Al": 3.0,
    "F": -1.0,
    "K": 1.0
  },
  "As2Be2Li2": {
    "As": -3.0,
    "Be": 2.0,
    "Li": 1.0
  },
  "Ba1Mg2Sb2": {
    "Ba": 2.0,
    "Mg": 2.0,
    "Sb": -3.0
  },
  "Pt1Si1Ti1": {
    "Pt": 2.0,
    "Si": -4.0,
    "Ti": 2.0
  },
  "Pt1Sn1Zr1": null,
  "O8Rb2Tc2": {
    "O": -2.0,
    "Rb": 1.0,
    "Tc": 7.0
  },
  "P3Rb1Zn4": {
    "P": -3.0,
    "Rb": 1.0,
    "Zn": 2.0
  },
  "Ga1H1Sn1Sr1": null,
  "Ge2Rb4Se6": {
    "Ge": 4.0,
    "Rb": 1.0,
    "Se": -2.0
  },
  "As1F6Na1Rb2": {
    "As": 3.0,
    "F": -1.0,
    "Na": 1.0,
    "Rb": 1.0
  },
  "Cs2F6Li1Tl1": {
    "Cs": 1.0,
    "F": -1.0,
    "Li": 1.0,
    "Tl": 3.0
  },
  "Cs2F6Ga1Rb1": {
    "Cs": 1.0,
    "F": -1.0,
    "Ga": 3.0,
    "Rb": 1.0
  },
  "Ag2Au2O4": {
    "Ag": 1.0,
    "Au": 3.0,
    "O": -2.0
  },
  "Au1Na1O2": {
    "Au": 3.0,
    "Na": 1.0,
    "O": -2.0
  },
  "Br6Ge2K2": {
    "Br": -1.0,
    "Ge": 2.0,
    "K": 1.0
  },
  "N4": {
    "N": 0.0
  }
}