{
  "Al3Tm1": null,
  "Ca1Hg1O2": {
    "Ca": 2.0,
    "Hg": 2.0,
    "O": -2.0
  },
  "Cu2O4Rb2": {
    "Cu": 3.0,
    "O": -2.0,
    "Rb": 1.0
  },
  "Al2Ba3Si2": null,
  "Li12Sb6": {
    "Li": 1.0,
    "Sb": -2.0
  },
  "Pd1Te2": {
    "Pd": 4.0,
    "Te": -2.0
  },
  "Cu2K4P2": {
    "Cu": 1.0,
    "K": 1.0,
    "P": -3.0
  },
  "Cs1F6Sb1": {
    "Cs": 1.0,
    "F": -1.0,
    "Sb": 5.0
  },
  "Cu3K3P2": {
    "Cu": 1.0,
    "K": 1.0,
    "P": -3.0
  },
  "Au4O6": {
    "Au": 3.0,
    "O": -2.0
  },
  "As2Be2Li2": {
    "As": -3.0,
    "Be": 2.0,
    "Li": 1.0
  },
  "As4Ru2": {
    "As": -1.0,
    "Ru": 2.0
  },
  "Ba6Mn2N6": {
    "Ba": 2.0,
    "Mn": 3.0,
    "N": -3.0
  },
  "As2Fe2Li2": {
    "As": -3.0,
    "Fe": 2.0,
    "Li": 1.0
  },
  "Na2O4Pr2": {
    "Na": 1.0,
    "O": -2.0,
    "Pr": 3.0
  },
  "As4Ba4Pt4": {
    "As": -1.0,
    "Ba": 2.0,
    "Pt": -1.0
  },
  "Ba1Ni2P2": {
    "Ba": 2.0,
    "Ni": 2.0,
    "P": -3.0
  },
  "Li8O8Ti2": {
    "Li": 1.0,
    "O": -2.0,
    "Ti": 4.0
  },
  "Ge2Sb2Zr2": null,
  "In3Pd3Sm3": null,
  "As1F6Rb1": {
    "As": 5.0,
    "F": -1.0,
    "Rb": 1.0
  },
  "Co2Sc1Si2": {
    "Co": 2.5,
    "Sc": 3.0,
    "Si": -4.0
  },
  "Ba2O4Zr1": {
    "Ba": 2.0,
    "O": -2.0,
    "Zr": 4.0
  },
  "Fe2Si2Th1": {
    "Fe": 2.0,
    "Si": -4.0,
    "Th": 4.0
  },
  "B2Ca2Ni8": null,
  "Ba1Mg2P2": {
    "Ba": 2.0,
    "Mg": 2.0,
    "P": -3.0
  },
  "Hg1K4P2": {
    "Hg": 2.0,
    "K": 1.0,
    "P": -3.0
  },
  "In3Ni3Y3": null,
  "C1Tb2": null,
  "Cu1Ir1Sm2": null,
  "F6Pt1Rb2": {
    "F": -1.0,
    "Pt": 4.0,
    "Rb": 1.0
  },
  "Ba1Ga2": null,
  "Ba1Cd2Sb2": {
    "Ba": 2.0,
    "Cd": 2.0,
    "Sb": -3.0
  },
  "Ca1Cd2Sb2": {
    "Ca": 2.0,
    "Cd": 2.0,
    "Sb": -3.0
  },
  "B2Pd4": null,
  "Ga1Ir2Sc1": null,
  "As2Ba4O1": {
    "As": -3.0,
    "Ba": 2.0,
    "O": -2.0
  },
  "Na1S2Tm1": {
    "Na": 1.0,
    "S": -2.0,
    "Tm": 3.0
  },
  "Au2Si2Y2": {
    "Au": 1.0,
    "Si": -4.0,
    "Y": 3.0
  },
  "Cs2F6Ga1Li1": {
    "Cs": 1.0,
    "F": -1.0,
    "Ga": 3.0,
    "Li": 1.0
  },
  "Se2Sn1": {
    "Se": -2.0,
    "Sn": 4.0
  },
  "Cs2Hg1O2": {
    "Cs": 1.0,
    "Hg": 2.0,
    "O": -2.0
  },
  "Hg2Sm6": null,
  "Co6Li1P4": {
    "Co": 1.8333333333333333,
    "Li": 1.0,
    "P": -3.0
  },
  "Al1Au2Zr1": null,
  "Cr8Te16": {
    "Cr": 3.25,
    "Te": -1.625
  },
  "Cr6N3": null,
  "Ca3Cd1O4": {
    "Ca": 2.0,
    "Cd": 2.0,
    "O": -2.0
  },
  "Ru2Ta1Y1": null,
  "Al4Li4Na8P8": {
    "Al": 3.0,
    "Li": 1.0,
    "Na": 1.0,
    "P": -3.0
  },
  "Mo3Ni3P3": {
    "Mo": 2.0,
    "Ni": 1.0,
    "P": -3.0
  },
  "Rh2Zn1Zr1": null,
  "La8S12": {
    "La": 3.0,
    "S": -2.0
  },
  "N8O24Sr4": {
    "N": 5.0,
    "O": -2.0,
    "Sr": 2.0
  },
  "Ca2Sb4": {
    "Ca": 2.0,
    "Sb": -1.0
  },
  "Ge2Pd2Sr1": null,
  "Ba2Pd2Sb4": {
    "Ba": 2.0,
    "Pd": 2.0,
    "Sb": -2.0
  },
  "Si4Ti4": {
    "Si": -4.0,
    "Ti": 4.0
  },
  "Ge1Pm2Zn1": null,
  "Mg2Pd1Rh1": null,
  "K2Pt1Te2": {
    "K": 1.0,
    "Pt": 2.0,
    "Te": -2.0
  },
  "Pt1Rb2Se2": {
    "Pt": 2.0,
    "Rb": 1.0,
    "Se": -2.0
  },
  "B2Dy1Ru3": null,
  "Mn2Na3O6Sb1": {
    "Mn": 2.0,
    "Na": 1.0,
    "O": -2.0,
    "Sb": 5.0
  },
  "As2C2Nb4": {
    "As": -3.0,
    "C": -4.0,
    "Nb": 3.5
  },
  "Mo6Te8": {
    "Mo": 2.6666666666666665,
    "Te": -2.0
  },
  "B2Nb2Ni2": {
    "B": -3.0,
    "Nb": 2.0,
    "Ni": 1.0
  },
  "Er2Rh6Si4": null,
  "C2Ge2V4": null,
  "Cl6Cs2Zr1": {
    "Cl": -1.0,
    "Cs": 1.0,
    "Zr": 4.0
  },
  "Ni2O8Se2": {
    "Ni": 2.0,
    "O": -2.0,
    "Se": 6.0
  },
  "O12Rh4Tb4": {
    "O": -2.0,
    "Rh": 3.0,
    "Tb": 3.0
  },
  "Co2Nd2Si4": {
    "Co": 1.0,
    "Nd": 3.0,
    "Si": -2.0
  },
  "C4O12Sr4": {
    "C": 4.0,
    "O": -2.0,
    "Sr": 2.0
  },
  "Hf6Rh6Sn6": null,
  "As6Sr2": {
    "As": -0.6666666666666666,
    "Sr": 2.0
  },
  "Au2Cd1Th1": null,
  "Ca1Cd2Nd1": null,
  "Br4Ca1Cs2": {
    "Br": -1.0,
    "Ca": 2.0,
    "Cs": 1.0
  },
  "O2Th1": {
    "O": -2.0,
    "Th": 4.0
  },
  "Br2K4O1": {
    "Br": -1.0,
    "K": 1.0,
    "O": -2.0
  },
  "Al1Re1Ti2": null,
  "Ge2Hf2O8": {
    "Ge": 4.0,
    "Hf": 4.0,
    "O": -2.0
  },
  "Ca2O8Sn3": {
    "Ca": 2.0,
    "O": -2.0,
    "Sn": 4.0
  },
  "F6Mg1W1": {
    "F": -1.0,
    "Mg": 2.0,
    "W": 4.0
  },
  "Cs2F6Na1Sc1": {
    "Cs": 1.0,
    "F": -1.0,
    "Na": 1.0,
    "Sc": 3.0
  },
  "N8O24Tl8": {
    "N": 5.0,
    "O": -2.0,
    "Tl": 1.0
  },
  "Cu6P2Se8": {
    "Cu": 1.0,
    "P": 5.0,
    "Se": -2.0
  },
  "Pt4Tm4": null,
  "C3Cr2Y2": {
    "C": -4.0,
    "Cr": 3.0,
    "Y": 3.0
  },
  "Br4Pb2": {
    "Br": -1.0,
    "Pb": 2.0
  },
  "H2Li2Pd1": null,
  "F3Rb1Yb1": {
    "F": -1.0,
    "Rb": 1.0,
    "Yb": 2.0
  },
  "Bi2O5Rb2": {
    "Bi": 4.0,
    "O": -2.0,
    "Rb": 1.0
  },
  "Ba1P2Rh2": null,
  "Ag2Ba1S2": {
    "Ag": 1.0,
    "Ba": 2.0,
    "S": -2.0
  },
  "Au2La1Na1": null,
  "Au4S2": {
    "Au": 1.0,
    "S": -2.0
  },
  "Na20P12Si4": {
    "Na": 1.0,
    "P": -0.3333333333333333,
    "Si": -4.0
  },
  "Ca10In4Sb12": {
    "Ca": 2.0,
    "In": 2.5,
    "Sb": -2.5
  },
  "Pd3Tm1": null,
  "As2Fe2K1": {
    "As": -3.0,
    "Fe": 2.5,
    "K": 1.0
  },
  "I2K2O8": null,
  "C3Cs6N6": {
    "C": 4.0,
    "Cs": 1.0,
    "N": -3.0
  },
  "Np1Rh3": null,
  "F6K2Pd1": {
    "F": -1.0,
    "K": 1.0,
    "Pd": 4.0
  },
  "Cu5Yb1": null,
  "Ca1H2O2": {
    "Ca": 2.0,
    "H": 1.0,
    "O": -2.0
  },
  "F6K2Re1": {
    "F": -1.0,
    "K": 1.0,
    "Re": 4.0
  },
  "O2Pr2S1": {
    "O": -2.0,
    "Pr": 3.0,
    "S": -2.0
  },
  "Er1Pd2Si2": null,
  "Ga1Ni3": null,
  "Co2Pr1Si2": {
    "Co": 2.5,
    "Pr": 3.0,
    "Si": -4.0
  },
  "Au1Si1Th1": null,
  "Rh2Si2U1": null,
  "Ni2Si2Yb1": {
    "Ni": 2.5,
    "Si": -4.0,
    "Yb": 3.0
  },
  "Bi1Ni1Sc1": null,
  "Sb4Ti2": {
    "Sb": -1.5,
    "Ti": 3.0
  },
  "Co2P2Sr1": {
    "Co": 2.0,
    "P": -3.0,
    "Sr": 2.0
  },
  "Bi4Br12": {
    "Bi": 3.0,
    "Br": -1.0
  },
  "B48C2Mg4": {
    "B": 0.0,
    "C": -4.0,
    "Mg": 2.0
  },
  "Ce1Fe2Si2": {
    "Ce": 3.0,
    "Fe": 2.5,
    "Si": -4.0
  },
  "Ce1Mn2Si2": {
    "Ce": 4.0,
    "Mn": 2.0,
    "Si": -4.0
  },
  "C4Si2Ti6": {
    "C": -4.0,
    "Si": -4.0,
    "Ti": 4.0
  },
  "Os2Pr1Si2": {
    "Os": -1.5,
    "Pr": 3.0,
    "Si": 0.0
  },
  "O8Si2Th2": {
    "O": -2.0,
    "Si": 4.0,
    "Th": 4.0
  },
  "Li8O24Ti10": {
    "Li": 1.0,
    "O": -2.0,
    "Ti": 4.0
  },
  "Li24N16Y8": {
    "Li": 1.0,
    "N": -3.0,
    "Y": 3.0
  },
  "Pt1Sc1": {
    "Pt": -2.0,
    "Sc": 2.0
  },
  "Hf1Ru2Si1": null,
  "Hg1Pm2Sn1": null,
  "Ir2Si2Tb1": null,
  "Br12Nb4O4": {
    "Br": -1.0,
    "Nb": 5.0,
    "O": -2.0
  },
  "H2O2Rb2": {
    "H": 1.0,
    "O": -2.0,
    "Rb": 1.0
  },
  "As1Sm1": {
    "As": -3.0,
    "Sm": 3.0
  },
  "Be1Co1": null,
  "Se8Th4": {
    "Se": -2.0,
    "Th": 4.0
  },
  "Ce2P2Pd2": null,
  "Ca10Si6": null,
  "Na2Nb2Se4": {
    "Na": 1.0,
    "Nb": 3.0,
    "Se": -2.0
  },
  "Hf2S2Si2": {
    "Hf": 4.0,
    "S": 0.0,
    "Si": -4.0
  },
  "Co1Ga5Sc1": null,
  "Co1Ga5Hf1": null,
  "Ga5Ni1Sc1": null,
  "Ga4Hf1V2": null,
  "H8N4Na4": {
    "H": 1.0,
    "N": -3.0,
    "Na": 1.0
  },
  "Co2Mo2P4": {
    "Co": 2.0,
    "Mo": 4.0,
    "P": -3.0
  },
  "Cr4F20": {
    "Cr": 5.0,
    "F": -1.0
  },
  "Al1As1Pt5": {
    "Al": 3.0,
    "As": -3.0,
    "Pt": 0.0
  },
  "Pt2V2": {
    "Pt": -2.0,
    "V": 2.0
  },
  "As1Er1": {
    "As": -3.0,
    "Er": 3.0
  },
  "As1U1": {
    "As": -3.0,
    "U": 3.0
  },
  "Na6O2P2S6": {
    "Na": 1.0,
    "O": -2.0,
    "P": 5.0,
    "S": -2.0
  },
  "Ag2Ge2Sm1": null,
  "Al2Os1": null,
  "Pd3Sn1": null,
  "Bi2Te2U2": null,
  "C1Rh3Y1": null,
  "Al1Be1Ir2": null,
  "Ag1Cu1O2": {
    "Ag": 1.0,
    "Cu": 3.0,
    "O": -2.0
  },
  "Ba2H6Ru1": {
    "Ba": 2.0,
    "H": -1.0,
    "Ru": 2.0
  },
  "Ag1O3Pa1": {
    "Ag": 1.0,
    "O": -2.0,
    "Pa": 5.0
  },
  "Cu1Pm2Si1": null,
  "Ca1Cd2La1": null,
  "Mg1Os2Ta1": null,
  "Hf2Re1Zn1": null,
  "Au1Be2Rh1": null,
  "Hf2I6": null,
  "B6Er2Ni3": {
    "B": -2.0,
    "Er": 3.0,
    "Ni": 2.0
  },
  "Ce1Re4Si2": null,
  "I2O1Rb4": {
    "I": -1.0,
    "O": -2.0,
    "Rb": 1.0
  },
  "Bi1Na5O5": {
    "Bi": 5.0,
    "Na": 1.0,
    "O": -2.0
  },
  "Hg2La1Li1": null,
  "Ca3Cl3P1": {
    "Ca": 2.0,
    "Cl": -1.0,
    "P": -3.0
  },
  "Al20Li4O32": {
    "Al": 3.0,
    "Li": 1.0,
    "O": -2.0
  },
  "K2O8Tc2": {
    "K": 1.0,
    "O": -2.0,
    "Tc": 7.0
  },
  "Fe4O14Y4": null,
  "Cu4Li12O12": {
    "Cu": 3.0,
    "Li": 1.0,
    "O": -2.0
  },
  "Ge2S2Zr2": null,
  "Ir4O16Sr8": {
    "Ir": 4.0,
    "O": -2.0,
    "Sr": 2.0
  },
  "Pt4Sn4Sr4": null,
  "C2In2Zr4": null,
  "Er1Ru2Si2": {
    "Er": 3.0,
    "Ru": 2.5,
    "Si": -4.0
  },
  "Ga8Ru1U2": null,
  "Br6U2": {
    "Br": -1.0,
    "U": 3.0
  },
  "Mg4N8Si4": {
    "Mg": 2.0,
    "N": -3.0,
    "Si": 4.0
  },
  "Cl6Gd2": {
    "Cl": -1.0,
    "Gd": 3.0
  },
  "Al15Cu18Mg6": null,
  "Ag1F6P1": {
    "Ag": 1.0,
    "F": -1.0,
    "P": 5.0
  },
  "Ag1Cr1Se2": {
    "Ag": 1.0,
    "Cr": 3.0,
    "Se": -2.0
  },
  "Dy2Ge2": null,
  "Cl6Pt1Rb2": {
    "Cl": -1.0,
    "Pt": 4.0,
    "Rb": 1.0
  },
  "La4O12Sc4": {
    "La": 3.0,
    "O": -2.0,
    "Sc": 3.0
  },
  "Ba2Pb2": null,
  "Bi12Ca20": null,
  "Cs8O16Ru4": {
    "Cs": 1.0,
    "O": -2.0,
    "Ru": 6.0
  },
  "Fe12Si24Ti12": {
    "Fe": 2.0,
    "Si": -3.0,
    "Ti": 4.0
  },
  "Bi2O1Sr4": null,
  "F4K2Mg1": {
    "F": -1.0,
    "K": 1.0,
    "Mg": 2.0
  },
  "Cr1Fe1V2": null,
  "Cl6K2Pt1": {
    "Cl": -1.0,
    "K": 1.0,
    "Pt": 4.0
  },
  "I2Nd1": {
    "I": -1.0,
    "Nd": 2.0
  },
  "Fe1P4Si4": {
    "Fe": 3.0,
    "P": 3.25,
    "Si": -4.0
  },
  "Ce2Fe2Si2": null,
  "Cu1Ga1Pt2": {
    "Cu": 1.0,
    "Ga": 3.0,
    "Pt": -2.0
  },
  "Ca1In1": null,
  "Gd1Pt3": null,
  "In1Nb1Se2": {
    "In": 1.0,
    "Nb": 3.0,
    "Se": -2.0
  },
  "Dy4Ir4Si4": null,
  "Cu1Ga1I4": {
    "Cu": 1.0,
    "Ga": 3.0,
    "I": -1.0
  },
  "Cl2Fe1H4O2": {
    "Cl": -1.0,
    "Fe": 2.0,
    "H": 1.0,
    "O": -2.0
  },
  "Fe2Nd1Si2": {
    "Fe": 2.5,
    "Nd": 3.0,
    "Si": -4.0
  },
  "H8Sr4": {
    "H": -1.0,
    "Sr": 2.0
  },
  "Mn4Te8": {
    "Mn": 2.0,
    "Te": -1.0
  },
  "Cl6Rb2W1": {
    "Cl": -1.0,
    "Rb": 1.0,
    "W": 4.0
  },
  "Bi2O8Re2": {
    "Bi": 3.0,
    "O": -2.0,
    "Re": 5.0
  },
  "Cu2Hf2Si4": null,
  "Fe1H6Mg2": {
    "Fe": 2.0,
    "H": -1.0,
    "Mg": 2.0
  },
  "Ba1P4Pd2": {
    "Ba": 2.0,
    "P": -1.5,
    "Pd": 2.0
  },
  "F8O4Se4": {
    "F": -1.0,
    "O": -2.0,
    "Se": 4.0
  },
  "Rh8Si4": null,
  "B4H12O12": {
    "B": 3.0,
    "H": 1.0,
    "O": -2.0
  },
  "Ag2K1P1S4": {
    "Ag": 1.0,
    "K": 1.0,
    "P": 5.0,
    "S": -2.0
  },
  "Ba2Ni4Si4": {
    "Ba": 2.0,
    "Ni": 1.0,
    "Si": -2.0
  },
  "Ca4Ir4Si2": null,
  "In4Ir2Sr2": null,
  "Hf4In10": null,
  "Al10W2": null,
  "Bi1Na2Tl1": null,
  "Cu4O16S4": {
    "Cu": 2.0,
    "O": -2.0,
    "S": 6.0
  },
  "Ag8Sr8": null,
  "In4Pt2Sr2": null,
  "Pt3V1": {
    "Pt": -0.6666666666666666,
    "V": 2.0
  },
  "Co3Sn3": null,
  "In8Pd2Sr2": null,
  "Bi1N2U2": null,
  "B16C16Mg8": {
    "B": 3.0,
    "C": -4.0,
    "Mg": 2.0
  },
  "Au1Li2Sn1": null,
  "As2Fe2Na2": {
    "As": -3.0,
    "Fe": 2.0,
    "Na": 1.0
  },
  "Pb4Pd2": null,
  "Ce2Mn2Si2": null,
  "In2Tb4": null,
  "Co2Ge2Th1": null,
  "Nb1Re2Ti1": null,
  "Bi1Lu1Ni1": null,
  "Pt2Sn8": null,
  "P16Zn8": {
    "P": -1.0,
    "Zn": 2.0
  },
  "Ge6Nb3": null,
  "Mn4Si4Zr4": {
    "Mn": 2.0,
    "Si": -4.0,
    "Zr": 2.0
  },
  "B4Li4O8": {
    "B": 3.0,
    "Li": 1.0,
    "O": -2.0
  },
  "Ca1Pt5": {
    "Ca": 2.0,
    "Pt": -0.4
  },
  "As8Zr4": {
    "As": -2.0,
    "Zr": 4.0
  },
  "Ag4Cs4Se16": {
    "Ag": 1.0,
    "Cs": 1.0,
    "Se": -0.5
  },
  "Fe2Nd2Si2": {
    "Fe": 2.0,
    "Nd": 2.0,
    "Si": -4.0
  },
  "Hf4Mo4Si4": null,
  "Ca1F3Rb1": {
    "Ca": 2.0,
    "F": -1.0,
    "Rb": 1.0
  },
  "Br2Ni1": {
    "Br": -1.0,
    "Ni": 2.0
  },
  "Cl1Li4N1": {
    "Cl": -1.0,
    "Li": 1.0,
    "N": -3.0
  },
  "Co2P2Zr4": null,
  "Cu4Sb4Sr2": {
    "Cu": 2.0,
    "Sb": -3.0,
    "Sr": 2.0
  },
  "In4Pt4Sr4": null,
  "Fe8Sc4Si8": {
    "Fe": 2.0,
    "Sc": 2.0,
    "Si": -3.0
  },
  "Pt6Sc6Sn6": null,
  "Li12N8Os2": {
    "Li": 1.0,
    "N": -3.0,
    "Os": 6.0
  },
  "Dy3In3Pt3": null,
  "Bi1F5": {
    "Bi": 5.0,
    "F": -1.0
  },
  "Li2Ru2Sn8": null,
  "B2Be8": null,
  "F8Pb2Pd2": {
    "F": -1.0,
    "Pb": 2.0,
    "Pd": 2.0
  },
  "B6Co2W6": {
    "B": -3.0,
    "Co": 2.0,
    "W": 2.3333333333333335
  },
  "Bi8O16Pd4": {
    "Bi": 3.0,
    "O": -2.0,
    "Pd": 2.0
  },
  "Bi1Tb1": null,
  "Ba2Ca1Ir1O6": null,
  "Ga1Ir1Li2": null,
  "Ag3P11": {
    "Ag": 1.0,
    "P": -0.2727272727272727
  },
  "Al1Co2Zr1": null,
  "Li4O4": null,
  "Bi4O4S2": {
    "Bi": 3.0,
    "O": -2.0,
    "S": -2.0
  },
  "Ni2Si2Zr1": {
    "Ni": 2.0,
    "Si": -4.0,
    "Zr": 4.0
  },
  "Ba8Mn4Se12": {
    "Ba": 2.0,
    "Mn": 2.0,
    "Se": -2.0
  },
  "Cl4Mn1Rb2": {
    "Cl": -1.0,
    "Mn": 2.0,
    "Rb": 1.0
  },
  "Cu2Hf10Sn6": null,
  "Cu2Ga1Sr1": null,
  "Cd8Ge4O16": {
    "Cd": 2.0,
    "Ge": 4.0,
    "O": -2.0
  },
  "Mn1N3Th2": null,
  "Cu1Li2Sn1": null,
  "Cu2Sn4Sr2": null,
  "Ir6W2": null,
  "Mg18Pd6": null,
  "Dy1Rh3Si2": null,
  "Cr6Si2": null,
  "Pm2Pt1Rh1": null,
  "Cu2Pr1Si2": {
    "Cu": 2.0,
    "Pr": 4.0,
    "Si": -4.0
  },
  "Co6Si10Y4": {
    "Co": 2.0,
    "Si": -2.4,
    "Y": 3.0
  },
  "O2Pa1": {
    "O": -2.0,
    "Pa": 4.0
  },
  "Dy1Ir2Si2": null,
  "Ca4O16Sc8": {
    "Ca": 2.0,
    "O": -2.0,
    "Sc": 3.0
  },
  "Sb2Tb2Zr2": null,
  "Al1C1Sc3": null,
  "As2Ca2Cu2": {
    "As": -3.0,
    "Ca": 2.0,
    "Cu": 1.0
  },
  "Ca6Mo2N6": {
    "Ca": 2.0,
    "Mo": 3.0,
    "N": -3.0
  },
  "Co4O8Rb12": {
    "Co": 1.0,
    "O": -2.0,
    "Rb": 1.0
  },
  "Dy1Ru2Si2": {
    "Dy": 3.0,
    "Ru": 2.5,
    "Si": -4.0
  },
  "Ga6Ti4": null,
  "Gd1Ni1Sb1": null,
  "N2P1U2": {
    "N": -3.0,
    "P": -3.0,
    "U": 4.5
  },
  "Ir2Ti6": null,
  "B2Rh2": {
    "B": -3.0,
    "Rh": 3.0
  },
  "Au2Ta6": null,
  "Cd2In4S8": {
    "Cd": 2.0,
    "In": 3.0,
    "S": -2.0
  },
  "B2O6Yb2": {
    "B": 3.0,
    "O": -2.0,
    "Yb": 3.0
  },
  "Er2Nb2O8": {
    "Er": 3.0,
    "Nb": 5.0,
    "O": -2.0
  },
  "Ag2Ca2": null,
  "Ga3Ti1": null,
  "F2La2S2": {
    "F": -1.0,
    "La": 3.0,
    "S": -2.0
  },
  "Ag6Ge10P12": {
    "Ag": 1.0,
    "Ge": 3.0,
    "P": -3.0
  },
  "Ca2Mo2N6": {
    "Ca": 2.0,
    "Mo": 6.0,
    "N": -2.6666666666666665
  },
  "Al1Cr1Ru2": null,
  "Br6Cs2Na1Y1": {
    "Br": -1.0,
    "Cs": 1.0,
    "Na": 1.0,
    "Y": 3.0
  },
  "Al1Rh2Zn1": null,
  "Hf2Os1Tc1": null,
  "Ca4N8Sn4": {
    "Ca": 2.0,
    "N": -3.0,
    "Sn": 4.0
  },
  "Rh3Sc1": null,
  "Ag2Hg1I4": {
    "Ag": 1.0,
    "Hg": 2.0,
    "I": -1.0
  },
  "Ag2Ba1S4Sn1": {
    "Ag": 1.0,
    "Ba": 2.0,
    "S": -2.0,
    "Sn": 4.0
  },
  "Al12Ni4": null,
  "Lu2Ni2Si4": {
    "Lu": 3.0,
    "Ni": 1.0,
    "Si": -2.0
  },
  "Ba3O7Zr2": {
    "Ba": 2.0,
    "O": -2.0,
    "Zr": 4.0
  },
  "Ag1Pm2Zn1": null,
  "F6Ni2": {
    "F": -1.0,
    "Ni": 3.0
  },
  "Cd1Cu2Ge1Se4": {
    "Cd": 2.0,
    "Cu": 1.0,
    "Ge": 4.0,
    "Se": -2.0
  },
  "Dy1Ga1Rh2": null,
  "Br1K1O3": {
    "Br": 5.0,
    "K": 1.0,
    "O": -2.0
  },
  "Mg2Mn2O6": {
    "Mg": 2.0,
    "Mn": 4.0,
    "O": -2.0
  },
  "C4La8N24Si16": {
    "C": -4.0,
    "La": 3.0,
    "N": -3.0,
    "Si": 4.0
  },
  "Sm1Yb1Zn2": null,
  "Au2Dy1In1": null,
  "Ag2La1Yb1": null,
  "Cl4Yb2": {
    "Cl": -1.0,
    "Yb": 2.0
  },
  "N4Yb6": {
    "N": -3.0,
    "Yb": 2.0
  },
  "F3Pm1": {
    "F": -1.0,
    "Pm": 3.0
  },
  "Al1Cs2H6Tl1": {
    "Al": 3.0,
    "Cs": 1.0,
    "H": -1.0,
    "Tl": 1.0
  },
  "N2S1U2": {
    "N": -3.0,
    "S": -2.0,
    "U": 4.0
  },
  "N1U1": {
    "N": -3.0,
    "U": 3.0
  },
  "B2Ir3Yb1": null,
  "N4Rb2V2": {
    "N": -3.0,
    "Rb": 1.0,
    "V": 5.0
  },
  "Sn2Ta6": null,
  "Ir1Pd1Sc2": null,
  "Cu1Lu2Pt1": null,
  "Li4Mg4N4": {
    "Li": 1.0,
    "Mg": 2.0,
    "N": -3.0
  },
  "F8Ho2Na2": {
    "F": -1.0,
    "Ho": 3.0,
    "Na": 1.0
  },
  "Al1Cs2H6Na1": {
    "Al": 3.0,
    "Cs": 1.0,
    "H": -1.0,
    "Na": 1.0
  },
  "N8Si4Sr4": {
    "N": -3.0,
    "Si": 4.0,
    "Sr": 2.0
  },
  "Bi1Dy1": null,
  "B1Lu1Rh3": null,
  "Cd1Sm1": null,
  "Al1Nb1Os2": null,
  "S12Ti24": null,
  "Ba12N48Ta24": {
    "Ba": 2.0,
    "N": -3.0,
    "Ta": 5.0
  },
  "H8O4": {
    "H": 1.0,
    "O": -2.0
  },
  "C4Co2Sc2": {
    "C": -2.0,
    "Co": 2.0,
    "Sc": 2.0
  },
  "Ho1Ni2P2": {
    "Ho": 3.0,
    "Ni": 1.5,
    "P": -3.0
  },
  "Ba3Hf2O7": {
    "Ba": 2.0,
    "Hf": 4.0,
    "O": -2.0
  },
  "Br2O2Tm2": {
    "Br": -1.0,
    "O": -2.0,
    "Tm": 3.0
  },
  "K1O2": null,
  "Cd2Cu4O8": {
    "Cd": 2.0,
    "Cu": 3.0,
    "O": -2.0
  },
  "Er6Ru1Te2": null,
  "Br3Cs1Sn1": {
    "Br": -1.0,
    "Cs": 1.0,
    "Sn": 2.0
  },
  "Ba2Hf1O4": {
    "Ba": 2.0,
    "Hf": 4.0,
    "O": -2.0
  },
  "As4Cl12": {
    "As": 3.0,
    "Cl": -1.0
  },
  "Pd2Si2Tm1": null,
  "Ho1P2Ru2": null,
  "Ba2O6Te2": {
    "Ba": 2.0,
    "O": -2.0,
    "Te": 4.0
  },
  "B1Rh3Tm1": null,
  "Mg1Pt3": {
    "Mg": 2.0,
    "Pt": -0.6666666666666666
  },
  "Er1Fe2Ge2": null,
  "Li1Ru1Sc2": null,
  "Bi2Cl1Nd1O4": {
    "Bi": 3.0,
    "Cl": -1.0,
    "Nd": 3.0,
    "O": -2.0
  },
  "Co2Cs1S2": {
    "Co": 1.5,
    "Cs": 1.0,
    "S": -2.0
  },
  "Al1F6K2Na1": {
    "Al": 3.0,
    "F": -1.0,
    "K": 1.0,
    "Na": 1.0
  },
  "Dy3In3Rh3": null,
  "Nd2O2Te1": {
    "Nd": 3.0,
    "O": -2.0,
    "Te": -2.0
  },
  "As2O8Sc2": {
    "As": 5.0,
    "O": -2.0,
    "Sc": 3.0
  },
  "C1Cl2N2Sr2": {
    "C": 4.0,
    "Cl": -1.0,
    "N": -3.0,
    "Sr": 2.0
  },
  "Co2Ge2Lu1": null,
  "Bi2Br1Er1O4": {
    "Bi": 3.0,
    "Br": -1.0,
    "Er": 3.0,
    "O": -2.0
  },
  "Co2Ge2Pr2": null,
  "Bi2Cl1O4Tb1": {
    "Bi": 3.0,
    "Cl": -1.0,
    "O": -2.0,
    "Tb": 3.0
  },
  "Al2Pr2Si4": null,
  "Bi2Br1O4Sm1": {
    "Bi": 3.0,
    "Br": -1.0,
    "O": -2.0,
    "Sm": 3.0
  },
  "Co2P2Sm1": {
    "Co": 1.5,
    "P": -3.0,
    "Sm": 3.0
  },
  "Cd1Hg2La1": null,
  "Bi2Er1I1O4": {
    "Bi": 3.0,
    "Er": 3.0,
    "I": -1.0,
    "O": -2.0
  },
  "Al6Hf6Pt6": null,
  "As4Be2Ge2": {
    "As": -3.0,
    "Be": 2.0,
    "Ge": 4.0
  },
  "Mn16Si28": {
    "Mn": 2.0,
    "Si": -1.1428571428571428
  },
  "Cu1Pm2Ru1": null,
  "Au2Cd1La1": null,
  "Bi2I1O4Tb1": {
    "Bi": 3.0,
    "I": -1.0,
    "O": -2.0,
    "Tb": 3.0
  },
  "Bi2Br1Dy1O4": {
    "Bi": 3.0,
    "Br": -1.0,
    "Dy": 3.0,
    "O": -2.0
  },
  "Bi2Br1O4Y1": {
    "Bi": 3.0,
    "Br": -1.0,
    "O": -2.0,
    "Y": 3.0
  },
  "Cl6Mn1Rb2": {
    "Cl": -1.0,
    "Mn": 4.0,
    "Rb": 1.0
  },
  "Al4Au4Ca4": null,
  "Re8S16": {
    "Re": 4.0,
    "S": -2.0
  },
  "Ac2Ag1Ir1": null,
  "H8Mg2Sr2": {
    "H": -1.0,
    "Mg": 2.0,
    "Sr": 2.0
  },
  "Br1O3Rb1": {
    "Br": 5.0,
    "O": -2.0,
    "Rb": 1.0
  },
  "Ca3N1Sb1": {
    "Ca": 2.0,
    "N": -3.0,
    "Sb": -3.0
  },
  "B4C1Dy2": null,
  "Pt2U2": null,
  "Al1F6K2Li1": {
    "Al": 3.0,
    "F": -1.0,
    "K": 1.0,
    "Li": 1.0
  },
  "Ge3Li3Zn3": null,
  "Ba8Fe4O16": null,
  "F2Fe2O1Se2Sr2": {
    "F": -1.0,
    "Fe": 2.0,
    "O": -2.0,
    "Se": -2.0,
    "Sr": 2.0
  },
  "Cs1Er1S2": {
    "Cs": 1.0,
    "Er": 3.0,
    "S": -2.0
  },
  "Fe3N1Pt1": null,
  "Ba4S12Zr4": {
    "Ba": 2.0,
    "S": -2.0,
    "Zr": 4.0
  },
  "Lu4Ru8": null,
  "Br4Hg2": {
    "Br": -1.0,
    "Hg": 2.0
  },
  "F12Ho4": {
    "F": -1.0,
    "Ho": 3.0
  },
  "Al1Mn2Ta1": null,
  "F6Fe1Na1Rb2": {
    "F": -1.0,
    "Fe": 3.0,
    "Na": 1.0,
    "Rb": 1.0
  },
  "F2Fe2O1S2Sr2": {
    "F": -1.0,
    "Fe": 2.0,
    "O": -2.0,
    "S": -2.0,
    "Sr": 2.0
  },
  "Ca3Cd3Sn3": null,
  "Cl6Eu2": {
    "Cl": -1.0,
    "Eu": 3.0
  },
  "Li8N4Sr2": {
    "Li": 1.0,
    "N": -3.0,
    "Sr": 2.0
  },
  "Na24O16P8S16": {
    "Na": 1.0,
    "O": -2.0,
    "P": 5.0,
    "S": -2.0
  },
  "Al12Fe2": null,
  "Au6Yb2": {
    "Au": -1.0,
    "Yb": 3.0
  },
  "Ni1Re1Ti2": null,
  "Mo10Si6": {
    "Mo": 2.4,
    "Si": -4.0
  },
  "Na6Sn2Zn1": null,
  "As2Fe1Li1O7": {
    "As": 5.0,
    "Fe": 3.0,
    "Li": 1.0,
    "O": -2.0
  },
  "F6V2": {
    "F": -1.0,
    "V": 3.0
  },
  "Ca2Cu2P2": {
    "Ca": 2.0,
    "Cu": 1.0,
    "P": -3.0
  },
  "Cs2Er2O4": {
    "Cs": 1.0,
    "Er": 3.0,
    "O": -2.0
  },
  "Ca3Hf3N6": {
    "Ca": 2.0,
    "Hf": 4.0,
    "N": -3.0
  },
  "Cu12Er4Te12": {
    "Cu": 1.0,
    "Er": 3.0,
    "Te": -2.0
  },
  "K1O2Tm1": {
    "K": 1.0,
    "O": -2.0,
    "Tm": 3.0
  },
  "Ga2Sm1": null,
  "Ca4H12Rh3": null,
  "Cu1Os1Sc2": null,
  "Nb8O16Sr4": {
    "Nb": 3.0,
    "O": -2.0,
    "Sr": 2.0
  },
  "Al2Co1Ru1": null,
  "Au2Ca1Pm1": null,
  "F3Tm1": {
    "F": -1.0,
    "Tm": 3.0
  },
  "Ac1Fe1O3": {
    "Ac": 3.0,
    "Fe": 3.0,
    "O": -2.0
  },
  "Ga1Ho1Rh2": null,
  "Sb4Zr4": {
    "Sb": -3.0,
    "Zr": 3.0
  },
  "Br2Mn1": {
    "Br": -1.0,
    "Mn": 2.0
  },
  "Mn32O48": {
    "Mn": 3.0,
    "O": -2.0
  },
  "As4Co4": {
    "As": -3.0,
    "Co": 3.0
  },
  "Cr4Mn2O8": {
    "Cr": 3.0,
    "Mn": 2.0,
    "O": -2.0
  },
  "Ba4O24P8": {
    "Ba": 2.0,
    "O": -2.0,
    "P": 5.0
  },
  "Ni5Tm1": null,
  "Cs2Cu2O2": {
    "Cs": 1.0,
    "Cu": 1.0,
    "O": -2.0
  },
  "Mn6Na12O12": {
    "Mn": 2.0,
    "Na": 1.0,
    "O": -2.0
  },
  "Li8Mg4Mn12O32": {
    "Li": 1.0,
    "Mg": 2.0,
    "Mn": 4.0,
    "O": -2.0
  },
  "Cs2O12Os4": {
    "Cs": 1.0,
    "O": -2.0,
    "Os": 5.5
  },
  "Au2Si2Yb2": {
    "Au": 1.0,
    "Si": -4.0,
    "Yb": 3.0
  },
  "F6Na1P1": {
    "F": -1.0,
    "Na": 1.0,
    "P": 5.0
  },
  "Mn1Ni1Sb1": {
    "Mn": 2.0,
    "Ni": 1.0,
    "Sb": -3.0
  },
  "Br8Th2": {
    "Br": -1.0,
    "Th": 4.0
  },
  "In1Li2Pr1": null,
  "Dy1P2Ru2": null,
  "Zn1Zr1": null,
  "S18Y12": {
    "S": -2.0,
    "Y": 3.0
  },
  "Au2Si2Y1": {
    "Au": 2.5,
    "Si": -4.0,
    "Y": 3.0
  },
  "Ba2Li1O6Os1": {
    "Ba": 2.0,
    "Li": 1.0,
    "O": -2.0,
    "Os": 7.0
  },
  "Li2N2O6": {
    "Li": 1.0,
    "N": 5.0,
    "O": -2.0
  },
  "Pt4Se6Tl2": {
    "Pt": 2.5,
    "Se": -2.0,
    "Tl": 1.0
  },
  "Ag1Fe1O2": {
    "Ag": 1.0,
    "Fe": 3.0,
    "O": -2.0
  },
  "F6Mo1Na1Tl2": {
    "F": -1.0,
    "Mo": 3.0,
    "Na": 1.0,
    "Tl": 1.0
  },
  "Br6Cs2W1": {
    "Br": -1.0,
    "Cs": 1.0,
    "W": 4.0
  },
  "Al4Ca12N12": {
    "Al": 3.0,
    "Ca": 2.0,
    "N": -3.0
  },
  "Br6Cd2Cs2": {
    "Br": -1.0,
    "Cd": 2.0,
    "Cs": 1.0
  },
  "Ge14Ir6": null,
  "F12O4V4": {
    "F": -1.0,
    "O": -2.0,
    "V": 5.0
  },
  "Ca4In2N2": null,
  "C4Mo8": {
    "C": -4.0,
    "Mo": 2.0
  },
  "B4H4Na8O12": {
    "B": 3.0,
    "H": 1.0,
    "Na": 1.0,
    "O": -2.0
  },
  "Rb6Se6": {
    "Rb": 1.0,
    "Se": -1.0
  },
  "Al2Ge4Sr3": null,
  "F6Mo1Na1Rb2": {
    "F": -1.0,
    "Mo": 3.0,
    "Na": 1.0,
    "Rb": 1.0
  },
  "Co2In9K1": null,
  "Au8Ca10": null,
  "Cr1F6K2Na1": {
    "Cr": 3.0,
    "F": -1.0,
    "K": 1.0,
    "Na": 1.0
  },
  "Na4O8W2": {
    "Na": 1.0,
    "O": -2.0,
    "W": 6.0
  },
  "F6K3Mo1": {
    "F": -1.0,
    "K": 1.0,
    "Mo": 3.0
  },
  "Ca2Cd1Tl1": null,
  "Ca10Zn6": null,
  "As1Sc1": {
    "As": -3.0,
    "Sc": 3.0
  },
  "Ca1Ge2Ru2": null,
  "In1Y2Zn1": null,
  "Na16Sb8Sn2": {
    "Na": 1.0,
    "Sb": -3.0,
    "Sn": 4.0
  },
  "Nb4Pt4Si4": {
    "Nb": 2.0,
    "Pt": -2.0,
    "Si": 0.0
  },
  "Ag2Pr1Tl1": null,
  "Al6Ru2Sc4": null,
  "F6K2Ti1": {
    "F": -1.0,
    "K": 1.0,
    "Ti": 4.0
  },
  "Ca1F6Zr1": {
    "Ca": 2.0,
    "F": -1.0,
    "Zr": 4.0
  },
  "Be8W4": null,
  "Al2Mo6": null,
  "Cr2Mg2O8": {
    "Cr": 6.0,
    "Mg": 2.0,
    "O": -2.0
  },
  "Au2U1": null,
  "Li8O12Ru4": {
    "Li": 1.0,
    "O": -2.0,
    "Ru": 4.0
  },
  "Mn2O7V2": {
    "Mn": 2.0,
    "O": -2.0,
    "V": 5.0
  },
  "Fe4O12Yb4": {
    "Fe": 3.0,
    "O": -2.0,
    "Yb": 3.0
  },
  "Er2Ni2Si4": {
    "Er": 3.0,
    "Ni": 1.0,
    "Si": -2.0
  },
  "Pr3Rh3Sn3": null,
  "Mg4N6Sb2": {
    "Mg": 2.0,
    "N": -3.0,
    "Sb": 5.0
  },
  "Ir4Lu2": null,
  "B6Pa2": {
    "B": -1.0,
    "Pa": 3.0
  },
  "B2Fe3U1": null,
  "Hf1Te2": {
    "Hf": 4.0,
    "Te": -2.0
  },
  "Ag1Hf2": null,
  "Fe2Si1V1": null,
  "Au4Mn1": {
    "Au": -0.5,
    "Mn": 2.0
  },
  "Be2Si2Zr2": {
    "Be": 2.0,
    "Si": -4.0,
    "Zr": 2.0
  },
  "Ir1Pd1Pm2": null,
  "As2S2Th2": {
    "As": -2.0,
    "S": -2.0,
    "Th": 4.0
  },
  "Hg2Pb2Sr2": null,
  "Hg2Sn2Sr2": null,
  "Ir4Th2": null,
  "Co2Si2Sm2": {
    "Co": 1.0,
    "Si": -4.0,
    "Sm": 3.0
  },
  "Cu2Lu2Si2": {
    "Cu": 1.0,
    "Lu": 3.0,
    "Si": -4.0
  },
  "As2K2Mg2": {
    "As": -3.0,
    "K": 1.0,
    "Mg": 2.0
  },
  "Li1Mg2Zn1": null,
  "Fe2Pr2Si2": null,
  "In1Mg1Sc2": null,
  "In2K2Te4": {
    "In": 3.0,
    "K": 1.0,
    "Te": -2.0
  },
  "Pt3Tc1": {
    "Pt": -2.0,
    "Tc": 6.0
  },
  "Ca6Fe2N6": {
    "Ca": 2.0,
    "Fe": 3.0,
    "N": -3.0
  },
  "Ba1Ga1H1Si1": {
    "Ba": 2.0,
    "Ga": 3.0,
    "H": -1.0,
    "Si": -4.0
  },
  "O4Os2": {
    "O": -2.0,
    "Os": 4.0
  },
  "Cu2P2Zr1": {
    "Cu": 1.0,
    "P": -3.0,
    "Zr": 4.0
  },
  "H2Nb1": {
    "H": -1.0,
    "Nb": 2.0
  },
  "Bi4Rb2": null,
  "N3Re3": {
    "N": -3.0,
    "Re": 3.0
  },
  "Pt3Sn1": {
    "Pt": -0.6666666666666666,
    "Sn": 2.0
  },
  "Pd2Sn1Y1": null,
  "Hf1Ru2Sc1": null,
  "Li2N6Ti4": {
    "Li": 1.0,
    "N": -3.0,
    "Ti": 4.0
  },
  "Al6N10Sr6": {
    "Al": 3.0,
    "N": -3.0,
    "Sr": 2.0
  },
  "Mn4O12Yb4": {
    "Mn": 3.25,
    "O": -2.0,
    "Yb": 2.75
  },
  "Hg1O2Rb2": {
    "Hg": 2.0,
    "O": -2.0,
    "Rb": 1.0
  },
  "Li6O8V2": {
    "Li": 1.0,
    "O": -2.0,
    "V": 5.0
  },
  "Mn4O16Sb8": {
    "Mn": 2.0,
    "O": -2.0,
    "Sb": 3.0
  },
  "O8Sc2V2": {
    "O": -2.0,
    "Sc": 3.0,
    "V": 5.0
  },
  "Co2Rb1S2": {
    "Co": 1.5,
    "Rb": 1.0,
    "S": -2.0
  },
  "Pb1Yb1": null,
  "P4Re3": {
    "P": -3.0,
    "Re": 4.0
  },
  "Nd8O24W4": {
    "Nd": 3.0,
    "O": -2.0,
    "W": 6.0
  },
  "Ba3O8V2": {
    "Ba": 2.0,
    "O": -2.0,
    "V": 5.0
  },
  "As2Ni1O6": {
    "As": 5.0,
    "Ni": 2.0,
    "O": -2.0
  },
  "I6V2": {
    "I": -1.0,
    "V": 3.0
  },
  "As4Zr4": {
    "As": -3.0,
    "Zr": 3.0
  },
  "Co2Si4Zr4": {
    "Co": 2.0,
    "Si": -4.0,
    "Zr": 3.0
  },
  "Al4B56Mg2": null,
  "Cd2O7V2": {
    "Cd": 2.0,
    "O": -2.0,
    "V": 5.0
  },
  "C2K4N4": {
    "C": 4.0,
    "K": 1.0,
    "N": -3.0
  },
  "Ge4Pt4": {
    "Ge": 2.0,
    "Pt": -2.0
  },
  "Bi4Th2": null,
  "La1Ni5": null,
  "Cl4Cu4Se8": {
    "Cl": -1.0,
    "Cu": 2.0,
    "Se": -0.5
  },
  "C1Li2N2": {
    "C": 4.0,
    "Li": 1.0,
    "N": -3.0
  },
  "P4U4": {
    "P": -3.0,
    "U": 3.0
  },
  "Ca12Mn4N12": {
    "Ca": 2.0,
    "Mn": 3.0,
    "N": -3.0
  },
  "Ca8N12V4": {
    "Ca": 2.0,
    "N": -3.0,
    "V": 5.0
  },
  "C2N4Na4": {
    "C": 4.0,
    "N": -3.0,
    "Na": 1.0
  },
  "B6Nd1": null,
  "C1La3Pb1": null,
  "Ca1La1Zn2": null,
  "Li56N32Ta8": {
    "Li": 1.0,
    "N": -3.0,
    "Ta": 5.0
  },
  "Pd1Zr2": null,
  "Au1Pm2Ru1": null,
  "H1V2": null,
  "Li6O8P2": {
    "Li": 1.0,
    "O": -2.0,
    "P": 5.0
  },
  "B2Co3Yb1": {
    "B": -3.0,
    "Co": 1.3333333333333333,
    "Yb": 2.0
  },
  "Ag2Th1": null,
  "H2Li2Pt1": {
    "H": 0.0,
    "Li": 1.0,
    "Pt": -2.0
  },
  "Cu1Pt1": {
    "Cu": 2.0,
    "Pt": -2.0
  },
  "Pd2Tc6": {
    "Pd": 2.0,
    "Tc": -0.6666666666666666
  },
  "Li1Pd3": null,
  "O3Pa1": null,
  "Ir2Ru6": null,
  "Pm2Zn6": null,
  "Ni2Re6": null,
  "Ga6Pr2": null,
  "Os2Tc6": {
    "Os": -2.0,
    "Tc": 0.6666666666666666
  },
  "Ni2Sn4Sr2": null,
  "Zn6Zr2": null,
  "Co8Mg4": null,
  "Pt6Th2": {
    "Pt": -1.3333333333333333,
    "Th": 4.0
  },
  "Ac1Te3": {
    "Ac": 3.0,
    "Te": -1.0
  },
  "Mg2Y4": null,
  "Co2Tc6": {
    "Co": 2.0,
    "Tc": -0.6666666666666666
  },
  "Ac1O3Ti1": {
    "Ac": 3.0,
    "O": -2.0,
    "Ti": 3.0
  },
  "Ac2Si6": null,
  "Ga6Sm2": null,
  "Os6Tc2": {
    "Os": -2.0,
    "Tc": 6.0
  },
  "Ni2Tc6": {
    "Ni": 2.0,
    "Tc": -0.6666666666666666
  },
  "Hg6Sm2": null,
  "C1Zr1": {
    "C": -4.0,
    "Zr": 4.0
  },
  "B2Ti1": null,
  "Co1Fe1": null,
  "Co1Ga1": null,
  "B1Ge1Li1O4": {
    "B": 3.0,
    "Ge": 4.0,
    "Li": 1.0,
    "O": -2.0
  },
  "Ni1Sb1Sc1": {
    "Ni": 1.0,
    "Sb": -3.0,
    "Sc": 2.0
  },
  "Rh1Sb1Th1": null,
  "Cd1Eu1": null,
  "B2V1": null,
  "Nb1Pd2": null,
  "Er1Ni1Sb1": null,
  "Bi1Ho1Ni1": null,
  "B2Hf1": null,
  "Lu1Na1S2": {
    "Lu": 3.0,
    "Na": 1.0,
    "S": -2.0
  },
  "F2H1Na1": {
    "F": -1.0,
    "H": 1.0,
    "Na": 1.0
  },
  "Si2Y2": null,
  "Mn2Sb2": {
    "Mn": 2.0,
    "Sb": -2.0
  },
  "Lu1Pd3": null,
  "Al3Nb1": null,
  "Ni2Tb2": null,
  "Te2Tl1Tm1": {
    "Te": -2.0,
    "Tl": 1.0,
    "Tm": 3.0
  },
  "Fe2Se2": {
    "Fe": 2.0,
    "Se": -2.0
  },
  "Dy1Na1S2": {
    "Dy": 3.0,
    "Na": 1.0,
    "S": -2.0
  },
  "Sm1Te2Tl1": {
    "Sm": 3.0,
    "Te": -2.0,
    "Tl": 1.0
  },
  "Hf1Pt3": null,
  "Hf2Pt2": null,
  "Ge2Tb2": null,
  "Au2Ho2": null,
  "Cu1Fe1O2": {
    "Cu": 1.0,
    "Fe": 3.0,
    "O": -2.0
  },
  "La1Tl3": null,
  "Ag2O2": {
    "Ag": 2.0,
    "O": -2.0
  },
  "Pd3Pr1": null,
  "Ag1Hg1Lu2": null,
  "Cu4In1Tb1": null,
  "Mo2Pt2": {
    "Mo": 2.0,
    "Pt": -2.0
  },
  "Ga2Hg1S4": {
    "Ga": 3.0,
    "Hg": 2.0,
    "S": -2.0
  },
  "Ho1Pd2Si2": null,
  "P4Sn2Zn2": {
    "P": -3.0,
    "Sn": 4.0,
    "Zn": 2.0
  },
  "As2Yb1Zn2": {
    "As": -3.0,
    "Yb": 2.0,
    "Zn": 2.0
  },
  "Ca1Ni2P2": {
    "Ca": 2.0,
    "Ni": 2.0,
    "P": -3.0
  },
  "Rh2Si2Y1": null,
  "Ru2Si2Y1": {
    "Ru": 2.5,
    "Si": -4.0,
    "Y": 3.0
  },
  "Cu2Ge2Sr1": null,
  "Al1B2Cr2": null,
  "Ni3S2": {
    "Ni": 1.3333333333333333,
    "S": -2.0
  },
  "Ga2Li3": null,
  "Ac1F1O1": {
    "Ac": 3.0,
    "F": -1.0,
    "O": -2.0
  },
  "Ca1P2Pd2": {
    "Ca": 2.0,
    "P": -3.0,
    "Pd": 2.0
  },
  "B1Rh3Y1": null,
  "Al1C1Ce3": null,
  "As2Ca1Pd2": {
    "As": -3.0,
    "Ca": 2.0,
    "Pd": 2.0
  },
  "Ho1Ir2Si2": null,
  "Pr2Pt4": {
    "Pr": 4.0,
    "Pt": -2.0
  },
  "Rh2Yb1Zr1": null,
  "Cs2Se1": {
    "Cs": 1.0,
    "Se": -2.0
  },
  "Fe5Y1": null,
  "Si4Zr2": {
    "Si": -2.0,
    "Zr": 4.0
  },
  "Fe1O3Sr1": null,
  "Mn4N8Sr4": {
    "Mn": 4.0,
    "N": -3.0,
    "Sr": 2.0
  },
  "Cr4N8Sr4": {
    "Cr": 4.0,
    "N": -3.0,
    "Sr": 2.0
  },
  "Al2Pt2Ti2": null,
  "Mo1Zn6": null,
  "Cs16O12Zn4": {
    "Cs": 1.0,
    "O": -2.0,
    "Zn": 2.0
  },
  "Pt4Sc8": null,
  "Al4Sr1": null,
  "Tl1Yb1": null,
  "Ru1Sb1Ta1": null,
  "Ho3In3Ir3": null,
  "Ni2Tb2Zn1": null,
  "Ba1F6Ir1": {
    "Ba": 2.0,
    "F": -1.0,
    "Ir": 4.0
  },
  "Ag2K2Se2": {
    "Ag": 1.0,
    "K": 1.0,
    "Se": -2.0
  },
  "O1Pb1Yb3": null,
  "C1Dy2Fe2Si2": {
    "C": -4.0,
    "Dy": 3.0,
    "Fe": 3.0,
    "Si": -4.0
  },
  "Pd4S8": {
    "Pd": 4.0,
    "S": -2.0
  },
  "Li2Pd1Sb1": null,
  "Mg1Sc1": null,
  "B1Si2Ti6": null,
  "Os1Sc6Te2": null,
  "Lu7Ni2Te2": null,
  "O3Rb1U1": {
    "O": -2.0,
    "Rb": 1.0,
    "U": 5.0
  },
  "Gd1P1Pt1": {
    "Gd": 3.0,
    "P": -1.0,
    "Pt": -2.0
  },
  "Hf1Tc1": null,
  "O14Pt4Tl4": {
    "O": -2.0,
    "Pt": 6.0,
    "Tl": 1.0
  },
  "Ni4P4Sc4": {
    "Ni": 1.0,
    "P": -3.0,
    "Sc": 2.0
  },
  "Li1Mg1Pt1Sn1": null,
  "Tm1Zn1": null,
  "Ba2Hg2Sn2": null,
  "Cu6S4Tl2": {
    "Cu": 1.0,
    "S": -2.0,
    "Tl": 1.0
  },
  "Bi1Ni1Y1": null,
  "Cu4O4Sr2": {
    "Cu": 1.0,
    "O": -2.0,
    "Sr": 2.0
  },
  "Ir6Si2": null,
  "Ag2F1": null,
  "Mo3P3Zr3": null,
  "Dy1Rh1": null,
  "Al4Pr2": null,
  "As8Pt4": {
    "As": 1.0,
    "Pt": -2.0
  },
  "Ru4Si4": {
    "Ru": 2.0,
    "Si": -2.0
  },
  "Mn8Sc4": null,
  "Ce2Fe4": null,
  "Ca2Rh2Sn4": null,
  "Al18Co4": null,
  "F6Pd1Zn1": {
    "F": -1.0,
    "Pd": 4.0,
    "Zn": 2.0
  },
  "Mg3Tl3Y3": null,
  "Cs2Pt3S4": {
    "Cs": 1.0,
    "Pt": 2.0,
    "S": -2.0
  },
  "As4Ni4Se4": {
    "As": 0.0,
    "Ni": 2.0,
    "Se": -2.0
  },
  "Al6Pd10": null,
  "Cu2Se4Tl2": {
    "Cu": 2.0,
    "Se": -2.0,
    "Tl": 2.0
  },
  "Ir3U1": null,
  "Nb4Sn8": null,
  "Mg3Pt3Sm3": null,
  "Ca1Si2Zn2": null,
  "Mn2Pt2": {
    "Mn": 2.0,
    "Pt": -2.0
  },
  "Tb2Zn4": null,
  "Cu2Ho2Pb2": null,
  "Nd4": null,
  "Ni1Sc1": null,
  "Sb4Sr2": {
    "Sb": -1.0,
    "Sr": 2.0
  },
  "Ir4Sb12": {
    "Ir": 3.0,
    "Sb": -1.0
  },
  "Al2Ca3Ge2": null,
  "Al2Ge2Sr3": null,
  "Al2Sc4Si4": {
    "Al": 3.0,
    "Sc": 2.5,
    "Si": -4.0
  },
  "Be2C1": {
    "Be": 2.0,
    "C": -4.0
  },
  "Pt3Tm1": null,
  "Cu6Mg4Si2": null,
  "C2Ga2Ti4": null,
  "Al9Ba1Ni2": null,
  "B6K1": null,
  "B4Ru2": {
    "B": -1.5,
    "Ru": 3.0
  },
  "Rb1Se2Tb1": {
    "Rb": 1.0,
    "Se": -2.0,
    "Tb": 3.0
  },
  "Be12Mo1": null,
  "Hg4Th2": null,
  "Se2Zr1": {
    "Se": -2.0,
    "Zr": 4.0
  },
  "Al4Au16": {
    "Al": 3.0,
    "Au": -0.75
  },
  "Co6Mg1P4": {
    "Co": 1.6666666666666667,
    "Mg": 2.0,
    "P": -3.0
  },
  "Mg4Pd8": null,
  "Te2Ti1": {
    "Te": -2.0,
    "Ti": 4.0
  },
  "F2S2Tb2": {
    "F": -1.0,
    "S": -2.0,
    "Tb": 3.0
  },
  "Cu4Ti3": null,
  "Cd2S8Sc4": {
    "Cd": 2.0,
    "S": -2.0,
    "Sc": 3.0
  },
  "Al42Pd16": null,
  "Rh1Y1": null,
  "Ce1Ni5": null,
  "Ge4Ni4": null,
  "Mg2Sb2Yb1": {
    "Mg": 2.0,
    "Sb": -3.0,
    "Yb": 2.0
  },
  "O8Pd4Y2": {
    "O": -2.0,
    "Pd": 2.5,
    "Y": 3.0
  },
  "In3Rh2Ti3": null,
  "Te1Th1": null,
  "Ce1Rh3": null,
  "Er1In3": null,
  "Ca2N1": null,
  "Cr4Sb4Se12": {
    "Cr": 3.0,
    "Sb": 3.0,
    "Se": -2.0
  },
  "Cu1Na5O2S1": {
    "Cu": 1.0,
    "Na": 1.0,
    "O": -2.0,
    "S": -2.0
  },
  "Hf6Ni1Sb2": null,
  "Er1Rh1": null,
  "Cu4Yb4": null,
  "Au1Lu1": null,
  "Co4P12": {
    "Co": 1.0,
    "P": -0.3333333333333333
  },
  "Mg2N2Sr1": {
    "Mg": 2.0,
    "N": -3.0,
    "Sr": 2.0
  },
  "Ba2Cd4": null,
  "Lu3Ni3Pb3": null,
  "Al3Mg3Y3": null,
  "Al4Ni2Y2": null,
  "Pd1Pm2Pt1": null,
  "Cd6Ho2": null,
  "Rh4Sb12": {
    "Rh": 3.0,
    "Sb": -1.0
  },
  "Cu1Er1": null,
  "Cu1Mg1Sn1": null,
  "Sc4Sn8": null,
  "Al3Ce3Ni3": null,
  "Cu2Sc2Sn2": null,
  "Al20Co8": null,
  "Mg4Pt2": null,
  "Ga4Nb6": null,
  "Pt3Y1": null,
  "Nb2Rh2": null,
  "B6Cr10": null,
  "Ga2Sc2": null,
  "Ga4Sc2": null,
  "Mg1Nd1": null,
  "Hf4Mn8": null,
  "As2Cu2Li4": {
    "As": -3.0,
    "Cu": 1.0,
    "Li": 1.0
  },
  "As4Pt4Y4": {
    "As": -1.0,
    "Pt": -2.0,
    "Y": 3.0
  },
  "O10Ti6": {
    "O": -2.0,
    "Ti": 3.3333333333333335
  },
  "Al2Ge2La2": null,
  "Bi1Co1Zr1": null,
  "Au1Cu3": null,
  "Li4S6U2": {
    "Li": 1.0,
    "S": -2.0,
    "U": 4.0
  },
  "Be12Cr1": null,
  "Al4C3": {
    "Al": 3.0,
    "C": -4.0
  },
  "Ge4Zr2": null,
  "Sr1Tl1": null,
  "Hf12Sb4": null,
  "Rh1Sc1": null,
  "Na6P2": {
    "Na": 1.0,
    "P": -3.0
  },
  "Au1Cd2Li1": null,
  "Ir2Sn2": null,
  "O2Tb2Te1": {
    "O": -2.0,
    "Tb": 3.0,
    "Te": -2.0
  },
  "As16Mg24": {
    "As": -3.0,
    "Mg": 2.0
  },
  "Al20Rh8": null,
  "As4Fe2": {
    "As": -1.5,
    "Fe": 3.0
  },
  "Hg1Li1": null,
  "Ac2Cl6": {
    "Ac": 3.0,
    "Cl": -1.0
  },
  "Br6Nd2": {
    "Br": -1.0,
    "Nd": 3.0
  },
  "Br6Sm2": {
    "Br": -1.0,
    "Sm": 3.0
  },
  "Co2Si2Tb1": {
    "Co": 2.0,
    "Si": -4.0,
    "Tb": 4.0
  },
  "Fe1O4Sr2": null,
  "Ga4Ge1O8": {
    "Ga": 3.0,
    "Ge": 4.0,
    "O": -2.0
  },
  "Na1Ni1O2": {
    "Na": 1.0,
    "Ni": 3.0,
    "O": -2.0
  },
  "Nb8Zn16": null,
  "Al1Sc1": null,
  "Ca2O8Pd6": {
    "Ca": 2.0,
    "O": -2.0,
    "Pd": 2.0
  },
  "Ge8Li4N12": {
    "Ge": 4.0,
    "Li": 1.0,
    "N": -3.0
  },
  "Pd2Si2Tb1": {
    "Pd": 2.0,
    "Si": -4.0,
    "Tb": 4.0
  },
  "Os4Pr1Sb12": {
    "Os": -0.75,
    "Pr": 3.0,
    "Sb": 0.0
  },
  "I2Mn1": {
    "I": -1.0,
    "Mn": 2.0
  },
  "Ge2Ni2Tb1": null,
  "Br6Rb2W1": {
    "Br": -1.0,
    "Rb": 1.0,
    "W": 4.0
  },
  "Na16O28Ti10": {
    "Na": 1.0,
    "O": -2.0,
    "Ti": 4.0
  },
  "In3Mg3Tm3": null,
  "H4K2N2": {
    "H": 1.0,
    "K": 1.0,
    "N": -3.0
  },
  "C2U1": {
    "C": -3.0,
    "U": 6.0
  },
  "Cu2Er1Si2": {
    "Cu": 2.5,
    "Er": 3.0,
    "Si": -4.0
  },
  "Ge1Ni3": null,
  "Br2N2Th2": {
    "Br": -1.0,
    "N": -3.0,
    "Th": 4.0
  },
  "Ba1In4": null,
  "Al1Li2Pt1": null,
  "Mn2Ni2O6": {
    "Mn": 2.0,
    "Ni": 4.0,
    "O": -2.0
  },
  "Br6Pd1Rb2": {
    "Br": -1.0,
    "Pd": 4.0,
    "Rb": 1.0
  },
  "Rh1Sm1": null,
  "Pt4Sm2": {
    "Pt": -1.0,
    "Sm": 2.0
  },
  "Au1Mg1": null,
  "Co2Ge2Ho1": null,
  "Hf10Sn6": null,
  "F4K2Pd1": {
    "F": -1.0,
    "K": 1.0,
    "Pd": 2.0
  },
  "B1P1": {
    "B": 3.0,
    "P": -3.0
  },
  "Lu4Rh4Si4": null,
  "Al3Ce3Pd3": null,
  "Pt10Ti6": {
    "Pt": -2.0,
    "Ti": 3.3333333333333335
  },
  "Au9Cd9": null,
  "Li8O16S4": {
    "Li": 1.0,
    "O": -2.0,
    "S": 6.0
  },
  "Ba8Mn4Te12": {
    "Ba": 2.0,
    "Mn": 2.0,
    "Te": -2.0
  },
  "Cl2Mn1": {
    "Cl": -1.0,
    "Mn": 2.0
  },
  "Ce2Ni2": null,
  "B2Co2La1": {
    "B": -3.0,
    "Co": 1.5,
    "La": 3.0
  },
  "As2Au2Eu2": {
    "As": -3.0,
    "Au": 0.0,
    "Eu": 3.0
  },
  "In1Sm3": null,
  "Cu8K24O16": {
    "Cu": 1.0,
    "K": 1.0,
    "O": -2.0
  },
  "B2Co2Dy1": {
    "B": -3.0,
    "Co": 1.5,
    "Dy": 3.0
  },
  "Li1Pt2Zr1": {
    "Li": 1.0,
    "Pt": -2.0,
    "Zr": 3.0
  },
  "Cl2Hg2": {
    "Cl": -1.0,
    "Hg": 1.0
  },
  "Ga2Gd1": null,
  "Rh6W2": null,
  "B1O4P1": {
    "B": 3.0,
    "O": -2.0,
    "P": 5.0
  },
  "Al10Nb20": null,
  "As1Rh2": null,
  "In4S4": {
    "In": 2.0,
    "S": -2.0
  },
  "Li2Lu2O4": {
    "Li": 1.0,
    "Lu": 3.0,
    "O": -2.0
  },
  "Ba1F6Pb1": {
    "Ba": 2.0,
    "F": -1.0,
    "Pb": 4.0
  },
  "Cl2Ho2O2": {
    "Cl": -1.0,
    "Ho": 3.0,
    "O": -2.0
  },
  "Cl6Rb2Te1": {
    "Cl": -1.0,
    "Rb": 1.0,
    "Te": 4.0
  },
  "Cu1Os1Zr2": null,
  "F6Hg3Nb1": {
    "F": -1.0,
    "Hg": 1.3333333333333333,
    "Nb": 2.0
  },
  "Ca1Hg2Pr1": null,
  "Au1Cu1F5": {
    "Au": 3.0,
    "Cu": 2.0,
    "F": -1.0
  },
  "Ho3In3Pt3": null,
  "In2Y4": null,
  "Ge2Ni2Pt4": {
    "Ge": 2.0,
    "Ni": 2.0,
    "Pt": -2.0
  },
  "Ba1Mn2P2": {
    "Ba": 2.0,
    "Mn": 2.0,
    "P": -3.0
  },
  "Pa1Tc2Tm1": {
    "Pa": 3.0,
    "Tc": -3.0,
    "Tm": 3.0
  },
  "Fe3Ga1": null,
  "In3Pd2": null,
  "Cl2Gd2O2": {
    "Cl": -1.0,
    "Gd": 3.0,
    "O": -2.0
  },
  "Ca4Mg4Sn4": null,
  "Er1Ge2Ni2": null,
  "Ge2Ru2Yb1": null,
  "Gd2O8Ta2": {
    "Gd": 3.0,
    "O": -2.0,
    "Ta": 5.0
  },
  "Ba2Cl2Cu3O4": {
    "Ba": 2.0,
    "Cl": -1.0,
    "Cu": 2.0,
    "O": -2.0
  },
  "Bi4O18Sr2Ta4": {
    "Bi": 3.0,
    "O": -2.0,
    "Sr": 2.0,
    "Ta": 5.0
  },
  "C2Co2Y2": {
    "C": -4.0,
    "Co": 1.0,
    "Y": 3.0
  },
  "Al22Na2O34": {
    "Al": 3.0,
    "Na": 1.0,
    "O": -2.0
  },
  "Cl6Dy2": {
    "Cl": -1.0,
    "Dy": 3.0
  },
  "Ho1Pd2Sn1": null,
  "Dy1Ge2Ni2": null,
  "H24O24Te4": {
    "H": 1.0,
    "O": -2.0,
    "Te": 6.0
  },
  "U2": null,
  "Ce1Pd3": null,
  "Co2Ta4": null,
  "In3Ni3": null,
  "Ce2Ni4": null,
  "Cu5Sm1": null,
  "Al3Pd2Sm1": null,
  "Cu4Yb2": null,
  "B2Fe4": null,
  "Al4Sr2": null,
  "Na1Pm1Te2": {
    "Na": 1.0,
    "Pm": 3.0,
    "Te": -2.0
  },
  "Ag2Er2Sn2": null,
  "Br4Yb2": {
    "Br": -1.0,
    "Yb": 2.0
  },
  "Cu4Y2": null,
  "Ca4Sb2": null,
  "Li2Pd1Tl1": null,
  "Fe4Zr2": null,
  "B6Ce1": null,
  "C1Fe2Si2Tb2": {
    "C": -4.0,
    "Fe": 3.0,
    "Si": -4.0,
    "Tb": 3.0
  },
  "H4Na2Pt1": {
    "H": 0.0,
    "Na": 1.0,
    "Pt": -2.0
  },
  "B4Nb3": {
    "B": -1.5,
    "Nb": 2.0
  },
  "As2Ca1Co2": {
    "As": -3.0,
    "Ca": 2.0,
    "Co": 2.0
  },
  "Ga4Sc1V2": null,
  "P1Pt5Zn1": {
    "P": -3.0,
    "Pt": 0.2,
    "Zn": 2.0
  },
  "Cr2Ge2Te6": {
    "Cr": 2.0,
    "Ge": 4.0,
    "Te": -2.0
  },
  "Co1O2Pd1": {
    "Co": 2.0,
    "O": -2.0,
    "Pd": 2.0
  },
  "Li1Mn1Pd2": null,
  "Li3Si3Y3": {
    "Li": 1.0,
    "Si": -4.0,
    "Y": 3.0
  },
  "Mn2O6Ti2": {
    "Mn": 2.0,
    "O": -2.0,
    "Ti": 4.0
  },
  "Hg6Y2": null,
  "Na1O2Rh1": {
    "Na": 1.0,
    "O": -2.0,
    "Rh": 3.0
  },
  "As2Cu2Si2Zr2": {
    "As": -3.0,
    "Cu": 1.0,
    "Si": 0.0,
    "Zr": 2.0
  },
  "Cd1Li2Sn1": null,
  "Ce1P1": {
    "Ce": 3.0,
    "P": -3.0
  },
  "Ir3Rh1": null,
  "Mo2Ni2P4": {
    "Mo": 4.0,
    "Ni": 2.0,
    "P": -3.0
  },
  "Cd2La1": null,
  "Ga4Ni2Tm2": null,
  "Ni6Zr2": null,
  "Na2Sb1Tl1": {
    "Na": 1.0,
    "Sb": -3.0,
    "Tl": 1.0
  },
  "B4Ti4": {
    "B": -3.0,
    "Ti": 3.0
  },
  "Au2Li4Sn4": null,
  "Al2N2Ti4": null,
  "Pa1Pt2Yb1": null,
  "O4Ru2": {
    "O": -2.0,
    "Ru": 4.0
  },
  "Ba2Co2O6": {
    "Ba": 2.0,
    "Co": 4.0,
    "O": -2.0
  },
  "Ga2N2Ti4": null,
  "O8": null,
  "Fe2Rb2Se4": {
    "Fe": 3.0,
    "Rb": 1.0,
    "Se": -2.0
  },
  "C4Co1Sc3": {
    "C": -2.0,
    "Co": 2.0,
    "Sc": 2.0
  },
  "Cu4K1S3": {
    "Cu": 1.25,
    "K": 1.0,
    "S": -2.0
  },
  "S6Zr2": {
    "S": -1.3333333333333333,
    "Zr": 4.0
  },
  "N2Na2O6": {
    "N": 5.0,
    "Na": 1.0,
    "O": -2.0
  },
  "Al1B4Cr3": {
    "Al": 3.0,
    "B": -3.0,
    "Cr": 3.0
  },
  "B2Zr1": null,
  "Cr4O6": {
    "Cr": 3.0,
    "O": -2.0
  },
  "F6K2Si1": {
    "F": -1.0,
    "K": 1.0,
    "Si": 4.0
  },
  "Li1Tl1Yb2": null,
  "Ac1Hg2Yb1": null,
  "Ho1Mg1Rh2": null,
  "Al4Mg2O8": {
    "Al": 3.0,
    "Mg": 2.0,
    "O": -2.0
  },
  "Ag1Hg2Nd1": null,
  "Au1Cu4Ho1": null,
  "Mn1Ni1Ti2": null,
  "Al1Y2Zn1": null,
  "Ag1Hg2Y1": null,
  "Pd2Si2Sr1": {
    "Pd": 3.0,
    "Si": -4.0,
    "Sr": 2.0
  },
  "Hf2Mo4": null,
  "In2N2Ti4": null,
  "Au4Cl4": {
    "Au": 1.0,
    "Cl": -1.0
  },
  "Li4O6Zr2": {
    "Li": 1.0,
    "O": -2.0,
    "Zr": 4.0
  },
  "Cd2O8W2": {
    "Cd": 2.0,
    "O": -2.0,
    "W": 6.0
  },
  "Ag2Pm1Tl1": null,
  "Ba2O8W2": {
    "Ba": 2.0,
    "O": -2.0,
    "W": 6.0
  },
  "Mg4Si4Sr4": {
    "Mg": 2.0,
    "Si": -4.0,
    "Sr": 2.0
  },
  "Pt2Sn2": {
    "Pt": -2.0,
    "Sn": 2.0
  },
  "Ca4Pd4Sn4": null,
  "Fe8Ta4": null,
  "As2Pd10": null,
  "Be4Ge4N8": {
    "Be": 2.0,
    "Ge": 4.0,
    "N": -3.0
  },
  "Al8Mo3": null,
  "B4F32N4": {
    "B": 3.0,
    "F": -1.0,
    "N": 5.0
  },
  "B2Ru3Y1": null,
  "Ge4Pd4": null,
  "Ge2Ni2Yb1": null,
  "As2Cu2Sr2": {
    "As": -3.0,
    "Cu": 1.0,
    "Sr": 2.0
  },
  "F2Nb2O4": {
    "F": -1.0,
    "Nb": 5.0,
    "O": -2.0
  },
  "Cl6Cs2Ni2": {
    "Cl": -1.0,
    "Cs": 1.0,
    "Ni": 2.0
  },
  "Be2Co1Ni1": null,
  "Ga4Zr4": null,
  "Cd2Sb4Yb4": {
    "Cd": 2.0,
    "Sb": -3.0,
    "Yb": 2.0
  },
  "Cd1Hg1Li2": null,
  "Cs1O2": null,
  "Co1O6Pt3": {
    "Co": 2.0,
    "O": -2.0,
    "Pt": 3.3333333333333335
  },
  "Pt4Sc2Si2": {
    "Pt": -1.0,
    "Sc": 2.0,
    "Si": 0.0
  },
  "Mg1O6Pt3": {
    "Mg": 2.0,
    "O": -2.0,
    "Pt": 3.3333333333333335
  },
  "Al11Mn4": null,
  "Cu4P8": {
    "Cu": 2.0,
    "P": -1.0
  },
  "Ni31Si12": {
    "Ni": 1.5483870967741935,
    "Si": -4.0
  },
  "Al24Fe16Si24": null,
  "Nd4Sn4Zn4": null,
  "As2Li1O7Sc1": {
    "As": 5.0,
    "Li": 1.0,
    "O": -2.0,
    "Sc": 3.0
  },
  "Al2Fe1Ir1": null,
  "Cu2Pb2Tb2": null,
  "Cl2H2Sc2": {
    "Cl": -1.0,
    "H": -1.0,
    "Sc": 2.0
  },
  "Tm2Zn4": null,
  "Br2N2Ti2": {
    "Br": -1.0,
    "N": -3.0,
    "Ti": 4.0
  },
  "Ce4Ge4Mg2": null,
  "In1Pd2Y1": null,
  "Cr1Ru1Ta2": null,
  "Ir2Li1Ta1": null,
  "Co2Sc4Si4": {
    "Co": 2.0,
    "Sc": 3.0,
    "Si": -4.0
  },
  "Bi2Ti4": null,
  "Ag4Sr2": null,
  "Ag2Dy2Sb4": {
    "Ag": 1.0,
    "Dy": 3.0,
    "Sb": -2.0
  },
  "Li3Pb3Yb3": null,
  "La3N6Ta2": {
    "La": 3.0,
    "N": -3.0,
    "Ta": 4.5
  },
  "O5S2Tb2Ti2": {
    "O": -2.0,
    "S": -2.0,
    "Tb": 3.0,
    "Ti": 4.0
  },
  "Mg1Nd1Zn2": null,
  "Ce1Se1": null,
  "Pd2Sc1Sn1": null,
  "Be1Ru2Si1": null,
  "Ag2Cd1Tb1": null,
  "Cd1Hg2Sm1": null,
  "Au4Pb2": {
    "Au": -1.0,
    "Pb": 2.0
  },
  "C6Sc8": {
    "C": -4.0,
    "Sc": 3.0
  },
  "Ge1Hg1Pm2": null,
  "Nb1Ru1Ta2": null,
  "Hg1Pr2Sn1": null,
  "Be2Ir1Pt1": null,
  "Ir4La2": null,
  "Ho1P1": {
    "Ho": 3.0,
    "P": -3.0
  },
  "Rh2Si1Zn1": null,
  "Ac1In1Li2": null,
  "F3K1Zn1": {
    "F": -1.0,
    "K": 1.0,
    "Zn": 2.0
  },
  "Br1Na1": {
    "Br": -1.0,
    "Na": 1.0
  },
  "Be2Pt1Ru1": null,
  "Er1Se1": null,
  "Nb6Sb2": null,
  "Cu2Zn1Zr1": null,
  "Nb1Tc2Ti1": {
    "Nb": 2.0,
    "Tc": -3.0,
    "Ti": 4.0
  },
  "Ag2In1La1": null,
  "Ga1Rh2Tm1": null,
  "Cu1Sc2Tc1": null,
  "Hf2Os1Rh1": null,
  "As1N1Sr3": {
    "As": -3.0,
    "N": -3.0,
    "Sr": 2.0
  },
  "Pb1Yb2Zn1": null,
  "Al1Mn2Ti1": null,
  "Co2Ga1Ti1": null,
  "Au1Sb1Yb2": {
    "Au": -1.0,
    "Sb": -3.0,
    "Yb": 2.0
  },
  "As1Dy1": {
    "As": -3.0,
    "Dy": 3.0
  },
  "Ga1Rh2Tb1": null,
  "Cd1Hf1Rh2": null,
  "Ac1Ga1Te2": null,
  "Ac1Na1Tl2": null,
  "Cd1Pm2Tl1": null,
  "Mg2Pb1": null,
  "C1Th1": {
    "C": -4.0,
    "Th": 4.0
  },
  "Sb1Sm1": {
    "Sb": -3.0,
    "Sm": 3.0
  },
  "Ru2V1Zn1": null,
  "Ag1Hg1Sc2": null,
  "Ba1Hg2Tl1": null,
  "Ac2Ge1Pd1": null,
  "Cd1Pm2Si1": null,
  "N8Na12Os4": {
    "N": -3.0,
    "Na": 1.0,
    "Os": 3.0
  },
  "Cu4In1Tm1": null,
  "As1Ce1": {
    "As": -3.0,
    "Ce": 3.0
  },
  "Hg2Li1Tb1": null,
  "Cd1Tl1Yb2": null,
  "Li2Pb1Yb1": null,
  "Ge1Mn3": null,
  "Be5Sc1": null,
  "Cu1Ru1Y2": null,
  "Ge1Tc2V1": {
    "Ge": 4.0,
    "Tc": -3.0,
    "V": 2.0
  },
  "Pa1Ru2Zn1": null,
  "Au1Cu1Sc2": null,
  "Ga1Rh2Yb1": null,
  "Li3Sb1": {
    "Li": 1.0,
    "Sb": -3.0
  },
  "Au2Cd1Zr1": null,
  "Ni1Ru1Sc2": null,
  "Cu1Pm2Pt1": null,
  "Cd1Cu2Zr1": null,
  "In1La1Li2": null,
  "Cu4Mg1Y1": null,
  "Hf1Lu1Ru2": null,
  "Cd1Tl2Yb1": null,
  "Ag2Nd1Yb1": null,
  "Ru1Y2Zn1": null,
  "Se1Tb1": null,
  "Ag1Ru1Tm2": null,
  "Au2Ce1Tl1": null,
  "Hg1La2Tl1": null,
  "Ho2Rh4": null,
  "Cd2Ce1": null,
  "Li1Rh2V1": null,
  "Ga1Mg1Pd2": null,
  "Al2Au1": null,
  "Cs1F1": {
    "Cs": 1.0,
    "F": -1.0
  },
  "Ac1Au2Tl1": null,
  "K1Na2Sb1": {
    "K": 1.0,
    "Na": 1.0,
    "Sb": -3.0
  },
  "Al1Mn2W1": null,
  "Ca1Cd2Pm1": null,
  "Nb1Ru2Yb1": null,
  "Ag1Ge1Pm2": null,
  "Al1Tc1Ti2": null,
  "Li1Pm2Ru1": null,
  "Ag1Hg1Nd2": null,
  "Co2Li1Si1": {
    "Co": 1.5,
    "Li": 1.0,
    "Si": -4.0
  },
  "Li1Os1Sc2": null,
  "Ca1Pm1Pt2": null,
  "Ag1Pm2Si1": null,
  "Ag32Ca12N2": null,
  "Se1Y1": null,
  "Cu1Dy2Os1": null,
  "Mg1Ni2Sn1": null,
  "Ac1H3": {
    "Ac": 3.0,
    "H": -1.0
  },
  "Lu1Rh2Yb1": null,
  "Cu4In1Mg1": null,
  "Co2Sn1Zr1": null,
  "Cu3S4V1": {
    "Cu": 1.0,
    "S": -2.0,
    "V": 5.0
  },
  "Cu1Mn1Pd2": null,
  "Bi1Ce1": null,
  "Pb1Pm2Zn1": null,
  "Ho1Nb1Ru2": null,
  "Ce1H2": null,
  "Cd1Er1Pd2": null,
  "Ho1Te1": null,
  "Cd1Hg2Y1": null,
  "Dy1Sb1": {
    "Dy": 3.0,
    "Sb": -3.0
  },
  "Sc1Se1": {
    "Sc": 2.0,
    "Se": -2.0
  },
  "Er1Pd2Yb1": null,
  "Mg1Pr1Zn2": null,
  "Be2Mn1Pt1": null,
  "C2Gd1": null,
  "Ru1V3": null,
  "Cd1Ce1Ni4": null,
  "Cd1Sc2Tl1": null,
  "Nd1P1": {
    "Nd": 3.0,
    "P": -3.0
  },
  "Cd1Er2In1": null,
  "Hg2Nd1Yb1": null,
  "Bi1Li3": null,
  "Hf1Sb1Tc2": {
    "Hf": 4.0,
    "Sb": -3.0,
    "Tc": -0.5
  },
  "Ag1Au1Li2": null,
  "Ag2Cd1Sc1": null,
  "Ac2Cu1Sn1": null,
  "Os2Si1V1": {
    "Os": -0.5,
    "Si": -4.0,
    "V": 5.0
  },
  "Gd2In1Mg1": null,
  "Cr4Nb2": null,
  "Hf2Ir1Re1": null,
  "Rh1Ti2": null,
  "Mn2O2": {
    "Mn": 2.0,
    "O": -2.0
  },
  "Hg1Pm2Zn1": null,
  "Dy2Ir4": null,
  "K2S1": {
    "K": 1.0,
    "S": -2.0
  },
  "Ga2Li1Rh1": null,
  "La1P1": {
    "La": 3.0,
    "P": -3.0
  },
  "Mg1Rh2Ti1": null,
  "Fe3V1": null,
  "Rh4Tm2": null,
  "Ni1Os1Sc2": null,
  "Cl2Sr1": {
    "Cl": -1.0,
    "Sr": 2.0
  },
  "Mg1Tl2Yb1": null,
  "Pd2Sb1Yb1": null,
  "Ta1Tc2Ti1": {
    "Ta": 3.0,
    "Tc": -3.0,
    "Ti": 3.0
  },
  "Li1Ru2W1": null,
  "Rh4Sr2": null,
  "Hf2Li1Os1": null,
  "Hg2Na1Pr1": null,
  "Dy1S1": null,
  "Ac1Cd2Yb1": null,
  "Al1Co2Nb1": null,
  "In2Sm1Y1": null,
  "Ir2Li1Ti1": null,
  "Hg2Li1Pr1": null,
  "O14Pb4Y4": {
    "O": -2.0,
    "Pb": 4.0,
    "Y": 3.0
  },
  "Cd1Ti2": null,
  "Si1Tc2V1": {
    "Si": 4.0,
    "Tc": -3.0,
    "V": 2.0
  },
  "Cu3Nb1Se4": {
    "Cu": 1.0,
    "Nb": 5.0,
    "Se": -2.0
  },
  "N1Pa1": {
    "N": -3.0,
    "Pa": 3.0
  },
  "Li3S4V1": {
    "Li": 1.0,
    "S": -2.0,
    "V": 5.0
  },
  "Ac1Li2Tl1": null,
  "Al2Li1Pd1": null,
  "Pu2Zn4": null,
  "Au1Ga2": null,
  "Ir1Lu2Ru1": null,
  "Dy1Hg2Pm1": null,
  "Li1Pm2Si1": null,
  "Ru1Ta3": null,
  "Hg2Na1Sm1": null,
  "Al8Fe4Sc1": null,
  "Rh2Sn1Yb1": null,
  "Co1Hf2Re1": null,
  "Ac2Pd1Si1": null,
  "Cd1Rh2Zr1": null,
  "Ga2Y1": null,
  "In1Rh2Sc1": null,
  "Co2Ge1Li1": null,
  "Al1Os2V1": null,
  "Cd2Pt1Rh1": null,
  "Co2Hf1Sn1": null,
  "Al1C1Ti3": null,
  "Li1Ni1Zn2": null,
  "Hf1Nb1Tc2": {
    "Hf": 4.0,
    "Nb": 2.0,
    "Tc": -3.0
  },
  "Li1Rh1Yb2": null,
  "Cd2La1Yb1": null,
  "Na2Pt4": {
    "Na": 1.0,
    "Pt": -0.5
  },
  "Al1Rh2Sc1": null,
  "Li1Pm2Pt1": null,
  "Cd1Hg2Sc1": null,
  "Au2Ga1Li1": null,
  "Ge1Th1": null,
  "In2Ni4Sc4": null,
  "Fe1Mn1Ti2": null,
  "B2K2O6Zr1": {
    "B": 3.0,
    "K": 1.0,
    "O": -2.0,
    "Zr": 4.0
  },
  "N4S2Zr4": {
    "N": -3.0,
    "S": -2.0,
    "Zr": 4.0
  },
  "F2Ho2S2": {
    "F": -1.0,
    "Ho": 3.0,
    "S": -2.0
  },
  "Al1Co2Ti1": null,
  "Si2Tc2Th1": {
    "Si": 0.0,
    "Tc": -2.0,
    "Th": 4.0
  },
  "Ca1Sb2Zn2": {
    "Ca": 2.0,
    "Sb": -3.0,
    "Zn": 2.0
  },
  "Cl4K2Mg1": {
    "Cl": -1.0,
    "K": 1.0,
    "Mg": 2.0
  },
  "Li1P1S4Zn1": {
    "Li": 1.0,
    "P": 5.0,
    "S": -2.0,
    "Zn": 2.0
  },
  "Fe2Ge2Y1": null,
  "Cl2N2Ti2": {
    "Cl": -1.0,
    "N": -3.0,
    "Ti": 4.0
  },
  "Ge4Na3Pt4": null,
  "Cl8Th2": {
    "Cl": -1.0,
    "Th": 4.0
  },
  "Ba1Ni1O5Pr2": {
    "Ba": 2.0,
    "Ni": 2.0,
    "O": -2.0,
    "Pr": 3.0
  },
  "Hf4O14Y4": {
    "Hf": 4.0,
    "O": -2.0,
    "Y": 3.0
  },
  "Li8Si4Zn4": {
    "Li": 1.0,
    "Si": -4.0,
    "Zn": 2.0
  },
  "H4Ti4": null,
  "Au4Cl16K4": {
    "Au": 3.0,
    "Cl": -1.0,
    "K": 1.0
  },
  "Au1Hg1Li2": null,
  "Ge4Pr4": null,
  "Na4O14Ti6": {
    "Na": 1.0,
    "O": -2.0,
    "Ti": 4.0
  },
  "Ba1Ni2P4": {
    "Ba": 2.0,
    "Ni": 1.0,
    "P": -1.0
  },
  "Bi8O24W4": {
    "Bi": 3.0,
    "O": -2.0,
    "W": 6.0
  },
  "Sm2Te4": {
    "Sm": 3.0,
    "Te": -1.5
  },
  "Co1Ga5Sm1": null,
  "Ga3Pd7": null,
  "Au4Ca12": null,
  "Au1Cd1Sb1": {
    "Au": 1.0,
    "Cd": 2.0,
    "Sb": -3.0
  },
  "Au2Ga1Th1": null,
  "Ca10Sb6": null,
  "Cu4Hf3Si4": {
    "Cu": 1.0,
    "Hf": 4.0,
    "Si": -4.0
  },
  "Nb1Sc1Tc2": {
    "Nb": 3.0,
    "Sc": 3.0,
    "Tc": -3.0
  },
  "Al1Co2Si2": {
    "Al": 3.0,
    "Co": 2.5,
    "Si": -4.0
  },
  "Hf3Ni9": null,
  "Ba2S4Zr1": {
    "Ba": 2.0,
    "S": -2.0,
    "Zr": 4.0
  },
  "Li30Si8": null,
  "Hg2Sr1": null,
  "Ir3Nb1": null,
  "Br6Rb2Te1": {
    "Br": -1.0,
    "Rb": 1.0,
    "Te": 4.0
  },
  "Ca1Ge1Li2": null,
  "Cd6Tb2": null,
  "Ce2H2Ru2Si2": {
    "Ce": 3.0,
    "H": -1.0,
    "Ru": 2.0,
    "Si": -4.0
  },
  "Li14Sn6": null,
  "Eu1O3Ti1": {
    "Eu": 2.0,
    "O": -2.0,
    "Ti": 4.0
  },
  "Cd1Pt2Y1": null,
  "As4S4Sm4": {
    "As": -1.0,
    "S": -2.0,
    "Sm": 3.0
  },
  "Cr4Li4N8": {
    "Cr": 5.0,
    "Li": 1.0,
    "N": -3.0
  },
  "Al2Ni3Pr1": null,
  "Hg2La1Pr1": null,
  "Mg2O8Se2": {
    "Mg": 2.0,
    "O": -2.0,
    "Se": 6.0
  },
  "Cu1Pt2Zn1": {
    "Cu": 2.0,
    "Pt": -2.0,
    "Zn": 2.0
  },
  "Dy1Tl2Y1": null,
  "Mn12Y1": null,
  "Er1In2Pr1": null,
  "La2Te4": {
    "La": 3.0,
    "Te": -1.5
  },
  "Dy2Si2": null,
  "Ho2Si2": null,
  "Er2F2S2": {
    "Er": 3.0,
    "F": -1.0,
    "S": -2.0
  },
  "Ca2Ir1Li1": null,
  "Ca1Hg2Y1": null,
  "Ge4Ni8": null,
  "Al1Ge1Ru2": null,
  "Ca6Co2N6": {
    "Ca": 2.0,
    "Co": 3.0,
    "N": -3.0
  },
  "Ga2In2O6": {
    "Ga": 3.0,
    "In": 3.0,
    "O": -2.0
  },
  "Fe8Nb4": null,
  "Ni1P3Si2": {
    "Ni": 1.0,
    "P": 2.3333333333333335,
    "Si": -4.0
  },
  "Ag2As4Ce2": {
    "Ag": 1.0,
    "As": -2.5,
    "Ce": 4.0
  },
  "Na6S6": {
    "Na": 1.0,
    "S": -1.0
  },
  "Cu1F2Li1": {
    "Cu": 1.0,
    "F": -1.0,
    "Li": 1.0
  },
  "Fe4Sc4Si4": {
    "Fe": 2.0,
    "Sc": 2.0,
    "Si": -4.0
  },
  "Co4Ti2": null,
  "Cd2Ho1Y1": null,
  "Au2Hf1Mg1": null,
  "Hg2Nd1Pr1": null,
  "Mg18Sn10": null,
  "Cs2F6K1Ni1": {
    "Cs": 1.0,
    "F": -1.0,
    "K": 1.0,
    "Ni": 3.0
  },
  "Al2Fe1Zr6": null,
  "Au2O4Y2": {
    "Au": 1.0,
    "O": -2.0,
    "Y": 3.0
  },
  "La6Si4": {
    "La": 2.6666666666666665,
    "Si": -4.0
  },
  "Ag1Sc1Zn2": null,
  "Cu4Li2Sn2": null,
  "Fe5Sm1": null,
  "Tb4Tl2": null,
  "Pr3Tl1": null,
  "Mg2Sm1Y1": null,
  "Ge1Li2Pm1": null,
  "Au2In1Yb1": null,
  "Y1Zn5": null,
  "Ca2Cu1O3": {
    "Ca": 2.0,
    "Cu": 2.0,
    "O": -2.0
  },
  "Au1Pd1Sc2": null,
  "Cs4Mn6S8": {
    "Cs": 1.0,
    "Mn": 2.0,
    "S": -2.0
  },
  "F6Na1Ni1Rb2": {
    "F": -1.0,
    "Na": 1.0,
    "Ni": 3.0,
    "Rb": 1.0
  },
  "F10Fe2Li2": null,
  "Ge1O8Zr3": {
    "Ge": 4.0,
    "O": -2.0,
    "Zr": 4.0
  },
  "F9Fe3": {
    "F": -1.0,
    "Fe": 3.0
  },
  "Ga1Pt1Sc2": null,
  "Pr1Sm1Tl2": null,
  "Er1Mg2Nd1": null,
  "Nb2Zn32": null,
  "Cs2Cu4I6": {
    "Cs": 1.0,
    "Cu": 1.0,
    "I": -1.0
  },
  "Ho1Mg2Tm1": null,
  "Cl4F2Tb2": {
    "Cl": -1.0,
    "F": -1.0,
    "Tb": 3.0
  },
  "Ga1Ni2Ta1": null,
  "Cl1Na1O4": null,
  "Lu1Nd1Tl2": null,
  "Fe5Ho1": null,
  "Dy8O16Sr4": {
    "Dy": 3.0,
    "O": -2.0,
    "Sr": 2.0
  },
  "Al3Ho1": null,
  "Ag1Ir1Y2": null,
  "Ce1O8Th3": {
    "Ce": 4.0,
    "O": -2.0,
    "Th": 4.0
  },
  "Al9Ca1Co2": null,
  "Al2P2S8": {
    "Al": 3.0,
    "P": 5.0,
    "S": -2.0
  },
  "Mg1Sm2Tl1": null,
  "Hg1Lu2Tl1": null,
  "B4C4Tm2": {
    "B": 1.5,
    "C": -3.0,
    "Tm": 3.0
  },
  "Ga1Lu1Pd2": null,
  "B2Mg2Na2O6": {
    "B": 3.0,
    "Mg": 2.0,
    "Na": 1.0,
    "O": -2.0
  },
  "Ga2Ge2Te2": null,
  "Li4Sn10": null,
  "Al1Li2Nd1": null,
  "Li1Lu1Pd2": null,
  "Br4K2Pt1": {
    "Br": -1.0,
    "K": 1.0,
    "Pt": 2.0
  },
  "Se3": {
    "Se": 0.0
  },
  "In1Li1Rh2": null,
  "Si4Ti2": {
    "Si": -2.0,
    "Ti": 4.0
  },
  "Hg2Sc1Tm1": null,
  "Mg6Sc2": null,
  "Ge2Ho2O7": {
    "Ge": 4.0,
    "Ho": 3.0,
    "O": -2.0
  },
  "Be1Ti1": null,
  "Al1Li1Lu2": null,
  "F2Mg4N2": {
    "F": -1.0,
    "Mg": 2.0,
    "N": -3.0
  },
  "Be3Fe1": null,
  "Ru16Si12": {
    "Ru": 2.0,
    "Si": -2.6666666666666665
  },
  "Pr1Tl2Tm1": null,
  "Cr2O8V2": {
    "Cr": 3.0,
    "O": -2.0,
    "V": 5.0
  },
  "Ca4La4Mn8O24": {
    "Ca": 2.0,
    "La": 3.0,
    "Mn": 3.5,
    "O": -2.0
  },
  "P4S12Sn4": {
    "P": 3.0,
    "S": -2.0,
    "Sn": 3.0
  },
  "Hf4O4S4": {
    "Hf": 4.0,
    "O": -2.0,
    "S": -2.0
  },
  "Ag1Bi1Yb2": null,
  "Cu2La2O2Te2": {
    "Cu": 1.0,
    "La": 3.0,
    "O": -2.0,
    "Te": -2.0
  },
  "Au12Zn4": {
    "Au": -0.6666666666666666,
    "Zn": 2.0
  },
  "Ag3Pd1": null,
  "Dy2Ge2O7": {
    "Dy": 3.0,
    "Ge": 4.0,
    "O": -2.0
  },
  "Pt7Sb1": {
    "Pt": -0.42857142857142855,
    "Sb": 3.0
  },
  "Nd3Sm1": null,
  "Cl2H12Li2O14": null,
  "Fe4Si2": {
    "Fe": 2.0,
    "Si": -4.0
  },
  "Dy1La1Mg2": null,
  "Er2Os1Pd1": null,
  "Co4Dy4O12": {
    "Co": 3.0,
    "Dy": 3.0,
    "O": -2.0
  },
  "B2C1Rh2Y1": {
    "B": -3.0,
    "C": -4.0,
    "Rh": 3.5,
    "Y": 3.0
  },
  "Na1Pd3": null,
  "Fe8Hf4Si8": {
    "Fe": 2.0,
    "Hf": 4.0,
    "Si": -4.0
  },
  "Ag4As4S4": {
    "Ag": 1.0,
    "As": 1.0,
    "S": -2.0
  },
  "Ba2F1N1": {
    "Ba": 2.0,
    "F": -1.0,
    "N": -3.0
  },
  "Ge1Li2Zn1": null,
  "As2Ge1Te4": {
    "As": 2.0,
    "Ge": 4.0,
    "Te": -2.0
  },
  "Ca1H4Rb2": {
    "Ca": 2.0,
    "H": -1.0,
    "Rb": 1.0
  },
  "Ga1La2Zn1": null,
  "C2Ce1Ni1": {
    "C": -3.0,
    "Ce": 4.0,
    "Ni": 2.0
  },
  "Co1Mn1Sb1": {
    "Co": 1.0,
    "Mn": 2.0,
    "Sb": -3.0
  },
  "F6Ge1Rb2": {
    "F": -1.0,
    "Ge": 4.0,
    "Rb": 1.0
  },
  "Ag1Sm2Sn1": null,
  "Mg2Se8Y4": {
    "Mg": 2.0,
    "Se": -2.0,
    "Y": 3.0
  },
  "Al1Cu2Tb1": null,
  "Ce4La4O14": {
    "Ce": 4.0,
    "La": 3.0,
    "O": -2.0
  },
  "Ni1O6Sr2W1": {
    "Ni": 2.0,
    "O": -2.0,
    "Sr": 2.0,
    "W": 6.0
  },
  "Al1Ho2Li1": null,
  "Al8Cr4Th1": null,
  "I2N6Rb4": {
    "I": -1.0,
    "N": -0.3333333333333333,
    "Rb": 1.0
  },
  "B2Cr2": {
    "B": -3.0,
    "Cr": 3.0
  },
  "Au1Er2Zn1": null,
  "Ni4Pd4Te4": null,
  "Ag2Pr1": null,
  "Mg2": null,
  "Pt3W1": {
    "Pt": -2.0,
    "W": 6.0
  },
  "Fe1Li1O6Si2": {
    "Fe": 3.0,
    "Li": 1.0,
    "O": -2.0,
    "Si": 4.0
  },
  "Ni2Pa1Sb1": null,
  "Au2Bi1La1": null,
  "Be2Co1Mn1": null,
  "Al1Ga3N4": {
    "Al": 3.0,
    "Ga": 3.0,
    "N": -3.0
  },
  "Mn4Na4O16P4": {
    "Mn": 2.0,
    "Na": 1.0,
    "O": -2.0,
    "P": 5.0
  },
  "Ag1Dy2Ir1": null,
  "Br1H4N1": {
    "Br": -1.0,
    "H": 1.0,
    "N": -3.0
  },
  "Mo4N2": null,
  "F7Hf1Na3": {
    "F": -1.0,
    "Hf": 4.0,
    "Na": 1.0
  },
  "Co2O7P2": {
    "Co": 2.0,
    "O": -2.0,
    "P": 5.0
  },
  "Lu1Mg2Pr1": null,
  "Mg6Tl3": null,
  "C2In2V4": null,
  "Ni4Sc4Sn4": null,
  "Ag1Sc2Tc1": null,
  "Cu1Se2Tm1": {
    "Cu": 1.0,
    "Se": -2.0,
    "Tm": 3.0
  },
  "Eu4I8": {
    "Eu": 2.0,
    "I": -1.0
  },
  "Hf3Tl1": null,
  "O16Sb8Zn4": {
    "O": -2.0,
    "Sb": 3.0,
    "Zn": 2.0
  },
  "Ga2Nb2O8": {
    "Ga": 3.0,
    "Nb": 5.0,
    "O": -2.0
  },
  "Os1Ti3": null,
  "C2Sc4Tl2": null,
  "Sn2Te10Tl4": {
    "Sn": 4.0,
    "Te": -1.2,
    "Tl": 1.0
  },
  "N2Se1Zr2": {
    "N": -3.0,
    "Se": -2.0,
    "Zr": 4.0
  },
  "Co3Ga2Tb1": null,
  "Co1Ga5Np1": null,
  "As2Cr2": {
    "As": -3.0,
    "Cr": 3.0
  },
  "C4Mn10": null,
  "F6K1Ni1Rb2": {
    "F": -1.0,
    "K": 1.0,
    "Ni": 3.0,
    "Rb": 1.0
  },
  "Li1Mg7": null,
  "Hg1Pd3": null,
  "Cu1O4Te1": {
    "Cu": 2.0,
    "O": -2.0,
    "Te": 6.0
  },
  "Al2O15Ti7": {
    "Al": 3.0,
    "O": -2.0,
    "Ti": 3.4285714285714284
  },
  "Cd2Sc6": null,
  "H4Mg3O5": {
    "H": 1.0,
    "Mg": 2.0,
    "O": -2.0
  },
  "As2Ba1Cu6": null,
  "Cu16Pd4": null,
  "As1Sn1": {
    "As": -3.0,
    "Sn": 3.0
  },
  "Te4Ti1Zr1": {
    "Te": -2.0,
    "Ti": 4.0,
    "Zr": 4.0
  },
  "Sm1Sn3": null,
  "Nb1O3Sr1": {
    "Nb": 4.0,
    "O": -2.0,
    "Sr": 2.0
  },
  "Na1Pb1Pd2": null,
  "Er1Pr3": null,
  "Au2Ce1Na1": null,
  "Fe1Ru2V1": null,
  "Au5Mn2": {
    "Au": -1.0,
    "Mn": 2.5
  },
  "Ca1Cl6Cs2Sn1": {
    "Ca": 2.0,
    "Cl": -1.0,
    "Cs": 1.0,
    "Sn": 2.0
  },
  "Er1Hg2": null,
  "Co3F9": {
    "Co": 3.0,
    "F": -1.0
  },
  "In3U1": null,
  "Cd1S4Zn3": {
    "Cd": 2.0,
    "S": -2.0,
    "Zn": 2.0
  },
  "Hf2Os1Pd1": null,
  "Eu1Mg1": null,
  "B2Co3Hf1": null,
  "Ga3O7P1": {
    "Ga": 3.0,
    "O": -2.0,
    "P": 5.0
  },
  "Li1Te2Ti1": {
    "Li": 1.0,
    "Te": -2.0,
    "Ti": 3.0
  },
  "Al2Dy4Ge4": null,
  "Cu1Zn1": null,
  "Mn1Rh2Tm1": null,
  "Cl8Li4Zn2": {
    "Cl": -1.0,
    "Li": 1.0,
    "Zn": 2.0
  },
  "F3Mo1": {
    "F": -1.0,
    "Mo": 3.0
  },
  "Ba2O6Re1Zn1": {
    "Ba": 2.0,
    "O": -2.0,
    "Re": 6.0,
    "Zn": 2.0
  },
  "B12Zr1": null,
  "Dy2Ir1Zn1": null,
  "Bi2Br2Cd2S4": {
    "Bi": 3.0,
    "Br": -1.0,
    "Cd": 2.0,
    "S": -2.0
  },
  "Se4Ti2V1": {
    "Se": -2.0,
    "Ti": 3.0,
    "V": 2.0
  },
  "Be44W2": null,
  "Dy2Se4": {
    "Dy": 3.0,
    "Se": -1.5
  },
  "Nb4S12": {
    "Nb": 5.0,
    "S": -1.6666666666666667
  },
  "Be2Hf1": null,
  "Ag1Er2Ir1": null,
  "Ge2Tb2Ti2": null,
  "Zn1Zr3": null,
  "Bi2Co1Y6": null,
  "Sr1Zn5": null,
  "Cd4Cu8": null,
  "Cu1Ru1Sm2": null,
  "F8K2Ti2": {
    "F": -1.0,
    "K": 1.0,
    "Ti": 3.0
  },
  "Sb8Zr10": {
    "Sb": -3.0,
    "Zr": 2.4
  },
  "Ce4O12Sc4": {
    "Ce": 3.0,
    "O": -2.0,
    "Sc": 3.0
  },
  "Ho6Pr2": null,
  "F6Li2Ni2": {
    "F": -1.0,
    "Li": 1.0,
    "Ni": 2.0
  },
  "Ni2S4": {
    "Ni": 4.0,
    "S": -2.0
  },
  "O24Se8": {
    "O": -2.0,
    "Se": 6.0
  },
  "O6Sr2W1Zn1": {
    "O": -2.0,
    "Sr": 2.0,
    "W": 6.0,
    "Zn": 2.0
  },
  "Ag2Ga1Pm1": null,
  "Eu1Ge1Li2": null,
  "Ba3F2In2O5": {
    "Ba": 2.0,
    "F": -1.0,
    "In": 3.0,
    "O": -2.0
  },
  "Au2Cd2O4": {
    "Au": 2.0,
    "Cd": 2.0,
    "O": -2.0
  },
  "Sb8Sm4": {
    "Sb": -1.5,
    "Sm": 3.0
  },
  "Au1Er2Pd1": null,
  "Cl1Li1": {
    "Cl": -1.0,
    "Li": 1.0
  },
  "H4O6V2": {
    "H": 1.0,
    "O": -2.0,
    "V": 4.0
  },
  "Ir1Tm2Zn1": null,
  "Al2Tm1Y1": null,
  "Al12Mo3": null,
  "As2Gd2O8": {
    "As": 5.0,
    "Gd": 3.0,
    "O": -2.0
  },
  "Co1Li2O2": {
    "Co": 2.0,
    "Li": 1.0,
    "O": -2.0
  },
  "Hf2O7Sr3": {
    "Hf": 4.0,
    "O": -2.0,
    "Sr": 2.0
  },
  "Cl4Cu2Mn1": {
    "Cl": -1.0,
    "Cu": 1.0,
    "Mn": 2.0
  },
  "Au1Sc1Zn2": null,
  "Cu2Nd2O2Te2": {
    "Cu": 1.0,
    "Nd": 3.0,
    "O": -2.0,
    "Te": -2.0
  },
  "Dy3Pr1": null,
  "Al2Er1Y1": null,
  "B6Tb1": null,
  "Ba4O12Si4": {
    "Ba": 2.0,
    "O": -2.0,
    "Si": 4.0
  },
  "Rh2V2": null,
  "Bi2Br1O4Yb1": {
    "Bi": 3.0,
    "Br": -1.0,
    "O": -2.0,
    "Yb": 3.0
  },
  "Ba1F3Li1": {
    "Ba": 2.0,
    "F": -1.0,
    "Li": 1.0
  },
  "Hg1Li2Mg1": null,
  "Mn3N1Pd1": null,
  "Ce1Mn1Ni4": null,
  "Ca4Mg2O14Si4": {
    "Ca": 2.0,
    "Mg": 2.0,
    "O": -2.0,
    "Si": 4.0
  },
  "Al2N2Zr4": null,
  "Nb8O24Zn4": {
    "Nb": 5.0,
    "O": -2.0,
    "Zn": 2.0
  },
  "Cu20Sn6": null,
  "Fe16O32Sr8": {
    "Fe": 3.0,
    "O": -2.0,
    "Sr": 2.0
  },
  "Mo2N2Ta2": null,
  "Cu1Li3": null,
  "Mn1Re1Ti2": null,
  "Si4Y2": null,
  "Ge1I3Rb1": {
    "Ge": 2.0,
    "I": -1.0,
    "Rb": 1.0
  },
  "Al2Ni4": null,
  "Hg2Mg1": null,
  "O3Pb1V1": {
    "O": -2.0,
    "Pb": 2.0,
    "V": 4.0
  },
  "Co2Li2Mn2O8": {
    "Co": 2.5,
    "Li": 1.0,
    "Mn": 4.5,
    "O": -2.0
  },
  "Mn2P2Rb2": {
    "Mn": 2.0,
    "P": -3.0,
    "Rb": 1.0
  },
  "Cl2O2Ti2": {
    "Cl": -1.0,
    "O": -2.0,
    "Ti": 3.0
  },
  "Fe1S4Ti2": {
    "Fe": 2.0,
    "S": -2.0,
    "Ti": 3.0
  },
  "Ca2In1Na1": null,
  "Co5Ho1": null,
  "Ba4Cu2H12": {
    "Ba": 2.0,
    "Cu": 1.0,
    "H": -0.8333333333333334
  },
  "As2Mn2Na2": {
    "As": -3.0,
    "Mn": 2.0,
    "Na": 1.0
  },
  "Al1Co1Fe1V1": null,
  "O6Rb4Zr2": {
    "O": -2.0,
    "Rb": 1.0,
    "Zr": 4.0
  },
  "Bi3Ca1": null,
  "Si2U1": null,
  "Ru8Si4": {
    "Ru": 2.0,
    "Si": -4.0
  },
  "Pd1Sc1Zn2": null,
  "Pb4Pt2": null,
  "Hg4Ni1": null,
  "Fe3Li1O4": {
    "Fe": 2.3333333333333335,
    "Li": 1.0,
    "O": -2.0
  },
  "Dy2Li1Tc1": null,
  "O8Ti1V3": {
    "O": -2.0,
    "Ti": 4.0,
    "V": 4.0
  },
  "In4O8Zn2": {
    "In": 3.0,
    "O": -2.0,
    "Zn": 2.0
  },
  "O4Rh1Sb1": {
    "O": -2.0,
    "Rh": 3.0,
    "Sb": 5.0
  },
  "Cu1Eu2O4": {
    "Cu": 2.0,
    "Eu": 3.0,
    "O": -2.0
  },
  "B6Y1": null,
  "Ge2Li20P4S24": {
    "Ge": 4.0,
    "Li": 1.0,
    "P": 5.0,
    "S": -2.0
  },
  "Au2Ba2O4": {
    "Au": 2.0,
    "Ba": 2.0,
    "O": -2.0
  },
  "Co1Ge1Mn2": null,
  "Al1Pr3": null,
  "Co4Si4Tb4": {
    "Co": 1.0,
    "Si": -4.0,
    "Tb": 3.0
  },
  "As2Ni2Sm1": {
    "As": -3.0,
    "Ni": 2.0,
    "Sm": 2.0
  },
  "Cu2In1Y1": null,
  "Tb2Te4": {
    "Tb": 4.0,
    "Te": -2.0
  },
  "Au2O4Sr2": {
    "Au": 2.0,
    "O": -2.0,
    "Sr": 2.0
  },
  "Ba2Fe24O38": {
    "Ba": 2.0,
    "Fe": 3.0,
    "O": -2.0
  },
  "Cl3Cs1Hg1": {
    "Cl": -1.0,
    "Cs": 1.0,
    "Hg": 2.0
  },
  "F7K1Ti2": {
    "F": -1.0,
    "K": 1.0,
    "Ti": 3.0
  },
  "Ge3Pt6": {
    "Ge": 4.0,
    "Pt": -2.0
  },
  "H16N16": {
    "H": 1.0,
    "N": -1.0
  },
  "Hf2Re1Tc1": null,
  "Br3C1H6N1Pb1": {
    "Br": -1.0,
    "C": -2.0,
    "H": 1.0,
    "N": -3.0,
    "Pb": 2.0
  },
  "Cu12Sb4Se12": {
    "Cu": 1.0,
    "Sb": 3.0,
    "Se": -2.0
  },
  "Pu1Rh3": null,
  "H4Pd3Sc1": null,
  "Co2O6Sn2": {
    "Co": 2.0,
    "O": -2.0,
    "Sn": 4.0
  },
  "Cl4O2Pd4": {
    "Cl": -1.0,
    "O": -2.0,
    "Pd": 2.0
  },
  "F4O2V2": {
    "F": -1.0,
    "O": -2.0,
    "V": 4.0
  },
  "Fe3O7P1": {
    "Fe": 3.0,
    "O": -2.0,
    "P": 5.0
  },
  "Er1O2S3U2": {
    "Er": 3.0,
    "O": -2.0,
    "S": -2.0,
    "U": 3.5
  },
  "B2Ta4": null,
  "S4Sc2U2": null,
  "C4Mn20Si4": null,
  "Ga2In2Te4": {
    "Ga": 3.0,
    "In": 1.0,
    "Te": -2.0
  },
  "Mo1O8V2": {
    "Mo": 6.0,
    "O": -2.0,
    "V": 5.0
  },
  "Be2Li2Sb2": {
    "Be": 2.0,
    "Li": 1.0,
    "Sb": -3.0
  },
  "F1O7Sb3": {
    "F": -1.0,
    "O": -2.0,
    "Sb": 5.0
  },
  "Er2Se4": {
    "Er": 3.0,
    "Se": -1.5
  },
  "Ce8O28Y8": {
    "Ce": 4.0,
    "O": -2.0,
    "Y": 3.0
  },
  "Cr2Ge6Pr2": null,
  "Na2Ni1O2": {
    "Na": 1.0,
    "Ni": 2.0,
    "O": -2.0
  },
  "Fe2Sb2": {
    "Fe": 3.0,
    "Sb": -3.0
  },
  "Rh3Si2Y1": null,
  "Co2Cs4S4": {
    "Co": 2.0,
    "Cs": 1.0,
    "S": -2.0
  },
  "Ge2O6Ti2": {
    "Ge": 4.0,
    "O": -2.0,
    "Ti": 2.0
  },
  "Sn3Y1": null,
  "Cr4O12Re2": {
    "Cr": 3.0,
    "O": -2.0,
    "Re": 6.0
  },
  "Ga1Mg7": null,
  "Li2Ni2P2": {
    "Li": 1.0,
    "Ni": 2.0,
    "P": -3.0
  },
  "Ag2Ca1Ce1": null,
  "Ho2Li1Pt1": null,
  "Ba2Co1O6Re1": {
    "Ba": 2.0,
    "Co": 2.0,
    "O": -2.0,
    "Re": 6.0
  },
  "Ge4Pr2": null,
  "Nb24Si8": null,
  "Lu1Th3": null,
  "C1Ge1Mn3": null,
  "C4H8": {
    "C": -2.0,
    "H": 1.0
  },
  "Cl4Pt2": {
    "Cl": -1.0,
    "Pt": 2.0
  },
  "Li2Si4Y4": null,
  "Mn10Si6": {
    "Mn": 2.4,
    "Si": -4.0
  },
  "K4O12Sb4": {
    "K": 1.0,
    "O": -2.0,
    "Sb": 5.0
  },
  "Cr1Fe3": null,
  "Cl4I4Pb4": {
    "Cl": -1.0,
    "I": -1.0,
    "Pb": 2.0
  },
  "Cu1Pr2Ru1": null,
  "Pt48Si20": {
    "Pt": -1.6666666666666667,
    "Si": 4.0
  },
  "Hf1Ni2Sn1": null,
  "Co1K3N6O12": {
    "Co": 3.0,
    "K": 1.0,
    "N": 3.0,
    "O": -2.0
  },
  "F1O7W3": {
    "F": -1.0,
    "O": -2.0,
    "W": 5.0
  },
  "Co6Fe12O24": {
    "Co": 2.0,
    "Fe": 3.0,
    "O": -2.0
  },
  "Re1Sc1Tc2": {
    "Re": 3.0,
    "Sc": 3.0,
    "Tc": -3.0
  },
  "Ho2Te4": {
    "Ho": 3.0,
    "Te": -1.5
  },
  "Be2O4Zn2": {
    "Be": 2.0,
    "O": -2.0,
    "Zn": 2.0
  },
  "Mg1Yb3": null,
  "C2H10N2O4": {
    "C": 2.0,
    "H": 1.0,
    "N": -3.0,
    "O": -2.0
  },
  "Ag1Ir1Nd2": null,
  "C1Eu1Rh3": null,
  "Ba2Co1F6": {
    "Ba": 2.0,
    "Co": 2.0,
    "F": -1.0
  },
  "Pb1Sn1": null,
  "Al8C4Mo12": null,
  "Li5S1Sb1": {
    "Li": 1.0,
    "S": -2.0,
    "Sb": -3.0
  },
  "Ga1Li1Mg6": null,
  "Cd1Ho2Os1": null,
  "Ba3O1Si1": {
    "Ba": 2.0,
    "O": -2.0,
    "Si": -4.0
  },
  "Al4Nd1": null,
  "Ni5O6": {
    "Ni": 2.4,
    "O": -2.0
  },
  "Li1S2Sb1": {
    "Li": 1.0,
    "S": -2.0,
    "Sb": 3.0
  },
  "Ni1O4Te1": {
    "Ni": 4.0,
    "O": -2.0,
    "Te": 4.0
  },
  "Cu1Sb3Zr2": {
    "Cu": 1.0,
    "Sb": -3.0,
    "Zr": 4.0
  },
  "Ga1Li1Si1": {
    "Ga": 3.0,
    "Li": 1.0,
    "Si": -4.0
  },
  "Nb1Ni2Sn1": null,
  "As2Cu2": {
    "As": -2.0,
    "Cu": 2.0
  },
  "Na1O3W1": {
    "Na": 1.0,
    "O": -2.0,
    "W": 5.0
  },
  "Na1O3Ti2": {
    "Na": 1.0,
    "O": -2.0,
    "Ti": 2.5
  },
  "In2P6": {
    "In": 1.0,
    "P": -0.3333333333333333
  },
  "Er1Pt5": {
    "Er": 3.0,
    "Pt": -0.6
  },
  "Pd3Te1": null,
  "Ac6Nd2": null,
  "Cs1Cu4S3": {
    "Cs": 1.0,
    "Cu": 1.25,
    "S": -2.0
  },
  "B30H30Li6": {
    "B": -1.2,
    "H": 1.0,
    "Li": 1.0
  },
  "F7Li3V1": {
    "F": -1.0,
    "Li": 1.0,
    "V": 4.0
  },
  "B1Be2": null,
  "C2Ce1": {
    "C": -2.0,
    "Ce": 4.0
  },
  "Co1O8Re2": {
    "Co": 2.0,
    "O": -2.0,
    "Re": 7.0
  },
  "Co2S2Tl1": {
    "Co": 1.5,
    "S": -2.0,
    "Tl": 1.0
  },
  "F7Li3Mn1": {
    "F": -1.0,
    "Li": 1.0,
    "Mn": 4.0
  },
  "Mg1Rh5": null,
  "Ir1Nd2Zn1": null,
  "K4O10S4": {
    "K": 1.0,
    "O": -2.0,
    "S": 4.0
  },
  "C2Na2Pt1": {
    "C": 0.0,
    "Na": 1.0,
    "Pt": -2.0
  },
  "Cu1Na2O2": {
    "Cu": 2.0,
    "Na": 1.0,
    "O": -2.0
  },
  "Mg6Sr1Y1": null,
  "C1Co3Sn1": null,
  "La2O4Pd1": {
    "La": 3.0,
    "O": -2.0,
    "Pd": 2.0
  },
  "Nb1O4Ti1": {
    "Nb": 4.0,
    "O": -2.0,
    "Ti": 4.0
  },
  "Ce1O2Sm1": null,
  "Fe1Se4Ti2": {
    "Fe": 2.0,
    "Se": -2.0,
    "Ti": 3.0
  },
  "Co2O8V2": {
    "Co": 3.0,
    "O": -2.0,
    "V": 5.0
  },
  "Ir1Pr2Zn1": null,
  "Co18Nb6": null,
  "Ag2O6Sc2": {
    "Ag": 3.0,
    "O": -2.0,
    "Sc": 3.0
  },
  "Cd2Sm6": null,
  "C1Mn1N2": {
    "C": 4.0,
    "Mn": 2.0,
    "N": -3.0
  },
  "As2Mn3O2Sr2": {
    "As": -3.0,
    "Mn": 2.0,
    "O": -2.0,
    "Sr": 2.0
  },
  "Co3Mn1": null,
  "Cu2Fe4O8": {
    "Cu": 2.0,
    "Fe": 3.0,
    "O": -2.0
  },
  "Bi4O12Rh4": {
    "Bi": 3.0,
    "O": -2.0,
    "Rh": 3.0
  },
  "Ag1Ni1Se2": {
    "Ag": 1.0,
    "Ni": 3.0,
    "Se": -2.0
  },
  "Cu3Na1O4": {
    "Cu": 2.3333333333333335,
    "Na": 1.0,
    "O": -2.0
  },
  "In1Yb3": null,
  "Cd4O8": null,
  "Mn1Rh1Sb1": null,
  "Au1Li1Tm2": null,
  "Fe2Na2O6": null,
  "Co2Cr2Ge2": null,
  "Ca2Zn6": null,
  "Ir2Li1Np1": null,
  "Co2Sn1V1": null,
  "Li3Nb1O4": {
    "Li": 1.0,
    "Nb": 5.0,
    "O": -2.0
  },
  "C2Mn1O6": {
    "C": 4.0,
    "Mn": 4.0,
    "O": -2.0
  },
  "B2Gd1": null,
  "C1Fe3Sn1": null,
  "B2Cr1": {
    "B": -3.0,
    "Cr": 6.0
  },
  "Ba2O5Pd2": {
    "Ba": 2.0,
    "O": -2.0,
    "Pd": 3.0
  },
  "Cr6Ru2": null,
  "As4Si3": {
    "As": -3.0,
    "Si": 4.0
  },
  "Fe2Ni1Se4": {
    "Fe": 3.0,
    "Ni": 2.0,
    "Se": -2.0
  },
  "Al2B2Ru3": null,
  "O8Te1Ti3": {
    "O": -2.0,
    "Te": 4.0,
    "Ti": 4.0
  },
  "Bi1Ni1Zr1": null,
  "Cd1Ce1": null,
  "B2Lu1Os3": {
    "B": 0.0,
    "Lu": 3.0,
    "Os": -1.0
  },
  "Fe4Ge2": null,
  "Ge2W1": null,
  "Mn1Nb1O4": {
    "Mn": 3.0,
    "Nb": 5.0,
    "O": -2.0
  },
  "Ag3Na1": null,
  "Mg7Na1": null,
  "Ni2O8P2": {
    "Ni": 3.0,
    "O": -2.0,
    "P": 5.0
  },
  "Al1H6In1Rb2": {
    "Al": 3.0,
    "H": -1.0,
    "In": 1.0,
    "Rb": 1.0
  },
  "C6Fe14": null,
  "C1Cr1": {
    "C": -3.0,
    "Cr": 3.0
  },
  "F4O2Ti2": {
    "F": -1.0,
    "O": -2.0,
    "Ti": 4.0
  },
  "Cd2In4O8": {
    "Cd": 2.0,
    "In": 3.0,
    "O": -2.0
  },
  "Ge1Mn1Pd2": null,
  "Nd2Sb2Te2": {
    "Nd": 3.0,
    "Sb": -1.0,
    "Te": -2.0
  },
  "La1Pt3": {
    "La": 2.0,
    "Pt": -0.6666666666666666
  },
  "Fe2Mn2O8": {
    "Fe": 3.0,
    "Mn": 5.0,
    "O": -2.0
  },
  "O14Y4Zr4": {
    "O": -2.0,
    "Y": 3.0,
    "Zr": 4.0
  },
  "As2Ca1Mn2": {
    "As": -3.0,
    "Ca": 2.0,
    "Mn": 2.0
  },
  "As1B1": {
    "As": -3.0,
    "B": 3.0
  },
  "Ni3Pb2Se2": null,
  "Cr2Si2Th1": {
    "Cr": 2.0,
    "Si": -4.0,
    "Th": 4.0
  },
  "Ac3Sr1": null,
  "O7V2Y2": {
    "O": -2.0,
    "V": 4.0,
    "Y": 3.0
  },
  "H2O2Zn1": {
    "H": 1.0,
    "O": -2.0,
    "Zn": 2.0
  },
  "Ca6Ge2O1": null,
  "Cs1F3Tl1": null,
  "N1Ni3Sn1": null,
  "F4Li2Mn2O2": {
    "F": -1.0,
    "Li": 1.0,
    "Mn": 3.0,
    "O": -2.0
  },
  "N2Na2Ru2": {
    "N": -3.0,
    "Na": 1.0,
    "Ru": 2.0
  },
  "La1Ru3Si2": {
    "La": 2.0,
    "Ru": 2.0,
    "Si": -4.0
  },
  "Ir2Sb2": {
    "Ir": 3.0,
    "Sb": -3.0
  },
  "C2H2K2O4": {
    "C": 2.0,
    "H": 1.0,
    "K": 1.0,
    "O": -2.0
  },
  "As4Cu2": {
    "As": -1.0,
    "Cu": 2.0
  },
  "Cr1Fe2Se4": {
    "Cr": 3.0,
    "Fe": 2.5,
    "Se": -2.0
  },
  "C1V1": {
    "C": -4.0,
    "V": 4.0
  },
  "Be1Ni3": null,
  "Fe2O4Rb2": {
    "Fe": 3.0,
    "O": -2.0,
    "Rb": 1.0
  },
  "Ba1Ge2Mn2": null,
  "Sb1Sc3": null,
  "Al3Pd2U1": null,
  "O12P8": {
    "O": -2.0,
    "P": 3.0
  },
  "As4Cu4Zn4": {
    "As": -3.0,
    "Cu": 1.0,
    "Zn": 2.0
  },
  "As2Mn2Sr1": {
    "As": -3.0,
    "Mn": 2.0,
    "Sr": 2.0
  },
  "B4Fe2W4": {
    "B": -3.0,
    "Fe": 2.0,
    "W": 2.0
  },
  "Li4Pr2Sb4": {
    "Li": 1.0,
    "Pr": 3.0,
    "Sb": -2.5
  },
  "Ag1Mg2Nd1": null,
  "Al1N1O3Sm2": {
    "Al": 3.0,
    "N": -3.0,
    "O": -2.0,
    "Sm": 3.0
  },
  "Mn2O8P2": {
    "Mn": 3.0,
    "O": -2.0,
    "P": 5.0
  },
  "K2O2Rb2": {
    "K": 1.0,
    "O": -2.0,
    "Rb": 1.0
  },
  "Cu1Ga1Mg6": null,
  "La2S4": {
    "La": 2.0,
    "S": -1.0
  },
  "Mg6Na1Zn1": null,
  "Ag2S4Yb2": {
    "Ag": 1.0,
    "S": -2.0,
    "Yb": 3.0
  },
  "Ca2Ge2Mn2": null,
  "Cr4Fe2S8": {
    "Cr": 3.0,
    "Fe": 2.0,
    "S": -2.0
  },
  "Co2F2O2": {
    "Co": 3.0,
    "F": -1.0,
    "O": -2.0
  },
  "Li1O4V2": {
    "Li": 1.0,
    "O": -2.0,
    "V": 3.5
  },
  "Ni1O2": {
    "Ni": 4.0,
    "O": -2.0
  },
  "Ga2Lu6": null,
  "F4O4Sb4": {
    "F": -1.0,
    "O": -2.0,
    "Sb": 3.0
  },
  "Fe1Ga2S4": {
    "Fe": 2.0,
    "Ga": 3.0,
    "S": -2.0
  },
  "Bi2La1O4": {
    "Bi": 2.5,
    "La": 3.0,
    "O": -2.0
  },
  "Ag1O3Sr1": null,
  "H3Hf1": null,
  "Cl1Na2": null,
  "Li2O2V1": {
    "Li": 1.0,
    "O": -2.0,
    "V": 2.0
  },
  "Mn2Ni1Si1": null,
  "O3Pr1Ti1": {
    "O": -2.0,
    "Pr": 3.0,
    "Ti": 3.0
  },
  "H2Na1Rb1": {
    "H": -1.0,
    "Na": 1.0,
    "Rb": 1.0
  },
  "Er1Nb1Os2": null,
  "In2Ni4": null,
  "Mg6Sr1Zr1": null,
  "Mn3Ni1O4": {
    "Mn": 2.0,
    "Ni": 2.0,
    "O": -2.0
  },
  "C8H8": {
    "C": -1.0,
    "H": 1.0
  },
  "Au1Si1U1": {
    "Au": -1.0,
    "Si": -4.0,
    "U": 5.0
  },
  "Co2Fe1In1": null,
  "Ir1Mg1Sm2": null,
  "Ga2Ho3Mn3Si1": null,
  "Bi8Zn8": null,
  "Ce2Mn2O2Sb2": {
    "Ce": 3.0,
    "Mn": 2.0,
    "O": -2.0,
    "Sb": -3.0
  },
  "As2Li2Nd1": {
    "As": -2.5,
    "Li": 1.0,
    "Nd": 3.0
  },
  "Mg6Zn1Zr1": null,
  "I4Sc2": {
    "I": -1.0,
    "Sc": 2.0
  },
  "As1Bi1Sr3": null,
  "As1Te1": {
    "As": 2.0,
    "Te": -2.0
  },
  "Ge6Rb2": null,
  "O2Ti4Zr2": null,
  "Cr3Nb1": null,
  "Dy3Ga2Mn3Si1": null,
  "Ba1Mn2Sb2": {
    "Ba": 2.0,
    "Mn": 2.0,
    "Sb": -3.0
  },
  "Fe2Li4S4": {
    "Fe": 2.0,
    "Li": 1.0,
    "S": -2.0
  },
  "Li1Mg6Mn1": null,
  "In1Sr3": null,
  "Ni1Sb1V1": {
    "Ni": 1.0,
    "Sb": -3.0,
    "V": 2.0
  },
  "Ge2Mn2Pr2": null,
  "Bi1U1": null,
  "Na1O3Te1": null,
  "Cd1Mg6Si1": null,
  "Ge1Sb1": {
    "Ge": 3.0,
    "Sb": -3.0
  },
  "Ag1Hg2Ti1": null,
  "Ga1Mg1Sc1": null,
  "K1O2Yb1": {
    "K": 1.0,
    "O": -2.0,
    "Yb": 3.0
  },
  "O2Pd4": null,
  "Sb2Te2U2": {
    "Sb": -3.0,
    "Te": -2.0,
    "U": 5.0
  },
  "O2Pt2": {
    "O": -2.0,
    "Pt": 2.0
  },
  "K2Mn2Sb2": {
    "K": 1.0,
    "Mn": 2.0,
    "Sb": -3.0
  },
  "Ba1Li1Si1": null,
  "As1Li1Mn1": {
    "As": -3.0,
    "Li": 1.0,
    "Mn": 2.0
  },
  "Al1Mg6Zr1": null,
  "Ca4Zn2": null,
  "As1Co1Fe1Ti1": null,
  "Cl4O8Pb2": null,
  "O3Rb1Te1": null,
  "Cr1Ni1Sb1": {
    "Cr": 2.0,
    "Ni": 1.0,
    "Sb": -3.0
  },
  "Hf1Mg6Sb1": null,
  "O3Pt1Rb1": {
    "O": -2.0,
    "Pt": 5.0,
    "Rb": 1.0
  },
  "Co1Mg6Sn1": null,
  "H32N16O24": {
    "H": 1.0,
    "N": 1.0,
    "O": -2.0
  }
}