{
  "Hf2Si2Te2": null,
  "As2O6Sb2": {
    "As": 1.0,
    "O": -2.0,
    "Sb": 5.0
  },
  "Co1I2": {
    "Co": 2.0,
    "I": -1.0
  },
  "Mn2Se2": {
    "Mn": 2.0,
    "Se": -2.0
  },
  "Bi4Br12": {
    "Bi": 3.0,
    "Br": -1.0
  },
  "Bi2F2O2": {
    "Bi": 3.0,
    "F": -1.0,
    "O": -2.0
  },
  "Ni1O4Te1": {
    "Ni": 4.0,
    "O": -2.0,
    "Te": 4.0
  },
  "O3Te1": {
    "O": -2.0,
    "Te": 6.0
  },
  "P1Te2Zr2": {
    "P": -3.0,
    "Te": -2.0,
    "Zr": 3.5
  },
  "O8Te4": {
    "O": -2.0,
    "Te": 4.0
  },
  "Cl2H2Lu2": null,
  "Cl2Hf2N2": {
    "Cl": -1.0,
    "Hf": 4.0,
    "N": -3.0
  },
  "I4O4Sc4": {
    "I": -1.0,
    "O": -2.0,
    "Sc": 3.0
  },
  "O4W1Zn1": {
    "O": -2.0,
    "W": 6.0,
    "Zn": 2.0
  },
  "Cl2Zn1": {
    "Cl": -1.0,
    "Zn": 2.0
  },
  "B2Ba1Se6": {
    "B": -3.0,
    "Ba": 2.0,
    "Se": 0.6666666666666666
  },
  "Al2O11Si4": {
    "Al": 3.0,
    "O": -2.0,
    "Si": 4.0
  },
  "Co1O4Te1": {
    "Co": 4.0,
    "O": -2.0,
    "Te": 4.0
  },
  "Sb1": null,
  "As4Se6": {
    "As": 3.0,
    "Se": -2.0
  },
  "As8Si4": {
    "As": -2.0,
    "Si": 4.0
  },
  "Ca2Cl2F2": {
    "Ca": 2.0,
    "Cl": -1.0,
    "F": -1.0
  },
  "Ni2P4": {
    "Ni": 2.0,
    "P": -1.0
  },
  "Mg2O4Si1": {
    "Mg": 2.0,
    "O": -2.0,
    "Si": 4.0
  },
  "Hf2S6": {
    "Hf": 4.0,
    "S": -1.3333333333333333
  },
  "Br2Co1O2Sr2": {
    "Br": -1.0,
    "Co": 2.0,
    "O": -2.0,
    "Sr": 2.0
  },
  "Au1C1N1": {
    "Au": -1.0,
    "C": 4.0,
    "N": -3.0
  },
  "H2Mg2O3": {
    "H": 1.0,
    "Mg": 2.0,
    "O": -2.0
  },
  "I2Nb2O4": {
    "I": -1.0,
    "Nb": 5.0,
    "O": -2.0
  },
  "I8Te8Th4": {
    "I": -1.0,
    "Te": -1.0,
    "Th": 4.0
  },
  "S2Sn1": {
    "S": -2.0,
    "Sn": 4.0
  },
  "Ag1P2Se6Tm1": {
    "Ag": 1.0,
    "P": 4.0,
    "Se": -2.0,
    "Tm": 3.0
  },
  "N6S5": {
    "N": 1.6666666666666667,
    "S": -2.0
  },
  "P8S6": {
    "P": 1.5,
    "S": -2.0
  },
  "O2Pb2": {
    "O": -2.0,
    "Pb": 2.0
  },
  "K2Mn2P2": {
    "K": 1.0,
    "Mn": 2.0,
    "P": -3.0
  },
  "Se2Ti1": {
    "Se": -2.0,
    "Ti": 4.0
  },
  "Te4W2": {
    "Te": -2.0,
    "W": 4.0
  },
  "B1Cl3": {
    "B": 3.0,
    "Cl": -1.0
  },
  "B1Br3": {
    "B": 3.0,
    "Br": -1.0
  },
  "Br6Mo2": {
    "Br": -1.0,
    "Mo": 3.0
  },
  "Pd2Se4": {
    "Pd": 4.0,
    "Se": -2.0
  },
  "Br6P2": {
    "Br": -1.0,
    "P": 3.0
  },
  "Cl2Zr2": null,
  "S6Sb4": {
    "S": -2.0,
    "Sb": 3.0
  },
  "Cl6Fe1Hf1": {
    "Cl": -1.0,
    "Fe": 2.0,
    "Hf": 4.0
  },
  "Cl4I4Ta2": {
    "Cl": -1.0,
    "I": -1.0,
    "Ta": 4.0
  },
  "I2Nb4Te12": {
    "I": -1.0,
    "Nb": 5.0,
    "Te": -1.5
  },
  "P8Se8": {
    "P": 2.0,
    "Se": -2.0
  },
  "Fe2P2Se6": {
    "Fe": 2.0,
    "P": 4.0,
    "Se": -2.0
  },
  "Ga1I7Te1": {
    "Ga": 3.0,
    "I": -1.0,
    "Te": 4.0
  },
  "Hf1Te2": {
    "Hf": 4.0,
    "Te": -2.0
  },
  "Cr2Si2Te6": {
    "Cr": 2.0,
    "Si": 4.0,
    "Te": -2.0
  },
  "Re4Se8": {
    "Re": 4.0,
    "Se": -2.0
  },
  "Cr2Se2": {
    "Cr": 2.0,
    "Se": -2.0
  },
  "P8S8": {
    "P": 2.0,
    "S": -2.0
  },
  "Ag1P2Se6V1": {
    "Ag": 1.0,
    "P": 4.0,
    "Se": -2.0,
    "V": 3.0
  },
  "Se2V1": {
    "Se": -2.0,
    "V": 4.0
  },
  "Pt1S2": {
    "Pt": 4.0,
    "S": -2.0
  },
  "Pt4S6Tl2": {
    "Pt": 2.5,
    "S": -2.0,
    "Tl": 1.0
  },
  "Sm2Te6": {
    "Sm": 3.0,
    "Te": -1.0
  },
  "P8Si4": {
    "P": 2.0,
    "Si": -4.0
  },
  "Br2Fe1": {
    "Br": -1.0,
    "Fe": 2.0
  },
  "F2Hg2": {
    "F": -1.0,
    "Hg": 1.0
  },
  "I4P2": {
    "I": -1.0,
    "P": 2.0
  },
  "Cl2N2Ti2": {
    "Cl": -1.0,
    "N": -3.0,
    "Ti": 4.0
  },
  "Br2Mn1": {
    "Br": -1.0,
    "Mn": 2.0
  },
  "S6Ti2": {
    "S": -1.3333333333333333,
    "Ti": 4.0
  },
  "Pd6Rb4S8": {
    "Pd": 2.0,
    "Rb": 1.0,
    "S": -2.0
  },
  "Ba4O1Sb2": {
    "Ba": 2.0,
    "O": -2.0,
    "Sb": -3.0
  },
  "Br2O2Sm2": {
    "Br": -1.0,
    "O": -2.0,
    "Sm": 3.0
  },
  "Cl2Co1": {
    "Cl": -1.0,
    "Co": 2.0
  },
  "Cl2F2Pb2": {
    "Cl": -1.0,
    "F": -1.0,
    "Pb": 2.0
  },
  "I2N2Th2": {
    "I": -1.0,
    "N": -3.0,
    "Th": 4.0
  },
  "As2Hg1K4": {
    "As": -3.0,
    "Hg": 2.0,
    "K": 1.0
  },
  "Br2Lu2S2": {
    "Br": -1.0,
    "Lu": 3.0,
    "S": -2.0
  },
  "Ba2F2I2": {
    "Ba": 2.0,
    "F": -1.0,
    "I": -1.0
  },
  "Cl2F2": null,
  "Bi1I1Te1": {
    "Bi": 3.0,
    "I": -1.0,
    "Te": -2.0
  },
  "Ga2": null,
  "Se2": null,
  "H2O6P2Zr1": {
    "H": 0.0,
    "O": -2.0,
    "P": 5.0,
    "Zr": 2.0
  },
  "Cl2Fe2O5Sr3": {
    "Cl": -1.0,
    "Fe": 3.0,
    "O": -2.0,
    "Sr": 2.0
  },
  "C1Cl1N1": {
    "C": 4.0,
    "Cl": -1.0,
    "N": -3.0
  },
  "Pd1Se6Ta2": {
    "Pd": 2.0,
    "Se": -2.0,
    "Ta": 5.0
  },
  "Br4Pd2": {
    "Br": -1.0,
    "Pd": 2.0
  },
  "Br8Nb3": {
    "Br": -1.0,
    "Nb": 2.6666666666666665
  },
  "P6Si6": {
    "P": 4.0,
    "Si": -4.0
  },
  "Pb4S4": {
    "Pb": 2.0,
    "S": -2.0
  },
  "Cu1In1P2Se6": {
    "Cu": 1.0,
    "In": 1.0,
    "P": 5.0,
    "Se": -2.0
  },
  "Al2Fe1S4": {
    "Al": 3.0,
    "Fe": 2.0,
    "S": -2.0
  },
  "Hf2Te6": {
    "Hf": 4.0,
    "Te": -1.3333333333333333
  },
  "C1Cl2Lu2": {
    "C": -4.0,
    "Cl": -1.0,
    "Lu": 3.0
  },
  "O6Pb4": {
    "O": -2.0,
    "Pb": 3.0
  },
  "Al2H6O6": {
    "Al": 3.0,
    "H": 1.0,
    "O": -2.0
  },
  "Cd1Ga1In1S4": {
    "Cd": 2.0,
    "Ga": 3.0,
    "In": 3.0,
    "S": -2.0
  },
  "Bi2Pb1Te4": {
    "Bi": 3.0,
    "Pb": 2.0,
    "Te": -2.0
  },
  "Bi4S8": {
    "Bi": 4.0,
    "S": -2.0
  },
  "Ge3O9Sb2": {
    "Ge": 4.0,
    "O": -2.0,
    "Sb": 3.0
  },
  "Cl2H2Sc2": {
    "Cl": -1.0,
    "H": -1.0,
    "Sc": 2.0
  }
}