{
  "Pd2Te2": {
    "Pd": 2.0,
    "Te": -2.0
  },
  "Ba6N2": null,
  "B2Co3Tb1": {
    "B": -3.0,
    "Co": 1.0,
    "Tb": 3.0
  },
  "Lu1Pt3": null,
  "Hg4Rb2": null,
  "Ga4Ho2Pd2": null,
  "Ca4Pt4Sb4": {
    "Ca": 2.0,
    "Pt": -2.0,
    "Sb": 0.0
  },
  "Pd6Si3": {
    "Pd": 2.0,
    "Si": -4.0
  },
  "As2Lu2O8": {
    "As": 5.0,
    "Lu": 3.0,
    "O": -2.0
  },
  "Be1Mn1Ti2": null,
  "Nb2S4Sn2": {
    "Nb": 2.0,
    "S": -2.0,
    "Sn": 2.0
  },
  "Ca1Mg2Sb2": {
    "Ca": 2.0,
    "Mg": 2.0,
    "Sb": -3.0
  },
  "O6Pt3Zn1": {
    "O": -2.0,
    "Pt": 3.3333333333333335,
    "Zn": 2.0
  },
  "Ca1F6Ti1": {
    "Ca": 2.0,
    "F": -1.0,
    "Ti": 4.0
  },
  "Ge3Li3Pr3": null,
  "Pt4Sc4Si4": {
    "Pt": -2.0,
    "Sc": 2.0,
    "Si": 0.0
  },
  "C1Fe2Si2Tm2": {
    "C": -4.0,
    "Fe": 3.0,
    "Si": -4.0,
    "Tm": 3.0
  },
  "As2Pt2Sr2": {
    "As": -3.0,
    "Pt": 1.0,
    "Sr": 2.0
  },
  "Li2Na2S2": {
    "Li": 1.0,
    "Na": 1.0,
    "S": -2.0
  },
  "B4Ca2Rh4": null,
  "Cu4Mg4P4": {
    "Cu": 1.0,
    "Mg": 2.0,
    "P": -3.0
  },
  "B2C1La1Ni2": {
    "B": 0.0,
    "C": -4.0,
    "La": 2.0,
    "Ni": 1.0
  },
  "Cd6Er2": null,
  "Ge4Ni2Sm2": null,
  "Al4Yb2": null,
  "Ba2Mn1O6U1": {
    "Ba": 2.0,
    "Mn": 2.0,
    "O": -2.0,
    "U": 6.0
  },
  "Fe1Te2Zr6": null,
  "B2Cs2Na4O6": {
    "B": 3.0,
    "Cs": 1.0,
    "Na": 1.0,
    "O": -2.0
  },
  "Be2Hf2Si2": null,
  "As4Co4Hf4": null,
  "O1P2Sr4": {
    "O": -2.0,
    "P": -3.0,
    "Sr": 2.0
  },
  "Cd1Na4P2": {
    "Cd": 2.0,
    "Na": 1.0,
    "P": -3.0
  },
  "K2P2Zn2": {
    "K": 1.0,
    "P": -3.0,
    "Zn": 2.0
  },
  "Co2Ga4Sm2": null,
  "Ca2Ga2": null,
  "Au2Cd1Sm1": null,
  "Co2Eu1Si2": {
    "Co": 2.5,
    "Eu": 3.0,
    "Si": -4.0
  },
  "Ca3Pb3Pd3": null,
  "Cu2K2Se2": {
    "Cu": 1.0,
    "K": 1.0,
    "Se": -2.0
  },
  "Cu2Na2Se2": {
    "Cu": 1.0,
    "Na": 1.0,
    "Se": -2.0
  },
  "K1O2Sc1": {
    "K": 1.0,
    "O": -2.0,
    "Sc": 3.0
  },
  "O2Rb1Tl1": {
    "O": -2.0,
    "Rb": 1.0,
    "Tl": 3.0
  },
  "Np2O2S2": {
    "Np": 4.0,
    "O": -2.0,
    "S": -2.0
  },
  "Ba1Pt5": {
    "Ba": 2.0,
    "Pt": -0.4
  },
  "Au1K3O1": {
    "Au": -1.0,
    "K": 1.0,
    "O": -2.0
  },
  "As2Hg2K2": {
    "As": -3.0,
    "Hg": 2.0,
    "K": 1.0
  },
  "Cl1O4Tl1": null,
  "Pd8Se2": null,
  "P4Ti4": {
    "P": -3.0,
    "Ti": 3.0
  },
  "Er1In2Sm1": null,
  "Ag2Sn2Sr1": null,
  "Ba1O6Sb2": {
    "Ba": 2.0,
    "O": -2.0,
    "Sb": 5.0
  },
  "Ag2As2Ba2": {
    "Ag": 1.0,
    "As": -3.0,
    "Ba": 2.0
  },
  "Cd2Cu2F8": {
    "Cd": 2.0,
    "Cu": 2.0,
    "F": -1.0
  },
  "C2O6Zn2": {
    "C": 4.0,
    "O": -2.0,
    "Zn": 2.0
  },
  "F6Nb1Rb2": {
    "F": -1.0,
    "Nb": 4.0,
    "Rb": 1.0
  },
  "Cu2Li1P2": {
    "Cu": 1.5,
    "Li": 1.0,
    "P": -2.0
  },
  "Gd1Ni2P2": {
    "Gd": 3.0,
    "Ni": 1.5,
    "P": -3.0
  },
  "F4Hg1Rb2": {
    "F": -1.0,
    "Hg": 2.0,
    "Rb": 1.0
  },
  "Rh2Sc1Zn1": null,
  "Cd2Dy1Mg1": null,
  "Ce1Cu2Zn3": null,
  "B2C1Ho1Ni2": {
    "B": -3.0,
    "C": -2.0,
    "Ho": 3.0,
    "Ni": 2.5
  },
  "F4Mg1Rb2": {
    "F": -1.0,
    "Mg": 2.0,
    "Rb": 1.0
  },
  "Pd4Si4Sr4": {
    "Pd": 2.0,
    "Si": -4.0,
    "Sr": 2.0
  },
  "Na2Rb2S2": {
    "Na": 1.0,
    "Rb": 1.0,
    "S": -2.0
  },
  "Ba2Cu1O3": {
    "Ba": 2.0,
    "Cu": 2.0,
    "O": -2.0
  },
  "As2Ca4O1": {
    "As": -3.0,
    "Ca": 2.0,
    "O": -2.0
  },
  "As4Ni2Zr4": {
    "As": -3.0,
    "Ni": 2.0,
    "Zr": 2.0
  },
  "Al3Ta1": null,
  "Co2Sc1Sn1": null,
  "Au4Cs4O4": {
    "Au": 1.0,
    "Cs": 1.0,
    "O": -2.0
  },
  "Li4N8Nb4": {
    "Li": 1.0,
    "N": -3.0,
    "Nb": 5.0
  },
  "Ge8Li8": null,
  "Al2Hg1Se4": {
    "Al": 3.0,
    "Hg": 2.0,
    "Se": -2.0
  },
  "H6K2Pt1": {
    "H": 0.0,
    "K": 1.0,
    "Pt": -2.0
  },
  "B2K6P4": {
    "B": 3.0,
    "K": 1.0,
    "P": -3.0
  },
  "Fe2N6Sr6": {
    "Fe": 3.0,
    "N": -3.0,
    "Sr": 2.0
  },
  "Pd1Se6Ta2": {
    "Pd": 2.0,
    "Se": -2.0,
    "Ta": 5.0
  },
  "Ca2Ge2N4": {
    "Ca": 2.0,
    "Ge": 4.0,
    "N": -3.0
  },
  "Bi4Cs2": null,
  "As4B2Rb6": {
    "As": -3.0,
    "B": 3.0,
    "Rb": 1.0
  },
  "Ni4Ta2Te6": {
    "Ni": 1.5,
    "Ta": 3.0,
    "Te": -2.0
  },
  "Li2Rh2Sn8": null,
  "Sc2Te2": {
    "Sc": 2.0,
    "Te": -2.0
  },
  "Ge2Ir2Sr1": null,
  "Hf1Mn1Rh2": null,
  "Ge4Ho4Mg2": null,
  "Sb16Zr8": {
    "Sb": -1.875,
    "Zr": 3.75
  },
  "B2Co2Er1": {
    "B": -3.0,
    "Co": 1.5,
    "Er": 3.0
  },
  "Bi1Ho1": null,
  "Ca2N12": {
    "Ca": 2.0,
    "N": -0.3333333333333333
  },
  "Li2N4P2": {
    "Li": 1.0,
    "N": -3.0,
    "P": 5.0
  },
  "Au1In1Zr1": null,
  "Ag3Ge3Yb3": null,
  "C2Ge2Ti4": null,
  "N2Sr2Zn1": {
    "N": -3.0,
    "Sr": 2.0,
    "Zn": 2.0
  },
  "F6Rh1Sr1": {
    "F": -1.0,
    "Rh": 4.0,
    "Sr": 2.0
  },
  "La4O12Rh4": {
    "La": 3.0,
    "O": -2.0,
    "Rh": 3.0
  },
  "As2Ba2Cu2": {
    "As": -3.0,
    "Ba": 2.0,
    "Cu": 1.0
  },
  "As1Ca3Cl3": {
    "As": -3.0,
    "Ca": 2.0,
    "Cl": -1.0
  },
  "Pd4Sn4Yb4": null,
  "F12Na4Zn4": {
    "F": -1.0,
    "Na": 1.0,
    "Zn": 2.0
  },
  "Cr2Si2Te6": {
    "Cr": 2.0,
    "Si": 4.0,
    "Te": -2.0
  },
  "As2Mg2O7": {
    "As": 5.0,
    "Mg": 2.0,
    "O": -2.0
  },
  "Ge4Nd2Ni2": null,
  "C1Fe2Si2Sm2": {
    "C": -4.0,
    "Fe": 3.0,
    "Si": -4.0,
    "Sm": 3.0
  },
  "Li56Mn8N32": {
    "Li": 1.0,
    "Mn": 5.0,
    "N": -3.0
  },
  "Cs2F6Mg1Na1": null,
  "Cl6In1Rb2Tl1": {
    "Cl": -1.0,
    "In": 3.0,
    "Rb": 1.0,
    "Tl": 1.0
  },
  "F6Na1Rb2Tl1": {
    "F": -1.0,
    "Na": 1.0,
    "Rb": 1.0,
    "Tl": 3.0
  },
  "F6Na1Rb2Sb1": {
    "F": -1.0,
    "Na": 1.0,
    "Rb": 1.0,
    "Sb": 3.0
  },
  "N1O1Sn2Sr6": null,
  "F6In1Rb2Tl1": {
    "F": -1.0,
    "In": 3.0,
    "Rb": 1.0,
    "Tl": 1.0
  },
  "Mg12Ru8": null,
  "B4Pr4S12": {
    "B": 3.0,
    "Pr": 3.0,
    "S": -2.0
  },
  "F6Mn1Zn1": {
    "F": -1.0,
    "Mn": 4.0,
    "Zn": 2.0
  },
  "N22Si12Y6": {
    "N": -3.0,
    "Si": 4.0,
    "Y": 3.0
  },
  "As2Fe2Rb1": {
    "As": -3.0,
    "Fe": 2.5,
    "Rb": 1.0
  },
  "Ir2Li1Zr1": null,
  "Ba4O16S4": {
    "Ba": 2.0,
    "O": -2.0,
    "S": 6.0
  },
  "Pt4Y4": null,
  "Pt4Sm4": {
    "Pt": -2.0,
    "Sm": 2.0
  },
  "Ni2Si4Sm2": {
    "Ni": 2.0,
    "Si": -2.0,
    "Sm": 2.0
  },
  "Ca2Ir4": null,
  "Ag2La2Si4": {
    "Ag": 1.0,
    "La": 3.0,
    "Si": -2.0
  },
  "Nb1Ru2Tm1": null,
  "Cl2Eu2O2": {
    "Cl": -1.0,
    "Eu": 3.0,
    "O": -2.0
  },
  "As2Cu4K1": {
    "As": -3.0,
    "Cu": 1.25,
    "K": 1.0
  },
  "Ge1Li2Pb1S4": {
    "Ge": 4.0,
    "Li": 1.0,
    "Pb": 2.0,
    "S": -2.0
  },
  "Al4Tm2": null,
  "F6Pd1Pt1": {
    "F": -1.0,
    "Pd": 2.0,
    "Pt": 4.0
  },
  "I2La1": {
    "I": -1.0,
    "La": 2.0
  },
  "La8O20Si4": {
    "La": 3.0,
    "O": -2.0,
    "Si": 4.0
  },
  "As1Cu3Se4": {
    "As": 5.0,
    "Cu": 1.0,
    "Se": -2.0
  },
  "As2Pd2Sr2": null,
  "Cu12S13Sb4": {
    "Cu": 1.0,
    "S": -2.0,
    "Sb": 3.5
  },
  "Ba2Hg1": null,
  "Ag1Er2In1": null,
  "Ba8Cu6O18Y2": {
    "Ba": 2.0,
    "Cu": 2.3333333333333335,
    "O": -2.0,
    "Y": 3.0
  },
  "Co2Ge2La2": null,
  "Cd2Ge2Sr1": null,
  "As2Li6": {
    "As": -3.0,
    "Li": 1.0
  },
  "C3Cr2Ho2": {
    "C": -4.0,
    "Cr": 3.0,
    "Ho": 3.0
  },
  "Au2K4P2": {
    "Au": 1.0,
    "K": 1.0,
    "P": -3.0
  },
  "Ag2Sn2Y2": null,
  "Fe4Gd4O12": {
    "Fe": 3.0,
    "Gd": 3.0,
    "O": -2.0
  },
  "In1Na1O2": {
    "In": 3.0,
    "Na": 1.0,
    "O": -2.0
  },
  "Tl3Tm1": null,
  "Ge2Te2Zr2": null,
  "Ge2Ni2Sr1": null,
  "Co1Pt3": {
    "Co": 2.0,
    "Pt": -0.6666666666666666
  },
  "Ca2Cu2Sb2": {
    "Ca": 2.0,
    "Cu": 1.0,
    "Sb": -3.0
  },
  "As4Ce4S4": {
    "As": -1.0,
    "Ce": 3.0,
    "S": -2.0
  },
  "Au2Cd1Tb1": null,
  "Cu3Nb1Te4": {
    "Cu": 1.0,
    "Nb": 5.0,
    "Te": -2.0
  },
  "C4Fe1Sc3": {
    "C": -3.0,
    "Fe": 3.0,
    "Sc": 3.0
  },
  "Au5Ca1": {
    "Au": -0.4,
    "Ca": 2.0
  },
  "B2Nb1": null,
  "Au2La1Sn1": null,
  "Ca1Ni2Si2": {
    "Ca": 2.0,
    "Ni": 3.0,
    "Si": -4.0
  },
  "Li2Pd1": null,
  "Ho1Ni2Si2": {
    "Ho": 3.0,
    "Ni": 2.5,
    "Si": -4.0
  },
  "As2Dy2O8": {
    "As": 5.0,
    "Dy": 3.0,
    "O": -2.0
  },
  "Cu2Dy1Si2": {
    "Cu": 2.5,
    "Dy": 3.0,
    "Si": -4.0
  },
  "Pt4Sb8": {
    "Pt": -2.0,
    "Sb": 1.0
  },
  "Dy2O8P2": {
    "Dy": 3.0,
    "O": -2.0,
    "P": 5.0
  },
  "Al2C4Ti6": null,
  "Na2Nb2O4": {
    "Na": 1.0,
    "Nb": 3.0,
    "O": -2.0
  },
  "Ho1Os2Si2": {
    "Ho": 3.0,
    "Os": -1.5,
    "Si": 0.0
  },
  "As4Sn2Zn2": {
    "As": -3.0,
    "Sn": 4.0,
    "Zn": 2.0
  },
  "Eu1Ni2P2": {
    "Eu": 2.0,
    "Ni": 2.0,
    "P": -3.0
  },
  "Sm1Tl2Tm1": null,
  "Na6Sb2": {
    "Na": 1.0,
    "Sb": -3.0
  },
  "Ge4Se4": {
    "Ge": 2.0,
    "Se": -2.0
  },
  "K2Nb2S4": {
    "K": 1.0,
    "Nb": 3.0,
    "S": -2.0
  },
  "Na2Nb2S4": {
    "Na": 1.0,
    "Nb": 3.0,
    "S": -2.0
  },
  "Co1Ga5Tm1": null,
  "Al3Hf4": null,
  "In1P1Pt5": {
    "In": 1.0,
    "P": 5.0,
    "Pt": -1.2
  },
  "Cs2O4Pu1": {
    "Cs": 1.0,
    "O": -2.0,
    "Pu": 6.0
  },
  "Mo1Ta2Tc1": null,
  "C2Tl2Zr4": null,
  "C1Cr2Ho1Si2": {
    "C": -4.0,
    "Cr": 4.5,
    "Ho": 3.0,
    "Si": -4.0
  },
  "B4C1Tb2": {
    "B": -1.5,
    "C": -2.0,
    "Tb": 4.0
  },
  "Al1Ni3": null,
  "B2O9S2": {
    "B": 3.0,
    "O": -2.0,
    "S": 6.0
  },
  "N6Sb2Zn4": {
    "N": -3.0,
    "Sb": 5.0,
    "Zn": 2.0
  },
  "Cd2Zr2": null,
  "Cu2F8Li2": {
    "Cu": 3.0,
    "F": -1.0,
    "Li": 1.0
  },
  "Cd2H4O4": {
    "Cd": 2.0,
    "H": 1.0,
    "O": -2.0
  },
  "Dy1N1": {
    "Dy": 3.0,
    "N": -3.0
  },
  "Pm1Yb1Zn2": null,
  "Tc2Ti1V1": {
    "Tc": -3.0,
    "Ti": 4.0,
    "V": 2.0
  },
  "Ag2O4Tl2": {
    "Ag": 1.0,
    "O": -2.0,
    "Tl": 3.0
  },
  "F12Ge2K4": {
    "F": -1.0,
    "Ge": 4.0,
    "K": 1.0
  },
  "Ag1Mn1O2": {
    "Ag": 1.0,
    "Mn": 3.0,
    "O": -2.0
  },
  "Dy1Ru2Ta1": null,
  "Hg2Pr1Yb1": null,
  "Ac2Mg1Sn1": null,
  "Mo6Si2": null,
  "Cu4Ge2Mn2S8": {
    "Cu": 1.0,
    "Ge": 4.0,
    "Mn": 2.0,
    "S": -2.0
  },
  "O1Sb2Yb4": {
    "O": -2.0,
    "Sb": -3.0,
    "Yb": 2.0
  },
  "Cd1Hg2Tm1": null,
  "Bi3Pm1": null,
  "Ag1Hg2Sm1": null,
  "Mg1Rh2Si1": null,
  "Cd2O8Se2": {
    "Cd": 2.0,
    "O": -2.0,
    "Se": 6.0
  },
  "Cd1Lu2Tl1": null,
  "Li1Os1Sm2": null,
  "Cl4K2Pt1": {
    "Cl": -1.0,
    "K": 1.0,
    "Pt": 2.0
  },
  "F12Li4Ti2": {
    "F": -1.0,
    "Li": 1.0,
    "Ti": 4.0
  },
  "Br6Ni2Rb2": {
    "Br": -1.0,
    "Ni": 2.0,
    "Rb": 1.0
  },
  "Na1O3Tc1": {
    "Na": 1.0,
    "O": -2.0,
    "Tc": 5.0
  },
  "Hg1Na2O2": {
    "Hg": 2.0,
    "Na": 1.0,
    "O": -2.0
  },
  "Mg4N8Zr4": {
    "Mg": 2.0,
    "N": -3.0,
    "Zr": 4.0
  },
  "B1Rh3Sm1": null,
  "Co1Ge3La1": null,
  "As3Cr3Ni3": {
    "As": -3.0,
    "Cr": 2.0,
    "Ni": 1.0
  },
  "Ce1In3": null,
  "Cu2Li1Si1": {
    "Cu": 1.5,
    "Li": 1.0,
    "Si": -4.0
  },
  "Ru2Si2Yb1": {
    "Ru": 2.5,
    "Si": -4.0,
    "Yb": 3.0
  },
  "Cl6Pr2": {
    "Cl": -1.0,
    "Pr": 3.0
  },
  "Pm4": null,
  "Br2Cu1": {
    "Br": -1.0,
    "Cu": 2.0
  },
  "Ge2Ti2Y2": null,
  "Bi4F12": {
    "Bi": 3.0,
    "F": -1.0
  },
  "Ag3Pb3Y3": null,
  "Bi2F8Li2": {
    "Bi": 3.0,
    "F": -1.0,
    "Li": 1.0
  },
  "Na5O6Os1": {
    "Na": 1.0,
    "O": -2.0,
    "Os": 7.0
  },
  "In1N1Sc3": null,
  "Ba2O4Pb1": {
    "Ba": 2.0,
    "O": -2.0,
    "Pb": 4.0
  },
  "Cl1Na3O1": {
    "Cl": -1.0,
    "Na": 1.0,
    "O": -2.0
  },
  "Ga2Mn1Se4": {
    "Ga": 3.0,
    "Mn": 2.0,
    "Se": -2.0
  },
  "C2Co2Tm2": {
    "C": -4.0,
    "Co": 1.0,
    "Tm": 3.0
  },
  "Cr4Nb4P4": null,
  "Mn4P4Zr4": null,
  "Bi8Ge6O24": {
    "Bi": 3.0,
    "Ge": 4.0,
    "O": -2.0
  },
  "Cl6Cs2Pt1": {
    "Cl": -1.0,
    "Cs": 1.0,
    "Pt": 4.0
  },
  "Cl4I4Ta2": {
    "Cl": -1.0,
    "I": -1.0,
    "Ta": 4.0
  },
  "Ca4Ga4Pt4": null,
  "Ca4Ge4Pt4": null,
  "Ni3Sn4": null,
  "Al4Er2Ni2": null,
  "C12Ce8": {
    "C": -2.0,
    "Ce": 3.0
  },
  "Dy16O24": {
    "Dy": 3.0,
    "O": -2.0
  },
  "Cd8N16O48": {
    "Cd": 2.0,
    "N": 5.0,
    "O": -2.0
  },
  "Cs2F6Pd1": {
    "Cs": 1.0,
    "F": -1.0,
    "Pd": 4.0
  },
  "C15V18": {
    "C": -4.0,
    "V": 3.3333333333333335
  },
  "Mg4O16Sb8": {
    "Mg": 2.0,
    "O": -2.0,
    "Sb": 3.0
  },
  "Ce1Pb3": null,
  "P4Pb4S12": {
    "P": 3.5,
    "Pb": 2.5,
    "S": -2.0
  },
  "Ni2Sc1Si2": {
    "Ni": 2.5,
    "Sc": 3.0,
    "Si": -4.0
  },
  "Ag1Cl1O4": null,
  "Be1Ir2Ti1": null,
  "Au2Cu2Se8": {
    "Au": 5.0,
    "Cu": 3.0,
    "Se": -2.0
  },
  "B4Li12O12": {
    "B": 3.0,
    "Li": 1.0,
    "O": -2.0
  },
  "Al3Ni2Th1": null,
  "Cd1In1Pd2": null,
  "C2In2Ti4": null,
  "B1Ca3N3": {
    "B": 3.0,
    "Ca": 2.0,
    "N": -3.0
  },
  "Ce1Ga3Pd2": null,
  "Ba3In2O6": {
    "Ba": 2.0,
    "In": 3.0,
    "O": -2.0
  },
  "Al2H8Na2": {
    "Al": 3.0,
    "H": -1.0,
    "Na": 1.0
  },
  "Ca4H8": {
    "Ca": 2.0,
    "H": -1.0
  },
  "C1In1Nd3": null,
  "As2Cs1Fe2": {
    "As": -3.0,
    "Cs": 1.0,
    "Fe": 2.5
  },
  "B4Ir4Pd4": null,
  "B2F8Na2": {
    "B": 3.0,
    "F": -1.0,
    "Na": 1.0
  },
  "B2Co3U1": {
    "B": -3.0,
    "Co": 1.0,
    "U": 3.0
  },
  "Sb4Sn2Zn2": {
    "Sb": -3.0,
    "Sn": 4.0,
    "Zn": 2.0
  },
  "Na4O6Si2": {
    "Na": 1.0,
    "O": -2.0,
    "Si": 4.0
  },
  "Hf3Te2": null,
  "N8O24Pb4": {
    "N": 5.0,
    "O": -2.0,
    "Pb": 2.0
  },
  "Au6Li2Sn8": null,
  "As8Pd4": {
    "As": -1.0,
    "Pd": 2.0
  },
  "Cl2H2Sr2": {
    "Cl": -1.0,
    "H": -1.0,
    "Sr": 2.0
  },
  "Bi3Dy3Rh3": null,
  "O8Pd2S2": {
    "O": -2.0,
    "Pd": 2.0,
    "S": 6.0
  },
  "Cu2Ti1Zn1": null,
  "Bi1F6Rb1": {
    "Bi": 5.0,
    "F": -1.0,
    "Rb": 1.0
  },
  "In12Se18": {
    "In": 3.0,
    "Se": -2.0
  },
  "Gd1Tl3": null,
  "Cs2F5K1O1Zr1": {
    "Cs": 1.0,
    "F": -1.0,
    "K": 1.0,
    "O": -2.0,
    "Zr": 4.0
  },
  "Si4Ta12Te24": {
    "Si": 2.0,
    "Ta": 3.3333333333333335,
    "Te": -2.0
  },
  "Ag4Sc1": null,
  "Cr6P4U1": null,
  "O4S32": {
    "O": -2.0,
    "S": 0.25
  },
  "Au6Cd10": null,
  "As4Si2Zn2": {
    "As": -3.0,
    "Si": 4.0,
    "Zn": 2.0
  },
  "As2Ba1Co2": {
    "As": -3.0,
    "Ba": 2.0,
    "Co": 2.0
  },
  "Au1In1Li2": null,
  "Au1Li2Sb1": {
    "Au": 1.0,
    "Li": 1.0,
    "Sb": -3.0
  },
  "Co4In2Zr4": null,
  "As4Ni2U2": {
    "As": -3.0,
    "Ni": 2.0,
    "U": 4.0
  },
  "F24Pt4": {
    "F": -1.0,
    "Pt": 6.0
  },
  "Fe2La2Si2": {
    "Fe": 2.0,
    "La": 2.0,
    "Si": -4.0
  },
  "As4O16Pb6": {
    "As": 5.0,
    "O": -2.0,
    "Pb": 2.0
  },
  "Ba2Tl4": null,
  "Li1N1Zn1": {
    "Li": 1.0,
    "N": -3.0,
    "Zn": 2.0
  },
  "As4Mn4": {
    "As": -2.0,
    "Mn": 2.0
  },
  "Cu4Hf2Te6": {
    "Cu": 1.0,
    "Hf": 4.0,
    "Te": -2.0
  },
  "As2Co2Li2": {
    "As": -3.0,
    "Co": 2.0,
    "Li": 1.0
  },
  "Co4P4": {
    "Co": 1.0,
    "P": -1.0
  },
  "Br2I2": null,
  "Pt4Sn4Y4": null,
  "Bi2Co1Hf6": null,
  "Ge4Ir4Nb4": null,
  "Ni4S4Sb4": {
    "Ni": 2.0,
    "S": -2.0,
    "Sb": 0.0
  },
  "Au2Ca4N2": {
    "Au": -1.0,
    "Ca": 2.0,
    "N": -3.0
  },
  "Ga10Mg4": null,
  "Na2O2Pt1": {
    "Na": 1.0,
    "O": -2.0,
    "Pt": 2.0
  },
  "Fe8O23Sr8": null,
  "Ca3N6Zr3": {
    "Ca": 2.0,
    "N": -3.0,
    "Zr": 4.0
  },
  "Cl6Y4": null,
  "Br2H8P2": {
    "Br": -1.0,
    "H": 1.0,
    "P": -3.0
  },
  "Ba1Ge3Pt1": null,
  "Ba2Ce1O6Pt1": {
    "Ba": 2.0,
    "Ce": 3.0,
    "O": -2.0,
    "Pt": 5.0
  },
  "K2Pt4S6": {
    "K": 1.0,
    "Pt": 2.5,
    "S": -2.0
  },
  "Ir2O4": {
    "Ir": 4.0,
    "O": -2.0
  },
  "Ca3O1Sn1": null,
  "Na4O16Ti8": {
    "Na": 1.0,
    "O": -2.0,
    "Ti": 3.5
  },
  "P8Zr24": null,
  "Sb2Y2Zr2": null,
  "Pb1Pd3": null,
  "Cl6Cs2Se1": {
    "Cl": -1.0,
    "Cs": 1.0,
    "Se": 4.0
  },
  "Cl6Rb2Zr1": {
    "Cl": -1.0,
    "Rb": 1.0,
    "Zr": 4.0
  },
  "Br6K2Os1": {
    "Br": -1.0,
    "K": 1.0,
    "Os": 4.0
  },
  "Fe8W4": null,
  "B1O4V1": {
    "B": 3.0,
    "O": -2.0,
    "V": 5.0
  },
  "Hf1Pd1Sn1": null,
  "Al2Cl2O2": {
    "Al": 3.0,
    "Cl": -1.0,
    "O": -2.0
  },
  "Ru1Sb1Zr1": null,
  "Br2O2Sm2": {
    "Br": -1.0,
    "O": -2.0,
    "Sm": 3.0
  },
  "B4Hf1Nb1": {
    "B": -1.5,
    "Hf": 4.0,
    "Nb": 2.0
  },
  "Cd2Er1Mg1": null,
  "As2Se2U2": {
    "As": -3.0,
    "Se": -2.0,
    "U": 5.0
  },
  "Al8Li24N16": {
    "Al": 3.0,
    "Li": 1.0,
    "N": -3.0
  },
  "Cu6P2S8": {
    "Cu": 1.0,
    "P": 5.0,
    "S": -2.0
  },
  "Er2Pt4Sn2": null,
  "Li10P6Si2": {
    "Li": 1.0,
    "P": -0.3333333333333333,
    "Si": -4.0
  },
  "Cu6Se4": {
    "Cu": 1.3333333333333333,
    "Se": -2.0
  },
  "C2Ni1Tm1": {
    "C": -2.5,
    "Ni": 2.0,
    "Tm": 3.0
  },
  "Dy4Tl2": null,
  "Fe2La1Si2": {
    "Fe": 2.5,
    "La": 3.0,
    "Si": -4.0
  },
  "Cu2Ho1Si2": {
    "Cu": 2.5,
    "Ho": 3.0,
    "Si": -4.0
  },
  "Hf4Mg4N8": {
    "Hf": 4.0,
    "Mg": 2.0,
    "N": -3.0
  },
  "Co4Yb2": null,
  "Ga4Zr6": null,
  "Cu2Ge1Li1": null,
  "Ni9Y3": null,
  "B2Fe2Ho1": null,
  "Co2Si2Yb1": {
    "Co": 2.5,
    "Si": -4.0,
    "Yb": 3.0
  },
  "C3N6Rb6": {
    "C": 4.0,
    "N": -3.0,
    "Rb": 1.0
  },
  "Cu2Lu1Si2": {
    "Cu": 2.5,
    "Lu": 3.0,
    "Si": -4.0
  },
  "F4Fe2": {
    "F": -1.0,
    "Fe": 2.0
  },
  "Au2Sn2Y2": null,
  "La1Os2Si2": {
    "La": 3.0,
    "Os": -1.5,
    "Si": 0.0
  },
  "O8Ta2Y2": {
    "O": -2.0,
    "Ta": 5.0,
    "Y": 3.0
  },
  "Ir2W2": null,
  "Er4Ni4": null,
  "Be12V1": null,
  "La1Pd5": null,
  "Os2Si2Tb1": {
    "Os": -1.5,
    "Si": 0.0,
    "Tb": 3.0
  },
  "Sn6Y10": null,
  "Li14Sn4": null,
  "Na1O3Pu1": {
    "Na": 1.0,
    "O": -2.0,
    "Pu": 5.0
  },
  "Cd1Pt2Zn1": {
    "Cd": 2.0,
    "Pt": -2.0,
    "Zn": 2.0
  },
  "Mg8O16Ti4": {
    "Mg": 2.0,
    "O": -2.0,
    "Ti": 4.0
  },
  "Li2Se1": {
    "Li": 1.0,
    "Se": -2.0
  },
  "Ga3Hf1": null,
  "Fe2Li2Mn2O8": {
    "Fe": 2.5,
    "Li": 1.0,
    "Mn": 4.5,
    "O": -2.0
  },
  "In6O18Te3": {
    "In": 3.0,
    "O": -2.0,
    "Te": 6.0
  },
  "Os2Sb4": {
    "Os": 0.0,
    "Sb": 0.0
  },
  "H6Pt1Rb2": {
    "H": 0.0,
    "Pt": -2.0,
    "Rb": 1.0
  },
  "F3Mg3N1": {
    "F": -1.0,
    "Mg": 2.0,
    "N": -3.0
  },
  "P4Ru1Si4": {
    "P": 3.0,
    "Ru": 4.0,
    "Si": -4.0
  },
  "Ir1Ni1Sc2": null,
  "B2C1Ni2Tb1": {
    "B": -3.0,
    "C": -2.0,
    "Ni": 2.0,
    "Tb": 4.0
  },
  "Ca2Pb2": null,
  "Al4Sc2": null,
  "B2C1Nd1Ni2": {
    "B": 0.0,
    "C": -4.0,
    "Nd": 2.0,
    "Ni": 1.0
  },
  "Cd1Pd3": null,
  "Ce1N1": {
    "Ce": 3.0,
    "N": -3.0
  },
  "Hf2Zn1": null,
  "Ce1Li2N2": {
    "Ce": 4.0,
    "Li": 1.0,
    "N": -3.0
  },
  "Al2Cd1S4": {
    "Al": 3.0,
    "Cd": 2.0,
    "S": -2.0
  },
  "O3Pa1Tl1": {
    "O": -2.0,
    "Pa": 5.0,
    "Tl": 1.0
  },
  "H1Ni1": {
    "H": -1.0,
    "Ni": 1.0
  },
  "Li1Mg1P1": {
    "Li": 1.0,
    "Mg": 2.0,
    "P": -3.0
  },
  "Br1Na3O1": {
    "Br": -1.0,
    "Na": 1.0,
    "O": -2.0
  },
  "Ba1O3Pa1": {
    "Ba": 2.0,
    "O": -2.0,
    "Pa": 4.0
  },
  "Co2Sb2": {
    "Co": 2.0,
    "Sb": -2.0
  },
  "B2Ni4": {
    "B": -3.0,
    "Ni": 1.5
  },
  "N6Nb2Zn4": {
    "N": -3.0,
    "Nb": 5.0,
    "Zn": 2.0
  },
  "Al1As1O4": {
    "Al": 3.0,
    "As": 5.0,
    "O": -2.0
  },
  "Cu2Sb4Y2": {
    "Cu": 2.0,
    "Sb": -2.5,
    "Y": 3.0
  },
  "Ba2Ni1O6W1": {
    "Ba": 2.0,
    "Ni": 2.0,
    "O": -2.0,
    "W": 6.0
  },
  "B2Ir3Lu1": null,
  "Al2Cu2Se4": {
    "Al": 3.0,
    "Cu": 1.0,
    "Se": -2.0
  },
  "Cs2Gd2O4": {
    "Cs": 1.0,
    "Gd": 3.0,
    "O": -2.0
  },
  "Mg4N8Sn4": {
    "Mg": 2.0,
    "N": -3.0,
    "Sn": 4.0
  },
  "Ca2Na1Tl1": null,
  "Dy1Mg1Tl2": null,
  "Pu16": null,
  "Cl6Cs2Sn1": {
    "Cl": -1.0,
    "Cs": 1.0,
    "Sn": 4.0
  },
  "Ho1K1O2": {
    "Ho": 3.0,
    "K": 1.0,
    "O": -2.0
  },
  "Sr4Zn4": null,
  "Cd1N1Ni3": null,
  "Cd1Co3N1": null,
  "Ba2Ge2Mg2": null,
  "Au2Pb1Sm1": null,
  "Ce1Cu2Si2": {
    "Ce": 4.0,
    "Cu": 2.0,
    "Si": -4.0
  },
  "Br2Ca2Cu1O2": {
    "Br": -1.0,
    "Ca": 2.0,
    "Cu": 2.0,
    "O": -2.0
  },
  "O6Pd2Se2": {
    "O": -2.0,
    "Pd": 4.0,
    "Se": 2.0
  },
  "Al2Si2Tm2": null,
  "Cd1O4U1": {
    "Cd": 2.0,
    "O": -2.0,
    "U": 6.0
  },
  "F4Ni1Rb2": {
    "F": -1.0,
    "Ni": 2.0,
    "Rb": 1.0
  },
  "C4N16Sr16": {
    "C": 4.0,
    "N": -3.0,
    "Sr": 2.0
  },
  "Lu4Os8": {
    "Lu": 3.0,
    "Os": -1.5
  },
  "Bi2Cl1O4Sm1": {
    "Bi": 3.0,
    "Cl": -1.0,
    "O": -2.0,
    "Sm": 3.0
  },
  "Cl6Cs2Li1Y1": {
    "Cl": -1.0,
    "Cs": 1.0,
    "Li": 1.0,
    "Y": 3.0
  },
  "Bi2Dy1I1O4": {
    "Bi": 3.0,
    "Dy": 3.0,
    "I": -1.0,
    "O": -2.0
  },
  "I12In4": {
    "I": -1.0,
    "In": 3.0
  },
  "Ba2O2S2Zn2": {
    "Ba": 2.0,
    "O": -2.0,
    "S": -2.0,
    "Zn": 2.0
  },
  "Ca1Cu2Si2": {
    "Ca": 2.0,
    "Cu": 3.0,
    "Si": -4.0
  },
  "F6Ni1Pb1": {
    "F": -1.0,
    "Ni": 4.0,
    "Pb": 2.0
  },
  "Bi2Br1O4Tb1": {
    "Bi": 3.0,
    "Br": -1.0,
    "O": -2.0,
    "Tb": 3.0
  },
  "Cu1I2O2Sr2": {
    "Cu": 2.0,
    "I": -1.0,
    "O": -2.0,
    "Sr": 2.0
  },
  "Be24P16": {
    "Be": 2.0,
    "P": -3.0
  },
  "Bi2Cl1Er1O4": {
    "Bi": 3.0,
    "Cl": -1.0,
    "Er": 3.0,
    "O": -2.0
  },
  "Al12Mo1": null,
  "Nd1Os2Si2": {
    "Nd": 3.0,
    "Os": -1.5,
    "Si": 0.0
  },
  "Mn4Zr2": null,
  "N2Te1U2": {
    "N": -3.0,
    "Te": -2.0,
    "U": 4.0
  },
  "Pd2Si2Th1": {
    "Pd": 2.0,
    "Si": -4.0,
    "Th": 4.0
  },
  "Sn8Ta4": null,
  "Rb2Sb4": {
    "Rb": 1.0,
    "Sb": -0.5
  },
  "Cl8Cu2Ga2": {
    "Cl": -1.0,
    "Cu": 1.0,
    "Ga": 3.0
  },
  "Al4Dy2Ni2": null,
  "Bi2O2Se1": {
    "Bi": 3.0,
    "O": -2.0,
    "Se": -2.0
  },
  "Al2Hg1S4": {
    "Al": 3.0,
    "Hg": 2.0,
    "S": -2.0
  },
  "Br2Hf2N2": {
    "Br": -1.0,
    "Hf": 4.0,
    "N": -3.0
  },
  "K2O2Pd1": {
    "K": 1.0,
    "O": -2.0,
    "Pd": 2.0
  },
  "Ru2Si2Tm1": {
    "Ru": 2.5,
    "Si": -4.0,
    "Tm": 3.0
  },
  "F3K1V1": {
    "F": -1.0,
    "K": 1.0,
    "V": 2.0
  },
  "F24Mo4": {
    "F": -1.0,
    "Mo": 6.0
  },
  "Fe1Rh2Sn1": null,
  "Co8Si4": {
    "Co": 2.0,
    "Si": -4.0
  },
  "K12O16P4": {
    "K": 1.0,
    "O": -2.0,
    "P": 5.0
  },
  "Li4Mn2O8Si2": {
    "Li": 1.0,
    "Mn": 2.0,
    "O": -2.0,
    "Si": 4.0
  },
  "Ag1In1Sc2": null,
  "Fe3N1Rh1": null,
  "Cs1O8P2Sb1": {
    "Cs": 1.0,
    "O": -2.0,
    "P": 5.0,
    "Sb": 5.0
  },
  "Bi4Mn8O20": {
    "Bi": 3.0,
    "Mn": 3.5,
    "O": -2.0
  },
  "B4Co4W4": {
    "B": -3.0,
    "Co": 1.0,
    "W": 2.0
  },
  "As12Ir4": {
    "As": -1.0,
    "Ir": 3.0
  },
  "Be1Rh1": null,
  "Ce2Cl6": {
    "Ce": 3.0,
    "Cl": -1.0
  },
  "Pt1Sb1Yb1": {
    "Pt": -2.0,
    "Sb": -1.0,
    "Yb": 3.0
  },
  "O36S12": {
    "O": -2.0,
    "S": 6.0
  },
  "Be12W1": null,
  "Sn2Yb4": null,
  "O8Sc2Ta2": {
    "O": -2.0,
    "Sc": 3.0,
    "Ta": 5.0
  },
  "F6Ni1Pt1": {
    "F": -1.0,
    "Ni": 2.0,
    "Pt": 4.0
  },
  "Au2Ba2Sb2": {
    "Au": 1.0,
    "Ba": 2.0,
    "Sb": -3.0
  },
  "Ag2In1Pm1": null,
  "Mg1O8Re2": {
    "Mg": 2.0,
    "O": -2.0,
    "Re": 7.0
  },
  "Pd2Ta2": null,
  "Mg2Ni4Y4": null,
  "Cl2Ni1O8": null,
  "Br3Cs1Yb1": {
    "Br": -1.0,
    "Cs": 1.0,
    "Yb": 2.0
  },
  "Cs2Ho2O4": {
    "Cs": 1.0,
    "Ho": 3.0,
    "O": -2.0
  },
  "Cs2Dy2O4": {
    "Cs": 1.0,
    "Dy": 3.0,
    "O": -2.0
  },
  "C1Sn1Y3": null,
  "Hg1O6Sb2": {
    "Hg": 2.0,
    "O": -2.0,
    "Sb": 5.0
  },
  "Ce2Ir4": null,
  "Ba3C3N6": {
    "Ba": 2.0,
    "C": 4.0,
    "N": -3.0
  },
  "Li24N16Sc8": {
    "Li": 1.0,
    "N": -3.0,
    "Sc": 3.0
  },
  "Co5Fe11": null,
  "O3Sr1Tc1": {
    "O": -2.0,
    "Sr": 2.0,
    "Tc": 4.0
  },
  "N12Na4Si8": {
    "N": -3.0,
    "Na": 1.0,
    "Si": 4.0
  },
  "In1Mn1Rh2": null,
  "Ac2Li1Si1": null,
  "Au2Sn2": null,
  "P6Sr6": {
    "P": -2.0,
    "Sr": 2.0
  },
  "Ga1Mn1Rh2": null,
  "Be2Ta4": null,
  "F6Ga1K1Rb2": {
    "F": -1.0,
    "Ga": 3.0,
    "K": 1.0,
    "Rb": 1.0
  },
  "Pr1Sb1": {
    "Pr": 3.0,
    "Sb": -3.0
  },
  "Ac1Sr1Tl2": null,
  "B6Ca1": null,
  "Pm2Sn1Zn1": null,
  "Al1Pd2Ti1": null,
  "Ir2Li1V1": null,
  "Ac1Cr1O3": {
    "Ac": 3.0,
    "Cr": 3.0,
    "O": -2.0
  },
  "As1Li1Rh2": null,
  "Rh4Y2": null,
  "Au1Lu2Zn1": null,
  "Co2Hf1In1": null,
  "Be12Nb1": null,
  "K2Na2O14S4": {
    "K": 1.0,
    "Na": 1.0,
    "O": -2.0,
    "S": 6.0
  },
  "Br4Na4O12": {
    "Br": 5.0,
    "Na": 1.0,
    "O": -2.0
  },
  "Os2P2Sr1": {
    "Os": -2.0,
    "P": 1.0,
    "Sr": 2.0
  },
  "Hf1N2Zn1": {
    "Hf": 4.0,
    "N": -3.0,
    "Zn": 2.0
  },
  "O4Pb2Pd2": {
    "O": -2.0,
    "Pb": 2.0,
    "Pd": 2.0
  },
  "Ba6N2Sb2": {
    "Ba": 2.0,
    "N": -3.0,
    "Sb": -3.0
  },
  "Bi1Li1Pd2": null,
  "Hf1Rh2Yb1": null,
  "In2Se4Tl2": {
    "In": 3.0,
    "Se": -2.0,
    "Tl": 1.0
  },
  "Cu2O24P4Rb4V4": {
    "Cu": 2.0,
    "O": -2.0,
    "P": 5.0,
    "Rb": 1.0,
    "V": 5.0
  },
  "Dy1Mg3": null,
  "Ge2Ni2Th1": null,
  "Li1Ni2Sn1": null,
  "P2Ru2Tb1": null,
  "Ni2Pt2": {
    "Ni": 2.0,
    "Pt": -2.0
  },
  "Os4Se8": {
    "Os": 4.0,
    "Se": -2.0
  },
  "Pr1Re4Si2": null,
  "N16Zn24": {
    "N": -3.0,
    "Zn": 2.0
  },
  "C2Cs2Pt1": {
    "C": 0.0,
    "Cs": 1.0,
    "Pt": -2.0
  },
  "Co4O10Sr4": {
    "Co": 3.0,
    "O": -2.0,
    "Sr": 2.0
  },
  "Ag2Bi2Cl4S2": {
    "Ag": 1.0,
    "Bi": 3.0,
    "Cl": -1.0,
    "S": -2.0
  },
  "Au2Cu2": {
    "Au": -1.0,
    "Cu": 1.0
  },
  "Al4Ca4Pd4": null,
  "Au4Ba4": null,
  "Co2F4": {
    "Co": 2.0,
    "F": -1.0
  },
  "Al1C1Tb3": null,
  "In1Pr1": null,
  "Fe1I2": {
    "Fe": 2.0,
    "I": -1.0
  },
  "B12Bi4O24": {
    "B": 3.0,
    "Bi": 3.0,
    "O": -2.0
  },
  "B1Ce1Rh3": null,
  "In6Li26": null,
  "Ba2O8Pd4": {
    "Ba": 2.0,
    "O": -2.0,
    "Pd": 3.0
  },
  "Ni4Si4Ti4": {
    "Ni": 2.0,
    "Si": -4.0,
    "Ti": 2.0
  },
  "Ce1Ni2P2": {
    "Ce": 3.0,
    "Ni": 1.5,
    "P": -3.0
  },
  "Be2I4": {
    "Be": 2.0,
    "I": -1.0
  },
  "F4Sn1": {
    "F": -1.0,
    "Sn": 4.0
  },
  "H6O4Rb2": {
    "H": 1.0,
    "O": -2.0,
    "Rb": 1.0
  },
  "K2P4S12Sb2": {
    "K": 1.0,
    "P": 5.0,
    "S": -2.0,
    "Sb": 1.0
  },
  "Al12Mo4": null,
  "F6K1Mo1Tl2": {
    "F": -1.0,
    "K": 1.0,
    "Mo": 3.0,
    "Tl": 1.0
  },
  "Mg8Sr4": null,
  "Cr2Na4O8": {
    "Cr": 6.0,
    "Na": 1.0,
    "O": -2.0
  },
  "F7K3Mn2": {
    "F": -1.0,
    "K": 1.0,
    "Mn": 2.0
  },
  "Fe1K1O8S2": {
    "Fe": 3.0,
    "K": 1.0,
    "O": -2.0,
    "S": 6.0
  },
  "Ag2Dy1": null,
  "Ca4N8O24": {
    "Ca": 2.0,
    "N": 5.0,
    "O": -2.0
  },
  "Mo2Na4O8": {
    "Mo": 6.0,
    "Na": 1.0,
    "O": -2.0
  },
  "In1Li2Sn1": null,
  "Pb1Pd2Y1": null,
  "Fe1Ru2Si1": null,
  "Sn2Yb2": null,
  "Ga1Os2Ta1": null,
  "B12Pr4Re6": {
    "B": -2.5,
    "Pr": 3.0,
    "Re": 3.0
  },
  "Ni1O6Sr2Te1": {
    "Ni": 4.0,
    "O": -2.0,
    "Sr": 2.0,
    "Te": 4.0
  },
  "Ni4W1": null,
  "Ge4Mn4Zr4": null,
  "Co2Ga1Hf1": null,
  "Pd20Sb7": null,
  "Fe6Ge2Zr4": null,
  "Pd2Sn8": null,
  "Au4Na2": {
    "Au": -0.5,
    "Na": 1.0
  },
  "O12W1Y6": {
    "O": -2.0,
    "W": 6.0,
    "Y": 3.0
  },
  "Fe1Pt1": {
    "Fe": 2.0,
    "Pt": -2.0
  },
  "P4W4": {
    "P": -3.0,
    "W": 3.0
  },
  "Fe8Ti4": null,
  "Cs2Pd3Se4": {
    "Cs": 1.0,
    "Pd": 2.0,
    "Se": -2.0
  },
  "Ba2Cd2Ge2": null,
  "Ca2Ir2Sn4": null,
  "C1Mg1N2": {
    "C": 4.0,
    "Mg": 2.0,
    "N": -3.0
  },
  "C2Ni2O6": {
    "C": 4.0,
    "Ni": 2.0,
    "O": -2.0
  },
  "Er1Ni2Si2": {
    "Er": 3.0,
    "Ni": 2.5,
    "Si": -4.0
  },
  "Ba6N6Os2": {
    "Ba": 2.0,
    "N": -3.0,
    "Os": 3.0
  },
  "P2Se2Th2": {
    "P": -2.0,
    "Se": -2.0,
    "Th": 4.0
  },
  "F6Na1Rb2V1": {
    "F": -1.0,
    "Na": 1.0,
    "Rb": 1.0,
    "V": 3.0
  },
  "Ba2Mg1O6Re1": {
    "Ba": 2.0,
    "Mg": 2.0,
    "O": -2.0,
    "Re": 6.0
  },
  "Ge4N24Sr28": {
    "Ge": 4.0,
    "N": -3.0,
    "Sr": 2.0
  },
  "Ge2Ru2Sm2": null,
  "Mn1Ru2V1": null,
  "C2Co2Ho2": {
    "C": -4.0,
    "Co": 1.0,
    "Ho": 3.0
  },
  "Ge2Sr1": null,
  "Al1Mg1Pd2": null,
  "Ba6N6Ru2": {
    "Ba": 2.0,
    "N": -3.0,
    "Ru": 3.0
  },
  "B2Be2Li2": {
    "B": -3.0,
    "Be": 2.0,
    "Li": 1.0
  },
  "Bi2Li3Sm1": null,
  "Bi2Li3Pr1": null,
  "Au2Na1Pr1": null,
  "Ho1Li3Sb2": {
    "Ho": 3.0,
    "Li": 1.0,
    "Sb": -3.0
  },
  "Eu1Hf1O3": {
    "Eu": 2.0,
    "Hf": 4.0,
    "O": -2.0
  },
  "H4Zr4": null,
  "Cl6K2W1": {
    "Cl": -1.0,
    "K": 1.0,
    "W": 4.0
  },
  "B1Rh6Ti2": null,
  "Fe2Ho2Si2": null,
  "B6Sr1": null,
  "Ti1Zn1": null,
  "B4Tc2": {
    "B": 1.5,
    "Tc": -3.0
  },
  "Cd1Li3": null,
  "Li10N8Os2": {
    "Li": 1.0,
    "N": -3.0,
    "Os": 7.0
  },
  "Ge1Ir2Li1": null,
  "Li4N12Si8": {
    "Li": 1.0,
    "N": -3.0,
    "Si": 4.0
  },
  "Cu12Te12Tm4": {
    "Cu": 1.0,
    "Te": -2.0,
    "Tm": 3.0
  },
  "Fe4O12Sm4": {
    "Fe": 3.0,
    "O": -2.0,
    "Sm": 3.0
  },
  "Au2Sn8": null,
  "Li4O8W2": {
    "Li": 1.0,
    "O": -2.0,
    "W": 6.0
  },
  "Hf1Li1Pt2": null,
  "In2O8V2": {
    "In": 3.0,
    "O": -2.0,
    "V": 5.0
  },
  "Ga2Li2Te4": {
    "Ga": 3.0,
    "Li": 1.0,
    "Te": -2.0
  },
  "Cu2Ge1S4Zn1": {
    "Cu": 1.0,
    "Ge": 4.0,
    "S": -2.0,
    "Zn": 2.0
  },
  "Co9S8": {
    "Co": 1.7777777777777777,
    "S": -2.0
  },
  "Mn6P3": null,
  "Bi1La1Pt1": null,
  "Dy2Ni4": null,
  "Ga8Ti4": null,
  "B2Ce1Rh3": null,
  "Al2Li2Te4": {
    "Al": 3.0,
    "Li": 1.0,
    "Te": -2.0
  },
  "Ba12N48Nb24": {
    "Ba": 2.0,
    "N": -3.0,
    "Nb": 5.0
  },
  "Pr1Se1": null,
  "Ag1Al1Li2": null,
  "Ca2Cu2F8": {
    "Ca": 2.0,
    "Cu": 2.0,
    "F": -1.0
  },
  "F6Hg1Sn1": {
    "F": -1.0,
    "Hg": 2.0,
    "Sn": 4.0
  },
  "Mg2Ni8Y2": null,
  "C1Cd1N2": {
    "C": 4.0,
    "Cd": 2.0,
    "N": -3.0
  },
  "Al8Fe4Y1": null,
  "Fe6Re2": null,
  "H2Na1Pd3": null,
  "Be1Ga1Ir2": null,
  "Ac2Al6": null,
  "Pa3Te1": null,
  "Ho3In1": null,
  "Ac1Cu1O3": {
    "Ac": 3.0,
    "Cu": 3.0,
    "O": -2.0
  },
  "Mg2Sc4": null,
  "Ir6Mn2": null,
  "Cr1Pd3": null,
  "Co2Re6": null,
  "Pb1Pm3": null,
  "Ce3N6Ta2": {
    "Ce": 3.0,
    "N": -3.0,
    "Ta": 4.5
  },
  "Ru3Ta1": null,
  "Na2Sb2Sn2": {
    "Na": 1.0,
    "Sb": -3.0,
    "Sn": 2.0
  },
  "K2O5Rh2": {
    "K": 1.0,
    "O": -2.0,
    "Rh": 4.0
  },
  "Pt1Sn1Zr1": null,
  "Os1Ti1": {
    "Os": -2.0,
    "Ti": 2.0
  },
  "Hf1Os1": null,
  "Al1Co1": null,
  "Ag1Pr1": null,
  "Cu1Ho1": null,
  "Ir1Y1": null,
  "P1Pt1Y1": {
    "P": -1.0,
    "Pt": -2.0,
    "Y": 3.0
  },
  "Mg1Pm1": null,
  "Pt1Sb1Y1": {
    "Pt": -2.0,
    "Sb": -1.0,
    "Y": 3.0
  },
  "Tl2": null,
  "Cd1Y1": null,
  "Cu1Pd1": null,
  "Cd1Gd1": null,
  "C1Ti1": {
    "C": -4.0,
    "Ti": 4.0
  },
  "N2Ti2": {
    "N": -3.0,
    "Ti": 3.0
  },
  "Ir1Ti1": null,
  "S2Sn1": {
    "S": -2.0,
    "Sn": 4.0
  },
  "Co1Ti1": null,
  "Ho1Ni1Sb1": null,
  "Ni1Sn1Ti1": null,
  "Cu2Ga1Li1": null,
  "Br3Cs1Pd1": {
    "Br": -1.0,
    "Cs": 1.0,
    "Pd": 2.0
  },
  "Re1Ti1": null,
  "C2La1": {
    "C": -1.0,
    "La": 2.0
  },
  "Ir3Zr1": null,
  "Nd2Pd2": null,
  "Al1Co1Fe1Ti1": null,
  "Lu1Te2Tl1": {
    "Lu": 3.0,
    "Te": -2.0,
    "Tl": 1.0
  },
  "Ba2Br1N1": {
    "Ba": 2.0,
    "Br": -1.0,
    "N": -3.0
  },
  "C2Co1Th1": {
    "C": -3.0,
    "Co": 2.0,
    "Th": 4.0
  },
  "Pd3Sm1": null,
  "Cu2Te2": {
    "Cu": 2.0,
    "Te": -2.0
  },
  "Au2Ce2": null,
  "Nb1Ru1Sb1": null,
  "N1Tc3": {
    "N": -3.0,
    "Tc": 1.0
  },
  "Mo1Os1Ta2": null,
  "Ho1Pd3": null,
  "Nb2Pt2": {
    "Nb": 2.0,
    "Pt": -2.0
  },
  "Al1Zr3": null,
  "Ag2Li2": null,
  "Fe1Na1O2": {
    "Fe": 3.0,
    "Na": 1.0,
    "O": -2.0
  },
  "Bi2Ni2": null,
  "Ni2Zr2": null,
  "C2La1Ni1": {
    "C": -2.5,
    "La": 3.0,
    "Ni": 2.0
  },
  "Lu2Si2": null,
  "Hf1Rh3": null,
  "Pd2Zr2": null,
  "Au2Dy2": null,
  "B2Li2": null,
  "Rh3Zr1": null,
  "Fe2Si2Y1": {
    "Fe": 2.5,
    "Si": -4.0,
    "Y": 3.0
  },
  "F3K1Mg1": {
    "F": -1.0,
    "K": 1.0,
    "Mg": 2.0
  },
  "F3K1Ni1": {
    "F": -1.0,
    "K": 1.0,
    "Ni": 2.0
  },
  "Rb2Se1": {
    "Rb": 1.0,
    "Se": -2.0
  },
  "P2Yb1Zn2": {
    "P": -3.0,
    "Yb": 2.0,
    "Zn": 2.0
  },
  "As2Ca1Zn2": {
    "As": -3.0,
    "Ca": 2.0,
    "Zn": 2.0
  },
  "Cd2P2Sr1": {
    "Cd": 2.0,
    "P": -3.0,
    "Sr": 2.0
  },
  "Co2Si2Y1": {
    "Co": 2.5,
    "Si": -4.0,
    "Y": 3.0
  },
  "As2Pd2Sr1": {
    "As": -3.0,
    "Pd": 2.0,
    "Sr": 2.0
  },
  "C2Ir1U2": null,
  "As2Ca1Ni2": {
    "As": -3.0,
    "Ca": 2.0,
    "Ni": 2.0
  },
  "Er1Sb1": {
    "Er": 3.0,
    "Sb": -3.0
  },
  "Al3Ce1Pd2": null,
  "Mg2Si1": {
    "Mg": 2.0,
    "Si": -4.0
  },
  "Ba1Fe1O3": null,
  "Ag2Nd1": null,
  "Bi1N1Sr3": null,
  "Cr4N8Na4": {
    "Cr": 5.0,
    "N": -3.0,
    "Na": 1.0
  },
  "K2N2Pt2": {
    "K": 1.0,
    "N": -3.0,
    "Pt": 2.0
  },
  "Ge1Ru2V1": null,
  "O6Rb4Sn2": {
    "O": -2.0,
    "Rb": 1.0,
    "Sn": 4.0
  },
  "Ca8Cr4N12": {
    "Ca": 2.0,
    "Cr": 5.0,
    "N": -3.0
  },
  "Er1F6Na1Rb2": {
    "Er": 3.0,
    "F": -1.0,
    "Na": 1.0,
    "Rb": 1.0
  },
  "Ni4P12": {
    "Ni": 1.0,
    "P": -0.3333333333333333
  },
  "Ag5Ba1": null,
  "Be2Pd6": null,
  "Pd3Tl3Y3": null,
  "Re8Sc4": null,
  "As3Mn3Ru3": null,
  "B6Co2V2": {
    "B": -1.0,
    "Co": 1.0,
    "V": 2.0
  },
  "V1Zn3": null,
  "Sc4Zn8": null,
  "Ge2Na4Zn2": null,
  "P12Rh4": {
    "P": -1.0,
    "Rh": 3.0
  },
  "Ca12O4Si4": {
    "Ca": 2.0,
    "O": -2.0,
    "Si": -4.0
  },
  "Mg2Mo2N4": {
    "Mg": 2.0,
    "Mo": 4.0,
    "N": -3.0
  },
  "B4Re2Ti4": null,
  "F6Pb1Zn1": {
    "F": -1.0,
    "Pb": 4.0,
    "Zn": 2.0
  },
  "Ca1Ge2Ir2": null,
  "Ni4Y4": null,
  "Sb4Ta2": {
    "Sb": -2.5,
    "Ta": 5.0
  },
  "Ca4O1Sb2": {
    "Ca": 2.0,
    "O": -2.0,
    "Sb": -3.0
  },
  "Lu1Pt1Sb1": {
    "Lu": 3.0,
    "Pt": -2.0,
    "Sb": -1.0
  },
  "In2Te4Zn1": {
    "In": 3.0,
    "Te": -2.0,
    "Zn": 2.0
  },
  "Ru4S8": {
    "Ru": 4.0,
    "S": -2.0
  },
  "Cu2Th1": null,
  "Se4Ti5": null,
  "Ca3N1P1": {
    "Ca": 2.0,
    "N": -3.0,
    "P": -3.0
  },
  "Gd1Pt1Sb1": {
    "Gd": 3.0,
    "Pt": -2.0,
    "Sb": -1.0
  },
  "C1Co3Sc1": null,
  "F6Sn1Zn1": {
    "F": -1.0,
    "Sn": 4.0,
    "Zn": 2.0
  },
  "H1Se1Y1": {
    "H": -1.0,
    "Se": -2.0,
    "Y": 3.0
  },
  "Rh3Th1": null,
  "Ba1Ni1Sn3": null,
  "Ba2Sn4Zn4": null,
  "F6Hf1Rb2": {
    "F": -1.0,
    "Hf": 4.0,
    "Rb": 1.0
  },
  "F6Rb2Zr1": {
    "F": -1.0,
    "Rb": 1.0,
    "Zr": 4.0
  },
  "Au2Se2": {
    "Au": 2.0,
    "Se": -2.0
  },
  "Be4Ca2N4": {
    "Be": 2.0,
    "Ca": 2.0,
    "N": -3.0
  },
  "Hf2Si2Te2": null,
  "Ge2Hf2Te2": null,
  "Al9Ba1Fe2": null,
  "Rh3Sn3Tm3": null,
  "Au2Li2Sn2": null,
  "Co2Ga1Nb1": null,
  "Al4Ho2Ni2": null,
  "Ho1Mg1": null,
  "Cu2K4Sb2": {
    "Cu": 1.0,
    "K": 1.0,
    "Sb": -3.0
  },
  "Al4Ni2Tm2": null,
  "Al3Si2Tm2": null,
  "Al12Re2": null,
  "Tc1V1": {
    "Tc": -3.0,
    "V": 3.0
  },
  "Au2Ho1": null,
  "Ag1In1Lu2": null,
  "Pd1Yb1": null,
  "Nd16O24": {
    "Nd": 3.0,
    "O": -2.0
  },
  "Cr1Ir3": null,
  "Au5Rb1": {
    "Au": -0.2,
    "Rb": 1.0
  },
  "K1P2Rh2": null,
  "Be1Ge1Ru2": null,
  "Cu2La1": null,
  "Al1Ho2Si2": null,
  "Mn1V1": null,
  "Cu2Er2Pb2": null,
  "Cu2F4": {
    "Cu": 2.0,
    "F": -1.0
  },
  "Bi2Ho6Mn1": null,
  "P1Te2Zr2": {
    "P": -3.0,
    "Te": -2.0,
    "Zr": 3.5
  },
  "Be8Mo4": null,
  "C1Sm3Tl1": null,
  "Ga4Pd8": null,
  "In1Pd2Sc1": null,
  "Bi1Ni1Tm1": null,
  "B2Ca1O6Sn1": {
    "B": 3.0,
    "Ca": 2.0,
    "O": -2.0,
    "Sn": 4.0
  },
  "Ca2Cd4": null,
  "Ba2O6Ta1Y1": {
    "Ba": 2.0,
    "O": -2.0,
    "Ta": 5.0,
    "Y": 3.0
  },
  "Al2Ba3Ge2": null,
  "Hf1Ru1": null,
  "C1Ru3Zr1": null,
  "Ca1Cd1": null,
  "Co1Ge3Nd1": null,
  "Al1Ir1": null,
  "P1Te2Ti2": {
    "P": -3.0,
    "Te": -2.0,
    "Ti": 3.5
  },
  "Ni5Sm1": null,
  "C1Dy2": null,
  "Cr1Rh3": null,
  "Er1Rb1Se2": {
    "Er": 3.0,
    "Rb": 1.0,
    "Se": -2.0
  },
  "Lu1Rb1Se2": {
    "Lu": 3.0,
    "Rb": 1.0,
    "Se": -2.0
  },
  "Ba1Pd5": null,
  "Co1Sc1": null,
  "Al2Pt1": null,
  "Au4Ti1": {
    "Au": -1.0,
    "Ti": 4.0
  },
  "Fe2Ni2": null,
  "B4C4Pr2": {
    "B": 1.5,
    "C": -3.0,
    "Pr": 3.0
  },
  "B4C4Er2": {
    "B": 1.5,
    "C": -3.0,
    "Er": 3.0
  },
  "Be17Ti2": null,
  "Al1Ni1": null,
  "Mo6Sb14": {
    "Mo": 6.0,
    "Sb": -2.5714285714285716
  },
  "Nd2Sn4": null,
  "Ni3Pr3Zn3": null,
  "Au2Ca2": null,
  "Au2Sc1": {
    "Au": -1.0,
    "Sc": 2.0
  },
  "Au2Be1": {
    "Au": -1.0,
    "Be": 2.0
  },
  "Mg3Sb2": {
    "Mg": 2.0,
    "Sb": -3.0
  },
  "P6Rb4": {
    "P": -0.6666666666666666,
    "Rb": 1.0
  },
  "Cd2Dy1": null,
  "H6Ru1Sr2": {
    "H": -1.0,
    "Ru": 2.0,
    "Sr": 2.0
  },
  "Ni5Pr1": null,
  "Cu2Ge1Hg1Se4": {
    "Cu": 1.0,
    "Ge": 4.0,
    "Hg": 2.0,
    "Se": -2.0
  },
  "Ca1Cs2F4": {
    "Ca": 2.0,
    "Cs": 1.0,
    "F": -1.0
  },
  "Ru4Se8": {
    "Ru": 4.0,
    "Se": -2.0
  },
  "P8Zr4": {
    "P": -1.0,
    "Zr": 2.0
  },
  "Fe5Th1": null,
  "Al4Ce2": null,
  "Cu4Ge2S6": {
    "Cu": 1.0,
    "Ge": 4.0,
    "S": -2.0
  },
  "Ba1Ir2P2": null,
  "O2Sr1": null,
  "Fe1Sb2Zr6": null,
  "Ce1N2Sr1": {
    "Ce": 4.0,
    "N": -3.0,
    "Sr": 2.0
  },
  "B4V6": {
    "B": -3.0,
    "V": 2.0
  },
  "Al4Y8": null,
  "Ag2Zr2": null,
  "Er12S18": {
    "Er": 3.0,
    "S": -2.0
  },
  "Al6Th2": null,
  "Au1Sc1": null,
  "Ac2Br6": {
    "Ac": 3.0,
    "Br": -1.0
  },
  "Ir1Sc1": null,
  "Tl3Y1": null,
  "Ca1Sn3": null,
  "Ce1Pd2Zn3": null,
  "Ho1Pt3": null,
  "As6Rb4": {
    "As": -0.6666666666666666,
    "Rb": 1.0
  },
  "Cu2Sn2Y2": null,
  "Cu4In1Sc1": null,
  "Ga4Pd2Tm2": null,
  "Cu5Nd1": null,
  "Ga4Ni2Y2": null,
  "Hg1Nd1": null,
  "C1Y2": null,
  "Ir6Mo2": null,
  "Al18Co6Y4": null,
  "Mg2Ni3Si1": null,
  "Hg1Te1": {
    "Hg": 2.0,
    "Te": -2.0
  },
  "Nb1Ru3": null,
  "Al1Co2Dy2": null,
  "Ge3Li3Nd3": null,
  "Cu4Se6Si2": {
    "Cu": 1.0,
    "Se": -2.0,
    "Si": 4.0
  },
  "Al8Li40O32": {
    "Al": 3.0,
    "Li": 1.0,
    "O": -2.0
  },
  "Ru1Ta1": null,
  "B2Ho1": null,
  "B2Er1": null,
  "F24U4": {
    "F": -1.0,
    "U": 6.0
  },
  "Cu5Pr1": null,
  "Ir2V6": null,
  "Te4Zr12": null,
  "Ga2Ti2": null,
  "Cl6Hf1Te4": {
    "Cl": -1.0,
    "Hf": 4.0,
    "Te": 0.5
  },
  "Fe4P4Zr4": null,
  "O8P2Sc2": {
    "O": -2.0,
    "P": 5.0,
    "Sc": 3.0
  },
  "Ag2Ge2Nd1": null,
  "Dy1Pd2Si2": null,
  "F24Os4": {
    "F": -1.0,
    "Os": 6.0
  },
  "P1Pt1Sm1": {
    "P": -1.0,
    "Pt": -2.0,
    "Sm": 3.0
  },
  "Nd3Pd3Tl3": null,
  "Pb3Pr1": null,
  "Mn4Ni4Si4": {
    "Mn": 2.0,
    "Ni": 2.0,
    "Si": -4.0
  },
  "Ca1Co2Ge2": null,
  "Na2Pd6Si4": {
    "Na": 1.0,
    "Pd": 2.3333333333333335,
    "Si": -4.0
  },
  "K2Ni1O2": {
    "K": 1.0,
    "Ni": 2.0,
    "O": -2.0
  },
  "As2Co1O6": {
    "As": 5.0,
    "Co": 2.0,
    "O": -2.0
  },
  "In1La3N1": null,
  "Ce2Cu2Sn2": null,
  "I2N2Th2": {
    "I": -1.0,
    "N": -3.0,
    "Th": 4.0
  },
  "Nb1Ru1": null,
  "C4Sn2Ti6": {
    "C": -4.0,
    "Sn": 2.0,
    "Ti": 2.0
  },
  "Cd2S8Tm4": {
    "Cd": 2.0,
    "S": -2.0,
    "Tm": 3.0
  },
  "In1Li2Pt1": null,
  "Ca2In4Pt2": null,
  "Cr4P4": {
    "Cr": 3.0,
    "P": -3.0
  },
  "Pa1Rh3": null,
  "Pd1Sn3Sr1": null,
  "As2Cd1K4": {
    "As": -3.0,
    "Cd": 2.0,
    "K": 1.0
  },
  "In3La1": null,
  "Cl6Pd1Rb2": {
    "Cl": -1.0,
    "Pd": 4.0,
    "Rb": 1.0
  },
  "Al1C1Y3": null,
  "Rh4Sn4": null,
  "Pt3Sm1": {
    "Pt": -0.6666666666666666,
    "Sm": 2.0
  },
  "Pt3Sn3Yb3": null,
  "K1O2Pr1": {
    "K": 1.0,
    "O": -2.0,
    "Pr": 3.0
  },
  "Be1Se1": {
    "Be": 2.0,
    "Se": -2.0
  },
  "As8Hf4": {
    "As": -2.0,
    "Hf": 4.0
  },
  "In3Tm1": null,
  "Se12Ta4": {
    "Se": -1.5,
    "Ta": 4.5
  },
  "Ga3La1Pd2": null,
  "Nb2Pb2S4": {
    "Nb": 2.0,
    "Pb": 2.0,
    "S": -2.0
  },
  "C2Sn2Zr4": null,
  "Cl12Sb4": {
    "Cl": -1.0,
    "Sb": 3.0
  },
  "Se2Si2Zr2": {
    "Se": -2.0,
    "Si": 0.0,
    "Zr": 2.0
  },
  "Pd2Si2Yb1": {
    "Pd": 3.0,
    "Si": -4.0,
    "Yb": 2.0
  },
  "Cd1Cl2": {
    "Cd": 2.0,
    "Cl": -1.0
  },
  "Cu4K4S4": {
    "Cu": 1.0,
    "K": 1.0,
    "S": -2.0
  },
  "Co8Na4O16": {
    "Co": 3.5,
    "Na": 1.0,
    "O": -2.0
  },
  "Cl6Rb2Ti2": {
    "Cl": -1.0,
    "Rb": 1.0,
    "Ti": 2.0
  },
  "Au2In1Sc1": null,
  "Ge2Ru2Sr1": null,
  "Cu5Tm1": null,
  "Ir4Nb4Si4": null,
  "Cl6K2Re1": {
    "Cl": -1.0,
    "K": 1.0,
    "Re": 4.0
  },
  "I8Pt4": {
    "I": -1.0,
    "Pt": 2.0
  },
  "Br6Cs2V2": {
    "Br": -1.0,
    "Cs": 1.0,
    "V": 2.0
  },
  "Ba1Ga4": null,
  "Fe3Sn3": null,
  "Ho1Pt1Sb1": {
    "Ho": 3.0,
    "Pt": -2.0,
    "Sb": -1.0
  },
  "Ca4F2N2": {
    "Ca": 2.0,
    "F": -1.0,
    "N": -3.0
  },
  "Ce1Os2Si2": {
    "Ce": 3.0,
    "Os": -1.5,
    "Si": 0.0
  },
  "Al1Ru2Ta1": null,
  "Br6Cs2Mg2": {
    "Br": -1.0,
    "Cs": 1.0,
    "Mg": 2.0
  },
  "Br6K2Re1": {
    "Br": -1.0,
    "K": 1.0,
    "Re": 4.0
  },
  "O16Rb8S4": {
    "O": -2.0,
    "Rb": 1.0,
    "S": 6.0
  },
  "Br2F2Sr2": {
    "Br": -1.0,
    "F": -1.0,
    "Sr": 2.0
  },
  "Ca16Ge8N16": {
    "Ca": 2.0,
    "Ge": 2.0,
    "N": -3.0
  },
  "Na2P2Zn2": {
    "Na": 1.0,
    "P": -3.0,
    "Zn": 2.0
  },
  "F2I2Sr2": {
    "F": -1.0,
    "I": -1.0,
    "Sr": 2.0
  },
  "Al4S8Zn2": {
    "Al": 3.0,
    "S": -2.0,
    "Zn": 2.0
  },
  "As2Cu2Sr1": {
    "As": -3.0,
    "Cu": 2.0,
    "Sr": 2.0
  },
  "Br12Ga4": {
    "Br": -1.0,
    "Ga": 3.0
  },
  "Ce2O2P2Ru2": {
    "Ce": 3.0,
    "O": -2.0,
    "P": -3.0,
    "Ru": 2.0
  },
  "Ge2Se2Zr2": null,
  "Ag5Cl2P1S4": {
    "Ag": 1.0,
    "Cl": -1.0,
    "P": 5.0,
    "S": -2.0
  },
  "Si2Te2Zr2": {
    "Si": 0.0,
    "Te": -2.0,
    "Zr": 2.0
  },
  "Pr1Ru2Si2": {
    "Pr": 3.0,
    "Ru": 2.5,
    "Si": -4.0
  },
  "Co2Ge2Y1": null,
  "Ce3Mg3Pt3": null,
  "Cl2O4Pb2Sb2": {
    "Cl": -1.0,
    "O": -2.0,
    "Pb": 2.0,
    "Sb": 3.0
  },
  "K1O3Ta1": {
    "K": 1.0,
    "O": -2.0,
    "Ta": 5.0
  },
  "Cl4Pd1Rb2": {
    "Cl": -1.0,
    "Pd": 2.0,
    "Rb": 1.0
  },
  "Cs2Ni1O2": {
    "Cs": 1.0,
    "Ni": 2.0,
    "O": -2.0
  },
  "Ca1Cu5": null,
  "P4V2": {
    "P": -1.0,
    "V": 2.0
  },
  "B2C1Ni2U1": {
    "B": -3.0,
    "C": -4.0,
    "Ni": 2.0,
    "U": 6.0
  },
  "Mo2Te4": {
    "Mo": 4.0,
    "Te": -2.0
  },
  "Au2Pb4": null,
  "Al1Ba1Si1": null,
  "Fe4Y2": null,
  "H2Ho1": null,
  "Bi2Cl2O2": {
    "Bi": 3.0,
    "Cl": -1.0,
    "O": -2.0
  },
  "Ge4Hf2": null,
  "Er2Ni4": null,
  "Fe2P4": {
    "Fe": 2.0,
    "P": -1.0
  },
  "As2Ti2Zr2": null,
  "Fe4Tb2": null,
  "Er2Fe4": null,
  "Rh2V1Zn1": null,
  "Cd1P1Pt5": {
    "Cd": 2.0,
    "P": -3.0,
    "Pt": 0.2
  },
  "N4Th3": {
    "N": -3.0,
    "Th": 4.0
  },
  "Al3Zr4": null,
  "C1Fe2Si2Y2": {
    "C": -4.0,
    "Fe": 3.0,
    "Si": -4.0,
    "Y": 3.0
  },
  "Cu1Nd2O4": {
    "Cu": 2.0,
    "Nd": 3.0,
    "O": -2.0
  },
  "C3Cr2Dy2": {
    "C": -4.0,
    "Cr": 3.0,
    "Dy": 3.0
  },
  "As1Ga1Pd5": null,
  "Ir1Pd1Y2": null,
  "Ba1O3Sn1": {
    "Ba": 2.0,
    "O": -2.0,
    "Sn": 4.0
  },
  "Ga4V2Zr1": null,
  "Ga1P1Pt5": {
    "Ga": 3.0,
    "P": -3.0,
    "Pt": 0.0
  },
  "Co3S2Sn2": null,
  "Er1Ga4Ti2": null,
  "B2O6Sc2": {
    "B": 3.0,
    "O": -2.0,
    "Sc": 3.0
  },
  "Hf2S6": {
    "Hf": 4.0,
    "S": -1.3333333333333333
  },
  "Pt4Si4": {
    "Pt": -2.0,
    "Si": 2.0
  },
  "C1U1": {
    "C": -4.0,
    "U": 4.0
  },
  "Eu1Te1": {
    "Eu": 2.0,
    "Te": -2.0
  },
  "Al2Pd1Ru1": null,
  "Al3Ni3Zr3": null,
  "As1Li1Zn1": {
    "As": -3.0,
    "Li": 1.0,
    "Zn": 2.0
  },
  "Hf1Ru2Tm1": null,
  "Hg6Tb2": null,
  "Mn1Os1Ti2": null,
  "Ge4Mg2Y4": null,
  "Cu2In2Se4": {
    "Cu": 1.0,
    "In": 3.0,
    "Se": -2.0
  },
  "Bi2I6": {
    "Bi": 3.0,
    "I": -1.0
  },
  "Mo1Ru1Ta2": null,
  "Cd2Y1": null,
  "Er1Ni2P2": {
    "Er": 3.0,
    "Ni": 1.5,
    "P": -3.0
  },
  "Fe2Rb2S4": {
    "Fe": 3.0,
    "Rb": 1.0,
    "S": -2.0
  },
  "Ga6Zr4": null,
  "Au2Na1Pm1": null,
  "Er1Ga4V2": null,
  "C4Ce2Co2": {
    "C": -2.5,
    "Ce": 3.0,
    "Co": 2.0
  },
  "Fe2Zr6": null,
  "Mg2Na4Sn2": null,
  "B2Ta1": null,
  "Al1Ni2Zr1": null,
  "Al1Cu2Ti1": null,
  "In1Ir2Sc1": null,
  "Ho2In1Zn1": null,
  "Ge1Li1Pd2": null,
  "Li1Os1Zr2": null,
  "Ir4Pr2": null,
  "Al1Ni2Ti1": null,
  "In1Li2Nd1": null,
  "K2N6": {
    "K": 1.0,
    "N": -0.3333333333333333
  },
  "N1Tb1": {
    "N": -3.0,
    "Tb": 3.0
  },
  "Au2La1Pb1": null,
  "Ga3Ta1": null,
  "F8Na3Pa1": {
    "F": -1.0,
    "Na": 1.0,
    "Pa": 5.0
  },
  "Ge4Ni4Sc4": null,
  "Ge4Hf4Pt4": null,
  "Li1Pt1Sc2": null,
  "Mn8Ti4": null,
  "Ir2N6Sr6": {
    "Ir": 3.0,
    "N": -3.0,
    "Sr": 2.0
  },
  "Mg2P8": {
    "Mg": 2.0,
    "P": -0.5
  },
  "F8Sn4": {
    "F": -1.0,
    "Sn": 2.0
  },
  "In3Pt3Y3": null,
  "Ce1Li2P2": {
    "Ce": 4.0,
    "Li": 1.0,
    "P": -3.0
  },
  "Cd1In1Lu2": null,
  "F6Na1Rb2Rh1": {
    "F": -1.0,
    "Na": 1.0,
    "Rb": 1.0,
    "Rh": 3.0
  },
  "Ca1Dy1Hg2": null,
  "Ni4Tb2": null,
  "Al8Mn4Sc1": null,
  "Er1Ho1Zn2": null,
  "Ac2Si1Zn1": null,
  "Be2Cu1Ir1": null,
  "Ru2Sc1Sn1": null,
  "Ag6Ca10": null,
  "Li1Pt1Zn2": null,
  "Br6Cs2Ti2": {
    "Br": -1.0,
    "Cs": 1.0,
    "Ti": 2.0
  },
  "C8N16Zn8": {
    "C": 4.0,
    "N": -3.0,
    "Zn": 2.0
  },
  "Pd2V1": null,
  "Co2Si2Zr1": {
    "Co": 2.0,
    "Si": -4.0,
    "Zr": 4.0
  },
  "Cr2N6Sr6": {
    "Cr": 3.0,
    "N": -3.0,
    "Sr": 2.0
  },
  "Cu2Sc1Si2": {
    "Cu": 2.5,
    "Sc": 3.0,
    "Si": -4.0
  },
  "F6Pd1Rb2": {
    "F": -1.0,
    "Pd": 4.0,
    "Rb": 1.0
  },
  "Hf1Ni2Si2": {
    "Hf": 4.0,
    "Ni": 2.0,
    "Si": -4.0
  },
  "B16La4": {
    "B": -0.75,
    "La": 3.0
  },
  "Ca10F2O24P6": {
    "Ca": 2.0,
    "F": -1.0,
    "O": -2.0,
    "P": 5.0
  },
  "N12Nb4Sr8": {
    "N": -3.0,
    "Nb": 5.0,
    "Sr": 2.0
  },
  "B14Li6O24": {
    "B": 3.0,
    "Li": 1.0,
    "O": -2.0
  },
  "As64Zn96": {
    "As": -3.0,
    "Zn": 2.0
  },
  "Ba4N16Si10": {
    "Ba": 2.0,
    "N": -3.0,
    "Si": 4.0
  },
  "Hf1Tc2W1": {
    "Hf": 4.0,
    "Tc": -3.0,
    "W": 2.0
  },
  "Al2Ir1Ru1": null,
  "Al2As4K4Na2": {
    "Al": 3.0,
    "As": -3.0,
    "K": 1.0,
    "Na": 1.0
  },
  "Ga1Ir2Zn1": null,
  "Ga2Te5": {
    "Ga": 2.0,
    "Te": -0.8
  },
  "Ba9Nb10O30": {
    "Ba": 2.0,
    "Nb": 4.2,
    "O": -2.0
  },
  "As1Ba1Li1": {
    "As": -3.0,
    "Ba": 2.0,
    "Li": 1.0
  },
  "Ir2Li1Nb1": null,
  "In2Pt4Y2": {
    "In": 1.0,
    "Pt": -2.0,
    "Y": 3.0
  },
  "Ba2Ge2": null,
  "Al1": null,
  "Ca1Cd3O4": {
    "Ca": 2.0,
    "Cd": 2.0,
    "O": -2.0
  },
  "Hf1Mn6Sn6": null,
  "Y2": null,
  "Zr2": null,
  "As4Rb4Si2": {
    "As": -3.0,
    "Rb": 1.0,
    "Si": 4.0
  },
  "Ag2Te4Y2": {
    "Ag": 1.0,
    "Te": -2.0,
    "Y": 3.0
  },
  "Dy2Rh4": null,
  "Hf2W4": null,
  "Cs4Cu4Se16": {
    "Cs": 1.0,
    "Cu": 2.0,
    "Se": -0.75
  },
  "H2Pr1": null,
  "Cu2In1Lu1": null,
  "Ir1Li1Tb2": null,
  "Au1Pm2Sn1": null,
  "Ag1Cu4Tm1": null,
  "Ho1In2Nd1": null,
  "Al1Ir2Mn1": null,
  "Hg1Pb1Yb2": null,
  "In2Li1Rh1": null,
  "Mg1Rh2Sn1": null,
  "I1K3O1": {
    "I": -1.0,
    "K": 1.0,
    "O": -2.0
  },
  "Co2Mn1Ti1": null,
  "Al2Co1Ir1": null,
  "Hf1Li1Pd2": null,
  "Nd1Se1": {
    "Nd": 2.0,
    "Se": -2.0
  },
  "Cd1Li1Pd2": null,
  "Au2Pa1Sn1": null,
  "Fe2Ga1V1": null,
  "Be2Cu1Pt1": null,
  "Hf2Ir1Mo1": null,
  "Li1Pd1Zn2": null,
  "Ag1Pm2Sn1": null,
  "Al4Lu2": null,
  "As1Pa1": {
    "As": -3.0,
    "Pa": 3.0
  },
  "Ca1Cd2Sm1": null,
  "Hg2Li1Y1": null,
  "Re4Si4": {
    "Re": 4.0,
    "Si": -4.0
  },
  "Ga1Rh2Sc1": null,
  "F1Na1": {
    "F": -1.0,
    "Na": 1.0
  },
  "N1Np1": {
    "N": -3.0,
    "Np": 3.0
  },
  "Cd1Dy2Tl1": null,
  "Ir2Mn1Zn1": null,
  "Be1Co2V1": null,
  "Fe2Ga1Ti1": null,
  "Li1Ru1Y2": null,
  "F6Tc1": {
    "F": -1.0,
    "Tc": 6.0
  },
  "K2O1": {
    "K": 1.0,
    "O": -2.0
  },
  "Nb1Ta1Tc2": {
    "Nb": 2.0,
    "Ta": 4.0,
    "Tc": -3.0
  },
  "Ca1Li2Sn1": null,
  "Re1Ru1V2": null,
  "Ir1Ru1Sc2": null,
  "Bi1Li2Tl1": null,
  "N2U1": {
    "N": -3.0,
    "U": 6.0
  },
  "Ag1Au2Pm1": null,
  "Ga2Pt1": null,
  "Al2Cd1Te4": {
    "Al": 3.0,
    "Cd": 2.0,
    "Te": -2.0
  },
  "F8Pd2": {
    "F": -1.0,
    "Pd": 4.0
  },
  "Ag2Mg1Y1": null,
  "Be2Ir1Ni1": null,
  "Hf1Tc2Zr1": {
    "Hf": 4.0,
    "Tc": -3.0,
    "Zr": 2.0
  },
  "Lu1Ru2Sn1": null,
  "Au1Mg2Pd1": null,
  "Re2Ti1V1": null,
  "Au1Be2Ru1": null,
  "Li1Mg2Pd1": null,
  "Dy1In2Sm1": null,
  "Mn1Rh2Sc1": null,
  "F2Sr1": {
    "F": -1.0,
    "Sr": 2.0
  },
  "Au2In1Sm1": null,
  "Lu1Ru2Zr1": null,
  "Hf1Ir2Yb1": null,
  "Li1Ni2Si1": {
    "Li": 1.0,
    "Ni": 1.5,
    "Si": -4.0
  },
  "Mn1Rh2Zn1": null,
  "Cu2In1Sc1": null,
  "Ir1Li1Zn2": null,
  "Dy1Se1": null,
  "Er1Ga1Rh2": null,
  "Li1Os1Pr2": null,
  "Cl1Tl1": {
    "Cl": -1.0,
    "Tl": 1.0
  },
  "Fe1Ir1Ti2": null,
  "In1Mg1Rh2": null,
  "Re2Ta1Ti1": null,
  "Eu1F2": {
    "Eu": 2.0,
    "F": -1.0
  },
  "Ca1S1": {
    "Ca": 2.0,
    "S": -2.0
  },
  "N1Y1": {
    "N": -3.0,
    "Y": 3.0
  },
  "Ir4Sr2": null,
  "Ca1Pd2Pm1": null,
  "Au2Mn1": {
    "Au": -1.0,
    "Mn": 2.0
  },
  "Cd1Pm1Rh2": null,
  "Ru2Ta1Yb1": null,
  "Sb1Tb1": {
    "Sb": -3.0,
    "Tb": 3.0
  },
  "Hg2Sm1Tm1": null,
  "Ga2Li2": null,
  "Se1Th1": null,
  "Hg2Ho1Mg1": null,
  "Mg2Pb1Tl1": null,
  "In1Rh2Y1": null,
  "Ru2Sn1Ti1": null,
  "Be2Pt1Rh1": null,
  "Ac1Au2Sn1": null,
  "Hg2Na1Pm1": null,
  "Ag1Lu2Zn1": null,
  "Lu1Ru2Sb1": null,
  "Co1Tc1Zr2": null,
  "Cr1Tc1V2": null,
  "Hg1In1Pm2": null,
  "Hf1Ir2Mg1": null,
  "Pd1Re1Ti2": null,
  "Lu1Ru2Ta1": null,
  "In2Pt1": {
    "In": 1.0,
    "Pt": -2.0
  },
  "Ru2Ta1Zn1": null,
  "Al2Li1Rh1": null,
  "Ag2Al1Pm1": null,
  "Li1Pm2Rh1": null,
  "Ag1Ir1Sm2": null,
  "Hg2Li1Pm1": null,
  "Pt4Tb2": {
    "Pt": -2.0,
    "Tb": 4.0
  },
  "Dy1P1": {
    "Dy": 3.0,
    "P": -3.0
  },
  "Pr2Rh4": null,
  "Mg1Rh2Sc1": null,
  "Ac2Ge1Hg1": null,
  "Au2Pm1Yb1": null,
  "Li1Rh1Sc2": null,
  "Ga1Ru1Sc2": null,
  "Li1Rh2Si1": null,
  "Ce1S1": null,
  "Al1Ni2Sc1": null,
  "F1Li1": {
    "F": -1.0,
    "Li": 1.0
  },
  "Mn1Rh2Ti1": null,
  "Ir1Sc2Zn1": null,
  "Ir4Yb2": null,
  "Ga1Tc2V1": {
    "Ga": 3.0,
    "Tc": -3.0,
    "V": 3.0
  },
  "Be1Li1Pt2": null,
  "Hf4La4O14": {
    "Hf": 4.0,
    "La": 3.0,
    "O": -2.0
  },
  "Sb1Y1": {
    "Sb": -3.0,
    "Y": 3.0
  },
  "Au2Li1Sc1": null,
  "Al1Ir2Sc1": null,
  "Dy2Ga1Zn1": null,
  "Au1Ir1Pm2": null,
  "Sb2Ta6": null,
  "Au1Bi1Yb2": null,
  "Ni2Pa1Sn1": null,
  "Er1S1": null,
  "Cd3Pr1": null,
  "Hg2Nd1Sm1": null,
  "H3La1": {
    "H": -1.0,
    "La": 3.0
  },
  "Ga2Li1Ni1": null,
  "Ac2Na1Sn1": null,
  "Au2Sn1Tb1": null,
  "Co1Si2": null,
  "Ni3V1": null,
  "Be1Ni2Si1": {
    "Be": 2.0,
    "Ni": 1.0,
    "Si": -4.0
  },
  "Hg2Pm1Sm1": null,
  "Pm2Si1Zn1": null,
  "Au2Na1Sm1": null,
  "Ir2Mg1Zr1": null,
  "Nb3Ru1": null,
  "Ba1Hg2Pb1": null,
  "Co2Ta1Zn1": null,
  "Ac1Cd2Mg1": null,
  "Ru1Tc1V2": null,
  "H1Na1": {
    "H": -1.0,
    "Na": 1.0
  },
  "Pr1S1": null,
  "Hg1Pm2Si1": null,
  "Ir1Ru1Sm2": null,
  "F6S1": {
    "F": -1.0,
    "S": 6.0
  },
  "Hg2Mg1Nd1": null,
  "Hf48N16Zn48": null,
  "Au2Mg1Zn1": null,
  "In1Ni4Tm1": null,
  "Mn1Rh2Si1": null,
  "Al1Mg1Nd2": null,
  "Al1Co2Fe1": null,
  "Ac2Ir1Pd1": null,
  "Os2Sc1Ta1": null,
  "Ga2Ir1Li1": null,
  "N1Tm1": {
    "N": -3.0,
    "Tm": 3.0
  },
  "Au2Zr6": null,
  "Cd1Mg1Sc2": null,
  "Mn2Ta1Ti1": null,
  "Bi1Sm1": null,
  "Ag1Li2Pd1": null,
  "H2Nd1": {
    "H": -1.0,
    "Nd": 2.0
  },
  "Ir1Tc1Ti2": null,
  "Cd2Pr1Yb1": null,
  "Al1Cr1Mn2": null,
  "Ir1Li1Sm2": null,
  "Ba1Fe1H8Mg2": {
    "Ba": 2.0,
    "Fe": 2.0,
    "H": -1.0,
    "Mg": 2.0
  },
  "Co3Sn3Zr3": null,
  "Cs2Na2S2": {
    "Cs": 1.0,
    "Na": 1.0,
    "S": -2.0
  },
  "Cd1O6Sb2": {
    "Cd": 2.0,
    "O": -2.0,
    "Sb": 5.0
  },
  "F8Sr2Zn2": {
    "F": -1.0,
    "Sr": 2.0,
    "Zn": 2.0
  },
  "Cd1Tl1Tm2": null,
  "Nb2O8Tb2": {
    "Nb": 5.0,
    "O": -2.0,
    "Tb": 3.0
  },
  "O4Sr1U1": {
    "O": -2.0,
    "Sr": 2.0,
    "U": 6.0
  },
  "In2Nb2O8": {
    "In": 3.0,
    "Nb": 5.0,
    "O": -2.0
  },
  "Hf1Zn1": null,
  "Cd3Ce1": null,
  "Ag6O8P2": {
    "Ag": 1.0,
    "O": -2.0,
    "P": 5.0
  },
  "Cr1F6K1Rb2": {
    "Cr": 3.0,
    "F": -1.0,
    "K": 1.0,
    "Rb": 1.0
  },
  "Ba1Mn2O5Y1": {
    "Ba": 2.0,
    "Mn": 2.5,
    "O": -2.0,
    "Y": 3.0
  },
  "P4V8": null,
  "In3Mg1Sr1": null,
  "Mn3N1Pt1": null,
  "Al2Dy2Zn2": null,
  "Au2Ca1Na1": null,
  "Rh8Si10": {
    "Rh": 3.0,
    "Si": -2.4
  },
  "Er1In2Li1": null,
  "Fe6P3": null,
  "Pd3Tl1": null,
  "Ce3Ga1": null,
  "Cu1Ir1Y2": null,
  "Ba2Sb4": {
    "Ba": 2.0,
    "Sb": -1.0
  },
  "Au3Pd1": null,
  "Ni3Pt1": null,
  "Fe6Sn4": null,
  "F3Mg1Rb1": {
    "F": -1.0,
    "Mg": 2.0,
    "Rb": 1.0
  },
  "Pt1Rh3": null,
  "Mn2O8Se2": {
    "Mn": 7.0,
    "O": -2.0,
    "Se": 1.0
  },
  "Ag1Ru1Sm2": null,
  "Cu1Li2Sb1": {
    "Cu": 1.0,
    "Li": 1.0,
    "Sb": -3.0
  },
  "Cu2O2Se2Sm2": {
    "Cu": 1.0,
    "O": -2.0,
    "Se": -2.0,
    "Sm": 3.0
  },
  "Al2Hf2": null,
  "Mg2Pr1Y1": null,
  "C1Mo1": {
    "C": -4.0,
    "Mo": 4.0
  },
  "As2Ba2Mn3O2": {
    "As": -3.0,
    "Ba": 2.0,
    "Mn": 2.0,
    "O": -2.0
  },
  "In2Lu1Sm1": null,
  "B4Ca2Rh5": null,
  "Ca6O14Ti4": {
    "Ca": 2.0,
    "O": -2.0,
    "Ti": 4.0
  },
  "Ga1Sm2Zn1": null,
  "Ag1Ga1Sc2": null,
  "Au1Ca2Pd1": null,
  "Er1Mg2Sm1": null,
  "Ir6Sn14": null,
  "F6Ru1": {
    "F": -1.0,
    "Ru": 6.0
  },
  "Fe2Ge1Mn1": null,
  "Ba2Te4": {
    "Ba": 2.0,
    "Te": -1.0
  },
  "Ho1Mg2Sm1": null,
  "Au1Pd1Zn2": null,
  "Dy1Mg2Sm1": null,
  "Be2C2N4": {
    "Be": 2.0,
    "C": 4.0,
    "N": -3.0
  },
  "Cu2O7P2": {
    "Cu": 2.0,
    "O": -2.0,
    "P": 5.0
  },
  "Ba2Nb2S6": {
    "Ba": 2.0,
    "Nb": 4.0,
    "S": -2.0
  },
  "Ca8N8V2": {
    "Ca": 2.0,
    "N": -3.0,
    "V": 4.0
  },
  "Fe2Mg3O5": {
    "Fe": 2.0,
    "Mg": 2.0,
    "O": -2.0
  },
  "Ag2Ce1Si2": {
    "Ag": 2.0,
    "Ce": 4.0,
    "Si": -4.0
  },
  "Ba2Zn4": null,
  "Cd1Pb1Pr2": null,
  "Ni3S2Tl2": null,
  "O6Ti2V2": {
    "O": -2.0,
    "Ti": 4.0,
    "V": 2.0
  },
  "O8Ta2Ti2": {
    "O": -2.0,
    "Ta": 4.0,
    "Ti": 4.0
  },
  "Nd3Tl1": null,
  "Na12O14Ti4": {
    "Na": 1.0,
    "O": -2.0,
    "Ti": 4.0
  },
  "Mg1O6Re1Sr2": {
    "Mg": 2.0,
    "O": -2.0,
    "Re": 6.0,
    "Sr": 2.0
  },
  "Ca2F8Zn2": {
    "Ca": 2.0,
    "F": -1.0,
    "Zn": 2.0
  },
  "Cd6Na2": null,
  "Cr1O2Pt1": {
    "Cr": 6.0,
    "O": -2.0,
    "Pt": -2.0
  },
  "Ba1Mg1Na2O8P2": {
    "Ba": 2.0,
    "Mg": 2.0,
    "Na": 1.0,
    "O": -2.0,
    "P": 5.0
  },
  "Ba2H8Mg2": {
    "Ba": 2.0,
    "H": -1.0,
    "Mg": 2.0
  },
  "Al1Au2Sc1": null,
  "Li2Mg1Si1": {
    "Li": 1.0,
    "Mg": 2.0,
    "Si": -4.0
  },
  "Mg2Tm1Y1": null,
  "Dy1Hg2Y1": null,
  "Ba8Ge4O16": {
    "Ba": 2.0,
    "Ge": 4.0,
    "O": -2.0
  },
  "Ba1C2Mg1O6": {
    "Ba": 2.0,
    "C": 4.0,
    "Mg": 2.0,
    "O": -2.0
  },
  "Al8Y12": null,
  "Ga1Li1Mg2": null,
  "Ce2Ga2Ge2": null,
  "Er1Mg2Y1": null,
  "Ga1Ge1Ru2": null,
  "Ba2Cd2Sb4": {
    "Ba": 2.0,
    "Cd": 2.0,
    "Sb": -2.0
  },
  "F6Mn2": {
    "F": -1.0,
    "Mn": 3.0
  },
  "Ga1Ni1Rh2": null,
  "Cd4Nb4O14": {
    "Cd": 2.0,
    "Nb": 5.0,
    "O": -2.0
  },
  "As2Ba1Cr2": {
    "As": -3.0,
    "Ba": 2.0,
    "Cr": 2.0
  },
  "Mn2O6Zn2": {
    "Mn": 4.0,
    "O": -2.0,
    "Zn": 2.0
  },
  "Ag1Cs2F4": {
    "Ag": 2.0,
    "Cs": 1.0,
    "F": -1.0
  },
  "Mg8Y4": null,
  "Ag2Au6": {
    "Ag": 1.0,
    "Au": -0.3333333333333333
  },
  "Ca2Ge4O10": {
    "Ca": 2.0,
    "Ge": 4.0,
    "O": -2.0
  },
  "Cd1Hg1Tm2": null,
  "Al12Li12O48Si12": {
    "Al": 3.0,
    "Li": 1.0,
    "O": -2.0,
    "Si": 4.0
  },
  "Au1Os1Sc2": null,
  "Ni4Y2": null,
  "Cu2Te4Y2": {
    "Cu": 1.0,
    "Te": -2.0,
    "Y": 3.0
  },
  "C2Cr4Ge2": null,
  "H3Mg1Ni1": {
    "H": -1.0,
    "Mg": 2.0,
    "Ni": 1.0
  },
  "Gd4O14Zr4": {
    "Gd": 3.0,
    "O": -2.0,
    "Zr": 4.0
  },
  "Er1Hg2Y1": null,
  "Ca1Mg1Ni4": null,
  "Al13Cr4Si4": null,
  "Pd3Ti1": null,
  "Nd1Pr1Zn2": null,
  "Al2Lu6": null,
  "Ba3N2O1Zn1": {
    "Ba": 2.0,
    "N": -3.0,
    "O": -2.0,
    "Zn": 2.0
  },
  "Li3Nb1S4": {
    "Li": 1.0,
    "Nb": 5.0,
    "S": -2.0
  },
  "Ga1Mn2W1": null,
  "Ba1Sn5": null,
  "Bi2Cu2O4": {
    "Bi": 3.0,
    "Cu": 1.0,
    "O": -2.0
  },
  "Mn3Ni3P3": {
    "Mn": 2.0,
    "Ni": 1.0,
    "P": -3.0
  },
  "Mn2Ru1Si1": null,
  "Al1Os1": null,
  "Fe20O48Y12": {
    "Fe": 3.0,
    "O": -2.0,
    "Y": 3.0
  },
  "Ge4La2": null,
  "Ba3Br2In2O5": {
    "Ba": 2.0,
    "Br": -1.0,
    "In": 3.0,
    "O": -2.0
  },
  "Ag4F8": {
    "Ag": 2.0,
    "F": -1.0
  },
  "Os1Re1Ti2": null,
  "Se6Ta4": {
    "Se": -2.0,
    "Ta": 3.0
  },
  "Cu2F6Li2": {
    "Cu": 2.0,
    "F": -1.0,
    "Li": 1.0
  },
  "Al4Gd4O12": {
    "Al": 3.0,
    "Gd": 3.0,
    "O": -2.0
  },
  "O14Ti4Y4": {
    "O": -2.0,
    "Ti": 4.0,
    "Y": 3.0
  },
  "Cu1Er2Zn1": null,
  "La1Mg3": null,
  "Au2Cd1Mg1": null,
  "Al2Ba1Ge2": null,
  "Cl2Nd2Te2": {
    "Cl": -1.0,
    "Nd": 3.0,
    "Te": -2.0
  },
  "Cu1Sc2Zn1": null,
  "Al2Ca6F1N1": null,
  "Rh6Te4": null,
  "Sc2Si2Sm2": {
    "Sc": 2.0,
    "Si": -4.0,
    "Sm": 2.0
  },
  "Pd2Sm1Yb1": null,
  "Mn1Ni2Sn1": null,
  "Cd2Hg1": null,
  "Ba2C2Cl2N2S2": {
    "Ba": 2.0,
    "C": 4.0,
    "Cl": -1.0,
    "N": -3.0,
    "S": -2.0
  },
  "Co1Ga5Ti1": null,
  "Ga1Nd2Zn1": null,
  "Mg2Sc1Tm1": null,
  "Lu1Sm1Zn2": null,
  "Mo4S6Se2": {
    "Mo": 4.0,
    "S": -2.0,
    "Se": -2.0
  },
  "Ca1Ge2Zn2": null,
  "Al2Dy1Si2": null,
  "Ca2O6Pt2": {
    "Ca": 2.0,
    "O": -2.0,
    "Pt": 4.0
  },
  "In2Lu1Pr1": null,
  "Ga1Li3": null,
  "Ho6Pm2": null,
  "Cu6Si2": {
    "Cu": 1.3333333333333333,
    "Si": -4.0
  },
  "In2La4": null,
  "Ce1Ir2Si2": null,
  "Ga32Ni24": null,
  "Ge1Ir2Mg1": null,
  "Os4Si4": {
    "Os": -2.0,
    "Si": 2.0
  },
  "Al2C2Zr4": null,
  "Al4Ca1": null,
  "Al1Fe2Hf1": null,
  "Fe1Li2Mn1O4": {
    "Fe": 3.0,
    "Li": 1.0,
    "Mn": 3.0,
    "O": -2.0
  },
  "F2O4W2": {
    "F": -1.0,
    "O": -2.0,
    "W": 5.0
  },
  "Ga1Lu2Zn1": null,
  "Al2Se4Tl2": {
    "Al": 3.0,
    "Se": -2.0,
    "Tl": 1.0
  },
  "Cl8Sr2Zn2": {
    "Cl": -1.0,
    "Sr": 2.0,
    "Zn": 2.0
  },
  "Ga2Sr1Te4": {
    "Ga": 3.0,
    "Sr": 2.0,
    "Te": -2.0
  },
  "N2Sr1Zr1": {
    "N": -3.0,
    "Sr": 2.0,
    "Zr": 4.0
  },
  "Br3Cs1Ge1": {
    "Br": -1.0,
    "Cs": 1.0,
    "Ge": 2.0
  },
  "Hg1Tm2Zn1": null,
  "Cs2H6Si1Tl1": null,
  "Al1Nb1Ni2": null,
  "Cu2Sn2Ti2": null,
  "Cu1F3Rb1": {
    "Cu": 2.0,
    "F": -1.0,
    "Rb": 1.0
  },
  "N2Na1Nb1": {
    "N": -3.0,
    "Na": 1.0,
    "Nb": 5.0
  },
  "Nb2Te8": {
    "Nb": 5.0,
    "Te": -1.25
  },
  "Se4Ti4": {
    "Se": -2.0,
    "Ti": 2.0
  },
  "Pt4Si6": {
    "Pt": -2.0,
    "Si": 1.3333333333333333
  },
  "Cd1Se2Zn1": {
    "Cd": 2.0,
    "Se": -2.0,
    "Zn": 2.0
  },
  "Ag2Mg6": null,
  "Ge4La4": null,
  "Ba1Cu3O4": {
    "Ba": 2.0,
    "Cu": 2.0,
    "O": -2.0
  },
  "Lu1Ni2Sn1": null,
  "Bi1Na1O6Ti2": {
    "Bi": 3.0,
    "Na": 1.0,
    "O": -2.0,
    "Ti": 4.0
  },
  "Br6K2Sn1": {
    "Br": -1.0,
    "K": 1.0,
    "Sn": 4.0
  },
  "Cl6Li1Rb2Tl1": {
    "Cl": -1.0,
    "Li": 1.0,
    "Rb": 1.0,
    "Tl": 3.0
  },
  "Al1Cu2Pa1": null,
  "As1Cl6Cs2Na1": {
    "As": 3.0,
    "Cl": -1.0,
    "Cs": 1.0,
    "Na": 1.0
  },
  "Dy2Hg1Zn1": null,
  "Mo1Ni2": null,
  "Fe1Sb2Y6": null,
  "F2O4V2": {
    "F": -1.0,
    "O": -2.0,
    "V": 5.0
  },
  "Ba2Pb2Zn2": null,
  "Au1O2Tl1": {
    "Au": 3.0,
    "O": -2.0,
    "Tl": 1.0
  },
  "Co2Lu1Tm1": null,
  "C2Cl4F4": {
    "C": 4.0,
    "Cl": -1.0,
    "F": -1.0
  },
  "Na1S4V2": {
    "Na": 1.0,
    "S": -2.0,
    "V": 3.5
  },
  "Al3Os2": null,
  "S2V1": {
    "S": -2.0,
    "V": 4.0
  },
  "Al1N1Ti3": null,
  "Be1Co2Ga1": null,
  "Cl4Cs2Mn1": {
    "Cl": -1.0,
    "Cs": 1.0,
    "Mn": 2.0
  },
  "Al2Ca3Si2": null,
  "Co1Nb1Sb1": {
    "Co": 1.0,
    "Nb": 2.0,
    "Sb": -3.0
  },
  "Cd1S2Zn1": {
    "Cd": 2.0,
    "S": -2.0,
    "Zn": 2.0
  },
  "Al1Ce3": null,
  "Ga3Y1": null,
  "Au2Bi1Nd1": null,
  "Hg2Yb1": null,
  "Al2Dy1Y1": null,
  "Eu1O2Sr1": {
    "Eu": 2.0,
    "O": -2.0,
    "Sr": 2.0
  },
  "Pr2Tm6": null,
  "Al2Ho1Y1": null,
  "Ag1Cu1F3": {
    "Ag": 1.0,
    "Cu": 2.0,
    "F": -1.0
  },
  "Al2Pm1Y1": null,
  "Nb5Te4": null,
  "Cd1O4Sr3": {
    "Cd": 2.0,
    "O": -2.0,
    "Sr": 2.0
  },
  "Eu1Ge2": null,
  "Cl4Co1Li2": {
    "Cl": -1.0,
    "Co": 2.0,
    "Li": 1.0
  },
  "Bi4Hf4O16": {
    "Bi": 4.0,
    "Hf": 4.0,
    "O": -2.0
  },
  "Cu4O12Y4": {
    "Cu": 3.0,
    "O": -2.0,
    "Y": 3.0
  },
  "Cl4K4O12": null,
  "Ag1Pd1Yb2": null,
  "Rh2Te2": null,
  "Ba2Co1O6U1": {
    "Ba": 2.0,
    "Co": 2.0,
    "O": -2.0,
    "U": 6.0
  },
  "Al4Ca4O14Si2": {
    "Al": 3.0,
    "Ca": 2.0,
    "O": -2.0,
    "Si": 4.0
  },
  "H1La2Li1O3": {
    "H": -1.0,
    "La": 3.0,
    "Li": 1.0,
    "O": -2.0
  },
  "Er20Si16": null,
  "Fe4Lu4O12": {
    "Fe": 3.0,
    "Lu": 3.0,
    "O": -2.0
  },
  "Cd2Ge2O6": {
    "Cd": 2.0,
    "Ge": 4.0,
    "O": -2.0
  },
  "Ni2Sn1Tm1": null,
  "Ge2Mo1": null,
  "S4V3": {
    "S": -2.0,
    "V": 2.6666666666666665
  },
  "Ag1P1Pt5": {
    "Ag": 1.0,
    "P": 5.0,
    "Pt": -1.2
  },
  "Cu1Fe1Pt2": {
    "Cu": 1.0,
    "Fe": 3.0,
    "Pt": -2.0
  },
  "Hg1Nd2Sn1": null,
  "Co2Rb1Se2": {
    "Co": 1.5,
    "Rb": 1.0,
    "Se": -2.0
  },
  "Ni1Rh1Sc2": null,
  "Ac1Mg3": null,
  "Cd1Pr2Sn1": null,
  "C1Fe3Zn1": null,
  "Co4Nd2": null,
  "Bi1K3": null,
  "Co2Cs1Se2": {
    "Co": 1.5,
    "Cs": 1.0,
    "Se": -2.0
  },
  "Cu3Dy1Ga2": null,
  "Ho2Sm6": null,
  "Ca1F3K1": {
    "Ca": 2.0,
    "F": -1.0,
    "K": 1.0
  },
  "Cu2Hg1Zr1": null,
  "Fe2O4Yb1": {
    "Fe": 3.0,
    "O": -2.0,
    "Yb": 2.0
  },
  "B2C1Co2Tb1": {
    "B": -3.0,
    "C": -2.0,
    "Co": 2.0,
    "Tb": 4.0
  },
  "Li1Mn3O6": {
    "Li": 1.0,
    "Mn": 3.6666666666666665,
    "O": -2.0
  },
  "N5Nb4": {
    "N": -3.0,
    "Nb": 3.75
  },
  "Cu3Sc1": null,
  "O12Rh8": {
    "O": -2.0,
    "Rh": 3.0
  },
  "H2Si2": {
    "H": 0.0,
    "Si": 0.0
  },
  "Cr20O48": {
    "Cr": 4.8,
    "O": -2.0
  },
  "Mo1O6Sr2Zn1": {
    "Mo": 6.0,
    "O": -2.0,
    "Sr": 2.0,
    "Zn": 2.0
  },
  "La4O7Pd1": {
    "La": 3.0,
    "O": -2.0,
    "Pd": 2.0
  },
  "Cd1Pt3": {
    "Cd": 2.0,
    "Pt": -0.6666666666666666
  },
  "Ca1F8Li1U1": {
    "Ca": 2.0,
    "F": -1.0,
    "Li": 1.0,
    "U": 5.0
  },
  "Er8O20Si4": {
    "Er": 3.0,
    "O": -2.0,
    "Si": 4.0
  },
  "Li4Si2": null,
  "O4Sr2V1": {
    "O": -2.0,
    "Sr": 2.0,
    "V": 4.0
  },
  "Co1Fe1Ge1Ti1": null,
  "Er2Li1Tl1": null,
  "Cu2Er1In1": null,
  "Ga1Pt3": {
    "Ga": 2.0,
    "Pt": -0.6666666666666666
  },
  "Cu2Nb2Te4": {
    "Cu": 1.0,
    "Nb": 3.0,
    "Te": -2.0
  },
  "Au1Hg1Rb2": null,
  "N5Ta4": {
    "N": -3.0,
    "Ta": 3.75
  },
  "Al2O4Tl2": {
    "Al": 3.0,
    "O": -2.0,
    "Tl": 1.0
  },
  "Al2Nd2O6": {
    "Al": 3.0,
    "Nd": 3.0,
    "O": -2.0
  },
  "Au4V2": {
    "Au": -1.0,
    "V": 2.0
  },
  "Co1Li2O4Sn1": {
    "Co": 2.0,
    "Li": 1.0,
    "O": -2.0,
    "Sn": 4.0
  },
  "Be4Nb2": null,
  "Br3Li7O2": {
    "Br": -1.0,
    "Li": 1.0,
    "O": -2.0
  },
  "Ir1Li1Zr2": null,
  "Au1O2Pb1": {
    "Au": 2.0,
    "O": -2.0,
    "Pb": 2.0
  },
  "Cd1O2Sr1": {
    "Cd": 2.0,
    "O": -2.0,
    "Sr": 2.0
  },
  "Al3U1": null,
  "K3Sb1": {
    "K": 1.0,
    "Sb": -3.0
  },
  "Fe4Mn2O6": {
    "Fe": 2.0,
    "Mn": 2.0,
    "O": -2.0
  },
  "As2Nd1Ni2": {
    "As": -3.0,
    "Nd": 3.0,
    "Ni": 1.5
  },
  "Ca6O10Si2": {
    "Ca": 2.0,
    "O": -2.0,
    "Si": 4.0
  },
  "Bi2Cu2Sr2": null,
  "Cr2H1O4": {
    "Cr": 3.5,
    "H": 1.0,
    "O": -2.0
  },
  "Fe2Sb1Ti1": null,
  "Li4O5W1": {
    "Li": 1.0,
    "O": -2.0,
    "W": 6.0
  },
  "Mo2N8Na12": {
    "Mo": 6.0,
    "N": -3.0,
    "Na": 1.0
  },
  "Cd1Os1Tm2": null,
  "Sb2Sr4": null,
  "Co4K4N4": {
    "Co": 2.0,
    "K": 1.0,
    "N": -3.0
  },
  "Hf1In1Ni2": null,
  "Cl1Li3O1": {
    "Cl": -1.0,
    "Li": 1.0,
    "O": -2.0
  },
  "Si6W10": {
    "Si": -4.0,
    "W": 2.4
  },
  "Cu4F4O2": {
    "Cu": 2.0,
    "F": -1.0,
    "O": -2.0
  },
  "Mn3O6Te1": {
    "Mn": 2.0,
    "O": -2.0,
    "Te": 6.0
  },
  "Bi1Cs1O3": {
    "Bi": 5.0,
    "Cs": 1.0,
    "O": -2.0
  },
  "Cr4Ga2N2": null,
  "Al2Ce1Pt3": null,
  "Nb2Se4Ti1": {
    "Nb": 2.0,
    "Se": -2.0,
    "Ti": 4.0
  },
  "Li2S4W1": {
    "Li": 1.0,
    "S": -2.0,
    "W": 6.0
  },
  "Al8Hf12": null,
  "Al1Ir1Sc2": null,
  "Mg3O4Zn1": {
    "Mg": 2.0,
    "O": -2.0,
    "Zn": 2.0
  },
  "Er1La3": null,
  "Al1Co1Mn2": null,
  "Cs1O3U1": {
    "Cs": 1.0,
    "O": -2.0,
    "U": 5.0
  },
  "Ce1Dy1Zn2": null,
  "Mn1Pd1Te1": null,
  "Cl6Mo2": {
    "Cl": -1.0,
    "Mo": 3.0
  },
  "K2Nb2Se4": {
    "K": 1.0,
    "Nb": 3.0,
    "Se": -2.0
  },
  "F8Li2Sc2": {
    "F": -1.0,
    "Li": 1.0,
    "Sc": 3.0
  },
  "F6Mn4O2": {
    "F": -1.0,
    "Mn": 2.5,
    "O": -2.0
  },
  "Au2Li2O4": {
    "Au": 3.0,
    "Li": 1.0,
    "O": -2.0
  },
  "Be4Ca2Ge4": null,
  "O4Sr2Zr1": {
    "O": -2.0,
    "Sr": 2.0,
    "Zr": 4.0
  },
  "Hf10Si6": null,
  "Cr2Te4Ti1": {
    "Cr": 2.0,
    "Te": -2.0,
    "Ti": 4.0
  },
  "Hf4O16Ti4": {
    "Hf": 4.0,
    "O": -2.0,
    "Ti": 4.0
  },
  "Na2O4U1": {
    "Na": 1.0,
    "O": -2.0,
    "U": 6.0
  },
  "Fe2Se2Tl1": null,
  "Ag1Pr2Ru1": null,
  "Al1Fe2Mo1": null,
  "Au2Bi1Sm1": null,
  "Bi1Cs2F6In1": {
    "Bi": 3.0,
    "Cs": 1.0,
    "F": -1.0,
    "In": 1.0
  },
  "Al4Mg4Si4": null,
  "Li1Pt1Y2": null,
  "Mn2Ni2": null,
  "Bi2Cl4Cu2S2": {
    "Bi": 3.0,
    "Cl": -1.0,
    "Cu": 1.0,
    "S": -2.0
  },
  "Ga1Mn2Ti1": null,
  "Ag1As1Se2": {
    "Ag": 1.0,
    "As": 3.0,
    "Se": -2.0
  },
  "Sb2Te2Th2": {
    "Sb": -2.0,
    "Te": -2.0,
    "Th": 4.0
  },
  "Cr2Ge6Nd2": null,
  "Cr1Li2O4V1": {
    "Cr": 3.0,
    "Li": 1.0,
    "O": -2.0,
    "V": 3.0
  },
  "In2Li1Ru1": null,
  "N1Ti3Tl1": null,
  "Ag16Ca6": null,
  "Cu1F7Li4": {
    "Cu": 3.0,
    "F": -1.0,
    "Li": 1.0
  },
  "Br1Li3O1": {
    "Br": -1.0,
    "Li": 1.0,
    "O": -2.0
  },
  "Al2Mg1Si2": {
    "Al": 3.0,
    "Mg": 2.0,
    "Si": -4.0
  },
  "Ru3Si2Th1": null,
  "H1Mg1Ni1": null,
  "Ce4Se8": {
    "Ce": 4.0,
    "Se": -2.0
  },
  "Os1Si2Tc1": {
    "Os": -2.0,
    "Si": 0.0,
    "Tc": 2.0
  },
  "Ca2Mg6": null,
  "Au2Bi2O4": {
    "Au": 1.0,
    "Bi": 3.0,
    "O": -2.0
  },
  "Cl2F2Sn2": {
    "Cl": -1.0,
    "F": -1.0,
    "Sn": 2.0
  },
  "Fe1Sb1Zr1": null,
  "Ba4Cu6O13Y2": {
    "Ba": 2.0,
    "Cu": 2.0,
    "O": -2.0,
    "Y": 3.0
  },
  "Br3Cs1Hg1": {
    "Br": -1.0,
    "Cs": 1.0,
    "Hg": 2.0
  },
  "Br4Sc2": {
    "Br": -1.0,
    "Sc": 2.0
  },
  "Cr10Si6": {
    "Cr": 2.4,
    "Si": -4.0
  },
  "Co2Si1V1": {
    "Co": 1.0,
    "Si": -4.0,
    "V": 2.0
  },
  "Co4In8": null,
  "Fe1Si1W1": {
    "Fe": 2.0,
    "Si": -4.0,
    "W": 2.0
  },
  "Ce2Hg1Zn1": null,
  "Cu2Fe1S4Sn1": {
    "Cu": 1.5,
    "Fe": 3.0,
    "S": -2.0,
    "Sn": 2.0
  },
  "Ag2Bi2Se4": {
    "Ag": 1.0,
    "Bi": 3.0,
    "Se": -2.0
  },
  "Na1S2Sn1": {
    "Na": 1.0,
    "S": -2.0,
    "Sn": 3.0
  },
  "Mn1O3Sr1": {
    "Mn": 4.0,
    "O": -2.0,
    "Sr": 2.0
  },
  "Ni1Rh2Se4": {
    "Ni": 2.0,
    "Rh": 3.0,
    "Se": -2.0
  },
  "K1Ni2Se2": {
    "K": 1.0,
    "Ni": 1.5,
    "Se": -2.0
  },
  "In1Mn1Ni2": null,
  "Cd2Cu4O6": {
    "Cd": 2.0,
    "Cu": 2.0,
    "O": -2.0
  },
  "Ir2Nd1Sm1": null,
  "Bi4Pd4Te4": null,
  "N8Zr6": {
    "N": -3.0,
    "Zr": 4.0
  },
  "Co2Se4V1": {
    "Co": 2.0,
    "Se": -2.0,
    "V": 4.0
  },
  "La1Li2O7Ta2": {
    "La": 3.0,
    "Li": 1.0,
    "O": -2.0,
    "Ta": 4.5
  },
  "C12Y8": {
    "C": -2.0,
    "Y": 3.0
  },
  "As2Ca4": null,
  "Al6Cu2": null,
  "Ga2Ir1Yb1": null,
  "Cr1N1": {
    "Cr": 3.0,
    "N": -3.0
  },
  "Ni4Zr2": null,
  "F3Li3Ni2O2": {
    "F": -1.0,
    "Li": 1.0,
    "Ni": 2.0,
    "O": -2.0
  },
  "Mn1Rh2Sb1": null,
  "Be5Fe1": null,
  "Cu1Sb3Ti2": {
    "Cu": 1.0,
    "Sb": -3.0,
    "Ti": 4.0
  },
  "Ag2F6Li1": {
    "Ag": 2.5,
    "F": -1.0,
    "Li": 1.0
  },
  "Ce2Ge2Mn2": null,
  "La1O4U1": {
    "La": 3.0,
    "O": -2.0,
    "U": 5.0
  },
  "O12Sc4V4": {
    "O": -2.0,
    "Sc": 3.0,
    "V": 3.0
  },
  "Cu1Ni2Sb1": {
    "Cu": 1.0,
    "Ni": 1.0,
    "Sb": -3.0
  },
  "Mg1Ni1": null,
  "Ga1Li2Sb1": null,
  "Cs1H1": {
    "Cs": 1.0,
    "H": -1.0
  },
  "Mn1O4Sb1": {
    "Mn": 3.0,
    "O": -2.0,
    "Sb": 5.0
  },
  "Se2Si2U2": {
    "Se": -2.0,
    "Si": -4.0,
    "U": 6.0
  },
  "Ga1La3": null,
  "Br12Ca2Th2": {
    "Br": -1.0,
    "Ca": 2.0,
    "Th": 4.0
  },
  "Ga2Ni1S4": {
    "Ga": 3.0,
    "Ni": 2.0,
    "S": -2.0
  },
  "Bi6Na2": null,
  "Ac6Yb2": null,
  "Al1Li2Rh1": null,
  "Ag1Cd1Sb1": {
    "Ag": 1.0,
    "Cd": 2.0,
    "Sb": -3.0
  },
  "Mn1O4Ti1": {
    "Mn": 4.0,
    "O": -2.0,
    "Ti": 4.0
  },
  "Ba3O6W1": {
    "Ba": 2.0,
    "O": -2.0,
    "W": 6.0
  },
  "O4Ti3": {
    "O": -2.0,
    "Ti": 2.6666666666666665
  },
  "F1Nd1O1": {
    "F": -1.0,
    "Nd": 3.0,
    "O": -2.0
  },
  "Ce1Ru3Si2": null,
  "Cr2Ni1S4": {
    "Cr": 3.0,
    "Ni": 2.0,
    "S": -2.0
  },
  "Cu2O8Re2": {
    "Cu": 1.0,
    "O": -2.0,
    "Re": 7.0
  },
  "C2Dy1": null,
  "F1O1Sm1": {
    "F": -1.0,
    "O": -2.0,
    "Sm": 3.0
  },
  "F3Li3Ni1O1": {
    "F": -1.0,
    "Li": 1.0,
    "Ni": 2.0,
    "O": -2.0
  },
  "Al2Mn2Pt2": null,
  "F8Mg2Sr2": {
    "F": -1.0,
    "Mg": 2.0,
    "Sr": 2.0
  },
  "Pd3Sb1": null,
  "Ba2Fe4S6": {
    "Ba": 2.0,
    "Fe": 2.0,
    "S": -2.0
  },
  "Li1Mg6Sn1": null,
  "Li1Mg6Zn1": null,
  "Mo1O5V1": {
    "Mo": 6.0,
    "O": -2.0,
    "V": 4.0
  },
  "Mg1Ru1Y2": null,
  "Co1Cu2S4Sn1": {
    "Co": 2.0,
    "Cu": 1.0,
    "S": -2.0,
    "Sn": 4.0
  },
  "Co2Cr2Fe2Ni2": null,
  "Ag1La2Ru1": null,
  "Al1Ni4U1": null,
  "Nb2P2Se2": {
    "Nb": 5.0,
    "P": -3.0,
    "Se": -2.0
  },
  "C2Fe1O6": null,
  "Cu2H2": {
    "Cu": 1.0,
    "H": -1.0
  },
  "Ag2H3I1O6": {
    "Ag": 2.0,
    "H": 1.0,
    "I": 5.0,
    "O": -2.0
  },
  "As2Fe4": null,
  "Au2Lu2Sn2": null,
  "Cu1Ir1Pr2": null,
  "Ce1Ir5": null,
  "Ce1Li2Pb1": null,
  "Al2O8Ti4": {
    "Al": 3.0,
    "O": -2.0,
    "Ti": 2.5
  },
  "Cd1K3": null,
  "Lu2Mg1Tc1": null,
  "Ga1Li1O2": {
    "Ga": 3.0,
    "Li": 1.0,
    "O": -2.0
  },
  "Ir1Mn1Sb1": null,
  "Ce2Pb1Zn1": null,
  "Fe1Te1Zr1": null,
  "Mo6Sn2": null,
  "Co1Rh2Sn1": null,
  "Ag1Ce1": null,
  "Ce4Fe4O12": {
    "Ce": 3.0,
    "Fe": 3.0,
    "O": -2.0
  },
  "F4Nb1": {
    "F": -1.0,
    "Nb": 4.0
  },
  "Mn1Ni2Si1": {
    "Mn": 2.0,
    "Ni": 1.0,
    "Si": -4.0
  },
  "C2Y1": null,
  "Cu2Se4Sn1": {
    "Cu": 2.0,
    "Se": -2.0,
    "Sn": 4.0
  },
  "Al1N1O3Pr2": {
    "Al": 3.0,
    "N": -3.0,
    "O": -2.0,
    "Pr": 3.0
  },
  "Pr2Sb2Te2": {
    "Pr": 3.0,
    "Sb": -1.0,
    "Te": -2.0
  },
  "F1Li1O5V3": {
    "F": -1.0,
    "Li": 1.0,
    "O": -2.0,
    "V": 3.3333333333333335
  },
  "Fe2Li2O6Si1": {
    "Fe": 3.0,
    "Li": 1.0,
    "O": -2.0,
    "Si": 4.0
  },
  "Pt2Si2Sm1": {
    "Pt": 3.0,
    "Si": -4.0,
    "Sm": 2.0
  },
  "Mn1Ni3O4": {
    "Mn": 2.0,
    "Ni": 2.0,
    "O": -2.0
  },
  "F1O5V3": {
    "F": -1.0,
    "O": -2.0,
    "V": 3.6666666666666665
  },
  "Bi1Hf3": null,
  "Cu2O8W2": {
    "Cu": 2.0,
    "O": -2.0,
    "W": 6.0
  },
  "B2O6Ti2": {
    "B": 3.0,
    "O": -2.0,
    "Ti": 3.0
  },
  "Nb1Rh1Sb1": null,
  "Al1Mn1Ti2": null,
  "N2Na2Zn2": {
    "N": -3.0,
    "Na": 1.0,
    "Zn": 2.0
  },
  "Fe1O7P2": null,
  "Cr3N1Pd1": null,
  "B6Tm1": null,
  "N1Ru1": {
    "N": -3.0,
    "Ru": 3.0
  },
  "Ac1Er3": null,
  "F3Fe4O5": null,
  "Al67Mg41": null,
  "Na1O3": null,
  "Li1Pd1Yb2": null,
  "Ge2Mn4": null,
  "As2Ba4": null,
  "La1Ni3Rh2": null,
  "Co4N4Rb4": {
    "Co": 2.0,
    "N": -3.0,
    "Rb": 1.0
  },
  "Cu2In1Mn1": null,
  "Ba1La1Mg1O6Ta1": {
    "Ba": 2.0,
    "La": 3.0,
    "Mg": 2.0,
    "O": -2.0,
    "Ta": 5.0
  },
  "As2Sr4": null,
  "Ni3O5Zn2": {
    "Ni": 2.0,
    "O": -2.0,
    "Zn": 2.0
  },
  "Fe3Se4": {
    "Fe": 2.6666666666666665,
    "Se": -2.0
  },
  "Au2Sn1U1": null,
  "Li3O6V2": {
    "Li": 1.0,
    "O": -2.0,
    "V": 4.5
  },
  "Ir4Zr2": null,
  "Rh5Tb1": null,
  "Mn3O2Sb2Sr2": {
    "Mn": 2.0,
    "O": -2.0,
    "Sb": -3.0,
    "Sr": 2.0
  },
  "Co3Li1O4": {
    "Co": 2.3333333333333335,
    "Li": 1.0,
    "O": -2.0
  },
  "Cu2O2S2Sr2Zn1": {
    "Cu": 1.0,
    "O": -2.0,
    "S": -2.0,
    "Sr": 2.0,
    "Zn": 2.0
  },
  "Ca3In1": null,
  "Al6O12Y2": {
    "Al": 3.0,
    "O": -2.0,
    "Y": 3.0
  },
  "B1In1Sc3": null,
  "C4Cr4V2": {
    "C": -4.0,
    "Cr": 3.0,
    "V": 2.0
  },
  "Cd1Hg2Ti1": null,
  "Pa3Zn1": null,
  "F6Li3V1": {
    "F": -1.0,
    "Li": 1.0,
    "V": 3.0
  },
  "La2Mg1O4": {
    "La": 3.0,
    "Mg": 2.0,
    "O": -2.0
  },
  "Ni2Pb2": null,
  "Al3Yb1": null,
  "Bi1O4Sn1": {
    "Bi": 5.0,
    "O": -2.0,
    "Sn": 3.0
  },
  "F6Fe1Li3": {
    "F": -1.0,
    "Fe": 3.0,
    "Li": 1.0
  },
  "Na1O3Ti1": null,
  "K1O3Ti1": null,
  "Au1Ho2Os1": null,
  "Nd1Ru3Si2": {
    "Nd": 2.0,
    "Ru": 2.0,
    "Si": -4.0
  },
  "Ag1In2Se4": {
    "Ag": 2.0,
    "In": 3.0,
    "Se": -2.0
  },
  "F3Na1V1": {
    "F": -1.0,
    "Na": 1.0,
    "V": 2.0
  },
  "Na4O14Si6": {
    "Na": 1.0,
    "O": -2.0,
    "Si": 4.0
  },
  "In1Os1Tm2": null,
  "F2Fe2Li4O4": {
    "F": -1.0,
    "Fe": 3.0,
    "Li": 1.0,
    "O": -2.0
  },
  "Co2Te2": {
    "Co": 2.0,
    "Te": -2.0
  },
  "O5Rb2Zr2": {
    "O": -2.0,
    "Rb": 1.0,
    "Zr": 4.0
  },
  "Co2O6Zr2": {
    "Co": 2.0,
    "O": -2.0,
    "Zr": 4.0
  },
  "Hf4Sn4": null,
  "N4O2Zr4": {
    "N": -3.0,
    "O": -2.0,
    "Zr": 4.0
  },
  "B1Pd3Y1": null,
  "Co1O7P2": {
    "Co": 4.0,
    "O": -2.0,
    "P": 5.0
  },
  "Te2Ti2": {
    "Te": -2.0,
    "Ti": 2.0
  },
  "Bi1K1O3": {
    "Bi": 5.0,
    "K": 1.0,
    "O": -2.0
  },
  "Mn2O2Sb2Sm2": {
    "Mn": 2.0,
    "O": -2.0,
    "Sb": -3.0,
    "Sm": 3.0
  },
  "Co4Cs4N4": {
    "Co": 2.0,
    "Cs": 1.0,
    "N": -3.0
  },
  "Cs2F6Li1N1": {
    "Cs": 1.0,
    "F": -1.0,
    "Li": 1.0,
    "N": 3.0
  },
  "Fe3Pd1": null,
  "B2Mn1": null,
  "Cu4O6Zn2": {
    "Cu": 2.0,
    "O": -2.0,
    "Zn": 2.0
  },
  "K2Mn2O4": {
    "K": 1.0,
    "Mn": 3.0,
    "O": -2.0
  },
  "Ni2Sb1Ti1": null,
  "Cu2Mn1Sn1": null,
  "Ag1Mn3N1": null,
  "Br2La2": null,
  "Co2F4Li2O2": {
    "Co": 3.0,
    "F": -1.0,
    "Li": 1.0,
    "O": -2.0
  },
  "Fe1Re1": null,
  "O3Os1Sr1": {
    "O": -2.0,
    "Os": 4.0,
    "Sr": 2.0
  },
  "B1Tc1": {
    "B": 3.0,
    "Tc": -3.0
  },
  "Al2C2Sc4": null,
  "Ag1Mg2Sm1": null,
  "O2Sc1Tl1": {
    "O": -2.0,
    "Sc": 3.0,
    "Tl": 1.0
  },
  "Ag1Zr3": null,
  "Cu1O6Ta2": {
    "Cu": 2.0,
    "O": -2.0,
    "Ta": 5.0
  },
  "Cd1Rb3": null,
  "Bi1Cu1Li2O4": {
    "Bi": 5.0,
    "Cu": 1.0,
    "Li": 1.0,
    "O": -2.0
  },
  "Al3Ni2U1": null,
  "As1Tl1": {
    "As": -1.0,
    "Tl": 1.0
  },
  "Li1Mg6Si1": null,
  "Cr1O3Pr1": {
    "Cr": 3.0,
    "O": -2.0,
    "Pr": 3.0
  },
  "Cs2Ga1H6Tl1": {
    "Cs": 1.0,
    "Ga": 3.0,
    "H": -1.0,
    "Tl": 1.0
  },
  "Pt3Sb1": {
    "Pt": 0.6666666666666666,
    "Sb": -2.0
  },
  "Ca1Mn1O3": {
    "Ca": 2.0,
    "Mn": 4.0,
    "O": -2.0
  },
  "Mg7Ti1": null,
  "Dy1La1Ru2": null,
  "Ba1Na1Sb1": {
    "Ba": 2.0,
    "Na": 1.0,
    "Sb": -3.0
  },
  "Be12Pt1": null,
  "Mn1Ni1O2": {
    "Mn": 2.0,
    "Ni": 2.0,
    "O": -2.0
  },
  "K1O3Pt1": {
    "K": 1.0,
    "O": -2.0,
    "Pt": 5.0
  },
  "Ge3Pr1": null,
  "B2Sm1": null,
  "Mg6Sn1Zr1": null,
  "Mn1O3Pb1": {
    "Mn": 4.0,
    "O": -2.0,
    "Pb": 2.0
  },
  "As1Ca3Sb1": {
    "As": -3.0,
    "Ca": 2.0,
    "Sb": -3.0
  },
  "Ni1Sn1U1": null,
  "I6K2Tm2": null,
  "Co1Mn2Sb1": null,
  "Ca1Mg3O4": {
    "Ca": 2.0,
    "Mg": 2.0,
    "O": -2.0
  },
  "Bi1Mg6Y1": null,
  "B13N2": {
    "B": 0.23076923076923078,
    "N": -1.5
  },
  "Ga1Mg6Si1": null,
  "C3Ta4": {
    "C": -4.0,
    "Ta": 3.0
  },
  "Na5Ni1O2S1": {
    "Na": 1.0,
    "Ni": 1.0,
    "O": -2.0,
    "S": -2.0
  },
  "Co2Cr1Sb1": null,
  "As1Co1Mn2": null,
  "Li2Mn2O8": {
    "Li": 1.0,
    "Mn": 7.0,
    "O": -2.0
  },
  "Ag1Ti3": null,
  "Cr1Nd1O3": {
    "Cr": 3.0,
    "Nd": 3.0,
    "O": -2.0
  },
  "Tc2Tm1W1": {
    "Tc": -3.0,
    "Tm": 3.0,
    "W": 3.0
  },
  "Nd6Zr2": null,
  "Ba2Co2S4": {
    "Ba": 2.0,
    "Co": 2.0,
    "S": -2.0
  },
  "O3Pd1Rb1": null
}