{
  "Ca2F6Tl2": {
    "Ca": 2.0,
    "F": -1.0,
    "Tl": 1.0
  },
  "Pd4Se6Tl2": {
    "Pd": 2.5,
    "Se": -2.0,
    "Tl": 1.0
  },
  "Au2O4Rb2": {
    "Au": 3.0,
    "O": -2.0,
    "Rb": 1.0
  },
  "Au2Na4Sb2": {
    "Au": 1.0,
    "Na": 1.0,
    "Sb": -3.0
  },
  "Cs1F6Sb1": {
    "Cs": 1.0,
    "F": -1.0,
    "Sb": 5.0
  },
  "Cd1O6Pt3": {
    "Cd": 2.0,
    "O": -2.0,
    "Pt": 3.3333333333333335
  },
  "Ag2K4Sb2": {
    "Ag": 1.0,
    "K": 1.0,
    "Sb": -3.0
  },
  "Al1F5K2": {
    "Al": 3.0,
    "F": -1.0,
    "K": 1.0
  },
  "Na2O2Rb2": {
    "Na": 1.0,
    "O": -2.0,
    "Rb": 1.0
  },
  "As2Cd2Sr1": {
    "As": -3.0,
    "Cd": 2.0,
    "Sr": 2.0
  },
  "Ag2As2K4": {
    "Ag": 1.0,
    "As": -3.0,
    "K": 1.0
  },
  "Au2Rb2Te2": {
    "Au": 1.0,
    "Rb": 1.0,
    "Te": -2.0
  },
  "As4Ge2K4": {
    "As": -3.0,
    "Ge": 4.0,
    "K": 1.0
  },
  "F3Li4Mn8O13": {
    "F": -1.0,
    "Li": 1.0,
    "Mn": 3.125,
    "O": -2.0
  },
  "K4Mn2S4": {
    "K": 1.0,
    "Mn": 2.0,
    "S": -2.0
  },
  "Fe1Li5O8Si2": {
    "Fe": 3.0,
    "Li": 1.0,
    "O": -2.0,
    "Si": 4.0
  },
  "Cs2F6Ge1": {
    "Cs": 1.0,
    "F": -1.0,
    "Ge": 4.0
  },
  "Al6I2Na8O24Si6": {
    "Al": 3.0,
    "I": -1.0,
    "Na": 1.0,
    "O": -2.0,
    "Si": 4.0
  },
  "Ba1O6Sb2": {
    "Ba": 2.0,
    "O": -2.0,
    "Sb": 5.0
  },
  "F6Pd1Zr1": {
    "F": -1.0,
    "Pd": 2.0,
    "Zr": 4.0
  },
  "O3Pb1Zr1": {
    "O": -2.0,
    "Pb": 2.0,
    "Zr": 4.0
  },
  "Cs2F6Nb1": {
    "Cs": 1.0,
    "F": -1.0,
    "Nb": 4.0
  },
  "O4S2Sc4": {
    "O": -2.0,
    "S": -2.0,
    "Sc": 3.0
  },
  "Na2Rb2S2": {
    "Na": 1.0,
    "Rb": 1.0,
    "S": -2.0
  },
  "Li2Rb2S2": {
    "Li": 1.0,
    "Rb": 1.0,
    "S": -2.0
  },
  "Ca3Cd1O4": {
    "Ca": 2.0,
    "Cd": 2.0,
    "O": -2.0
  },
  "Fe1O2Sr1": {
    "Fe": 2.0,
    "O": -2.0,
    "Sr": 2.0
  },
  "In1P1": {
    "In": 3.0,
    "P": -3.0
  },
  "Ca1I4Pb1": {
    "Ca": 2.0,
    "I": -1.0,
    "Pb": 2.0
  },
  "Li2O12Sb2W2": {
    "Li": 1.0,
    "O": -2.0,
    "Sb": 5.0,
    "W": 6.0
  },
  "Ir6P6Sr3": null,
  "Ag2In2Te4": {
    "Ag": 1.0,
    "In": 3.0,
    "Te": -2.0
  },
  "Ba2O14Si4Zn4": {
    "Ba": 2.0,
    "O": -2.0,
    "Si": 4.0,
    "Zn": 2.0
  },
  "Li8P8": {
    "Li": 1.0,
    "P": -1.0
  },
  "As6Ge6": {
    "As": -3.0,
    "Ge": 3.0
  },
  "Na2O14P4Y2": {
    "Na": 1.0,
    "O": -2.0,
    "P": 5.0,
    "Y": 3.0
  },
  "As16Mg4": {
    "As": -0.5,
    "Mg": 2.0
  },
  "Au4I4": {
    "Au": 1.0,
    "I": -1.0
  },
  "O12Sn2Ta4": {
    "O": -2.0,
    "Sn": 2.0,
    "Ta": 5.0
  },
  "Al16Be2Mg6O32": {
    "Al": 3.0,
    "Be": 2.0,
    "Mg": 2.0,
    "O": -2.0
  },
  "Bi1Nb1O4": {
    "Bi": 3.0,
    "Nb": 5.0,
    "O": -2.0
  },
  "Br8Cs2Li6": {
    "Br": -1.0,
    "Cs": 1.0,
    "Li": 1.0
  },
  "As4Rb4Sn2": {
    "As": -3.0,
    "Rb": 1.0,
    "Sn": 4.0
  },
  "Ca1I8Sr3": {
    "Ca": 2.0,
    "I": -1.0,
    "Sr": 2.0
  },
  "K2Mg2Sb2": {
    "K": 1.0,
    "Mg": 2.0,
    "Sb": -3.0
  },
  "Mn2Rb4Te4": {
    "Mn": 2.0,
    "Rb": 1.0,
    "Te": -2.0
  },
  "As16Zn8": {
    "As": -1.0,
    "Zn": 2.0
  },
  "K2Mg2O18P6": {
    "K": 1.0,
    "Mg": 2.0,
    "O": -2.0,
    "P": 5.0
  },
  "Ba6Cu6N6": {
    "Ba": 2.0,
    "Cu": 1.0,
    "N": -3.0
  },
  "Ca2Cl4O12": null,
  "Li2N4P2": {
    "Li": 1.0,
    "N": -3.0,
    "P": 5.0
  },
  "K2Pt1Te2": {
    "K": 1.0,
    "Pt": 2.0,
    "Te": -2.0
  },
  "Pt1Rb2Se2": {
    "Pt": 2.0,
    "Rb": 1.0,
    "Se": -2.0
  },
  "B16Mo4Y4": {
    "B": -1.5,
    "Mo": 3.0,
    "Y": 3.0
  },
  "Be8H4O18Si4": {
    "Be": 2.0,
    "H": 1.0,
    "O": -2.0,
    "Si": 4.0
  },
  "F2Li8Mn6O24P6": {
    "F": -1.0,
    "Li": 1.0,
    "Mn": 2.0,
    "O": -2.0,
    "P": 5.0
  },
  "Be6Mn8O24Se2Si6": {
    "Be": 2.0,
    "Mn": 2.0,
    "O": -2.0,
    "Se": -2.0,
    "Si": 4.0
  },
  "Be2Li2P2": {
    "Be": 2.0,
    "Li": 1.0,
    "P": -3.0
  },
  "Cu2S14Sn2Y6": {
    "Cu": 1.0,
    "S": -2.0,
    "Sn": 4.0,
    "Y": 3.0
  },
  "Cr2Si2Te6": {
    "Cr": 2.0,
    "Si": 4.0,
    "Te": -2.0
  },
  "F5Li2Nb1O1": {
    "F": -1.0,
    "Li": 1.0,
    "Nb": 5.0,
    "O": -2.0
  },
  "Cd2O8S2": {
    "Cd": 2.0,
    "O": -2.0,
    "S": 6.0
  },
  "Cs2Na2Se2": {
    "Cs": 1.0,
    "Na": 1.0,
    "Se": -2.0
  },
  "Li4Mn1Nb2O12W1": {
    "Li": 1.0,
    "Mn": 4.0,
    "Nb": 5.0,
    "O": -2.0,
    "W": 6.0
  },
  "Na4O24Se8Y4": {
    "Na": 1.0,
    "O": -2.0,
    "Se": 4.0,
    "Y": 3.0
  },
  "F6Na1Rb2Sb1": {
    "F": -1.0,
    "Na": 1.0,
    "Rb": 1.0,
    "Sb": 3.0
  },
  "Ge4La2Pt4": null,
  "Ag2Se4Y2": {
    "Ag": 1.0,
    "Se": -2.0,
    "Y": 3.0
  },
  "As1F6Na1Rb2": {
    "As": 3.0,
    "F": -1.0,
    "Na": 1.0,
    "Rb": 1.0
  },
  "N8Sr8Zr2": {
    "N": -3.0,
    "Sr": 2.0,
    "Zr": 4.0
  },
  "Be2F8K2Li2": {
    "Be": 2.0,
    "F": -1.0,
    "K": 1.0,
    "Li": 1.0
  },
  "Be4F16K8": {
    "Be": 2.0,
    "F": -1.0,
    "K": 1.0
  },
  "O23Rb6Si10": {
    "O": -2.0,
    "Rb": 1.0,
    "Si": 4.0
  },
  "Cl2O2Sb2": {
    "Cl": -1.0,
    "O": -2.0,
    "Sb": 3.0
  },
  "Mg8O16Si4": {
    "Mg": 2.0,
    "O": -2.0,
    "Si": 4.0
  },
  "Br2Cl2Sn2": {
    "Br": -1.0,
    "Cl": -1.0,
    "Sn": 2.0
  },
  "Br2O2Sb2": {
    "Br": -1.0,
    "O": -2.0,
    "Sb": 3.0
  },
  "Ag2O6Ta2": {
    "Ag": 1.0,
    "O": -2.0,
    "Ta": 5.0
  },
  "Br2Co1": {
    "Br": -1.0,
    "Co": 2.0
  },
  "Ag2Ba1S2": {
    "Ag": 1.0,
    "Ba": 2.0,
    "S": -2.0
  },
  "Cu1O2Sr1": {
    "Cu": 2.0,
    "O": -2.0,
    "Sr": 2.0
  },
  "F6Pd1Pt1": {
    "F": -1.0,
    "Pd": 2.0,
    "Pt": 4.0
  },
  "Mg12N4Sb4": {
    "Mg": 2.0,
    "N": -3.0,
    "Sb": -3.0
  },
  "Au4S2": {
    "Au": 1.0,
    "S": -2.0
  },
  "Al4O15Sr6Y2": {
    "Al": 3.0,
    "O": -2.0,
    "Sr": 2.0,
    "Y": 3.0
  },
  "Cl4H12O20": null,
  "F2Li2O12Sr2Ta4": {
    "F": -1.0,
    "Li": 1.0,
    "O": -2.0,
    "Sr": 2.0,
    "Ta": 5.0
  },
  "Li7O6Ru1": {
    "Li": 1.0,
    "O": -2.0,
    "Ru": 5.0
  },
  "N32Nb16Rb16": {
    "N": -3.0,
    "Nb": 5.0,
    "Rb": 1.0
  },
  "As8K8": {
    "As": -1.0,
    "K": 1.0
  },
  "O1Sb2Sr4": {
    "O": -2.0,
    "Sb": -3.0,
    "Sr": 2.0
  },
  "C3Cs6N6": {
    "C": 4.0,
    "Cs": 1.0,
    "N": -3.0
  },
  "F8H6K2": {
    "F": -1.0,
    "H": 1.0,
    "K": 1.0
  },
  "C1O5U1": {
    "C": 4.0,
    "O": -2.0,
    "U": 6.0
  },
  "Mn4N8Si4": {
    "Mn": 2.0,
    "N": -3.0,
    "Si": 4.0
  },
  "Cs2F6Zr1": {
    "Cs": 1.0,
    "F": -1.0,
    "Zr": 4.0
  },
  "Al6Br2Na8O24Si6": {
    "Al": 3.0,
    "Br": -1.0,
    "Na": 1.0,
    "O": -2.0,
    "Si": 4.0
  },
  "Au2K4P2": {
    "Au": 1.0,
    "K": 1.0,
    "P": -3.0
  },
  "K4P4Pd2": {
    "K": 1.0,
    "P": -3.0,
    "Pd": 4.0
  },
  "Bi1Cu1O8W2": {
    "Bi": 3.0,
    "Cu": 1.0,
    "O": -2.0,
    "W": 6.0
  },
  "Cr3Ga1Li4O8": {
    "Cr": 3.0,
    "Ga": 3.0,
    "Li": 1.0,
    "O": -2.0
  },
  "Br4": null,
  "O14Ta2Tm6": {
    "O": -2.0,
    "Ta": 5.0,
    "Tm": 3.0
  },
  "C2Li1Mn2Na5O14P2": {
    "C": 4.0,
    "Li": 1.0,
    "Mn": 2.0,
    "Na": 1.0,
    "O": -2.0,
    "P": 5.0
  },
  "Ga8Li24N16": {
    "Ga": 3.0,
    "Li": 1.0,
    "N": -3.0
  },
  "H8O16P4Tl4": {
    "H": 1.0,
    "O": -2.0,
    "P": 5.0,
    "Tl": 1.0
  },
  "Co3Cr3Li4O12": {
    "Co": 2.0,
    "Cr": 4.666666666666667,
    "Li": 1.0,
    "O": -2.0
  },
  "Bi1Ni1Sc1": null,
  "B4Li4O12Ti2": {
    "B": 3.0,
    "Li": 1.0,
    "O": -2.0,
    "Ti": 4.0
  },
  "Cd1F6Pt1": {
    "Cd": 2.0,
    "F": -1.0,
    "Pt": 4.0
  },
  "As2Hg1O6": {
    "As": 5.0,
    "Hg": 2.0,
    "O": -2.0
  },
  "Mn1O9Zr4": {
    "Mn": 2.0,
    "O": -2.0,
    "Zr": 4.0
  },
  "Cu4Na4O16P4": {
    "Cu": 2.0,
    "Na": 1.0,
    "O": -2.0,
    "P": 5.0
  },
  "Cu8Lu8O20": {
    "Cu": 2.0,
    "Lu": 3.0,
    "O": -2.0
  },
  "Cl2H6Li8O6": {
    "Cl": -1.0,
    "H": 1.0,
    "Li": 1.0,
    "O": -2.0
  },
  "Li4O12Te3V1": {
    "Li": 1.0,
    "O": -2.0,
    "Te": 5.333333333333333,
    "V": 4.0
  },
  "Li8O24P4V4": {
    "Li": 1.0,
    "O": -2.0,
    "P": 5.0,
    "V": 5.0
  },
  "F8H4P4S4": {
    "F": -1.0,
    "H": 1.0,
    "P": 3.0,
    "S": -2.0
  },
  "K1La1O2": {
    "K": 1.0,
    "La": 3.0,
    "O": -2.0
  },
  "C2Li6Mg2O14P2": {
    "C": 4.0,
    "Li": 1.0,
    "Mg": 2.0,
    "O": -2.0,
    "P": 5.0
  },
  "As12Cu16Yb8": {
    "As": -3.0,
    "Cu": 1.0,
    "Yb": 2.5
  },
  "K2Pr2Se8Si2": {
    "K": 1.0,
    "Pr": 3.0,
    "Se": -2.0,
    "Si": 4.0
  },
  "O8Pb2W2": {
    "O": -2.0,
    "Pb": 2.0,
    "W": 6.0
  },
  "Fe4O8Rb4": {
    "Fe": 3.0,
    "O": -2.0,
    "Rb": 1.0
  },
  "Li4Mn1O12Te3": {
    "Li": 1.0,
    "Mn": 2.0,
    "O": -2.0,
    "Te": 6.0
  },
  "Al7B1La8O24": {
    "Al": 3.0,
    "B": 3.0,
    "La": 3.0,
    "O": -2.0
  },
  "Li4O8S2": {
    "Li": 1.0,
    "O": -2.0,
    "S": 6.0
  },
  "K4Sn2Te10": {
    "K": 1.0,
    "Sn": 4.0,
    "Te": -1.2
  },
  "Cr3O16P4Sb1": {
    "Cr": 3.0,
    "O": -2.0,
    "P": 5.0,
    "Sb": 3.0
  },
  "C1Ca1F1K1O3": {
    "C": 4.0,
    "Ca": 2.0,
    "F": -1.0,
    "K": 1.0,
    "O": -2.0
  },
  "Ca8Si4": {
    "Ca": 2.0,
    "Si": -4.0
  },
  "Nb4O16S12Sm12": {
    "Nb": 5.0,
    "O": -2.0,
    "S": -2.0,
    "Sm": 3.0
  },
  "Cu4Rb2S8V2": {
    "Cu": 1.0,
    "Rb": 1.0,
    "S": -2.0,
    "V": 5.0
  },
  "O16Rb4V6": {
    "O": -2.0,
    "Rb": 1.0,
    "V": 4.666666666666667
  },
  "Rb32Si32": {
    "Rb": 1.0,
    "Si": -1.0
  },
  "Cr3Li2Mn1O8": {
    "Cr": 4.0,
    "Li": 1.0,
    "Mn": 2.0,
    "O": -2.0
  },
  "C2Fe1Li6Mn1O14P2": {
    "C": 4.0,
    "Fe": 2.0,
    "Li": 1.0,
    "Mn": 2.0,
    "O": -2.0,
    "P": 5.0
  },
  "B4Cr4Li12O20": {
    "B": 3.0,
    "Cr": 4.0,
    "Li": 1.0,
    "O": -2.0
  },
  "Ba4Ge4O12": {
    "Ba": 2.0,
    "Ge": 4.0,
    "O": -2.0
  },
  "Bi1Li1Mg1": null,
  "Ca6Ga2N6": {
    "Ca": 2.0,
    "Ga": 3.0,
    "N": -3.0
  },
  "Cr2Li7O8": {
    "Cr": 4.5,
    "Li": 1.0,
    "O": -2.0
  },
  "B4F16H16N4": {
    "B": 3.0,
    "F": -1.0,
    "H": 1.0,
    "N": -3.0
  },
  "I6P2": {
    "I": -1.0,
    "P": 3.0
  },
  "H1N1Sr2": {
    "H": -1.0,
    "N": -3.0,
    "Sr": 2.0
  },
  "Ag2Er2Te4": {
    "Ag": 1.0,
    "Er": 3.0,
    "Te": -2.0
  },
  "Be4Ge2O14Pr4": {
    "Be": 2.0,
    "Ge": 4.0,
    "O": -2.0,
    "Pr": 3.0
  },
  "Cl4K2Pt1": {
    "Cl": -1.0,
    "K": 1.0,
    "Pt": 2.0
  },
  "Ca4Ge4O14Zn2": {
    "Ca": 2.0,
    "Ge": 4.0,
    "O": -2.0,
    "Zn": 2.0
  },
  "Cl6Cs2V2": {
    "Cl": -1.0,
    "Cs": 1.0,
    "V": 2.0
  },
  "Ge4Pt4Se4": {
    "Ge": 4.0,
    "Pt": -2.0,
    "Se": -2.0
  },
  "O4Pb4": {
    "O": -2.0,
    "Pb": 2.0
  },
  "F12H16N4Si2": {
    "F": -1.0,
    "H": 1.0,
    "N": -3.0,
    "Si": 4.0
  },
  "As4H8Li4O16": {
    "As": 5.0,
    "H": 1.0,
    "Li": 1.0,
    "O": -2.0
  },
  "H2Na2S2": {
    "H": 1.0,
    "Na": 1.0,
    "S": -2.0
  },
  "As2Na1O7Sc1": {
    "As": 5.0,
    "Na": 1.0,
    "O": -2.0,
    "Sc": 3.0
  },
  "C1Cl2Sc2": {
    "C": -4.0,
    "Cl": -1.0,
    "Sc": 3.0
  },
  "I2La2O2": {
    "I": -1.0,
    "La": 3.0,
    "O": -2.0
  },
  "Br2Hg2": {
    "Br": -1.0,
    "Hg": 1.0
  },
  "Ga8N16Sr12": {
    "Ga": 3.0,
    "N": -3.0,
    "Sr": 2.0
  },
  "Li4Mn4Nb4O16": {
    "Li": 1.0,
    "Mn": 2.0,
    "Nb": 5.0,
    "O": -2.0
  },
  "Cu2Ho6S14Sn2": {
    "Cu": 1.0,
    "Ho": 3.0,
    "S": -2.0,
    "Sn": 4.0
  },
  "Mo1S4Se2Te2W3": {
    "Mo": 6.0,
    "S": -2.0,
    "Se": -2.0,
    "Te": -2.0,
    "W": 3.3333333333333335
  },
  "H12I4Si4": {
    "H": 1.0,
    "I": -1.0,
    "Si": -2.0
  },
  "K6O26Si4Ta6": {
    "K": 1.0,
    "O": -2.0,
    "Si": 4.0,
    "Ta": 5.0
  },
  "Br6La2": {
    "Br": -1.0,
    "La": 3.0
  },
  "Bi8O12": {
    "Bi": 3.0,
    "O": -2.0
  },
  "Na5O5Sb1": {
    "Na": 1.0,
    "O": -2.0,
    "Sb": 5.0
  },
  "F6Mn2": {
    "F": -1.0,
    "Mn": 3.0
  },
  "Br2Na4O1": {
    "Br": -1.0,
    "Na": 1.0,
    "O": -2.0
  },
  "Ba2O4Pb1": {
    "Ba": 2.0,
    "O": -2.0,
    "Pb": 4.0
  },
  "Cl6Pt1Rb2": {
    "Cl": -1.0,
    "Pt": 4.0,
    "Rb": 1.0
  },
  "Br2O1Rb4": {
    "Br": -1.0,
    "O": -2.0,
    "Rb": 1.0
  },
  "Be8P16": {
    "Be": 2.0,
    "P": -1.0
  },
  "H12P4": {
    "H": 1.0,
    "P": -3.0
  },
  "Na12P8W2": {
    "Na": 1.0,
    "P": -2.0,
    "W": 2.0
  },
  "H27K6Re3": {
    "H": -0.5555555555555556,
    "K": 1.0,
    "Re": 3.0
  },
  "B12O24Pd6": {
    "B": 3.0,
    "O": -2.0,
    "Pd": 2.0
  },
  "Al2Se4Zn1": {
    "Al": 3.0,
    "Se": -2.0,
    "Zn": 2.0
  },
  "Ag2Cl6Re1": {
    "Ag": 1.0,
    "Cl": -1.0,
    "Re": 4.0
  },
  "F4K2Mg1": {
    "F": -1.0,
    "K": 1.0,
    "Mg": 2.0
  },
  "Bi2Ca2K2": null,
  "Cl6K2Pt1": {
    "Cl": -1.0,
    "K": 1.0,
    "Pt": 4.0
  },
  "Al2H6": {
    "Al": 3.0,
    "H": -1.0
  },
  "Ge2K2S8Tb2": {
    "Ge": 4.0,
    "K": 1.0,
    "S": -2.0,
    "Tb": 3.0
  },
  "Pt2S2": {
    "Pt": 2.0,
    "S": -2.0
  },
  "Cu1Ga1I4": {
    "Cu": 1.0,
    "Ga": 3.0,
    "I": -1.0
  },
  "Ca1H1N1": {
    "Ca": 2.0,
    "H": 1.0,
    "N": -3.0
  },
  "Li4Mn5O10": {
    "Li": 1.0,
    "Mn": 3.2,
    "O": -2.0
  },
  "Ge12": null,
  "B2Co2Li1O6": {
    "B": 3.0,
    "Co": 2.5,
    "Li": 1.0,
    "O": -2.0
  },
  "H28N4O24Se8": {
    "H": 1.0,
    "N": 5.0,
    "O": -2.0,
    "Se": 0.0
  },
  "Ag2F6Li4": {
    "Ag": 1.0,
    "F": -1.0,
    "Li": 1.0
  },
  "N1Na1O2": {
    "N": 3.0,
    "Na": 1.0,
    "O": -2.0
  },
  "Ba1La1Mg1Nb1O6": {
    "Ba": 2.0,
    "La": 3.0,
    "Mg": 2.0,
    "Nb": 5.0,
    "O": -2.0
  },
  "F4H8O4Rb4": {
    "F": -1.0,
    "H": 1.0,
    "O": -2.0,
    "Rb": 1.0
  },
  "Li10S8Sb2": {
    "Li": 1.0,
    "S": -2.0,
    "Sb": 3.0
  },
  "In6O18Y6": {
    "In": 3.0,
    "O": -2.0,
    "Y": 3.0
  },
  "H8O18Re4": {
    "H": 1.0,
    "O": -2.0,
    "Re": 7.0
  },
  "Na4O6Si2": {
    "Na": 1.0,
    "O": -2.0,
    "Si": 4.0
  },
  "Ba1H3Li1": {
    "Ba": 2.0,
    "H": -1.0,
    "Li": 1.0
  },
  "P4Rb6S16Sm2": {
    "P": 5.0,
    "Rb": 1.0,
    "S": -2.0,
    "Sm": 3.0
  },
  "Ba2O6Pb2": {
    "Ba": 2.0,
    "O": -2.0,
    "Pb": 4.0
  },
  "Cl2H2Sr2": {
    "Cl": -1.0,
    "H": -1.0,
    "Sr": 2.0
  },
  "Fe3H10N1O14S2": {
    "Fe": 3.0,
    "H": 1.0,
    "N": 5.0,
    "O": -2.0,
    "S": 2.0
  },
  "La2N2": {
    "La": 3.0,
    "N": -3.0
  },
  "Na8O20Si8": {
    "Na": 1.0,
    "O": -2.0,
    "Si": 4.0
  },
  "Bi12O20Si1": {
    "Bi": 3.0,
    "O": -2.0,
    "Si": 4.0
  },
  "As2K2Li4": {
    "As": -3.0,
    "K": 1.0,
    "Li": 1.0
  },
  "Cl6Y2": {
    "Cl": -1.0,
    "Y": 3.0
  },
  "O16Pr8Sr4": {
    "O": -2.0,
    "Pr": 3.0,
    "Sr": 2.0
  },
  "Ba2P20": {
    "Ba": 2.0,
    "P": -0.2
  },
  "Au1Rb1": {
    "Au": -1.0,
    "Rb": 1.0
  },
  "Na4O16P4V2": {
    "Na": 1.0,
    "O": -2.0,
    "P": 5.0,
    "V": 4.0
  },
  "H4Mg2O10Se2": {
    "H": 1.0,
    "Mg": 2.0,
    "O": -2.0,
    "Se": 6.0
  },
  "Br2Li5N1": {
    "Br": -1.0,
    "Li": 1.0,
    "N": -3.0
  },
  "F4O2Sn4": {
    "F": -1.0,
    "O": -2.0,
    "Sn": 2.0
  },
  "Fe2Li2O6Si1": {
    "Fe": 3.0,
    "Li": 1.0,
    "O": -2.0,
    "Si": 4.0
  },
  "N2Na2Ru2": {
    "N": -3.0,
    "Na": 1.0,
    "Ru": 2.0
  },
  "Nb8Si4Te16": {
    "Nb": 2.0,
    "Si": 4.0,
    "Te": -2.0
  },
  "Cu4S4Ti1": {
    "Cu": 1.0,
    "S": -2.0,
    "Ti": 4.0
  },
  "Li2Sb2Zn2": {
    "Li": 1.0,
    "Sb": -3.0,
    "Zn": 2.0
  },
  "Ge4Ta12": null,
  "Cu4P10Sn1": {
    "Cu": 1.0,
    "P": -0.6,
    "Sn": 2.0
  },
  "Mg2P4Si2": {
    "Mg": 2.0,
    "P": 1.0,
    "Si": -4.0
  },
  "B16Mg4": null,
  "Cl2O1Os1": {
    "Cl": -1.0,
    "O": -2.0,
    "Os": 4.0
  },
  "F2H1Li1": {
    "F": -1.0,
    "H": 1.0,
    "Li": 1.0
  },
  "Ca1F3Rb1": {
    "Ca": 2.0,
    "F": -1.0,
    "Rb": 1.0
  },
  "C16H48N4O8S2": {
    "C": -1.0,
    "H": 1.0,
    "N": -3.0,
    "O": -2.0,
    "S": -2.0
  },
  "Cl1Li4N1": {
    "Cl": -1.0,
    "Li": 1.0,
    "N": -3.0
  },
  "Cu2H12O14S2": {
    "Cu": 2.0,
    "H": 1.0,
    "O": -2.0,
    "S": 6.0
  },
  "Ca4Sn4Sr4": null,
  "Se4Ta1Tl3": {
    "Se": -2.0,
    "Ta": 5.0,
    "Tl": 1.0
  },
  "F16Se4": {
    "F": -1.0,
    "Se": 4.0
  },
  "Cl6Y4": null,
  "O6Tl8": {
    "O": -2.0,
    "Tl": 1.5
  },
  "Al4B6O15": {
    "Al": 3.0,
    "B": 3.0,
    "O": -2.0
  },
  "Br6K2Pt1": {
    "Br": -1.0,
    "K": 1.0,
    "Pt": 4.0
  },
  "O32Ti12Zn8": {
    "O": -2.0,
    "Ti": 4.0,
    "Zn": 2.0
  },
  "Au4Ba2F16": {
    "Au": 3.0,
    "Ba": 2.0,
    "F": -1.0
  },
  "Bi1F5": {
    "Bi": 5.0,
    "F": -1.0
  },
  "H4Na4O16Si4Zn4": {
    "H": 1.0,
    "Na": 1.0,
    "O": -2.0,
    "Si": 4.0,
    "Zn": 2.0
  },
  "Ga20Li4O32": {
    "Ga": 3.0,
    "Li": 1.0,
    "O": -2.0
  },
  "C2Cl2H8N10": {
    "C": 4.0,
    "Cl": -1.0,
    "H": 1.0,
    "N": -1.4
  },
  "Cu1Lu1S2": {
    "Cu": 1.0,
    "Lu": 3.0,
    "S": -2.0
  },
  "Cl6Cs2Se1": {
    "Cl": -1.0,
    "Cs": 1.0,
    "Se": 4.0
  },
  "Cl6Sn1Tl2": {
    "Cl": -1.0,
    "Sn": 4.0,
    "Tl": 1.0
  },
  "Ag2Nd6Se14Si2": {
    "Ag": 1.0,
    "Nd": 3.0,
    "Se": -2.0,
    "Si": 4.0
  },
  "B1O4V1": {
    "B": 3.0,
    "O": -2.0,
    "V": 5.0
  },
  "Hf1Pd1Sn1": null,
  "Be8Na16O32Si8": {
    "Be": 2.0,
    "Na": 1.0,
    "O": -2.0,
    "Si": 4.0
  },
  "Ba2Cl1P1": {
    "Ba": 2.0,
    "Cl": -1.0,
    "P": -3.0
  },
  "Cl4Pd1Tl2": {
    "Cl": -1.0,
    "Pd": 2.0,
    "Tl": 1.0
  },
  "Ba4C2Cu1Li1O10": {
    "Ba": 2.0,
    "C": 4.0,
    "Cu": 3.0,
    "Li": 1.0,
    "O": -2.0
  },
  "Ga4Te6": {
    "Ga": 3.0,
    "Te": -2.0
  },
  "As2Li2O8Rb4": {
    "As": 5.0,
    "Li": 1.0,
    "O": -2.0,
    "Rb": 1.0
  },
  "Mn1O4Ti1": {
    "Mn": 4.0,
    "O": -2.0,
    "Ti": 4.0
  },
  "Cu4O4Pb2": {
    "Cu": 1.0,
    "O": -2.0,
    "Pb": 2.0
  },
  "Al2H4O9Si2": {
    "Al": 3.0,
    "H": 1.0,
    "O": -2.0,
    "Si": 4.0
  },
  "Ag2Al2Te4": {
    "Ag": 1.0,
    "Al": 3.0,
    "Te": -2.0
  },
  "Al8Li24N16": {
    "Al": 3.0,
    "Li": 1.0,
    "N": -3.0
  },
  "Cu2K2O4": {
    "Cu": 3.0,
    "K": 1.0,
    "O": -2.0
  },
  "Ga8S16Tl8": {
    "Ga": 3.0,
    "S": -2.0,
    "Tl": 1.0
  },
  "Ag2N4Na2O8": {
    "Ag": 1.0,
    "N": 3.0,
    "Na": 1.0,
    "O": -2.0
  },
  "Mg4N8Ti4": {
    "Mg": 2.0,
    "N": -3.0,
    "Ti": 4.0
  },
  "Ca8Cd4Sb8": {
    "Ca": 2.0,
    "Cd": 2.0,
    "Sb": -3.0
  },
  "Cr1Li3Mn2O6": {
    "Cr": 5.0,
    "Li": 1.0,
    "Mn": 2.0,
    "O": -2.0
  },
  "Ba2Fe2O20Si8": {
    "Ba": 2.0,
    "Fe": 2.0,
    "O": -2.0,
    "Si": 4.0
  },
  "As2K4Zn1": {
    "As": -3.0,
    "K": 1.0,
    "Zn": 2.0
  },
  "Li8O8Si2": {
    "Li": 1.0,
    "O": -2.0,
    "Si": 4.0
  },
  "Cu3Nb1S4": {
    "Cu": 1.0,
    "Nb": 5.0,
    "S": -2.0
  },
  "C2Na2O14P2Ti2": {
    "C": 4.0,
    "Na": 1.0,
    "O": -2.0,
    "P": 5.0,
    "Ti": 4.0
  },
  "I2O12Rb2Sn2": null,
  "B4Ca4O14Si2": {
    "B": 3.0,
    "Ca": 2.0,
    "O": -2.0,
    "Si": 4.0
  },
  "B4S12Sm4": {
    "B": 3.0,
    "S": -2.0,
    "Sm": 3.0
  },
  "O4Tl3V1": {
    "O": -2.0,
    "Tl": 1.0,
    "V": 5.0
  },
  "F6Rb2Th1": {
    "F": -1.0,
    "Rb": 1.0,
    "Th": 4.0
  },
  "Al2Mn1Te4": {
    "Al": 3.0,
    "Mn": 2.0,
    "Te": -2.0
  },
  "Pt1Se2": {
    "Pt": 4.0,
    "Se": -2.0
  },
  "O8Te1Ti3": {
    "O": -2.0,
    "Te": 4.0,
    "Ti": 4.0
  },
  "Ag2Au2S4": {
    "Ag": 1.0,
    "Au": 3.0,
    "S": -2.0
  },
  "As2Cs4Li2O8": {
    "As": 5.0,
    "Cs": 1.0,
    "Li": 1.0,
    "O": -2.0
  },
  "Li10N8Re2": {
    "Li": 1.0,
    "N": -3.0,
    "Re": 7.0
  },
  "Fe4Ge4": null,
  "Ga6I2Na8O24Si6": {
    "Ga": 3.0,
    "I": -1.0,
    "Na": 1.0,
    "O": -2.0,
    "Si": 4.0
  },
  "Cu1O8W2Y1": {
    "Cu": 1.0,
    "O": -2.0,
    "W": 6.0,
    "Y": 3.0
  },
  "Cs1H4Li1O5S1": {
    "Cs": 1.0,
    "H": 1.0,
    "Li": 1.0,
    "O": -2.0,
    "S": 4.0
  },
  "Be6Mn8O24Si6Te2": {
    "Be": 2.0,
    "Mn": 2.0,
    "O": -2.0,
    "Si": 4.0,
    "Te": -2.0
  },
  "Fe4Li4O14Si4": {
    "Fe": 2.0,
    "Li": 1.0,
    "O": -2.0,
    "Si": 4.0
  },
  "In6O18Te3": {
    "In": 3.0,
    "O": -2.0,
    "Te": 6.0
  },
  "Cu6S12Sn3Sr3": {
    "Cu": 1.0,
    "S": -2.0,
    "Sn": 4.0,
    "Sr": 2.0
  },
  "C3Ca2Na2O9": {
    "C": 4.0,
    "Ca": 2.0,
    "Na": 1.0,
    "O": -2.0
  },
  "C6N8": {
    "C": 4.0,
    "N": -3.0
  },
  "Cr2Li4O6": {
    "Cr": 4.0,
    "Li": 1.0,
    "O": -2.0
  },
  "Au2Br2F12": {
    "Au": 4.0,
    "Br": 2.0,
    "F": -1.0
  },
  "Ba4Na2Nb10O30": {
    "Ba": 2.0,
    "Na": 1.0,
    "Nb": 5.0,
    "O": -2.0
  },
  "Mn8O32Pb16": {
    "Mn": 4.0,
    "O": -2.0,
    "Pb": 2.0
  },
  "F6H4P2": {
    "F": -1.0,
    "H": 1.0,
    "P": 1.0
  },
  "Br6Cs2Sn1": {
    "Br": -1.0,
    "Cs": 1.0,
    "Sn": 4.0
  },
  "Cd1Cu2Ge1Se4": {
    "Cd": 2.0,
    "Cu": 1.0,
    "Ge": 4.0,
    "Se": -2.0
  },
  "Ga4Li12O20Si4": {
    "Ga": 3.0,
    "Li": 1.0,
    "O": -2.0,
    "Si": 4.0
  },
  "Ge2Li20O24P4": {
    "Ge": 4.0,
    "Li": 1.0,
    "O": -2.0,
    "P": 5.0
  },
  "Co2Li10O8": {
    "Co": 3.0,
    "Li": 1.0,
    "O": -2.0
  },
  "Ba2Br2H2": {
    "Ba": 2.0,
    "Br": -1.0,
    "H": -1.0
  },
  "F6Li2V1": {
    "F": -1.0,
    "Li": 1.0,
    "V": 4.0
  },
  "Li1O6Ti1V2": {
    "Li": 1.0,
    "O": -2.0,
    "Ti": 4.0,
    "V": 3.5
  },
  "Cd8S12Si2": {
    "Cd": 2.0,
    "S": -2.0,
    "Si": 4.0
  },
  "Al5Cu1S8": {
    "Al": 3.0,
    "Cu": 1.0,
    "S": -2.0
  },
  "Ge1Mg2": null,
  "N8Sn4Zn4": {
    "N": -3.0,
    "Sn": 4.0,
    "Zn": 2.0
  },
  "B8Hg2O14": {
    "B": 3.0,
    "Hg": 2.0,
    "O": -2.0
  },
  "Ca3Ge5O14Zn1": {
    "Ca": 2.0,
    "Ge": 4.0,
    "O": -2.0,
    "Zn": 2.0
  },
  "N8Si4Sr4": {
    "N": -3.0,
    "Si": 4.0,
    "Sr": 2.0
  },
  "B4F12H8O4": {
    "B": 3.0,
    "F": -1.0,
    "H": 1.0,
    "O": -2.0
  },
  "H2O4Y2": {
    "H": 1.0,
    "O": -2.0,
    "Y": 3.0
  },
  "F8H16N4O8P4": {
    "F": -1.0,
    "H": 1.0,
    "N": -3.0,
    "O": -2.0,
    "P": 5.0
  },
  "N6Nb2Zn4": {
    "N": -3.0,
    "Nb": 5.0,
    "Zn": 2.0
  },
  "Mo4Na4O32P8": {
    "Mo": 5.0,
    "Na": 1.0,
    "O": -2.0,
    "P": 5.0
  },
  "Li4O12Te4": {
    "Li": 1.0,
    "O": -2.0,
    "Te": 5.0
  },
  "As4Be2Si2": {
    "As": -3.0,
    "Be": 2.0,
    "Si": 4.0
  },
  "F2H4N2Sn1": {
    "F": -1.0,
    "H": 1.0,
    "N": -3.0,
    "Sn": 4.0
  },
  "O14Pb4Ta4": {
    "O": -2.0,
    "Pb": 2.0,
    "Ta": 5.0
  },
  "C24N36Na12": {
    "C": 4.0,
    "N": -3.0,
    "Na": 1.0
  },
  "I2K4O1": {
    "I": -1.0,
    "K": 1.0,
    "O": -2.0
  },
  "Ga4Nd4O12": {
    "Ga": 3.0,
    "Nd": 3.0,
    "O": -2.0
  },
  "Ca2K2O18P6": {
    "Ca": 2.0,
    "K": 1.0,
    "O": -2.0,
    "P": 5.0
  },
  "Ag4Na4O4": {
    "Ag": 1.0,
    "Na": 1.0,
    "O": -2.0
  },
  "Ag6Ge6P12Sn4": {
    "Ag": 1.0,
    "Ge": 3.6666666666666665,
    "P": -3.0,
    "Sn": 2.0
  },
  "Be2H16N4O20": {
    "Be": 2.0,
    "H": 1.0,
    "N": 5.0,
    "O": -2.0
  },
  "Hf4O4S4": {
    "Hf": 4.0,
    "O": -2.0,
    "S": -2.0
  },
  "Ga9K3": null,
  "C4N8Pb4": {
    "C": 4.0,
    "N": -3.0,
    "Pb": 2.0
  },
  "Ge1O6Sr1Te1": {
    "Ge": 4.0,
    "O": -2.0,
    "Sr": 2.0,
    "Te": 6.0
  },
  "Al2Cu2Te4": {
    "Al": 3.0,
    "Cu": 1.0,
    "Te": -2.0
  },
  "As4Na12S12": {
    "As": 3.0,
    "Na": 1.0,
    "S": -2.0
  },
  "H2Lu2O4": {
    "H": 1.0,
    "Lu": 3.0,
    "O": -2.0
  },
  "Ga6Li6O24Si6": {
    "Ga": 3.0,
    "Li": 1.0,
    "O": -2.0,
    "Si": 4.0
  },
  "Cd2F6Na2": {
    "Cd": 2.0,
    "F": -1.0,
    "Na": 1.0
  },
  "Al2K2O8Si2": {
    "Al": 3.0,
    "K": 1.0,
    "O": -2.0,
    "Si": 4.0
  },
  "Ag8Ge4O12": {
    "Ag": 1.0,
    "Ge": 4.0,
    "O": -2.0
  },
  "Br3Cs1Sn1": {
    "Br": -1.0,
    "Cs": 1.0,
    "Sn": 2.0
  },
  "In4S8Sn1": {
    "In": 3.0,
    "S": -2.0,
    "Sn": 4.0
  },
  "Bi8O24Ti6": {
    "Bi": 3.0,
    "O": -2.0,
    "Ti": 4.0
  },
  "Ba2Hf1O4": {
    "Ba": 2.0,
    "Hf": 4.0,
    "O": -2.0
  },
  "Cu1Li1O6P2": {
    "Cu": 1.0,
    "Li": 1.0,
    "O": -2.0,
    "P": 5.0
  },
  "Bi2Cr2O6": {
    "Bi": 3.0,
    "Cr": 3.0,
    "O": -2.0
  },
  "Ba4Fe8O16": {
    "Ba": 2.0,
    "Fe": 3.0,
    "O": -2.0
  },
  "Al1N1O3Sm2": {
    "Al": 3.0,
    "N": -3.0,
    "O": -2.0,
    "Sm": 3.0
  },
  "F6Ni1Pb1": {
    "F": -1.0,
    "Ni": 4.0,
    "Pb": 2.0
  },
  "Li7O6Os1": {
    "Li": 1.0,
    "O": -2.0,
    "Os": 5.0
  },
  "K4O16P4Zn4": {
    "K": 1.0,
    "O": -2.0,
    "P": 5.0,
    "Zn": 2.0
  },
  "La2N4O2Ta2": {
    "La": 3.0,
    "N": -3.0,
    "O": -2.0,
    "Ta": 5.0
  },
  "C3Ca3N6": {
    "C": 4.0,
    "Ca": 2.0,
    "N": -3.0
  },
  "Rb2Sb4": {
    "Rb": 1.0,
    "Sb": -0.5
  },
  "Cl8Cu2Ga2": {
    "Cl": -1.0,
    "Cu": 1.0,
    "Ga": 3.0
  },
  "As4Be2Ge2": {
    "As": -3.0,
    "Be": 2.0,
    "Ge": 4.0
  },
  "F1O1Sm1": {
    "F": -1.0,
    "O": -2.0,
    "Sm": 3.0
  },
  "Al1Mn1Ti2": null,
  "Li2Nd2S4": {
    "Li": 1.0,
    "Nd": 3.0,
    "S": -2.0
  },
  "C2K2O14P2Zr2": {
    "C": 4.0,
    "K": 1.0,
    "O": -2.0,
    "P": 5.0,
    "Zr": 4.0
  },
  "F3K1V1": {
    "F": -1.0,
    "K": 1.0,
    "V": 2.0
  },
  "K12Mg2O8": {
    "K": 1.0,
    "Mg": 2.0,
    "O": -2.0
  },
  "Ga4Ge4Li12O20": {
    "Ga": 3.0,
    "Ge": 4.0,
    "Li": 1.0,
    "O": -2.0
  },
  "As4Fe4S4": {
    "As": -1.0,
    "Fe": 3.0,
    "S": -2.0
  },
  "F1H6Na1O6Te1": {
    "F": -1.0,
    "H": 1.0,
    "Na": 1.0,
    "O": -2.0,
    "Te": 6.0
  },
  "F7O1V2": {
    "F": -1.0,
    "O": -2.0,
    "V": 4.5
  },
  "Cl32I4P4": {
    "Cl": -1.0,
    "I": 3.5,
    "P": 4.5
  },
  "Br3Cs1Li2": {
    "Br": -1.0,
    "Cs": 1.0,
    "Li": 1.0
  },
  "Ba3I6": {
    "Ba": 2.0,
    "I": -1.0
  },
  "Be4H8O16Se4": {
    "Be": 2.0,
    "H": 1.0,
    "O": -2.0,
    "Se": 4.0
  },
  "Ca3N1Sb1": {
    "Ca": 2.0,
    "N": -3.0,
    "Sb": -3.0
  },
  "Li4Ni1O7Si2": {
    "Li": 1.0,
    "Ni": 2.0,
    "O": -2.0,
    "Si": 4.0
  },
  "Ag4Ho4Se8": {
    "Ag": 1.0,
    "Ho": 3.0,
    "Se": -2.0
  },
  "Al4Se6": {
    "Al": 3.0,
    "Se": -2.0
  },
  "F6Mn1Pt1": {
    "F": -1.0,
    "Mn": 2.0,
    "Pt": 4.0
  },
  "F16Te4": {
    "F": -1.0,
    "Te": 4.0
  },
  "C2Na6O14P2Sn2": {
    "C": 4.0,
    "Na": 1.0,
    "O": -2.0,
    "P": 5.0,
    "Sn": 2.0
  },
  "N6V2Zn4": {
    "N": -3.0,
    "V": 5.0,
    "Zn": 2.0
  },
  "C1Cl3H6N1Pb1": {
    "C": -2.0,
    "Cl": -1.0,
    "H": 1.0,
    "N": -3.0,
    "Pb": 2.0
  },
  "Ge1O5Pb3": {
    "Ge": 4.0,
    "O": -2.0,
    "Pb": 2.0
  },
  "Al6Cl2Ge6Na8O24": {
    "Al": 3.0,
    "Cl": -1.0,
    "Ge": 4.0,
    "Na": 1.0,
    "O": -2.0
  },
  "Al6Br2Ge6Na8O24": {
    "Al": 3.0,
    "Br": -1.0,
    "Ge": 4.0,
    "Na": 1.0,
    "O": -2.0
  },
  "F1Li8Ni1O5": {
    "F": -1.0,
    "Li": 1.0,
    "Ni": 3.0,
    "O": -2.0
  },
  "F6Mn1Rb2": {
    "F": -1.0,
    "Mn": 4.0,
    "Rb": 1.0
  },
  "Cd1Cs1N3O6": {
    "Cd": 2.0,
    "Cs": 1.0,
    "N": 3.0,
    "O": -2.0
  },
  "I2K6O10": null,
  "C4Fe2Li2O12": {
    "C": 4.0,
    "Fe": 3.0,
    "Li": 1.0,
    "O": -2.0
  },
  "Cr8Te24": {
    "Cr": 3.0,
    "Te": -1.0
  },
  "F6Mn1Sn1": {
    "F": -1.0,
    "Mn": 2.0,
    "Sn": 4.0
  },
  "Br2In10S10": {
    "Br": -1.0,
    "In": 2.2,
    "S": -2.0
  },
  "Ag1Bi1Cr2O8": {
    "Ag": 1.0,
    "Bi": 3.0,
    "Cr": 6.0,
    "O": -2.0
  },
  "Hg1O6Sb2": {
    "Hg": 2.0,
    "O": -2.0,
    "Sb": 5.0
  },
  "Cu3O4V1": {
    "Cu": 1.0,
    "O": -2.0,
    "V": 5.0
  },
  "Al2Li2O20Si8": {
    "Al": 3.0,
    "Li": 1.0,
    "O": -2.0,
    "Si": 4.0
  },
  "F4Fe3Li1O3": {
    "F": -1.0,
    "Fe": 3.0,
    "Li": 1.0,
    "O": -2.0
  },
  "H8Li4O20P4Zn4": {
    "H": 1.0,
    "Li": 1.0,
    "O": -2.0,
    "P": 5.0,
    "Zn": 2.0
  },
  "Cu1Er1Se2": {
    "Cu": 1.0,
    "Er": 3.0,
    "Se": -2.0
  },
  "Br28P4": {
    "Br": -0.5714285714285714,
    "P": 4.0
  },
  "Ba2Na4O4": {
    "Ba": 2.0,
    "Na": 1.0,
    "O": -2.0
  },
  "Ca1Cs2H4": {
    "Ca": 2.0,
    "Cs": 1.0,
    "H": -1.0
  },
  "O8Ti2V2": {
    "O": -2.0,
    "Ti": 4.0,
    "V": 4.0
  },
  "Br4Nb2O2": {
    "Br": -1.0,
    "Nb": 4.0,
    "O": -2.0
  },
  "Ni1P4Si3": {
    "Ni": 2.0,
    "P": 2.5,
    "Si": -4.0
  },
  "Cl12K2Nb2": {
    "Cl": -1.0,
    "K": 1.0,
    "Nb": 5.0
  },
  "Te2W1": {
    "Te": -2.0,
    "W": 4.0
  },
  "F6Li2V2": {
    "F": -1.0,
    "Li": 1.0,
    "V": 2.0
  },
  "Cr2Li18N10": {
    "Cr": 6.0,
    "Li": 1.0,
    "N": -3.0
  },
  "Mn2Rb4Se4": {
    "Mn": 2.0,
    "Rb": 1.0,
    "Se": -2.0
  },
  "Cl4Cs4F12Sb4": {
    "Cl": -1.0,
    "Cs": 1.0,
    "F": -1.0,
    "Sb": 3.0
  },
  "H12I8Mg1O6": {
    "H": 1.0,
    "I": -0.25,
    "Mg": 2.0,
    "O": -2.0
  },
  "F16H8O8P8": {
    "F": -1.0,
    "H": 1.0,
    "O": -2.0,
    "P": 3.0
  },
  "Na1O2V1": {
    "Na": 1.0,
    "O": -2.0,
    "V": 3.0
  },
  "O18P6V2": {
    "O": -2.0,
    "P": 5.0,
    "V": 3.0
  },
  "F2O2Sc2": {
    "F": -1.0,
    "O": -2.0,
    "Sc": 3.0
  },
  "Ca1O2": null,
  "Ca4Co2O14Si4": {
    "Ca": 2.0,
    "Co": 2.0,
    "O": -2.0,
    "Si": 4.0
  },
  "Br4Na4O12": {
    "Br": 5.0,
    "Na": 1.0,
    "O": -2.0
  },
  "P4Se12Sn4": {
    "P": 3.0,
    "Se": -2.0,
    "Sn": 3.0
  },
  "Cd1Ga2Te4": {
    "Cd": 2.0,
    "Ga": 3.0,
    "Te": -2.0
  },
  "Nd8O24Te4": {
    "Nd": 3.0,
    "O": -2.0,
    "Te": 6.0
  },
  "Cs2I6Pd1": {
    "Cs": 1.0,
    "I": -1.0,
    "Pd": 4.0
  },
  "F6Ni1Sr1": {
    "F": -1.0,
    "Ni": 4.0,
    "Sr": 2.0
  },
  "Cl8Sn4": {
    "Cl": -1.0,
    "Sn": 2.0
  },
  "As12Hf4Na20": {
    "As": -3.0,
    "Hf": 4.0,
    "Na": 1.0
  },
  "Br6Rb2Te1": {
    "Br": -1.0,
    "Rb": 1.0,
    "Te": 4.0
  },
  "Ba2N20Si14": {
    "Ba": 2.0,
    "N": -3.0,
    "Si": 4.0
  },
  "Ba2O18Te2W4": {
    "Ba": 2.0,
    "O": -2.0,
    "Te": 4.0,
    "W": 6.0
  },
  "Li4O16P4Zn4": {
    "Li": 1.0,
    "O": -2.0,
    "P": 5.0,
    "Zn": 2.0
  },
  "As1F6Tl1": {
    "As": 5.0,
    "F": -1.0,
    "Tl": 1.0
  },
  "O4Sc2Tl2": {
    "O": -2.0,
    "Sc": 3.0,
    "Tl": 1.0
  },
  "Co2O6Rb4": {
    "Co": 4.0,
    "O": -2.0,
    "Rb": 1.0
  },
  "Hg1In1": null,
  "B2O6Sm2": {
    "B": 3.0,
    "O": -2.0,
    "Sm": 3.0
  },
  "N8Sr8Ti2": {
    "N": -3.0,
    "Sr": 2.0,
    "Ti": 4.0
  },
  "F24K4Na4Sn4": {
    "F": -1.0,
    "K": 1.0,
    "Na": 1.0,
    "Sn": 4.0
  },
  "K12Ni4O8": {
    "K": 1.0,
    "Ni": 1.0,
    "O": -2.0
  },
  "Ca10N12Si4": {
    "Ca": 2.0,
    "N": -3.0,
    "Si": 4.0
  },
  "Li2Nd2O12Ti4": {
    "Li": 1.0,
    "Nd": 3.0,
    "O": -2.0,
    "Ti": 4.0
  },
  "Cl4H2K6O12Pt2S4": {
    "Cl": -1.0,
    "H": 1.0,
    "K": 1.0,
    "O": -2.0,
    "Pt": 6.0,
    "S": 2.0
  },
  "C24K12N36": {
    "C": 4.0,
    "K": 1.0,
    "N": -3.0
  },
  "Mg2O12Ta4": {
    "Mg": 2.0,
    "O": -2.0,
    "Ta": 5.0
  },
  "Cd4P8": {
    "Cd": 2.0,
    "P": -1.0
  },
  "Co2Na12S8": {
    "Co": 2.0,
    "Na": 1.0,
    "S": -2.0
  },
  "I6Nb2O2": {
    "I": -1.0,
    "Nb": 5.0,
    "O": -2.0
  },
  "Fe1Li1O6Si2": {
    "Fe": 3.0,
    "Li": 1.0,
    "O": -2.0,
    "Si": 4.0
  },
  "Li7Nb1O6": {
    "Li": 1.0,
    "Nb": 5.0,
    "O": -2.0
  },
  "Li16N4Se2": {
    "Li": 1.0,
    "N": -3.0,
    "Se": -2.0
  },
  "Ag1Pr5S8": {
    "Ag": 1.0,
    "Pr": 3.0,
    "S": -2.0
  },
  "O24Tm8W4": {
    "O": -2.0,
    "Tm": 3.0,
    "W": 6.0
  },
  "Cl2Fe2Li1O2": {
    "Cl": -1.0,
    "Fe": 2.5,
    "Li": 1.0,
    "O": -2.0
  },
  "Br4Li2Mg1": {
    "Br": -1.0,
    "Li": 1.0,
    "Mg": 2.0
  },
  "F6K3Mo1": {
    "F": -1.0,
    "K": 1.0,
    "Mo": 3.0
  },
  "Cu2Si4Zr2": {
    "Cu": 1.0,
    "Si": -2.0,
    "Zr": 3.0
  },
  "Al6Ca4O16W1": {
    "Al": 3.0,
    "Ca": 2.0,
    "O": -2.0,
    "W": 6.0
  },
  "Li2Nb2O12W2": {
    "Li": 1.0,
    "Nb": 5.0,
    "O": -2.0,
    "W": 6.0
  },
  "F6Ni1Rb2": {
    "F": -1.0,
    "Ni": 4.0,
    "Rb": 1.0
  },
  "Co4P12Si12": {
    "Co": 1.0,
    "P": 3.6666666666666665,
    "Si": -4.0
  },
  "F8Li2Y2": {
    "F": -1.0,
    "Li": 1.0,
    "Y": 3.0
  },
  "Ga2I6O18": {
    "Ga": 3.0,
    "I": 5.0,
    "O": -2.0
  },
  "B2K3O12Ta3": {
    "B": 3.0,
    "K": 1.0,
    "O": -2.0,
    "Ta": 5.0
  },
  "C1Mg1N2": {
    "C": 4.0,
    "Mg": 2.0,
    "N": -3.0
  },
  "O22Sr2Ta8": {
    "O": -2.0,
    "Sr": 2.0,
    "Ta": 5.0
  },
  "F20Na8Sb4": {
    "F": -1.0,
    "Na": 1.0,
    "Sb": 3.0
  },
  "Co4Li4O16V4": {
    "Co": 2.0,
    "Li": 1.0,
    "O": -2.0,
    "V": 5.0
  },
  "Cd2Cl2H2O2": {
    "Cd": 2.0,
    "Cl": -1.0,
    "H": 1.0,
    "O": -2.0
  },
  "Ge4N24Sr28": {
    "Ge": 4.0,
    "N": -3.0,
    "Sr": 2.0
  },
  "N20Si14Sr2": {
    "N": -3.0,
    "Si": 4.0,
    "Sr": 2.0
  },
  "Co1F6Rb2": {
    "Co": 4.0,
    "F": -1.0,
    "Rb": 1.0
  },
  "H6Na2Pt1": {
    "H": 0.0,
    "Na": 1.0,
    "Pt": -2.0
  },
  "Ba2Be2F2O8P2": {
    "Ba": 2.0,
    "Be": 2.0,
    "F": -1.0,
    "O": -2.0,
    "P": 5.0
  },
  "Ba6Li12O24Si6": {
    "Ba": 2.0,
    "Li": 1.0,
    "O": -2.0,
    "Si": 4.0
  },
  "K2Nd2O24P8": {
    "K": 1.0,
    "Nd": 3.0,
    "O": -2.0,
    "P": 5.0
  },
  "F8Li4O2V2": {
    "F": -1.0,
    "Li": 1.0,
    "O": -2.0,
    "V": 4.0
  },
  "Ca2O2S2Zn2": {
    "Ca": 2.0,
    "O": -2.0,
    "S": -2.0,
    "Zn": 2.0
  },
  "As12H4O24": {
    "As": 3.6666666666666665,
    "H": 1.0,
    "O": -2.0
  },
  "Cu6S8Sb2": {
    "Cu": 1.0,
    "S": -2.0,
    "Sb": 5.0
  },
  "C2Li6Mn2O14P2": {
    "C": 4.0,
    "Li": 1.0,
    "Mn": 2.0,
    "O": -2.0,
    "P": 5.0
  },
  "Ca8N8V2": {
    "Ca": 2.0,
    "N": -3.0,
    "V": 4.0
  },
  "Ge1S4Zn2": {
    "Ge": 4.0,
    "S": -2.0,
    "Zn": 2.0
  },
  "Fe2Si1Ti1": null,
  "Cl4F12Sn8": {
    "Cl": -1.0,
    "F": -1.0,
    "Sn": 2.0
  },
  "Ba4N12W4": {
    "Ba": 2.0,
    "N": -2.6666666666666665,
    "W": 6.0
  },
  "Al6N10Sr6": {
    "Al": 3.0,
    "N": -3.0,
    "Sr": 2.0
  },
  "H1K1": {
    "H": -1.0,
    "K": 1.0
  },
  "Ni1O2Rb2": {
    "Ni": 2.0,
    "O": -2.0,
    "Rb": 1.0
  },
  "Cl3In1Sn1": {
    "Cl": -1.0,
    "In": 1.0,
    "Sn": 2.0
  },
  "Ga2Li2Te4": {
    "Ga": 3.0,
    "Li": 1.0,
    "Te": -2.0
  },
  "F7Fe3O1": {
    "F": -1.0,
    "Fe": 3.0,
    "O": -2.0
  },
  "As2Ni1O6": {
    "As": 5.0,
    "Ni": 2.0,
    "O": -2.0
  },
  "As2Mn1O6": {
    "As": 5.0,
    "Mn": 2.0,
    "O": -2.0
  },
  "C6Cl6N6": {
    "C": 4.0,
    "Cl": -1.0,
    "N": -3.0
  },
  "As2Mg2Na2": {
    "As": -3.0,
    "Mg": 2.0,
    "Na": 1.0
  },
  "C2Cl2F6": {
    "C": 4.0,
    "Cl": -1.0,
    "F": -1.0
  },
  "C6N12Y4": {
    "C": 4.0,
    "N": -3.0,
    "Y": 3.0
  },
  "K6Li2O14P4": {
    "K": 1.0,
    "Li": 1.0,
    "O": -2.0,
    "P": 5.0
  },
  "Na4Pd2S4": {
    "Na": 1.0,
    "Pd": 2.0,
    "S": -2.0
  },
  "Li4N2O4P2": {
    "Li": 1.0,
    "N": -3.0,
    "O": -2.0,
    "P": 5.0
  },
  "Ba2Se4": {
    "Ba": 2.0,
    "Se": -1.0
  },
  "Ga2Na6P8Sr6": {
    "Ga": 3.0,
    "Na": 1.0,
    "P": -3.0,
    "Sr": 2.0
  },
  "Cr1K1O2": {
    "Cr": 3.0,
    "K": 1.0,
    "O": -2.0
  },
  "Ag4K2Nb2Se8": {
    "Ag": 1.0,
    "K": 1.0,
    "Nb": 5.0,
    "Se": -2.0
  },
  "Na4O16Si4Y4": {
    "Na": 1.0,
    "O": -2.0,
    "Si": 4.0,
    "Y": 3.0
  },
  "K16N32Nb16": {
    "K": 1.0,
    "N": -3.0,
    "Nb": 5.0
  },
  "Al2B2O7Sr1": {
    "Al": 3.0,
    "B": 3.0,
    "O": -2.0,
    "Sr": 2.0
  },
  "As2Ca2Rb2": {
    "As": -3.0,
    "Ca": 2.0,
    "Rb": 1.0
  },
  "H12Mg1O9Se1": {
    "H": 1.0,
    "Mg": 2.0,
    "O": -2.0,
    "Se": 4.0
  },
  "B1Be2Cs1F2O3": {
    "B": 3.0,
    "Be": 2.0,
    "Cs": 1.0,
    "F": -1.0,
    "O": -2.0
  },
  "Pt1Sn1Zr1": null,
  "Pt1Sb1Y1": {
    "Pt": -2.0,
    "Sb": -1.0,
    "Y": 3.0
  },
  "Au6Dy6Sb8": {
    "Au": -1.0,
    "Dy": 3.0,
    "Sb": -1.5
  },
  "Cl1O3Rb1": null,
  "Ho1Ni1Sb1": null,
  "Cr1Na1Se2": {
    "Cr": 3.0,
    "Na": 1.0,
    "Se": -2.0
  },
  "Cr1Cu1O2": {
    "Cr": 3.0,
    "Cu": 1.0,
    "O": -2.0
  },
  "Fe1Na1O2": {
    "Fe": 3.0,
    "Na": 1.0,
    "O": -2.0
  },
  "I4": null,
  "Ca1Cd2P2": {
    "Ca": 2.0,
    "Cd": 2.0,
    "P": -3.0
  },
  "F3Mo1Na3O3": {
    "F": -1.0,
    "Mo": 6.0,
    "Na": 1.0,
    "O": -2.0
  },
  "F3K1Mg1": {
    "F": -1.0,
    "K": 1.0,
    "Mg": 2.0
  },
  "Rb2Se1": {
    "Rb": 1.0,
    "Se": -2.0
  },
  "Na1O3": null,
  "Cd2P2Sr1": {
    "Cd": 2.0,
    "P": -3.0,
    "Sr": 2.0
  },
  "Bi2Er2O6": {
    "Bi": 3.0,
    "Er": 3.0,
    "O": -2.0
  },
  "Ba1Cd2P2": {
    "Ba": 2.0,
    "Cd": 2.0,
    "P": -3.0
  },
  "Ga1H1Sn1Sr1": null,
  "As2Ba1Mg2": {
    "As": -3.0,
    "Ba": 2.0,
    "Mg": 2.0
  },
  "As2Ca1Cd2": {
    "As": -3.0,
    "Ca": 2.0,
    "Cd": 2.0
  },
  "Cu1S2Sc1": {
    "Cu": 1.0,
    "S": -2.0,
    "Sc": 3.0
  },
  "Os2P4": {
    "Os": -2.0,
    "P": 1.0
  },
  "Br2F2Pb2": {
    "Br": -1.0,
    "F": -1.0,
    "Pb": 2.0
  },
  "Ca6Fe2O12Rh2": {
    "Ca": 2.0,
    "Fe": 3.0,
    "O": -2.0,
    "Rh": 3.0
  },
  "Ga6O18Y6": {
    "Ga": 3.0,
    "O": -2.0,
    "Y": 3.0
  },
  "Li5Mn5Na3O9": {
    "Li": 1.0,
    "Mn": 2.0,
    "Na": 1.0,
    "O": -2.0
  },
  "H24Mg2O20P2Tl2": {
    "H": 1.0,
    "Mg": 2.0,
    "O": -2.0,
    "P": 5.0,
    "Tl": 1.0
  },
  "F4O4Sb4": {
    "F": -1.0,
    "O": -2.0,
    "Sb": 3.0
  },
  "Co1Cr3O16P4": {
    "Co": 3.0,
    "Cr": 3.0,
    "O": -2.0,
    "P": 5.0
  },
  "F8Pt2": {
    "F": -1.0,
    "Pt": 4.0
  },
  "S20Tl8": {
    "S": -1.2,
    "Tl": 3.0
  },
  "H32N4Na4O24S4": {
    "H": 1.0,
    "N": 5.0,
    "Na": 1.0,
    "O": -2.0,
    "S": -2.0
  },
  "Ag4K8S16Sb4": {
    "Ag": 1.0,
    "K": 1.0,
    "S": -2.0,
    "Sb": 5.0
  },
  "Ba4Cu4O24Se8": {
    "Ba": 2.0,
    "Cu": 2.0,
    "O": -2.0,
    "Se": 4.0
  },
  "Cr14K30N38": {
    "Cr": 6.0,
    "K": 1.0,
    "N": -3.0
  },
  "Li80N48Ti16": {
    "Li": 1.0,
    "N": -3.0,
    "Ti": 4.0
  },
  "Ag2La6Se14Sn2": {
    "Ag": 1.0,
    "La": 3.0,
    "Se": -2.0,
    "Sn": 4.0
  },
  "Cr14N38Na30": {
    "Cr": 6.0,
    "N": -3.0,
    "Na": 1.0
  },
  "Ba2Te4": {
    "Ba": 2.0,
    "Te": -1.0
  },
  "Ba4Ca4Ge4": null,
  "Ir4P8": {
    "Ir": 4.0,
    "P": -2.0
  },
  "Pd4S8": {
    "Pd": 4.0,
    "S": -2.0
  },
  "K4P2Zn1": {
    "K": 1.0,
    "P": -3.0,
    "Zn": 2.0
  },
  "Ba4Mg2O14Si4": {
    "Ba": 2.0,
    "Mg": 2.0,
    "O": -2.0,
    "Si": 4.0
  },
  "K1La1Te2": {
    "K": 1.0,
    "La": 3.0,
    "Te": -2.0
  },
  "F6Sn1Zn1": {
    "F": -1.0,
    "Sn": 4.0,
    "Zn": 2.0
  },
  "H1Se1Y1": {
    "H": -1.0,
    "Se": -2.0,
    "Y": 3.0
  },
  "Cd1F6Sn1": {
    "Cd": 2.0,
    "F": -1.0,
    "Sn": 4.0
  },
  "Al4Na4O20Si6": {
    "Al": 3.0,
    "Na": 1.0,
    "O": -2.0,
    "Si": 4.0
  },
  "Be2Mg1N2": {
    "Be": 2.0,
    "Mg": 2.0,
    "N": -3.0
  },
  "Be4Ca2N4": {
    "Be": 2.0,
    "Ca": 2.0,
    "N": -3.0
  },
  "Cs1F6Nb1": {
    "Cs": 1.0,
    "F": -1.0,
    "Nb": 5.0
  },
  "Ba1F6Ge1": {
    "Ba": 2.0,
    "F": -1.0,
    "Ge": 4.0
  },
  "K2O4Sb2": {
    "K": 1.0,
    "O": -2.0,
    "Sb": 3.0
  },
  "Ag2As2Na4": {
    "Ag": 1.0,
    "As": -3.0,
    "Na": 1.0
  },
  "Na4O6Sn4": {
    "Na": 1.0,
    "O": -2.0,
    "Sn": 2.0
  },
  "Al4Ca12Sb12": {
    "Al": 3.0,
    "Ca": 2.0,
    "Sb": -3.0
  },
  "Al6Ca6N10": {
    "Al": 3.0,
    "Ca": 2.0,
    "N": -3.0
  },
  "H20Li4N8O16S4": {
    "H": 1.0,
    "Li": 1.0,
    "N": 2.0,
    "O": -2.0,
    "S": -2.0
  },
  "P8Sr6": {
    "P": -1.5,
    "Sr": 2.0
  },
  "Cd8Se12Si2": {
    "Cd": 2.0,
    "Se": -2.0,
    "Si": 4.0
  },
  "Eu4Ge4Pt4": null,
  "Bi1Ni1Tm1": null,
  "Ge16Sr8": null,
  "Na4Pt2S4": {
    "Na": 1.0,
    "Pt": 2.0,
    "S": -2.0
  },
  "Be2F8K2Sr1": {
    "Be": 2.0,
    "F": -1.0,
    "K": 1.0,
    "Sr": 2.0
  },
  "As2Ge1Te4": {
    "As": 2.0,
    "Ge": 4.0,
    "Te": -2.0
  },
  "F12Tl4": {
    "F": -1.0,
    "Tl": 3.0
  },
  "Cl12Eu8O2": {
    "Cl": -1.0,
    "Eu": 2.0,
    "O": -2.0
  },
  "Ag2O4Sc2": {
    "Ag": 1.0,
    "O": -2.0,
    "Sc": 3.0
  },
  "Al8Ba2S14": {
    "Al": 3.0,
    "Ba": 2.0,
    "S": -2.0
  },
  "Al2Cd1Se4": {
    "Al": 3.0,
    "Cd": 2.0,
    "Se": -2.0
  },
  "Br1Li10N3": {
    "Br": -1.0,
    "Li": 1.0,
    "N": -3.0
  },
  "Cs24N40W16": {
    "Cs": 1.0,
    "N": -3.0,
    "W": 6.0
  },
  "As8Sr6": {
    "As": -1.5,
    "Sr": 2.0
  },
  "Hf1Li2N2": {
    "Hf": 4.0,
    "Li": 1.0,
    "N": -3.0
  },
  "Cr2Li12O8": {
    "Cr": 2.0,
    "Li": 1.0,
    "O": -2.0
  },
  "Na4Se4": {
    "Na": 1.0,
    "Se": -1.0
  },
  "Sc1Se2Tl1": {
    "Sc": 3.0,
    "Se": -2.0,
    "Tl": 1.0
  },
  "O24W4Y8": {
    "O": -2.0,
    "W": 6.0,
    "Y": 3.0
  },
  "Bi1Co1Zr1": null,
  "Al4C3": {
    "Al": 3.0,
    "C": -4.0
  },
  "As8Rh4": {
    "As": -2.0,
    "Rh": 4.0
  },
  "Cr8N32Sr24": {
    "Cr": 6.0,
    "N": -3.0,
    "Sr": 2.0
  },
  "Cs12H20Mg4": {
    "Cs": 1.0,
    "H": -1.0,
    "Mg": 2.0
  },
  "Cl4H4Hg4O16": null,
  "Co2Li5O6": {
    "Co": 3.5,
    "Li": 1.0,
    "O": -2.0
  },
  "Cs1Li1Mo1O4": {
    "Cs": 1.0,
    "Li": 1.0,
    "Mo": 6.0,
    "O": -2.0
  },
  "Cu2Lu2Pb2Se6": {
    "Cu": 1.0,
    "Lu": 3.0,
    "Pb": 2.0,
    "Se": -2.0
  },
  "Ba1La1Mn1O6Ta1": {
    "Ba": 2.0,
    "La": 3.0,
    "Mn": 2.0,
    "O": -2.0,
    "Ta": 5.0
  },
  "Cl4H20O8": {
    "Cl": -1.0,
    "H": 1.0,
    "O": -2.0
  },
  "Ge8Li4N12": {
    "Ge": 4.0,
    "Li": 1.0,
    "N": -3.0
  },
  "Br4H20O8": {
    "Br": -1.0,
    "H": 1.0,
    "O": -2.0
  },
  "Cu8Ho8O20": {
    "Cu": 2.0,
    "Ho": 3.0,
    "O": -2.0
  },
  "F7Li3V1": {
    "F": -1.0,
    "Li": 1.0,
    "V": 4.0
  },
  "Al4Li4Mn4O16": {
    "Al": 3.0,
    "Li": 1.0,
    "Mn": 4.0,
    "O": -2.0
  },
  "Bi2Cs2O4": {
    "Bi": 3.0,
    "Cs": 1.0,
    "O": -2.0
  },
  "F16H4P4": {
    "F": -1.0,
    "H": 1.0,
    "P": 3.0
  },
  "Ba1La1Li1O6Te1": {
    "Ba": 2.0,
    "La": 3.0,
    "Li": 1.0,
    "O": -2.0,
    "Te": 6.0
  },
  "N20Nb4Sr20": {
    "N": -3.0,
    "Nb": 5.0,
    "Sr": 2.0
  },
  "Ca1H4Rb2": {
    "Ca": 2.0,
    "H": -1.0,
    "Rb": 1.0
  },
  "C2H8Na8O18P4": {
    "C": 0.0,
    "H": 1.0,
    "Na": 1.0,
    "O": -2.0,
    "P": 5.0
  },
  "Fe1Li4Nb1O12Te2": {
    "Fe": 3.0,
    "Li": 1.0,
    "Nb": 5.0,
    "O": -2.0,
    "Te": 6.0
  },
  "Cl16Ru2S6": {
    "Cl": -1.0,
    "Ru": 6.0,
    "S": 0.6666666666666666
  },
  "As2Cd1K4": {
    "As": -3.0,
    "Cd": 2.0,
    "K": 1.0
  },
  "B6Ga6K6O21": {
    "B": 3.0,
    "Ga": 3.0,
    "K": 1.0,
    "O": -2.0
  },
  "Bi8S12": {
    "Bi": 3.0,
    "S": -2.0
  },
  "Cl4Li2Rb2": {
    "Cl": -1.0,
    "Li": 1.0,
    "Rb": 1.0
  },
  "As4Nb4O16": {
    "As": 3.0,
    "Nb": 5.0,
    "O": -2.0
  },
  "Li2Ni1O12P4": {
    "Li": 1.0,
    "Ni": 2.0,
    "O": -2.0,
    "P": 5.0
  },
  "F6K1P1": {
    "F": -1.0,
    "K": 1.0,
    "P": 5.0
  },
  "Se18V4": {
    "Se": -1.1111111111111112,
    "V": 5.0
  },
  "Cl2Hg2": {
    "Cl": -1.0,
    "Hg": 1.0
  },
  "Bi4Cl12": {
    "Bi": 3.0,
    "Cl": -1.0
  },
  "Cd1Cl1K4O15V5": {
    "Cd": 2.0,
    "Cl": -1.0,
    "K": 1.0,
    "O": -2.0,
    "V": 5.0
  },
  "Cl2Rh2Te2": {
    "Cl": -1.0,
    "Rh": 3.0,
    "Te": -2.0
  },
  "Cs4F12Na4": null,
  "Fe8Si16": {
    "Fe": 2.0,
    "Si": -1.0
  },
  "Co1H2O2": {
    "Co": 2.0,
    "H": 1.0,
    "O": -2.0
  },
  "F20Li8Mn4": {
    "F": -1.0,
    "Li": 1.0,
    "Mn": 3.0
  },
  "Br1Ca2N1": {
    "Br": -1.0,
    "Ca": 2.0,
    "N": -3.0
  },
  "Cu3Se4V1": {
    "Cu": 1.0,
    "Se": -2.0,
    "V": 5.0
  },
  "Al2Cl6": {
    "Al": 3.0,
    "Cl": -1.0
  },
  "Os8Si16": {
    "Os": -2.0,
    "Si": 1.0
  },
  "Br6K2Re1": {
    "Br": -1.0,
    "K": 1.0,
    "Re": 4.0
  },
  "O8Se4": {
    "O": -2.0,
    "Se": 4.0
  },
  "Li2O16P4V2": {
    "Li": 1.0,
    "O": -2.0,
    "P": 5.0,
    "V": 5.0
  },
  "Br1N1Sr2": {
    "Br": -1.0,
    "N": -3.0,
    "Sr": 2.0
  },
  "P12Ru4": {
    "P": -1.0,
    "Ru": 3.0
  },
  "Li2Ni2O8Si2": {
    "Li": 1.0,
    "Ni": 3.0,
    "O": -2.0,
    "Si": 4.0
  },
  "Cd2S8Tb4": {
    "Cd": 2.0,
    "S": -2.0,
    "Tb": 3.0
  },
  "Rh8S12": {
    "Rh": 3.0,
    "S": -2.0
  },
  "Ga12Na8Sb12": {
    "Ga": 2.3333333333333335,
    "Na": 1.0,
    "Sb": -3.0
  },
  "C8Cl24F8": {
    "C": 4.0,
    "Cl": -1.0,
    "F": -1.0
  },
  "Cs2F5Li3": {
    "Cs": 1.0,
    "F": -1.0,
    "Li": 1.0
  },
  "Br12F24Sb4Se4": {
    "Br": 1.0,
    "F": -1.0,
    "Sb": 5.0,
    "Se": -2.0
  },
  "O8Rb1S2Tl1": {
    "O": -2.0,
    "Rb": 1.0,
    "S": 6.0,
    "Tl": 3.0
  },
  "Li2Ni1O8Ti3": {
    "Li": 1.0,
    "Ni": 2.0,
    "O": -2.0,
    "Ti": 4.0
  },
  "Fe4O8Zn2": {
    "Fe": 3.0,
    "O": -2.0,
    "Zn": 2.0
  },
  "K2Li2Se2": {
    "K": 1.0,
    "Li": 1.0,
    "Se": -2.0
  },
  "Au2K2Se2": {
    "Au": 1.0,
    "K": 1.0,
    "Se": -2.0
  },
  "Cl2Hf2N2": {
    "Cl": -1.0,
    "Hf": 4.0,
    "N": -3.0
  },
  "Fe2P4": {
    "Fe": 2.0,
    "P": -1.0
  },
  "Fe2Se4": {
    "Fe": 3.0,
    "Se": -1.5
  },
  "B1Be2F2O3Rb1": {
    "B": 3.0,
    "Be": 2.0,
    "F": -1.0,
    "O": -2.0,
    "Rb": 1.0
  },
  "H4Na2Pt1": {
    "H": 0.0,
    "Na": 1.0,
    "Pt": -2.0
  },
  "Bi1Li1O7P2": {
    "Bi": 3.0,
    "Li": 1.0,
    "O": -2.0,
    "P": 5.0
  },
  "Cs2F6Sn1": {
    "Cs": 1.0,
    "F": -1.0,
    "Sn": 4.0
  },
  "As2Ca2F2Mg2O8": {
    "As": 5.0,
    "Ca": 2.0,
    "F": -1.0,
    "Mg": 2.0,
    "O": -2.0
  },
  "Te3": {
    "Te": 0.0
  },
  "As4Ge2Zn2": {
    "As": -3.0,
    "Ge": 4.0,
    "Zn": 2.0
  },
  "Ag2P2S6": {
    "Ag": 1.0,
    "P": 5.0,
    "S": -2.0
  },
  "Hf2Se6": {
    "Hf": 4.0,
    "Se": -1.3333333333333333
  },
  "B6Cd4O13": {
    "B": 3.0,
    "Cd": 2.0,
    "O": -2.0
  },
  "Li1O2Rh1": {
    "Li": 1.0,
    "O": -2.0,
    "Rh": 3.0
  },
  "Cu2In2S4": {
    "Cu": 1.0,
    "In": 3.0,
    "S": -2.0
  },
  "F6Rb3Y1": {
    "F": -1.0,
    "Rb": 1.0,
    "Y": 3.0
  },
  "Cr1Li1O6V2": {
    "Cr": 3.0,
    "Li": 1.0,
    "O": -2.0,
    "V": 4.0
  },
  "Ca12Ga2N10": {
    "Ca": 2.0,
    "Ga": 3.0,
    "N": -3.0
  },
  "Cd1F2": {
    "Cd": 2.0,
    "F": -1.0
  },
  "F6Rb2Si1": {
    "F": -1.0,
    "Rb": 1.0,
    "Si": 4.0
  },
  "N40Na24W16": {
    "N": -3.0,
    "Na": 1.0,
    "W": 6.0
  },
  "Fe2O8Ta2": {
    "Fe": 3.0,
    "O": -2.0,
    "Ta": 5.0
  },
  "F6K4Mo2Na2O6": {
    "F": -1.0,
    "K": 1.0,
    "Mo": 6.0,
    "Na": 1.0,
    "O": -2.0
  },
  "Li3Nb1O12Te2Zr1": {
    "Li": 1.0,
    "Nb": 5.0,
    "O": -2.0,
    "Te": 6.0,
    "Zr": 4.0
  },
  "As4O20Sb4Zn4": {
    "As": 5.0,
    "O": -2.0,
    "Sb": 3.0,
    "Zn": 2.0
  },
  "Na4O6V2": {
    "Na": 1.0,
    "O": -2.0,
    "V": 4.0
  },
  "Mo2S2Se2Te2W1": {
    "Mo": 4.5,
    "S": -2.0,
    "Se": -2.0,
    "Te": -2.0,
    "W": 3.0
  },
  "O6Sc2Y2": {
    "O": -2.0,
    "Sc": 3.0,
    "Y": 3.0
  },
  "B1P1S4": {
    "B": 3.0,
    "P": 5.0,
    "S": -2.0
  },
  "Ca2O8Sn4": {
    "Ca": 2.0,
    "O": -2.0,
    "Sn": 3.0
  },
  "Ba1La1Mg1O6Ta1": {
    "Ba": 2.0,
    "La": 3.0,
    "Mg": 2.0,
    "O": -2.0,
    "Ta": 5.0
  },
  "Au1Sc1Sn1": null,
  "Al14Te20": null,
  "Ba2Te6": {
    "Ba": 2.0,
    "Te": -0.6666666666666666
  },
  "As12Ca12Ga4": {
    "As": -3.0,
    "Ca": 2.0,
    "Ga": 3.0
  },
  "Cu4P8": {
    "Cu": 2.0,
    "P": -1.0
  },
  "Al4Cl16In4": {
    "Al": 3.0,
    "Cl": -1.0,
    "In": 1.0
  },
  "H2K4N2O12S4": {
    "H": 1.0,
    "K": 1.0,
    "N": 5.0,
    "O": -2.0,
    "S": 2.0
  },
  "B4F12H16O8": {
    "B": 3.0,
    "F": -1.0,
    "H": 1.0,
    "O": -2.0
  },
  "Ca16N16Si4": {
    "Ca": 2.0,
    "N": -3.0,
    "Si": 4.0
  },
  "F16Mn8O2": {
    "F": -1.0,
    "Mn": 2.5,
    "O": -2.0
  },
  "Al3N2Nd3O12Si3": {
    "Al": 3.0,
    "N": -3.0,
    "Nd": 3.0,
    "O": -2.0,
    "Si": 4.0
  },
  "B4F16N4O8": {
    "B": 3.0,
    "F": -1.0,
    "N": 5.0,
    "O": -2.0
  },
  "As4Ca4H4O20Zn4": {
    "As": 5.0,
    "Ca": 2.0,
    "H": 1.0,
    "O": -2.0,
    "Zn": 2.0
  },
  "P2Rb2S6": {
    "P": 5.0,
    "Rb": 1.0,
    "S": -2.0
  },
  "Ag4Ge2Pb2S8": {
    "Ag": 1.0,
    "Ge": 4.0,
    "Pb": 2.0,
    "S": -2.0
  },
  "Ga2Te5": {
    "Ga": 2.0,
    "Te": -0.8
  },
  "As4Na12Se12": {
    "As": 3.0,
    "Na": 1.0,
    "Se": -2.0
  },
  "Ca1Cd3O4": {
    "Ca": 2.0,
    "Cd": 2.0,
    "O": -2.0
  },
  "Cl14Fe2Te2": {
    "Cl": -1.0,
    "Fe": 3.0,
    "Te": 4.0
  },
  "Li2Te1": {
    "Li": 1.0,
    "Te": -2.0
  },
  "I1K3O1": {
    "I": -1.0,
    "K": 1.0,
    "O": -2.0
  },
  "F18Li6O9Ta6": {
    "F": -1.0,
    "Li": 1.0,
    "O": -2.0,
    "Ta": 5.0
  },
  "F8Na16O24P8": {
    "F": -1.0,
    "Na": 1.0,
    "O": -2.0,
    "P": 5.0
  },
  "Br3Ca1Cs1": {
    "Br": -1.0,
    "Ca": 2.0,
    "Cs": 1.0
  },
  "F8Pd2": {
    "F": -1.0,
    "Pd": 4.0
  },
  "N8Te12Y16": {
    "N": -3.0,
    "Te": -2.0,
    "Y": 3.0
  },
  "Ba1O1": {
    "Ba": 2.0,
    "O": -2.0
  },
  "Ca1S1": {
    "Ca": 2.0,
    "S": -2.0
  },
  "Na2Te1": {
    "Na": 1.0,
    "Te": -2.0
  },
  "Ca1H2O2": {
    "Ca": 2.0,
    "H": 1.0,
    "O": -2.0
  },
  "Ca1F2": {
    "Ca": 2.0,
    "F": -1.0
  },
  "Bi1Li3": null,
  "Br1Rb1": {
    "Br": -1.0,
    "Rb": 1.0
  },
  "Cu1K1Na2O2": {
    "Cu": 1.0,
    "K": 1.0,
    "Na": 1.0,
    "O": -2.0
  },
  "Hg1Sn1Sr2": null,
  "Al2Cs2O4": {
    "Al": 3.0,
    "Cs": 1.0,
    "O": -2.0
  },
  "C2Na6O14P2Sr2": {
    "C": 4.0,
    "Na": 1.0,
    "O": -2.0,
    "P": 5.0,
    "Sr": 2.0
  },
  "Be4Dy4Ge2O14": {
    "Be": 2.0,
    "Dy": 3.0,
    "Ge": 4.0,
    "O": -2.0
  },
  "Ca2Cr1O6W1": {
    "Ca": 2.0,
    "Cr": 2.0,
    "O": -2.0,
    "W": 6.0
  },
  "Ba2Bi4Nb4O18": {
    "Ba": 2.0,
    "Bi": 3.0,
    "Nb": 5.0,
    "O": -2.0
  },
  "La1Li1Nb2O7": {
    "La": 3.0,
    "Li": 1.0,
    "Nb": 5.0,
    "O": -2.0
  },
  "B2C2Li2": {
    "B": 3.0,
    "C": -4.0,
    "Li": 1.0
  },
  "Al6Cl2Ge6Li8O24": {
    "Al": 3.0,
    "Cl": -1.0,
    "Ge": 4.0,
    "Li": 1.0,
    "O": -2.0
  },
  "F8Fe2Mg2": {
    "F": -1.0,
    "Fe": 2.0,
    "Mg": 2.0
  },
  "Li4Mn4O14Si4": {
    "Li": 1.0,
    "Mn": 2.0,
    "O": -2.0,
    "Si": 4.0
  },
  "As1Au1Sr2": {
    "As": -3.0,
    "Au": -1.0,
    "Sr": 2.0
  },
  "Cl4K2Mg1": {
    "Cl": -1.0,
    "K": 1.0,
    "Mg": 2.0
  },
  "O14Sn4Zn6": {
    "O": -2.0,
    "Sn": 4.0,
    "Zn": 2.0
  },
  "Ca6Mo4O14": {
    "Ca": 2.0,
    "Mo": 4.0,
    "O": -2.0
  },
  "Cl16Rb8Zn4": {
    "Cl": -1.0,
    "Rb": 1.0,
    "Zn": 2.0
  },
  "C2Hf2Li2O14P2": {
    "C": 4.0,
    "Hf": 4.0,
    "Li": 1.0,
    "O": -2.0,
    "P": 5.0
  },
  "La8Mn2O2S12": {
    "La": 3.0,
    "Mn": 2.0,
    "O": -2.0,
    "S": -2.0
  }
}