{
  "Al1Ti1": null,
  "Mg2O8S2": {
    "Mg": 2.0,
    "O": -2.0,
    "S": 6.0
  },
  "B2Cu2Se4": {
    "B": 3.0,
    "Cu": 1.0,
    "Se": -2.0
  },
  "Er4F12": {
    "Er": 3.0,
    "F": -1.0
  },
  "Li4O6Pd2": {
    "Li": 1.0,
    "O": -2.0,
    "Pd": 4.0
  },
  "Lu1O2Rb1": {
    "Lu": 3.0,
    "O": -2.0,
    "Rb": 1.0
  },
  "As4Nb2": {
    "As": -2.5,
    "Nb": 5.0
  },
  "Re2Ti1W1": null,
  "Si2Sr2Zn2": {
    "Si": -4.0,
    "Sr": 2.0,
    "Zn": 2.0
  },
  "Li3Pd1": null,
  "Ba3Bi3Na3": null,
  "Ag2K4Sb2": {
    "Ag": 1.0,
    "K": 1.0,
    "Sb": -3.0
  },
  "Al4Na4O8": {
    "Al": 3.0,
    "Na": 1.0,
    "O": -2.0
  },
  "Al2Ba3Sn2": null,
  "Al2K4Na2P4": {
    "Al": 3.0,
    "K": 1.0,
    "Na": 1.0,
    "P": -3.0
  },
  "K1O2Y1": {
    "K": 1.0,
    "O": -2.0,
    "Y": 3.0
  },
  "As1B1O4": {
    "As": 5.0,
    "B": 3.0,
    "O": -2.0
  },
  "Au2Rb2S2": {
    "Au": 1.0,
    "Rb": 1.0,
    "S": -2.0
  },
  "Al1Mn2Nb1": null,
  "As6Ca6": {
    "As": -2.0,
    "Ca": 2.0
  },
  "Ba6N2Na2": null,
  "F6Sb1Tl1": {
    "F": -1.0,
    "Sb": 5.0,
    "Tl": 1.0
  },
  "Nb1Os2Sc1": {
    "Nb": 2.0,
    "Os": -2.0,
    "Sc": 2.0
  },
  "Ba1Ge2Li2Mg2": null,
  "Ba1F6Ti1": {
    "Ba": 2.0,
    "F": -1.0,
    "Ti": 4.0
  },
  "Ba1F6Sn1": {
    "Ba": 2.0,
    "F": -1.0,
    "Sn": 4.0
  },
  "Li4Na4Te4": {
    "Li": 1.0,
    "Na": 1.0,
    "Te": -2.0
  },
  "Cu2Na4P2": {
    "Cu": 1.0,
    "Na": 1.0,
    "P": -3.0
  },
  "Au3K2": null,
  "Ba1P2Pd2": {
    "Ba": 2.0,
    "P": -3.0,
    "Pd": 2.0
  },
  "As3Ru3Zr3": null,
  "Cu2K2Te2": {
    "Cu": 1.0,
    "K": 1.0,
    "Te": -2.0
  },
  "F10P2": {
    "F": -1.0,
    "P": 5.0
  },
  "Au2Na2Te2": {
    "Au": 1.0,
    "Na": 1.0,
    "Te": -2.0
  },
  "Al2Ge2Na2": null,
  "Cu1Sc1": null,
  "Mg1Rh1": null,
  "Au2Si2Sr1": {
    "Au": -1.0,
    "Si": 0.0,
    "Sr": 2.0
  },
  "Ca6N6V2": {
    "Ca": 2.0,
    "N": -3.0,
    "V": 3.0
  },
  "Ca1O6Sb2": {
    "Ca": 2.0,
    "O": -2.0,
    "Sb": 5.0
  },
  "As2C2V6": {
    "As": -3.0,
    "C": -4.0,
    "V": 2.3333333333333335
  },
  "Au1Ge2In3Yb3": null,
  "Cs2F6Nb1": {
    "Cs": 1.0,
    "F": -1.0,
    "Nb": 4.0
  },
  "P8Pt4": {
    "P": 1.0,
    "Pt": -2.0
  },
  "Cs2F4Hg1": {
    "Cs": 1.0,
    "F": -1.0,
    "Hg": 2.0
  },
  "Mo2Pt4Si6": {
    "Mo": 4.0,
    "Pt": -2.0,
    "Si": 0.0
  },
  "Er16O24": {
    "Er": 3.0,
    "O": -2.0
  },
  "Ag2K4P2": {
    "Ag": 1.0,
    "K": 1.0,
    "P": -3.0
  },
  "Au1Ba2Sb1": {
    "Au": -1.0,
    "Ba": 2.0,
    "Sb": -3.0
  },
  "Cu4Si2Te6": {
    "Cu": 1.0,
    "Si": 4.0,
    "Te": -2.0
  },
  "In1P1": {
    "In": 3.0,
    "P": -3.0
  },
  "B2Tb1": null,
  "Er2O7Si2": {
    "Er": 3.0,
    "O": -2.0,
    "Si": 4.0
  },
  "Sb8Zn8": {
    "Sb": -2.0,
    "Zn": 2.0
  },
  "Ca1Nd1Zn2": null,
  "Pb8Pt2": null,
  "As16Mg4": {
    "As": -0.5,
    "Mg": 2.0
  },
  "Al4P8Sr6": {
    "Al": 3.0,
    "P": -3.0,
    "Sr": 2.0
  },
  "Ba2Fe1O6Re1": {
    "Ba": 2.0,
    "Fe": 3.0,
    "O": -2.0,
    "Re": 5.0
  },
  "Se1Yb1": {
    "Se": -2.0,
    "Yb": 2.0
  },
  "Ce1Hg2": null,
  "Cl6Nb1Rb2": {
    "Cl": -1.0,
    "Nb": 4.0,
    "Rb": 1.0
  },
  "Au1Cr1Te4": {
    "Au": 5.0,
    "Cr": 3.0,
    "Te": -2.0
  },
  "Ca4Mg4O16Si4": {
    "Ca": 2.0,
    "Mg": 2.0,
    "O": -2.0,
    "Si": 4.0
  },
  "Ir3Se8": {
    "Ir": 3.3333333333333335,
    "Se": -1.25
  },
  "B16C8Y8": {
    "B": 0.375,
    "C": -3.75,
    "Y": 3.0
  },
  "Ag2F6Mg2": {
    "Ag": 1.0,
    "F": -1.0,
    "Mg": 2.0
  },
  "Ge3Mn3Nb3": null,
  "P2Se2U2": {
    "P": -3.0,
    "Se": -2.0,
    "U": 5.0
  },
  "F6Mg1Rh1": {
    "F": -1.0,
    "Mg": 2.0,
    "Rh": 4.0
  },
  "Co1O2Pt1": {
    "Co": 2.0,
    "O": -2.0,
    "Pt": 2.0
  },
  "O7Sc2Si2": {
    "O": -2.0,
    "Sc": 3.0,
    "Si": 4.0
  },
  "Al2Na6P4": {
    "Al": 3.0,
    "Na": 1.0,
    "P": -3.0
  },
  "Au2Sm1Sn1": null,
  "C2Li4O6": {
    "C": 4.0,
    "Li": 1.0,
    "O": -2.0
  },
  "O6Th1Ti2": {
    "O": -2.0,
    "Th": 4.0,
    "Ti": 4.0
  },
  "O7Si2Y2": {
    "O": -2.0,
    "Si": 4.0,
    "Y": 3.0
  },
  "O8Sr4Zn4": {
    "O": -2.0,
    "Sr": 2.0,
    "Zn": 2.0
  },
  "Ag4O8S2": {
    "Ag": 3.0,
    "O": -2.0,
    "S": 2.0
  },
  "Al9Ni6Y3": null,
  "Na8O12Zr4": {
    "Na": 1.0,
    "O": -2.0,
    "Zr": 4.0
  },
  "Al1Co2Sc1": null,
  "Ca6F1N1Sn2": null,
  "Cd2Cu4Ge2S8": {
    "Cd": 2.0,
    "Cu": 1.0,
    "Ge": 4.0,
    "S": -2.0
  },
  "B24H24Na4": {
    "B": -1.0,
    "H": 0.8333333333333334,
    "Na": 1.0
  },
  "Cs2F6K1Pb1": null,
  "Ca1Cl4Cs2": {
    "Ca": 2.0,
    "Cl": -1.0,
    "Cs": 1.0
  },
  "F6In1Na1Rb2": {
    "F": -1.0,
    "In": 3.0,
    "Na": 1.0,
    "Rb": 1.0
  },
  "Cs2F6Fe1Tl1": {
    "Cs": 1.0,
    "F": -1.0,
    "Fe": 3.0,
    "Tl": 1.0
  },
  "Cs2F6In1Tl1": {
    "Cs": 1.0,
    "F": -1.0,
    "In": 3.0,
    "Tl": 1.0
  },
  "N8Sr8Zr2": {
    "N": -3.0,
    "Sr": 2.0,
    "Zr": 4.0
  },
  "As8O40Rb8Ti8": {
    "As": 5.0,
    "O": -2.0,
    "Rb": 1.0,
    "Ti": 4.0
  },
  "Ag2Pr2Si4": {
    "Ag": 1.0,
    "Pr": 3.0,
    "Si": -2.0
  },
  "Mg1Ni1Sb1": {
    "Mg": 2.0,
    "Ni": 1.0,
    "Sb": -3.0
  },
  "Ir2Li1Si1": null,
  "Mo6Si8Y4": {
    "Mo": 2.0,
    "Si": -3.0,
    "Y": 3.0
  },
  "Ni2Si4Th2": {
    "Ni": 4.0,
    "Si": -4.0,
    "Th": 4.0
  },
  "Ca4Mg4Pb4": null,
  "Li2Rh4Si4": {
    "Li": 1.0,
    "Rh": 3.5,
    "Si": -4.0
  },
  "In1P1S4": {
    "In": 3.0,
    "P": 5.0,
    "S": -2.0
  },
  "Co2Pt2": {
    "Co": 2.0,
    "Pt": -2.0
  },
  "Eu1P2Rh2": null,
  "C1Ce2Re2Si2": {
    "C": -4.0,
    "Ce": 3.0,
    "Re": 3.0,
    "Si": -4.0
  },
  "Mn1S2": {
    "Mn": 4.0,
    "S": -2.0
  },
  "Ni2Sb4": {
    "Ni": 2.0,
    "Sb": -1.0
  },
  "B2Nd2Ni8": null,
  "C2P2V4": {
    "C": -4.0,
    "P": -3.0,
    "V": 3.5
  },
  "Ge2O8Zr2": {
    "Ge": 4.0,
    "O": -2.0,
    "Zr": 4.0
  },
  "Ba2Cd1": null,
  "Cs2O1": {
    "Cs": 1.0,
    "O": -2.0
  },
  "Cs2O4Sm2": {
    "Cs": 1.0,
    "O": -2.0,
    "Sm": 3.0
  },
  "B2Tm1": null,
  "Mg2Pt1Rh1": null,
  "Ag2Ge2Sr1": null,
  "Er1In1Ni4": null,
  "Nb10Si2Sn4": null,
  "Sb4Th2": {
    "Sb": -2.0,
    "Th": 4.0
  },
  "Os2Si2Th1": {
    "Os": -2.0,
    "Si": 0.0,
    "Th": 4.0
  },
  "Ca1Fe2P2": {
    "Ca": 2.0,
    "Fe": 2.0,
    "P": -3.0
  },
  "As8Zr12": {
    "As": -3.0,
    "Zr": 2.0
  },
  "Ho1Ru2Si2": {
    "Ho": 3.0,
    "Ru": 2.5,
    "Si": -4.0
  },
  "O2Se2U2": {
    "O": -2.0,
    "Se": -2.0,
    "U": 4.0
  },
  "C1In1Ti3": null,
  "K1O3Tc1": {
    "K": 1.0,
    "O": -2.0,
    "Tc": 5.0
  },
  "Ga8Li24N16": {
    "Ga": 3.0,
    "Li": 1.0,
    "N": -3.0
  },
  "Ca1Co2P2": {
    "Ca": 2.0,
    "Co": 2.0,
    "P": -3.0
  },
  "C2Sn2Ti4": null,
  "Ga3Sc1": null,
  "Cd2Pd1Rh1": null,
  "Li2O8Ti4": {
    "Li": 1.0,
    "O": -2.0,
    "Ti": 3.5
  },
  "Ge1Mg1Rh2": null,
  "Er2Sb2Zr2": null,
  "F14Re2": {
    "F": -1.0,
    "Re": 7.0
  },
  "F2Gd2S2": {
    "F": -1.0,
    "Gd": 3.0,
    "S": -2.0
  },
  "Ga4O8Zn2": {
    "Ga": 3.0,
    "O": -2.0,
    "Zn": 2.0
  },
  "Al3Ho3Ni3": null,
  "B13C2": null,
  "B6N10Sr6": {
    "B": 3.0,
    "N": -3.0,
    "Sr": 2.0
  },
  "Dy2Sb2Zr2": null,
  "Mo8N8": {
    "Mo": 3.0,
    "N": -3.0
  },
  "Ag2Sm1Y1": null,
  "Fe1Mg1Rh2": null,
  "Li8Si8": {
    "Li": 1.0,
    "Si": -1.0
  },
  "F6Mg1Pd1": {
    "F": -1.0,
    "Mg": 2.0,
    "Pd": 4.0
  },
  "Ge2Hf2S2": null,
  "B4C1Er2": null,
  "Dy2O2S1": {
    "Dy": 3.0,
    "O": -2.0,
    "S": -2.0
  },
  "Eu2O4Ti1": {
    "Eu": 2.0,
    "O": -2.0,
    "Ti": 4.0
  },
  "Al3Cu2Eu1": null,
  "Co4Ga1Y4": null,
  "Rh1Ru1Sc2": null,
  "Ga2Pd2Ti2": null,
  "Ag1Cl3Rb1": {
    "Ag": 2.0,
    "Cl": -1.0,
    "Rb": 1.0
  },
  "Co2Er2Si4": {
    "Co": 1.0,
    "Er": 3.0,
    "Si": -2.0
  },
  "Co1Ga5Y1": null,
  "Pt5Si1Sn1": {
    "Pt": -1.2,
    "Si": 4.0,
    "Sn": 2.0
  },
  "Co1Ga5Tb1": null,
  "Np1Sn3": null,
  "P1Sc1": {
    "P": -3.0,
    "Sc": 3.0
  },
  "Cr2Li12N8": {
    "Cr": 6.0,
    "Li": 1.0,
    "N": -3.0
  },
  "Fe2Ga4O8": {
    "Fe": 2.0,
    "Ga": 3.0,
    "O": -2.0
  },
  "P1Pt1Tb1": {
    "P": -1.0,
    "Pt": -2.0,
    "Tb": 3.0
  },
  "Li4N8V4": {
    "Li": 1.0,
    "N": -3.0,
    "V": 5.0
  },
  "Mn1Rh1": null,
  "Ca6Ga2N6": {
    "Ca": 2.0,
    "Ga": 3.0,
    "N": -3.0
  },
  "Ag1Tl1Tm2": null,
  "Ag2As1K1O4": {
    "Ag": 1.0,
    "As": 5.0,
    "K": 1.0,
    "O": -2.0
  },
  "B3F12Li3": {
    "B": 3.0,
    "F": -1.0,
    "Li": 1.0
  },
  "Al2Mn2": null,
  "Li4O20V8": {
    "Li": 1.0,
    "O": -2.0,
    "V": 4.5
  },
  "Ni8Ti16": null,
  "Hg2Sm1Yb1": null,
  "Ru8Sn12": null,
  "Cl6Cs2V2": {
    "Cl": -1.0,
    "Cs": 1.0,
    "V": 2.0
  },
  "Fe4Ga12": null,
  "Ge4Pt4Se4": {
    "Ge": 4.0,
    "Pt": -2.0,
    "Se": -2.0
  },
  "H2K2S2": {
    "H": 1.0,
    "K": 1.0,
    "S": -2.0
  },
  "Be1Os2Si1": {
    "Be": 2.0,
    "Os": 1.0,
    "Si": -4.0
  },
  "Co2Si4Tb2": {
    "Co": 1.0,
    "Si": -2.0,
    "Tb": 3.0
  },
  "Bi3Sr1": null,
  "Be68Ru12": null,
  "Co4Nb4P4": {
    "Co": 1.0,
    "Nb": 2.0,
    "P": -3.0
  },
  "Cu2Se2Tl1": {
    "Cu": 1.5,
    "Se": -2.0,
    "Tl": 1.0
  },
  "C2S2Zr4": {
    "C": -4.0,
    "S": -2.0,
    "Zr": 3.0
  },
  "Ag2Bi2Sr2": null,
  "I2In2": {
    "I": -1.0,
    "In": 1.0
  },
  "C1Pb1Y3": null,
  "In1Nd3": null,
  "Br6Pr2": {
    "Br": -1.0,
    "Pr": 3.0
  },
  "Fe2Li2P2": {
    "Fe": 2.0,
    "Li": 1.0,
    "P": -3.0
  },
  "Cl2Fe1": {
    "Cl": -1.0,
    "Fe": 2.0
  },
  "Li16O12Si2": {
    "Li": 1.0,
    "O": -2.0,
    "Si": 4.0
  },
  "Ba3O6Zn3": {
    "Ba": 2.0,
    "O": -2.0,
    "Zn": 2.0
  },
  "Ga3La3Mg3": null,
  "F8H20N4": {
    "F": -1.0,
    "H": 1.0,
    "N": -3.0
  },
  "Cu4O8Rb12": {
    "Cu": 1.0,
    "O": -2.0,
    "Rb": 1.0
  },
  "Be2Cl4": {
    "Be": 2.0,
    "Cl": -1.0
  },
  "Al4Br12": {
    "Al": 3.0,
    "Br": -1.0
  },
  "Rh10Ti6": null,
  "Hg1Na4P2": {
    "Hg": 2.0,
    "Na": 1.0,
    "P": -3.0
  },
  "Au6O4Rb10": {
    "Au": -0.3333333333333333,
    "O": -2.0,
    "Rb": 1.0
  },
  "Ge2Te2U2": null,
  "B2Na2Pt6": {
    "B": 3.0,
    "Na": 1.0,
    "Pt": -1.3333333333333333
  },
  "Ni1Sn1Zr1": null,
  "Os1Tc1Ti2": {
    "Os": -2.0,
    "Tc": -3.0,
    "Ti": 2.5
  },
  "Mo1Tc2Ti1": {
    "Mo": 2.0,
    "Tc": -3.0,
    "Ti": 4.0
  },
  "Ag2Er1In1": null,
  "Ag1Pa1Te2": {
    "Ag": 1.0,
    "Pa": 3.0,
    "Te": -2.0
  },
  "Be8P16": {
    "Be": 2.0,
    "P": -1.0
  },
  "As16Ge8": {
    "As": -2.0,
    "Ge": 4.0
  },
  "Si6Ti10": {
    "Si": -4.0,
    "Ti": 2.4
  },
  "Al1Mg1Y2": null,
  "Hf1Ir2Zn1": null,
  "Mg2Ru2Sn8": null,
  "Hf4Mn4Si4": null,
  "Al2Se4Zn1": {
    "Al": 3.0,
    "Se": -2.0,
    "Zn": 2.0
  },
  "Li12Mo2N8": {
    "Li": 1.0,
    "Mo": 6.0,
    "N": -3.0
  },
  "Cl6Pb1Rb2": {
    "Cl": -1.0,
    "Pb": 4.0,
    "Rb": 1.0
  },
  "B18Mg2N2": {
    "B": 0.0,
    "Mg": 2.0,
    "N": -2.0
  },
  "Cl6Ni2Rb2": {
    "Cl": -1.0,
    "Ni": 2.0,
    "Rb": 1.0
  },
  "Bi2Ca2K2": null,
  "I5Pr4Ru1": null,
  "Ag6Li2O4": {
    "Ag": 1.0,
    "Li": 1.0,
    "O": -2.0
  },
  "Ge2Rh2Th1": null,
  "Y2Zn17": null,
  "Ca2Cd1Pb1": null,
  "Pd34Se30": null,
  "Ag8Bi4O12": {
    "Ag": 1.0,
    "Bi": 4.0,
    "O": -2.0
  },
  "As2Pb4Pd6": null,
  "Ga4S4Te2": {
    "Ga": 3.0,
    "S": -2.0,
    "Te": -2.0
  },
  "Gd16O24": {
    "Gd": 3.0,
    "O": -2.0
  },
  "As2Ta2": {
    "As": -3.0,
    "Ta": 3.0
  },
  "Ba1Nb1O3": {
    "Ba": 2.0,
    "Nb": 4.0,
    "O": -2.0
  },
  "Mn4Nb4P4": null,
  "Cl4Cs4O16": null,
  "Ce2O2Sb1": {
    "Ce": 3.0,
    "O": -2.0,
    "Sb": -2.0
  },
  "Rh2V6": null,
  "H3K1Mg1": {
    "H": -1.0,
    "K": 1.0,
    "Mg": 2.0
  },
  "Ru2Sb4U2": {
    "Ru": 2.0,
    "Sb": -3.0,
    "U": 4.0
  },
  "Lu1Pd2Si2": null,
  "Cl6Cs2W1": {
    "Cl": -1.0,
    "Cs": 1.0,
    "W": 4.0
  },
  "Bi8Cu4O16": {
    "Bi": 3.0,
    "Cu": 2.0,
    "O": -2.0
  },
  "Al3Dy2Si2": null,
  "Hg2In1Yb1": null,
  "Ba2S6": {
    "Ba": 2.0,
    "S": -0.6666666666666666
  },
  "Al1Mo1Ti2": null,
  "Au1Pm2Si1": null,
  "F6Pb1Pt1": {
    "F": -1.0,
    "Pb": 2.0,
    "Pt": 4.0
  },
  "Pd4Sb4Zr4": null,
  "Ba4O20Si8": {
    "Ba": 2.0,
    "O": -2.0,
    "Si": 4.0
  },
  "O12Pb4Sr4": {
    "O": -2.0,
    "Pb": 4.0,
    "Sr": 2.0
  },
  "Ge4Ru2Sm4": null,
  "Cl2Zr2": null,
  "Ge1Li1Pm2": null,
  "Cu8P16Si2": {
    "Cu": 1.0,
    "P": 0.0,
    "Si": -4.0
  },
  "Ba4Br8": {
    "Ba": 2.0,
    "Br": -1.0
  },
  "Au5Ba1": {
    "Au": -0.4,
    "Ba": 2.0
  },
  "Au4Be4": null,
  "Ru1Sc1": null,
  "In3Nd3Rh3": null,
  "Ba4Ge4Pt4": null,
  "N10Ta6": {
    "N": -3.0,
    "Ta": 5.0
  },
  "Au2Dy2Ge2": null,
  "Al8Ni2Y2": null,
  "Au3Dy3In3": null,
  "Si2Ti2Y2": null,
  "Ba2Bi4Cd2": null,
  "Ba1Pt1Sn3": null,
  "Ge4N4Sr6": null,
  "Y1Zn12": null,
  "Bi1Dy1Pt1": null,
  "Al1Cu2Zr1": null,
  "Mn1Ru2Sb1": null,
  "In2Rb2Te4": {
    "In": 3.0,
    "Rb": 1.0,
    "Te": -2.0
  },
  "Mg2P4Si2": {
    "Mg": 2.0,
    "P": 1.0,
    "Si": -4.0
  },
  "Ho4In2": null,
  "P4Ru4Zr4": null,
  "Cd6Tm2": null,
  "Ni2P2Zr4": null,
  "Ru2Si2Tb1": {
    "Ru": 2.5,
    "Si": -4.0,
    "Tb": 3.0
  },
  "Rh4Sc4Si8": {
    "Rh": 3.0,
    "Sc": 3.0,
    "Si": -3.0
  },
  "In8Li24N16": {
    "In": 3.0,
    "Li": 1.0,
    "N": -3.0
  },
  "Co6Hf6Sn6": null,
  "O28P8Pb8": {
    "O": -2.0,
    "P": 5.0,
    "Pb": 2.0
  },
  "Ru6Sn14": null,
  "Cl6Co2Rb2": {
    "Cl": -1.0,
    "Co": 2.0,
    "Rb": 1.0
  },
  "Co2Hf1Si2": {
    "Co": 2.0,
    "Hf": 4.0,
    "Si": -4.0
  },
  "Br1K3O1": {
    "Br": -1.0,
    "K": 1.0,
    "O": -2.0
  },
  "H2Hf1": null,
  "C1Ru3Th1": null,
  "Mg1Pm2Sn1": null,
  "B6C3Th3": {
    "B": 0.0,
    "C": -4.0,
    "Th": 4.0
  },
  "Mn2Si2Tb2": null,
  "Ir4Lu4Si4": null,
  "O2S1Tm2": {
    "O": -2.0,
    "S": -2.0,
    "Tm": 3.0
  },
  "Ca8N8Ti2": {
    "Ca": 2.0,
    "N": -3.0,
    "Ti": 4.0
  },
  "Cl2O2Sm2": {
    "Cl": -1.0,
    "O": -2.0,
    "Sm": 3.0
  },
  "Cl6Rb2Ti1": {
    "Cl": -1.0,
    "Rb": 1.0,
    "Ti": 4.0
  },
  "Ge4Ni4Sc3": null,
  "Mn1O8Re2": {
    "Mn": 2.0,
    "O": -2.0,
    "Re": 7.0
  },
  "Cl6Cs2Ge1": {
    "Cl": -1.0,
    "Cs": 1.0,
    "Ge": 4.0
  },
  "B2Ir3Pr1": null,
  "B6Na6O12": {
    "B": 3.0,
    "Na": 1.0,
    "O": -2.0
  },
  "Ca1N2Zn2": {
    "Ca": 2.0,
    "N": -3.0,
    "Zn": 2.0
  },
  "Ho1Rh2Si2": null,
  "Ga4K4Sb16": {
    "Ga": 3.0,
    "K": 1.0,
    "Sb": -1.0
  },
  "Au2Tl4": null,
  "Ge8Li18": null,
  "Li2Nb2O4": {
    "Li": 1.0,
    "Nb": 3.0,
    "O": -2.0
  },
  "F2S2Sm2": {
    "F": -1.0,
    "S": -2.0,
    "Sm": 3.0
  },
  "Cu2K2O4": {
    "Cu": 3.0,
    "K": 1.0,
    "O": -2.0
  },
  "Er8Pt4": null,
  "Ba2Pd2S4": {
    "Ba": 2.0,
    "Pd": 2.0,
    "S": -2.0
  },
  "Rh1Tc1Ti2": null,
  "Pt3Rb2S4": {
    "Pt": 2.0,
    "Rb": 1.0,
    "S": -2.0
  },
  "Ba2N2Zn1": {
    "Ba": 2.0,
    "N": -3.0,
    "Zn": 2.0
  },
  "Ce1Rh2Si2": null,
  "Ho2O8P2": {
    "Ho": 3.0,
    "O": -2.0,
    "P": 5.0
  },
  "Ga3Ni3Ti3": null,
  "Ga4Zr2": null,
  "Hg4Mg8": null,
  "Nd1Tl1": null,
  "Mg4N8Ti4": {
    "Mg": 2.0,
    "N": -3.0,
    "Ti": 4.0
  },
  "Fe2Ga1Ta1": null,
  "Nd3Rh3Sn3": null,
  "Er1Rh2Si2": null,
  "Se2V1": {
    "Se": -2.0,
    "V": 4.0
  },
  "B4V3": {
    "B": -1.5,
    "V": 2.0
  },
  "Ir3Li1": null,
  "Al8Ce2Ni2": null,
  "As2K4Zn1": {
    "As": -3.0,
    "K": 1.0,
    "Zn": 2.0
  },
  "Al1Os1Sc2": null,
  "Cu3Nb1S4": {
    "Cu": 1.0,
    "Nb": 5.0,
    "S": -2.0
  },
  "Br4Cs2I2Pd1": {
    "Br": -1.0,
    "Cs": 1.0,
    "I": -1.0,
    "Pd": 4.0
  },
  "Pm2Ru1Zn1": null,
  "Mn6Sc1Sn6": null,
  "Al2Sr1Te4": {
    "Al": 3.0,
    "Sr": 2.0,
    "Te": -2.0
  },
  "Cl6Na3Y1": {
    "Cl": -1.0,
    "Na": 1.0,
    "Y": 3.0
  },
  "Mn4N8Na8": {
    "Mn": 4.0,
    "N": -3.0,
    "Na": 1.0
  },
  "Ca4In4Pd4": null,
  "H4Na2Pd1": {
    "H": -1.0,
    "Na": 1.0,
    "Pd": 2.0
  },
  "Cs2H6Pt1": {
    "Cs": 1.0,
    "H": 0.0,
    "Pt": -2.0
  },
  "Cs2I6Sn1": {
    "Cs": 1.0,
    "I": -1.0,
    "Sn": 4.0
  },
  "Ce1Co2P2": {
    "Ce": 3.0,
    "Co": 1.5,
    "P": -3.0
  },
  "Al1Mn2Pa1": null,
  "Al4Mn2O8": {
    "Al": 3.0,
    "Mn": 2.0,
    "O": -2.0
  },
  "Li5O5Ta1": {
    "Li": 1.0,
    "O": -2.0,
    "Ta": 5.0
  },
  "Cu1Pt7": {
    "Cu": 1.0,
    "Pt": -0.14285714285714285
  },
  "F6K2Na1Sc1": {
    "F": -1.0,
    "K": 1.0,
    "Na": 1.0,
    "Sc": 3.0
  },
  "In3Lu3Pt3": null,
  "C1F2Ho2": {
    "C": -4.0,
    "F": -1.0,
    "Ho": 3.0
  },
  "O2Pd2Ti6": null,
  "Fe1Li2O2": {
    "Fe": 2.0,
    "Li": 1.0,
    "O": -2.0
  },
  "Mg1Y1": null,
  "Al1Ho2Mg1": null,
  "Ag3Li1": null,
  "As2Be2Mg1": {
    "As": -3.0,
    "Be": 2.0,
    "Mg": 2.0
  },
  "C1In1Sc3": null,
  "S1Th1": null,
  "Cd2P4Sn2": {
    "Cd": 2.0,
    "P": -3.0,
    "Sn": 4.0
  },
  "Ag2Ho1": null,
  "Bi2Pd2": null,
  "Au1Cr1O2": {
    "Au": 1.0,
    "Cr": 3.0,
    "O": -2.0
  },
  "Al2B2Ba1O7": {
    "Al": 3.0,
    "B": 3.0,
    "Ba": 2.0,
    "O": -2.0
  },
  "Cu3S4Ta1": {
    "Cu": 1.0,
    "S": -2.0,
    "Ta": 5.0
  },
  "Li2Pt1Sb1": null,
  "Ag2Er1Y1": null,
  "Au1Ge1Li2": null,
  "Ba1Cd1": null,
  "Hg1Li1Pd2": null,
  "Al2Te4Zn1": {
    "Al": 3.0,
    "Te": -2.0,
    "Zn": 2.0
  },
  "B1Pr1Rh3": null,
  "Mg20Zn35": null,
  "Fe1Ge1Ru2": null,
  "Ir6Re2": null,
  "Cr1O2Rb1": {
    "Cr": 3.0,
    "O": -2.0,
    "Rb": 1.0
  },
  "Rh3Si2Tb1": null,
  "Li1Rh1": null,
  "Na1O2Tm1": {
    "Na": 1.0,
    "O": -2.0,
    "Tm": 3.0
  },
  "Ga2Pt2Ti2": null,
  "Ga1Pd2Sc1": null,
  "C2Nb4Sn2": null,
  "Mg4Sn4Sr4": null,
  "Cu1O3Sr2": {
    "Cu": 2.0,
    "O": -2.0,
    "Sr": 2.0
  },
  "Ni2P2Sm1": {
    "Ni": 2.0,
    "P": -3.0,
    "Sm": 2.0
  },
  "Hf2N2Se1": {
    "Hf": 4.0,
    "N": -3.0,
    "Se": -2.0
  },
  "Bi2Br1O4Tm1": {
    "Bi": 3.0,
    "Br": -1.0,
    "O": -2.0,
    "Tm": 3.0
  },
  "Ga2N6Sr6": {
    "Ga": 3.0,
    "N": -3.0,
    "Sr": 2.0
  },
  "Br8Sr4": {
    "Br": -1.0,
    "Sr": 2.0
  },
  "Os2Si2Y1": {
    "Os": -1.5,
    "Si": 0.0,
    "Y": 3.0
  },
  "Ni5Tb1": null,
  "Sb2Tm2Zr2": null,
  "F1K1Nb4O5": {
    "F": -1.0,
    "K": 1.0,
    "Nb": 2.5,
    "O": -2.0
  },
  "B12C2Li2": {
    "B": 0.5,
    "C": -4.0,
    "Li": 1.0
  },
  "Bi2Cu2O4Se2Y1": {
    "Bi": 3.0,
    "Cu": 1.5,
    "O": -2.0,
    "Se": -2.0,
    "Y": 3.0
  },
  "Al13Os4": null,
  "C3Ca3N6": {
    "C": 4.0,
    "Ca": 2.0,
    "N": -3.0
  },
  "Au4Ce1Si2": {
    "Au": -1.0,
    "Ce": 4.0,
    "Si": 0.0
  },
  "Mg1Pd2Sn1": null,
  "Bi2Cl1Dy1O4": {
    "Bi": 3.0,
    "Cl": -1.0,
    "Dy": 3.0,
    "O": -2.0
  },
  "As2Ba1Rh2": null,
  "Ru8Y4": null,
  "Cd2Ge2P4": {
    "Cd": 2.0,
    "Ge": 4.0,
    "P": -3.0
  },
  "Rh4Th2": null,
  "Ho1Li1Tl2": null,
  "I8Sr4": {
    "I": -1.0,
    "Sr": 2.0
  },
  "Nb2O8Sc2": {
    "Nb": 5.0,
    "O": -2.0,
    "Sc": 3.0
  },
  "Al4Li9": null,
  "F12Na4Ni4": {
    "F": -1.0,
    "Na": 1.0,
    "Ni": 2.0
  },
  "F6O18Re6": {
    "F": -1.0,
    "O": -2.0,
    "Re": 7.0
  },
  "As4Fe4S4": {
    "As": -1.0,
    "Fe": 3.0,
    "S": -2.0
  },
  "Ba1Pt1Sb1": null,
  "Cs2Pt4Se6": {
    "Cs": 1.0,
    "Pt": 2.5,
    "Se": -2.0
  },
  "As4B2Cs6": {
    "As": -3.0,
    "B": 3.0,
    "Cs": 1.0
  },
  "Co4Nb8O24": {
    "Co": 2.0,
    "Nb": 5.0,
    "O": -2.0
  },
  "Ga4Li4Se8": {
    "Ga": 3.0,
    "Li": 1.0,
    "Se": -2.0
  },
  "Al1Au2Li1": null,
  "Rh3Si2Sm1": null,
  "F16Te4": {
    "F": -1.0,
    "Te": 4.0
  },
  "Li2N2Sn1": {
    "Li": 1.0,
    "N": -3.0,
    "Sn": 4.0
  },
  "Re8Si14": {
    "Re": 3.0,
    "Si": -1.7142857142857142
  },
  "B8W4": {
    "B": -1.5,
    "W": 3.0
  },
  "Ga2Ti4": null,
  "N8Ti4Zn4": {
    "N": -3.0,
    "Ti": 4.0,
    "Zn": 2.0
  },
  "Cu5Tb1": null,
  "Br6Ce2": {
    "Br": -1.0,
    "Ce": 3.0
  },
  "Pd6S2": null,
  "In3Y1": null,
  "K4O14S4": {
    "K": 1.0,
    "O": -2.0,
    "S": 6.0
  },
  "Eu1P2Pd2": {
    "Eu": 2.0,
    "P": -3.0,
    "Pd": 2.0
  },
  "F4K2Mn1": {
    "F": -1.0,
    "K": 1.0,
    "Mn": 2.0
  },
  "B24C4Mg2": {
    "B": 0.5,
    "C": -4.0,
    "Mg": 2.0
  },
  "Cs2I6Te1": {
    "Cs": 1.0,
    "I": -1.0,
    "Te": 4.0
  },
  "Ni2P2Y1": {
    "Ni": 1.5,
    "P": -3.0,
    "Y": 3.0
  },
  "P2S10Ti2Tl2": {
    "P": 5.0,
    "S": -2.0,
    "Ti": 4.0,
    "Tl": 1.0
  },
  "Ag1Na1O2": {
    "Ag": 3.0,
    "Na": 1.0,
    "O": -2.0
  },
  "Br2In10S10": {
    "Br": -1.0,
    "In": 2.2,
    "S": -2.0
  },
  "N4Sr2Ti2": {
    "N": -3.0,
    "Sr": 2.0,
    "Ti": 4.0
  },
  "Hf12N4Zn4": null,
  "Ba2Hf2N4": {
    "Ba": 2.0,
    "Hf": 4.0,
    "N": -3.0
  },
  "Ca1Cs2H4": {
    "Ca": 2.0,
    "Cs": 1.0,
    "H": -1.0
  },
  "K2Sb2Sn2": {
    "K": 1.0,
    "Sb": -3.0,
    "Sn": 2.0
  },
  "H6Nd2O6": {
    "H": 1.0,
    "Nd": 3.0,
    "O": -2.0
  },
  "Cu4Dy4Pb4Se12": {
    "Cu": 1.0,
    "Dy": 3.0,
    "Pb": 2.0,
    "Se": -2.0
  },
  "B4Mo4": {
    "B": -3.0,
    "Mo": 3.0
  },
  "Li1Pb1Pd2": null,
  "Ba2Hg4": null,
  "Ag2Hf2": null,
  "Cl2V1": {
    "Cl": -1.0,
    "V": 2.0
  },
  "Ac1Hg2Mg1": null,
  "Li1Pt7": {
    "Li": 1.0,
    "Pt": -0.14285714285714285
  },
  "Pd1Pt1Sc2": null,
  "Os4S8": {
    "Os": 4.0,
    "S": -2.0
  },
  "Al2Rh1Ru1": null,
  "B4N8Na12": {
    "B": 3.0,
    "N": -3.0,
    "Na": 1.0
  },
  "Al4Nd2": null,
  "Ag2Ti2": null,
  "Dy1Ni2Si2": {
    "Dy": 3.0,
    "Ni": 2.5,
    "Si": -4.0
  },
  "Ac2Ir1Ni1": null,
  "Mo2Ru6": null,
  "Li1Mg2Rh1": null,
  "Ni1Sb1Yb1": {
    "Ni": 1.0,
    "Sb": -3.0,
    "Yb": 2.0
  },
  "Cu2Pb2Tm2": null,
  "Al16Cu36": null,
  "Li1Ni2P2": {
    "Li": 1.0,
    "Ni": 2.0,
    "P": -2.5
  },
  "F6Ni1Sn1": {
    "F": -1.0,
    "Ni": 2.0,
    "Sn": 4.0
  },
  "Co7Fe9": null,
  "F6Ni1Sr1": {
    "F": -1.0,
    "Ni": 4.0,
    "Sr": 2.0
  },
  "K2Pt1S2": {
    "K": 1.0,
    "Pt": 2.0,
    "S": -2.0
  },
  "F2O24P6Sr10": {
    "F": -1.0,
    "O": -2.0,
    "P": 5.0,
    "Sr": 2.0
  },
  "Cl8Sn4": {
    "Cl": -1.0,
    "Sn": 2.0
  },
  "Ca2Mg2O12Si4": {
    "Ca": 2.0,
    "Mg": 2.0,
    "O": -2.0,
    "Si": 4.0
  },
  "P1Tb1": {
    "P": -3.0,
    "Tb": 3.0
  },
  "Mn4O16Rb8": {
    "Mn": 6.0,
    "O": -2.0,
    "Rb": 1.0
  },
  "Co2Fe1Ga1": null,
  "Gd1Te1": null,
  "N8Sr8Ti2": {
    "N": -3.0,
    "Sr": 2.0,
    "Ti": 4.0
  },
  "Er2In1Zn1": null,
  "In3Zr1": null,
  "Co8P4": {
    "Co": 1.5,
    "P": -3.0
  },
  "As2Ba1Ru2": {
    "As": -3.0,
    "Ba": 2.0,
    "Ru": 2.0
  },
  "Ca28N24Si4": {
    "Ca": 2.0,
    "N": -3.0,
    "Si": 4.0
  },
  "Hg1Sr1": null,
  "Cs8O16S4": {
    "Cs": 1.0,
    "O": -2.0,
    "S": 6.0
  },
  "Os8Zr4": {
    "Os": -2.0,
    "Zr": 4.0
  },
  "Ca4In4Pt4": null,
  "Hg2Mg1Tb1": null,
  "Fe6O18Tm6": {
    "Fe": 3.0,
    "O": -2.0,
    "Tm": 3.0
  },
  "Au5O2Rb7": {
    "Au": -0.6,
    "O": -2.0,
    "Rb": 1.0
  },
  "As2Cs1Ru2": {
    "As": -3.0,
    "Cs": 1.0,
    "Ru": 2.5
  },
  "Be1Co2Ge1": null,
  "B4Mo10Si2": {
    "B": -3.0,
    "Mo": 2.0,
    "Si": -4.0
  },
  "As4Cu4S4": {
    "As": 1.0,
    "Cu": 1.0,
    "S": -2.0
  },
  "Au3In3Yb3": null,
  "Fe4P4": {
    "Fe": 3.0,
    "P": -3.0
  },
  "Mg1Pd1Sb1": null,
  "Fe2Sb4": {
    "Fe": 3.0,
    "Sb": -1.5
  },
  "O8P2V2": {
    "O": -2.0,
    "P": 5.0,
    "V": 3.0
  },
  "H2Mg1O2": {
    "H": 1.0,
    "Mg": 2.0,
    "O": -2.0
  },
  "F3Rb1V1": {
    "F": -1.0,
    "Rb": 1.0,
    "V": 2.0
  },
  "Ga1Mg1Rh2": null,
  "As4Fe4": {
    "As": -3.0,
    "Fe": 3.0
  },
  "La2Pt2Si4": {
    "La": 2.0,
    "Pt": -2.0,
    "Si": 0.0
  },
  "Ga2Rh1Ru1": null,
  "Lu6Mo1Sb2": null,
  "Ca4O12Zr4": {
    "Ca": 2.0,
    "O": -2.0,
    "Zr": 4.0
  },
  "Al1C1Mn3": null,
  "C2Co2Dy2": {
    "C": -4.0,
    "Co": 1.0,
    "Dy": 3.0
  },
  "Fe4O12Tb4": {
    "Fe": 3.0,
    "O": -2.0,
    "Tb": 3.0
  },
  "Dy4Fe4O12": {
    "Dy": 3.0,
    "Fe": 3.0,
    "O": -2.0
  },
  "N6Sr6W2": {
    "N": -3.0,
    "Sr": 2.0,
    "W": 3.0
  },
  "Cl2H2O2Sr2": {
    "Cl": -1.0,
    "H": 1.0,
    "O": -2.0,
    "Sr": 2.0
  },
  "As2Se2Th2": {
    "As": -2.0,
    "Se": -2.0,
    "Th": 4.0
  },
  "Bi2Te2Th2": null,
  "Ba2Rh4": null,
  "Bi2Na2O6": {
    "Bi": 5.0,
    "Na": 1.0,
    "O": -2.0
  },
  "Co1F6Rb2": {
    "Co": 4.0,
    "F": -1.0,
    "Rb": 1.0
  },
  "Sr1Te1": {
    "Sr": 2.0,
    "Te": -2.0
  },
  "Co2Ga1Ta1": null,
  "Cu1F6K2Na1": {
    "Cu": 3.0,
    "F": -1.0,
    "K": 1.0,
    "Na": 1.0
  },
  "Ga2Nd1": null,
  "Np2O2Se2": {
    "Np": 4.0,
    "O": -2.0,
    "Se": -2.0
  },
  "Fe2Li12N8": {
    "Fe": 3.0,
    "Li": 1.0,
    "N": -2.25
  },
  "Mo4Zr2": null,
  "N6Re2Sr6": {
    "N": -3.0,
    "Re": 3.0,
    "Sr": 2.0
  },
  "Cr1Ni2": null,
  "Ga1Mn3N1": null,
  "Co1Ir1Ti2": null,
  "Rh1Tm1": null,
  "H16K8Zn4": {
    "H": -1.0,
    "K": 1.0,
    "Zn": 2.0
  },
  "Ga1Hf2Sb3": null,
  "Ag2Sc1": null,
  "Pt1S2": {
    "Pt": 4.0,
    "S": -2.0
  },
  "Er2In2Zn2": null,
  "Er2Mg3Ru1": null,
  "B2Co2Pr1": {
    "B": -3.0,
    "Co": 1.5,
    "Pr": 3.0
  },
  "Li56N32Nb8": {
    "Li": 1.0,
    "N": -3.0,
    "Nb": 5.0
  },
  "Ag2Cd1Y1": null,
  "As1Au1Yb2": {
    "As": -3.0,
    "Au": -1.0,
    "Yb": 2.0
  },
  "H1K1": {
    "H": -1.0,
    "K": 1.0
  },
  "Fe4O12Pr4": {
    "Fe": 3.0,
    "O": -2.0,
    "Pr": 3.0
  },
  "Ce1Ge3Rh1": null,
  "Li96Si56": {
    "Li": 1.0,
    "Si": -1.7142857142857142
  },
  "Ba1S1": {
    "Ba": 2.0,
    "S": -2.0
  },
  "Mn4O12Sm4": {
    "Mn": 3.0,
    "O": -2.0,
    "Sm": 3.0
  },
  "H1Rb1": {
    "H": -1.0,
    "Rb": 1.0
  },
  "Fe4O16Sb8": {
    "Fe": 3.0,
    "O": -2.0,
    "Sb": 2.5
  },
  "Cs1K2Sb1": {
    "Cs": 1.0,
    "K": 1.0,
    "Sb": -3.0
  },
  "Ni2O8W2": {
    "Ni": 2.0,
    "O": -2.0,
    "W": 6.0
  },
  "Pt4Rb2Se6": {
    "Pt": 2.5,
    "Rb": 1.0,
    "Se": -2.0
  },
  "Hf10Sn8": null,
  "Rh6V2": null,
  "Al12Tc1": null,
  "Ag3Er3Pb3": null,
  "Mn2O8W2": {
    "Mn": 2.0,
    "O": -2.0,
    "W": 6.0
  },
  "Ca1Zn5": null,
  "Ru2Si2Th1": {
    "Ru": 2.0,
    "Si": -4.0,
    "Th": 4.0
  },
  "Mn2O7P2": {
    "Mn": 2.0,
    "O": -2.0,
    "P": 5.0
  },
  "Mo4O8": {
    "Mo": 4.0,
    "O": -2.0
  },
  "Br2Cs2F2": null,
  "Ge4Li8N8": {
    "Ge": 4.0,
    "Li": 1.0,
    "N": -3.0
  },
  "Ba2Se4": {
    "Ba": 2.0,
    "Se": -1.0
  },
  "Hf4Si4": {
    "Hf": 4.0,
    "Si": -4.0
  },
  "Ag1Li2Sb1": {
    "Ag": 1.0,
    "Li": 1.0,
    "Sb": -3.0
  },
  "Yb2Zn4": null,
  "Ba2F8Pd2": {
    "Ba": 2.0,
    "F": -1.0,
    "Pd": 2.0
  },
  "In1Lu1Rh2": null,
  "Ga2Tb1": null,
  "Cu6Ga2": null,
  "Sc10Si6": {
    "Sc": 2.4,
    "Si": -4.0
  },
  "Hg2Sc6": null,
  "Sc2Zn6": null,
  "Ac2Hg6": null,
  "Pd2Re6": null,
  "Pt2Re6": null,
  "Pa2Pd6": null,
  "Pa3Si1": null,
  "Pd3Pm1": null,
  "Co3Pa1": null,
  "Pt8Si4Yb4": {
    "Pt": -2.0,
    "Si": 2.0,
    "Yb": 2.0
  },
  "Hf1Pd5": null,
  "Al3Cu3Tm3": null,
  "Te1Y1": null,
  "Al7Cu2Y3": null,
  "Ac1Ag1": null,
  "Hg1In1Sm2": null,
  "Bi3La1": null,
  "Al6Sm2": null,
  "Pd1Sn1Ti1": null,
  "Er1Pt1Sb1": {
    "Er": 3.0,
    "Pt": -2.0,
    "Sb": -1.0
  },
  "Ca1Pd1": null,
  "C1W1": {
    "C": -4.0,
    "W": 4.0
  },
  "Hg1Y1": null,
  "Co1Zr1": null,
  "Ni1Sn1Th1": null,
  "As1In1": {
    "As": -3.0,
    "In": 3.0
  },
  "Ti2Zn1": null,
  "Ag1Li2Pb1": null,
  "Cd1Pr1": null,
  "Pd1Tm1": null,
  "N1Zr1": {
    "N": -3.0,
    "Zr": 3.0
  },
  "Pt2Zn2": {
    "Pt": -2.0,
    "Zn": 2.0
  },
  "C1Hf1": {
    "C": -4.0,
    "Hf": 4.0
  },
  "Rh2Tm1Zn1": null,
  "Pd2Ta1": null,
  "Ga2Sr1": null,
  "H1Li1Pd1": null,
  "Ca1N2": {
    "Ca": 2.0,
    "N": -1.0
  },
  "Cu2Sc1": null,
  "Ca1Ge2": null,
  "As1Cd1Li1": {
    "As": -3.0,
    "Cd": 2.0,
    "Li": 1.0
  },
  "Al1Tc2": null,
  "Mo1Pt2": {
    "Mo": 4.0,
    "Pt": -2.0
  },
  "N2Sr1": {
    "N": -1.0,
    "Sr": 2.0
  },
  "B1Ir3Sc1": null,
  "Rh3U1": null,
  "Er1Te2Tl1": {
    "Er": 3.0,
    "Te": -2.0,
    "Tl": 1.0
  },
  "Au2Tm2": null,
  "Ni2Sm2": null,
  "H6Mg2Os1": {
    "H": -0.3333333333333333,
    "Mg": 2.0,
    "Os": -2.0
  },
  "Li1S2Sc1": {
    "Li": 1.0,
    "S": -2.0,
    "Sc": 3.0
  },
  "Ni1Sb1Y1": null,
  "Ni1Sb1Tb1": null,
  "B2Nb2": {
    "B": -3.0,
    "Nb": 3.0
  },
  "Ga4Pt4": {
    "Ga": 2.0,
    "Pt": -2.0
  },
  "Na1S2Tb1": {
    "Na": 1.0,
    "S": -2.0,
    "Tb": 3.0
  },
  "Ir3Ti1": null,
  "Cd1Er2Tl1": null,
  "Al2Au2Ti2": null,
  "As2Ni2Sr1": {
    "As": -3.0,
    "Ni": 2.0,
    "Sr": 2.0
  },
  "Bi2Eu1Mg2": null,
  "Cu1Li2O2": {
    "Cu": 2.0,
    "Li": 1.0,
    "O": -2.0
  },
  "Lu1Rh2Si2": null,
  "As2Ba1Cd2": {
    "As": -3.0,
    "Ba": 2.0,
    "Cd": 2.0
  },
  "P2Sr1Zn2": {
    "P": -3.0,
    "Sr": 2.0,
    "Zn": 2.0
  },
  "Ba1Cd2P2": {
    "Ba": 2.0,
    "Cd": 2.0,
    "P": -3.0
  },
  "As2Ba1Ni2": {
    "As": -3.0,
    "Ba": 2.0,
    "Ni": 2.0
  },
  "Zn4Zr2": null,
  "Al2Eu1Si2": {
    "Al": 3.0,
    "Eu": 2.0,
    "Si": -4.0
  },
  "Pd2Si2Y1": null,
  "Cd1Cs1F3": {
    "Cd": 2.0,
    "Cs": 1.0,
    "F": -1.0
  },
  "Ca1P2Zn2": {
    "Ca": 2.0,
    "P": -3.0,
    "Zn": 2.0
  },
  "Ni2Si2Y1": {
    "Ni": 2.5,
    "Si": -4.0,
    "Y": 3.0
  },
  "As2Ca1Cd2": {
    "As": -3.0,
    "Ca": 2.0,
    "Cd": 2.0
  },
  "Al2Si2Sr1": {
    "Al": 3.0,
    "Si": -4.0,
    "Sr": 2.0
  },
  "Ho1Ni5": null,
  "Cu1S2Sc1": {
    "Cu": 1.0,
    "S": -2.0,
    "Sc": 3.0
  },
  "Ba2Cl2F2": {
    "Ba": 2.0,
    "Cl": -1.0,
    "F": -1.0
  },
  "Sn4Zr2": null,
  "K2Li2Te2": {
    "K": 1.0,
    "Li": 1.0,
    "Te": -2.0
  },
  "Hf2Rh1Tc1": null,
  "La2Si4": null,
  "Ga2Hf4": null,
  "Ge2S2Th2": null,
  "Ga2Pr1": null,
  "Mn2Pt1Rh1": null,
  "Ba2Co4N4": {
    "Ba": 2.0,
    "Co": 2.0,
    "N": -3.0
  },
  "Cd2K2Sb2": {
    "Cd": 2.0,
    "K": 1.0,
    "Sb": -3.0
  },
  "Al1N1Tm3": null,
  "O8Pt6": {
    "O": -2.0,
    "Pt": 2.6666666666666665
  },
  "B12Sc1": null,
  "Pt1Sb1Sc1": {
    "Pt": -2.0,
    "Sb": -1.0,
    "Sc": 3.0
  },
  "Li12P28": {
    "Li": 1.0,
    "P": -0.42857142857142855
  },
  "F8Pt2": {
    "F": -1.0,
    "Pt": 4.0
  },
  "As1Br3Ca3": {
    "As": -3.0,
    "Br": -1.0,
    "Ca": 2.0
  },
  "Ca3Ga4Ni4": null,
  "Hf4S2": null,
  "Be1Pd2": null,
  "B12O2": null,
  "Ni2Ta1": null,
  "Lu8Te1": null,
  "Ca2Ge4Ni2": null,
  "Ge4Ni2Sr2": null,
  "B1Nd1Pt3": {
    "B": 3.0,
    "Nd": 3.0,
    "Pt": -2.0
  },
  "Ni3Tb3Zn3": null,
  "Ga4Mg2Sc4": null,
  "Au2Ca2Sb2": {
    "Au": 1.0,
    "Ca": 2.0,
    "Sb": -3.0
  },
  "W4Zr2": null,
  "B1Pb1Sc3": null,
  "Ba2Cu2Sb2": {
    "Ba": 2.0,
    "Cu": 1.0,
    "Sb": -3.0
  },
  "Ce1Fe4P12": {
    "Ce": 3.0,
    "Fe": 2.25,
    "P": -1.0
  },
  "F6Pd2": {
    "F": -1.0,
    "Pd": 3.0
  },
  "C1Sc3Sn1": null,
  "In1Lu3N1": null,
  "B2Fe2Tb1": null,
  "Li8O8Si2": {
    "Li": 1.0,
    "O": -2.0,
    "Si": 4.0
  },
  "Au5Sr1": {
    "Au": -0.4,
    "Sr": 2.0
  },
  "Cu2P2Sr2": {
    "Cu": 1.0,
    "P": -3.0,
    "Sr": 2.0
  },
  "Fe3N1Pd1": null,
  "Ru2Zn6": null,
  "Ge2Ho2": null,
  "Cu4Si4Zr3": {
    "Cu": 1.0,
    "Si": -4.0,
    "Zr": 4.0
  },
  "Ge4Ni4Ti4": null,
  "Nb6Rh2": null,
  "Ca1Pd5": null,
  "Cu1Tb1": null,
  "Al2V6": null,
  "Ag2Ba1Ge2": null,
  "Hg2Zr2": null,
  "Cs2F6Na1Y1": {
    "Cs": 1.0,
    "F": -1.0,
    "Na": 1.0,
    "Y": 3.0
  },
  "Er1Ir1": null,
  "Be2Mg1N2": {
    "Be": 2.0,
    "Mg": 2.0,
    "N": -3.0
  },
  "Ru1V1": null,
  "Y1Zn1": null,
  "Co6Nb4Si2": null,
  "Cu4Ge2Hf3": null,
  "Al2Li3": null,
  "B2Ho2Ni8": null,
  "Al4Ni2Tb2": null,
  "S12Sm8": {
    "S": -2.0,
    "Sm": 3.0
  },
  "Al12Ru2": null,
  "Cu2Li4P2": {
    "Cu": 1.0,
    "Li": 1.0,
    "P": -3.0
  },
  "Cd1Yb1": null,
  "B2Ba1Ir2": null,
  "Fe1Sc6Te2": null,
  "O24Tl16": {
    "O": -2.0,
    "Tl": 3.0
  },
  "Hf8Sb16": {
    "Hf": 4.0,
    "Sb": -2.0
  },
  "Hf4Pd4Si4": null,
  "Nb4Rh4Si4": null,
  "Lu1Os2Si2": {
    "Lu": 3.0,
    "Os": -1.5,
    "Si": 0.0
  },
  "Cl8O8U4": {
    "Cl": -1.0,
    "O": -2.0,
    "U": 6.0
  },
  "Si2W1": null,
  "O24Tb16": {
    "O": -2.0,
    "Tb": 3.0
  },
  "Si3U1": {
    "Si": -1.3333333333333333,
    "U": 4.0
  },
  "B6Th1": null,
  "Se2Ti1": {
    "Se": -2.0,
    "Ti": 4.0
  },
  "Si2Yb2": null,
  "La3Sn1": null,
  "Ag2P2Sr2": {
    "Ag": 1.0,
    "P": -3.0,
    "Sr": 2.0
  },
  "Ga1O6Sr2Ta1": {
    "Ga": 3.0,
    "O": -2.0,
    "Sr": 2.0,
    "Ta": 5.0
  },
  "Cu2F2S2Sr2": {
    "Cu": 1.0,
    "F": -1.0,
    "S": -2.0,
    "Sr": 2.0
  },
  "Ba1Ge2Rh2": null,
  "C1Mg1Ni3": null,
  "Ir4Sb8": {
    "Ir": 3.0,
    "Sb": -1.5
  },
  "Hf4Re8": null,
  "C1Rh3Tm1": null,
  "Au8Sn16": null,
  "Ag1Sc1": null,
  "Ge2Ni4Sr2": null,
  "Cu2Sb2Sr2": {
    "Cu": 1.0,
    "Sb": -3.0,
    "Sr": 2.0
  },
  "Mg2Rh1": null,
  "Ir3Sc1": null,
  "Mo2Rh2": null,
  "Pr1Tl1": null,
  "Pd5Sr1": null,
  "P16Zn24": {
    "P": -3.0,
    "Zn": 2.0
  },
  "C4N16Si8": {
    "C": 4.0,
    "N": -3.0,
    "Si": 4.0
  },
  "Ca2Ni4Si2": {
    "Ca": 2.0,
    "Ni": 1.0,
    "Si": -4.0
  },
  "As4Pd4S4": {
    "As": -1.0,
    "Pd": 3.0,
    "S": -2.0
  },
  "Al8Hf4": null,
  "Al4Ba1": null,
  "Al1Re2": null,
  "Ce1Fe2P2": null,
  "Cu2Ga2Hf2": null,
  "Ba1Hf1O3": {
    "Ba": 2.0,
    "Hf": 4.0,
    "O": -2.0
  },
  "Ge4Ti2": null,
  "Al4Ni2Yb2": null,
  "Nd2O8Pd4": {
    "Nd": 3.0,
    "O": -2.0,
    "Pd": 2.5
  },
  "B2Ir3Th1": null,
  "B2Fe2Y1": null,
  "Si4Zr4": {
    "Si": -2.0,
    "Zr": 2.0
  },
  "Au1Cs1": {
    "Au": -1.0,
    "Cs": 1.0
  },
  "Ac2O3": {
    "Ac": 3.0,
    "O": -2.0
  },
  "Ce1Hg2Yb1": null,
  "Ho3In3Rh3": null,
  "Al8Ca1Cu4": null,
  "Ir4P4Sr4": null,
  "Fe2Li4O6": null,
  "Al4La2": null,
  "Fe4P12Yb1": {
    "Fe": 2.5,
    "P": -1.0,
    "Yb": 2.0
  },
  "Fe1Zn13": null,
  "Au2S4V2": {
    "Au": -1.0,
    "S": -2.0,
    "V": 5.0
  },
  "Al12W1": null,
  "Mg24N16": {
    "Mg": 2.0,
    "N": -3.0
  },
  "Er1Pd1Sb1": null,
  "Ho1Tl1": null,
  "Be9Nb3": null,
  "Ir4Si4": {
    "Ir": 4.0,
    "Si": -4.0
  },
  "Mg1Pr1": null,
  "Cd3Zr1": null,
  "Ce1Pt3": null,
  "Co4Sb12": {
    "Co": 2.0,
    "Sb": -0.6666666666666666
  },
  "Dy1Tl1": null,
  "Eu1Hg1": null,
  "As2Ba1Mn2": {
    "As": -3.0,
    "Ba": 2.0,
    "Mn": 2.0
  },
  "F6Hg1Rh1": {
    "F": -1.0,
    "Hg": 2.0,
    "Rh": 4.0
  },
  "Mg20Pd8": null,
  "Pt6Sb4": {
    "Pt": -2.0,
    "Sb": 3.0
  },
  "Ag5Sr1": null,
  "S8Th4": {
    "S": -2.0,
    "Th": 4.0
  },
  "As2Cu2Na4": {
    "As": -3.0,
    "Cu": 1.0,
    "Na": 1.0
  },
  "As2Cu2K4": {
    "As": -3.0,
    "Cu": 1.0,
    "K": 1.0
  },
  "Cu5Sr1": null,
  "S4Sc2Tl2": {
    "S": -2.0,
    "Sc": 3.0,
    "Tl": 1.0
  },
  "Mn1Ni3": null,
  "Pd4Se8": {
    "Pd": 4.0,
    "Se": -2.0
  },
  "Li1Se2Tb1": {
    "Li": 1.0,
    "Se": -2.0,
    "Tb": 3.0
  },
  "Ge3Ho3Li3": null,
  "B2Ir2Zn1": null,
  "Al1Fe2V1": null,
  "Cu4Ge2Zr3": null,
  "Dy4Ni4": null,
  "Er2Ge2": null,
  "Li1Pd1": null,
  "Ru1Zr1": null,
  "Dy1Pt3": null,
  "As1Nd1": {
    "As": -3.0,
    "Nd": 3.0
  },
  "Mn1O6Pt3": {
    "Mn": 2.0,
    "O": -2.0,
    "Pt": 3.3333333333333335
  },
  "Ge2Ni2Tm1": null,
  "In2Mg1Te4": {
    "In": 3.0,
    "Mg": 2.0,
    "Te": -2.0
  },
  "Br6Pu2": {
    "Br": -1.0,
    "Pu": 3.0
  },
  "Ge3Pd6": null,
  "C1Sc3Tl1": null,
  "O8Pb2Sr4": {
    "O": -2.0,
    "Pb": 4.0,
    "Sr": 2.0
  },
  "Na2Sb2Zn2": {
    "Na": 1.0,
    "Sb": -3.0,
    "Zn": 2.0
  },
  "C2Co1Y1": {
    "C": -2.5,
    "Co": 2.0,
    "Y": 3.0
  },
  "Au4Ca2": {
    "Au": -1.0,
    "Ca": 2.0
  },
  "In4Pd8": null,
  "Ba1Co1O5Sm2": {
    "Ba": 2.0,
    "Co": 2.0,
    "O": -2.0,
    "Sm": 3.0
  },
  "Br6Pd1Se2": {
    "Br": 0.0,
    "Pd": 4.0,
    "Se": -2.0
  },
  "Al16Te24": {
    "Al": 3.0,
    "Te": -2.0
  },
  "Pt3Sm3Sn3": null,
  "Al16Ni7Ti6": null,
  "In1N1Nd3": null,
  "Nb4Pd4Si4": {
    "Nb": 2.0,
    "Pd": 2.0,
    "Si": -4.0
  },
  "Nd8S12": {
    "Nd": 3.0,
    "S": -2.0
  },
  "Pd3Pr3Sn3": null,
  "Ca8Sn4": null,
  "As2Be1K4": {
    "As": -3.0,
    "Be": 2.0,
    "K": 1.0
  },
  "Cs2F4H2": {
    "Cs": 1.0,
    "F": -1.0,
    "H": 1.0
  },
  "H2Ti1": {
    "H": -1.0,
    "Ti": 2.0
  },
  "K8O16S4": {
    "K": 1.0,
    "O": -2.0,
    "S": 6.0
  },
  "Co2K2O4": {
    "Co": 3.0,
    "K": 1.0,
    "O": -2.0
  },
  "In1N1Sm3": null,
  "Ag8O12Se4": {
    "Ag": 1.0,
    "O": -2.0,
    "Se": 4.0
  },
  "Cu6Ge2": null,
  "F6Mg1Pb1": {
    "F": -1.0,
    "Mg": 2.0,
    "Pb": 4.0
  },
  "Ag2Dy2Sn2": null,
  "Ga2Pu1": null,
  "Cd2Eu1Sb2": {
    "Cd": 2.0,
    "Eu": 2.0,
    "Sb": -3.0
  },
  "Ba4P4Pt4": {
    "Ba": 2.0,
    "P": -1.0,
    "Pt": -1.0
  },
  "Cd1K4P2": {
    "Cd": 2.0,
    "K": 1.0,
    "P": -3.0
  },
  "B2Fe2Lu1": null,
  "Hf6Rh10": null,
  "Eu2Ge4Zn4": null,
  "Ti4Zn8": null,
  "Y4Zn12": null,
  "Ba8Bi6": null,
  "Al1C1Fe3": null,
  "O12Pr4Rh4": {
    "O": -2.0,
    "Pr": 3.0,
    "Rh": 3.0
  },
  "Cl1N1Sr2": {
    "Cl": -1.0,
    "N": -3.0,
    "Sr": 2.0
  },
  "Al5Ce1Ni2": null,
  "Al4I12": {
    "Al": 3.0,
    "I": -1.0
  },
  "Bi2Er6Mn1": null,
  "Bi1Er1": null,
  "Cu2Si2Y1": {
    "Cu": 2.5,
    "Si": -4.0,
    "Y": 3.0
  },
  "H1Ho1Se1": {
    "H": -1.0,
    "Ho": 3.0,
    "Se": -2.0
  },
  "Fe2Si2Tb2": null,
  "Cl6K2Pd1": {
    "Cl": -1.0,
    "K": 1.0,
    "Pd": 4.0
  },
  "Ba8O16Ti4": {
    "Ba": 2.0,
    "O": -2.0,
    "Ti": 4.0
  },
  "Ho2Ni2Pb1": null,
  "Eu4F12": {
    "Eu": 3.0,
    "F": -1.0
  },
  "N2Te2U2": {
    "N": -3.0,
    "Te": -2.0,
    "U": 5.0
  },
  "Ge2Rh2Y1": null,
  "C2Hf4Sn2": null,
  "Pb3Th1": null,
  "Ce2Rh4": null,
  "Cu4Mg2Y4": null,
  "Li2O6Ta2": {
    "Li": 1.0,
    "O": -2.0,
    "Ta": 5.0
  },
  "Ag8Hg4O8": {
    "Ag": 1.0,
    "Hg": 2.0,
    "O": -2.0
  },
  "Ba2Bi1O6Y1": {
    "Ba": 2.0,
    "Bi": 5.0,
    "O": -2.0,
    "Y": 3.0
  },
  "Br2O24P6Sr10": {
    "Br": -1.0,
    "O": -2.0,
    "P": 5.0,
    "Sr": 2.0
  },
  "Ni2Zr4": null,
  "Bi2Br2O2": {
    "Bi": 3.0,
    "Br": -1.0,
    "O": -2.0
  },
  "Ga2Li4": null,
  "Nb2Sb4": {
    "Nb": 5.0,
    "Sb": -2.5
  },
  "K2Li2Se2": {
    "K": 1.0,
    "Li": 1.0,
    "Se": -2.0
  },
  "Ni5Th1": null,
  "Au2K2Se2": {
    "Au": 1.0,
    "K": 1.0,
    "Se": -2.0
  },
  "Si2Zr4": {
    "Si": -4.0,
    "Zr": 2.0
  },
  "Pd2Tl4": null,
  "Ca2Ga2N2": null,
  "K2Mn2P2": {
    "K": 1.0,
    "Mn": 2.0,
    "P": -3.0
  },
  "As2Nb2Si2": {
    "As": -3.0,
    "Nb": 3.0,
    "Si": 0.0
  },
  "P1Rh2": null,
  "B4Mo2": {
    "B": -1.5,
    "Mo": 3.0
  },
  "B6Sm1": null,
  "Au1Bi1Ca1": null,
  "Pd5Se1Tl1": null,
  "As1Mg1Pt5": {
    "As": -3.0,
    "Mg": 2.0,
    "Pt": 0.2
  },
  "Ga4Sc1Ti2": null,
  "Se4V3": {
    "Se": -2.0,
    "V": 2.6666666666666665
  },
  "P1Pd5Sn1": null,
  "Pd5Se1Zn1": null,
  "Ga1P1Pd5": null,
  "C1Er2Fe2Si2": {
    "C": -4.0,
    "Er": 3.0,
    "Fe": 3.0,
    "Si": -4.0
  },
  "Ag1Pm2Pt1": null,
  "B2In2O6": {
    "B": 3.0,
    "In": 3.0,
    "O": -2.0
  },
  "Os1Tc1V2": {
    "Os": -2.0,
    "Tc": -3.0,
    "V": 2.5
  },
  "Ni3O6Te1": {
    "Ni": 2.6666666666666665,
    "O": -2.0,
    "Te": 4.0
  },
  "Pt1Sn2": null,
  "Co2Dy2Si4": {
    "Co": 1.0,
    "Dy": 3.0,
    "Si": -2.0
  },
  "Cd1Pd2Zr1": null,
  "Au1In2": null,
  "Fe2O6Ti2": {
    "Fe": 2.0,
    "O": -2.0,
    "Ti": 4.0
  },
  "Ge2V6": null,
  "Ag2Mg1Zn1": null,
  "N6Rb2": {
    "N": -0.3333333333333333,
    "Rb": 1.0
  },
  "Pd1Rh1Zn2": null,
  "Be4O7Te1": {
    "Be": 2.0,
    "O": -2.0,
    "Te": 6.0
  },
  "Li6P2": {
    "Li": 1.0,
    "P": -3.0
  },
  "O2Rb1": null,
  "B6V4": {
    "B": -2.0,
    "V": 3.0
  },
  "O2Pr2Sb2Zn2": {
    "O": -2.0,
    "Pr": 3.0,
    "Sb": -3.0,
    "Zn": 2.0
  },
  "H6Mg2Ru1": {
    "H": -1.0,
    "Mg": 2.0,
    "Ru": 2.0
  },
  "In2Ti6": null,
  "Mo2Ni6": null,
  "Mg2P2Se6": {
    "Mg": 2.0,
    "P": 4.0,
    "Se": -2.0
  },
  "O6Ti4": {
    "O": -2.0,
    "Ti": 3.0
  },
  "B2Co2Ho1": {
    "B": -3.0,
    "Co": 1.5,
    "Ho": 3.0
  },
  "Te4Ti5": null,
  "Cu3Sb1Se4": {
    "Cu": 1.0,
    "Sb": 5.0,
    "Se": -2.0
  },
  "Rh1Tb1": null,
  "Hf2Se6": {
    "Hf": 4.0,
    "Se": -1.3333333333333333
  },
  "Ni2V1": null,
  "Ce2Si4": {
    "Ce": 4.0,
    "Si": -2.0
  },
  "Li5Tl2": null,
  "C2Co2O6": {
    "C": 4.0,
    "Co": 2.0,
    "O": -2.0
  },
  "Au1Zr2": null,
  "Cu3S4Sb1": {
    "Cu": 1.0,
    "S": -2.0,
    "Sb": 5.0
  },
  "Ni2O2": {
    "Ni": 2.0,
    "O": -2.0
  },
  "Bi2Cu2O2Se2": {
    "Bi": 3.0,
    "Cu": 1.0,
    "O": -2.0,
    "Se": -2.0
  },
  "S1Sr1": {
    "S": -2.0,
    "Sr": 2.0
  },
  "Cd2Mg1Sm1": null,
  "Sb2Ti2": {
    "Sb": -3.0,
    "Ti": 3.0
  },
  "Dy1Ga2": null,
  "Hf1Ta1Tc2": null,
  "Na6O6": null,
  "Ir2P1": null,
  "Cu1Os1Pm2": null,
  "Ag2Al1Li1": null,
  "Lu1Rh2Zn1": null,
  "Cd2Sm1": null,
  "H2Sc1": {
    "H": -1.0,
    "Sc": 2.0
  },
  "Nd2Pt4": {
    "Nd": 2.0,
    "Pt": -1.0
  },
  "Ag1Li1Mg2": null,
  "Re1Ti2Zn1": null,
  "F6Rb2Si1": {
    "F": -1.0,
    "Rb": 1.0,
    "Si": 4.0
  },
  "Ru2Sn1Tm1": null,
  "Er1N1": {
    "Er": 3.0,
    "N": -3.0
  },
  "As2O2Y2Zn2": {
    "As": -3.0,
    "O": -2.0,
    "Y": 3.0,
    "Zn": 2.0
  },
  "Lu2Ni1Sn6": null,
  "O8Tc4": {
    "O": -2.0,
    "Tc": 4.0
  },
  "Pd8Sn4": null,
  "Rh4Te8": {
    "Rh": 4.0,
    "Te": -2.0
  },
  "K4N4O12": {
    "K": 1.0,
    "N": 5.0,
    "O": -2.0
  },
  "P4Si2Zn2": {
    "P": 1.0,
    "Si": -4.0,
    "Zn": 2.0
  },
  "B2V2": {
    "B": -3.0,
    "V": 3.0
  },
  "Cd1In1Pm2": null,
  "Fe6O8": {
    "Fe": 2.6666666666666665,
    "O": -2.0
  },
  "Ho2In1Mg1": null,
  "Bi2O8P2": {
    "Bi": 3.0,
    "O": -2.0,
    "P": 5.0
  },
  "Cu2Hg1Se4Sn1": {
    "Cu": 1.0,
    "Hg": 2.0,
    "Se": -2.0,
    "Sn": 4.0
  },
  "As2Co2Sr1": {
    "As": -3.0,
    "Co": 2.0,
    "Sr": 2.0
  },
  "Ru8Sc4": null,
  "Ce1O1": null,
  "Cd2Li1Pd1": null,
  "Au2Dy1Sn1": null,
  "Cd1Na2S4Sn1": {
    "Cd": 2.0,
    "Na": 1.0,
    "S": -2.0,
    "Sn": 4.0
  },
  "In3Tb1": null,
  "Au2Dy1Mg1": null,
  "Cl2Cu1": {
    "Cl": -1.0,
    "Cu": 2.0
  },
  "Ag2Tb1": null,
  "Ag1Hg2La1": null,
  "O7Sr3Ti2": {
    "O": -2.0,
    "Sr": 2.0,
    "Ti": 4.0
  },
  "Cs2H2O2": {
    "Cs": 1.0,
    "H": 1.0,
    "O": -2.0
  },
  "Fe12P7Zr2": null,
  "Sn6Ti10": null,
  "Li4N12V8": {
    "Li": 1.0,
    "N": -3.0,
    "V": 4.0
  },
  "S1Sm1": {
    "S": -2.0,
    "Sm": 2.0
  },
  "Ni1S6Ti3": {
    "Ni": 2.0,
    "S": -2.0,
    "Ti": 3.3333333333333335
  },
  "Ni2Sb2": {
    "Ni": 2.0,
    "Sb": -2.0
  },
  "Pt1Te2": {
    "Pt": 4.0,
    "Te": -2.0
  },
  "Ca6Fe4O14": null,
  "Au2I8Li2": {
    "Au": 3.0,
    "I": -1.0,
    "Li": 1.0
  },
  "C2Ca1Mg1O6": {
    "C": 4.0,
    "Ca": 2.0,
    "Mg": 2.0,
    "O": -2.0
  },
  "O12Sb8": {
    "O": -2.0,
    "Sb": 3.0
  },
  "In8Pt2Sr2": null,
  "Ca8N8Zr2": {
    "Ca": 2.0,
    "N": -3.0,
    "Zr": 4.0
  },
  "O16Pb12": {
    "O": -2.0,
    "Pb": 2.6666666666666665
  },
  "Pd2Tl1Yb1": null,
  "Br2O2V2": {
    "Br": -1.0,
    "O": -2.0,
    "V": 3.0
  },
  "Mg4N6P2": {
    "Mg": 2.0,
    "N": -3.0,
    "P": 5.0
  },
  "Cs4P4Si2": {
    "Cs": 1.0,
    "P": 1.0,
    "Si": -4.0
  },
  "Gd1S1": null,
  "Ca2Rh4": null,
  "Ca4Li4Si8": null,
  "Au2Li1Mg1": null,
  "In2Ir1Li1": null,
  "Hf2Re1Rh1": null,
  "Li1Tb1Tl2": null,
  "Bi2Ca4": null,
  "Ba2Mg4Pb4": null,
  "Pm2Rh1Zn1": null,
  "S6Ti2": {
    "S": -1.3333333333333333,
    "Ti": 4.0
  },
  "Ta1W3": null,
  "Pt1Rh1Zn2": null,
  "Ce4Ge4In2": null,
  "Cd1Ir1Sm2": null,
  "Pt2Ti6": null,
  "Ca1": null,
  "Br2In2": {
    "Br": -1.0,
    "In": 1.0
  },
  "Pd1": null,
  "Pt1": null,
  "Rh1": null,
  "V1": null,
  "Er1Nb1Ru2": null,
  "Ga1Yb2Zn1": null,
  "N2Ti4Zn2": null,
  "Hf1Os2Sc1": null,
  "Cu1Rh1Yb2": null,
  "Fe1Ru2Ta1": null,
  "N1Th1": null,
  "Er1H2": null,
  "Hg1Li1Mg2": null,
  "H2Y1": null,
  "Hg2Li1Sm1": null,
  "Gd2Mg1Tl1": null,
  "Pd1Ru1Sc2": null,
  "Pa1Tc2Ti1": {
    "Pa": 3.0,
    "Tc": -3.0,
    "Ti": 3.0
  },
  "H2Ta1": null,
  "Ti1U2": null,
  "Ca2Cd1Li1": null,
  "Dy1Hg2Yb1": null,
  "Mn1Pd2Sn1": null,
  "Ir1Sm2Zn1": null,
  "Cu2Ga2S4": {
    "Cu": 1.0,
    "Ga": 3.0,
    "S": -2.0
  },
  "Ag2Er1Ho1": null,
  "Ag1Cd1Lu2": null,
  "Cd1Pb1Sr2": null,
  "As4Cd2": {
    "As": -1.0,
    "Cd": 2.0
  },
  "Cd1In1Nd2": null,
  "Cu5Dy1": null,
  "Ru1Tc1Ti2": null,
  "Ca1Li2Si1": {
    "Ca": 2.0,
    "Li": 1.0,
    "Si": -4.0
  },
  "Li2Na1Sb1": {
    "Li": 1.0,
    "Na": 1.0,
    "Sb": -3.0
  },
  "Al1Fe1Rh2": null,
  "Li2Pb1Pm1": null,
  "La1Pd3": null,
  "La1Mg1Ni4": null,
  "Ho1Rh2Zn1": null,
  "Pd1Tc1Ti2": null,
  "Be2Co1Pt1": null,
  "Pt2Th1Yb1": null,
  "Cr1Re1V2": null,
  "Al1Cu2Li1": null,
  "Ga2Li1Ru1": null,
  "Lu1Nb1Ru2": null,
  "In1Mn1Pd2": null,
  "Pm1Rh2Tb1": null,
  "Be2Ir1Li1": null,
  "Al1Ru2Si1": null,
  "Al1Hf1Ni2": null,
  "Dy2Mg1Tl1": null,
  "Ac2Hg1Sn1": null,
  "Ag2Dy1In1": null,
  "Fe3Si1": null,
  "Cr1Ru2Si1": null,
  "Co1Mn1Ti2": null,
  "Al1Ir2Zn1": null,
  "Li1Pb1Rh2": null,
  "K2Te1": {
    "K": 1.0,
    "Te": -2.0
  },
  "Ag1Au1Sc2": null,
  "Ag1Au1Zn2": null,
  "Cd1Lu1Rh2": null,
  "Ir4Nd2": null,
  "Pa1Si1Tc2": {
    "Pa": 3.0,
    "Si": -4.0,
    "Tc": 0.5
  },
  "Li1Mg1Pd2": null,
  "Ca2Ga1Li1": null,
  "Cd1Rh2Tm1": null,
  "Hg1Pb1Sr2": null,
  "Fe2Ge1Ti1": null,
  "Tc2Ti1W1": {
    "Tc": -3.0,
    "Ti": 4.0,
    "W": 2.0
  },
  "Al1Os2Ta1": null,
  "In1Mg1Pd2": null,
  "Pd1Pm2Sn1": null,
  "Li2Zn2": null,
  "In2Lu1Tm1": null,
  "Al1Li1Y2": null,
  "Ho1Y1Zn2": null,
  "Dy1Ho1In2": null,
  "Au2Sn1Th1": null,
  "Al2Pt1Ru1": null,
  "La2Rh4": null,
  "Co2Fe1Ge1": null,
  "Ag1Lu2Ru1": null,
  "Ac2Ge1Li1": null,
  "Hg1Li3": null,
  "O1Sr1": {
    "O": -2.0,
    "Sr": 2.0
  },
  "Er2Ru1Zn1": null,
  "Li1Nd2Os1": null,
  "Ru2Sc1Ti1": null,
  "Ge1Pd1Pm2": null,
  "Lu1N1": {
    "Lu": 3.0,
    "N": -3.0
  },
  "Rh4Sm2": null,
  "Mg1Rh2Zn1": null,
  "Ga1Ru2V1": null,
  "Be2Ir1Pd1": null,
  "Li1Os1Y2": null,
  "Br1K1": {
    "Br": -1.0,
    "K": 1.0
  },
  "Na1Tl2Tm1": null,
  "Rh2Sc1Yb1": null,
  "Cd1Sr2Tl1": null,
  "Al2O4Rb2": {
    "Al": 3.0,
    "O": -2.0,
    "Rb": 1.0
  },
  "Cu1Rh2Ta1": null,
  "Er4Ge4Mg2": null,
  "Be2Cu1Rh1": null,
  "Au2Pr1Sn1": null,
  "Cd1Ge1Yb2": null,
  "Fe2Mn1Si1": null,
  "Os1Ta2W1": null,
  "Ru1Sc2Zn1": null,
  "Ga1Li1Pm2": null,
  "Cd1Pm1Pt2": null,
  "Li1Rh2Sn1": null,
  "Er2Rh4": null,
  "Fe2Sn1Ti1": null,
  "Hg1Pb1Pr2": null,
  "Eu2Ir4": null,
  "Cr4Se8Zn2": {
    "Cr": 3.0,
    "Se": -2.0,
    "Zn": 2.0
  },
  "Bi1Pr1": null,
  "Au1Ru1Sc2": null,
  "Al1Au2Pa1": null,
  "Au2Nd1Pb1": null,
  "Rh2Ti1Zn1": null,
  "Ir1Ni1Pm2": null,
  "Br1Rb1": {
    "Br": -1.0,
    "Rb": 1.0
  },
  "Al1Co2Hf1": null,
  "Bi1Y1": null,
  "S1Yb1": {
    "S": -2.0,
    "Yb": 2.0
  },
  "Be1Ga1Rh2": null,
  "Pm1Pt2Yb1": null,
  "Ru2Ta1Tm1": null,
  "Fe1Ni1Pt2": {
    "Fe": 2.0,
    "Ni": 2.0,
    "Pt": -2.0
  },
  "As1Tm1": {
    "As": -3.0,
    "Tm": 3.0
  },
  "Cd1Sm2Tl1": null,
  "Be1Ru2V1": null,
  "Li1Pd2Zn1": null,
  "Al1Fe2Ti1": null,
  "Ba2Pd4": null,
  "Dy1Hg2Sm1": null,
  "Ca2Pt4": {
    "Ca": 2.0,
    "Pt": -1.0
  },
  "Au1Bi1Ca2": null,
  "Ir1Sn2": null,
  "Gd1Sb1": {
    "Gd": 3.0,
    "Sb": -3.0
  },
  "Rh2Sm1Yb1": null,
  "Hf2Li1Re1": null,
  "Au2Mg1Zr1": null,
  "P1Y1": {
    "P": -3.0,
    "Y": 3.0
  },
  "Os1Pd1Sc2": null,
  "As1Ca1Na1": {
    "As": -3.0,
    "Ca": 2.0,
    "Na": 1.0
  },
  "Au2Cd1Y1": null,
  "Ga1Hf1Ru2": null,
  "I1Tl1": {
    "I": -1.0,
    "Tl": 1.0
  },
  "Ag2Cd1Yb1": null,
  "Os1Ru1Zr2": null,
  "Ho1Na1Tl2": null,
  "Ag1Ho2In1": null,
  "Ac1H2": null,
  "Al1Cu2Sc1": null,
  "Cd1Rh2Tl1": null,
  "In2Na2Te4": {
    "In": 3.0,
    "Na": 1.0,
    "Te": -2.0
  },
  "Os1Sc2Zn1": null,
  "Be1Fe2V1": null,
  "Ac1Hg2Na1": null,
  "Ru2Sn1Th1": null,
  "N1Re3": null,
  "Ce1Pm1Zn2": null,
  "Fe4Hf2": null,
  "Cr1Li1O2": {
    "Cr": 3.0,
    "Li": 1.0,
    "O": -2.0
  },
  "Hf1Ir2Li1": null,
  "Be2Ir1Mn1": null,
  "Ag1Au1Mg2": null,
  "In3Yb1": null,
  "Pr2Ru4": null,
  "Pt4Yb2": {
    "Pt": -1.0,
    "Yb": 2.0
  },
  "Li1Rh2Zr1": null,
  "Er1Hg2Mg1": null,
  "Ge1Hg1Yb2": null,
  "Be1Ir2Si1": null,
  "Li1Rh1Zn2": null,
  "Ac2Au1Ir1": null,
  "Ir1Pm2Ru1": null,
  "Cd1Ho2Tl1": null,
  "Cd1Ge1Pm2": null,
  "Pb2Pd4Y4": null,
  "Ho1Sb1": {
    "Ho": 3.0,
    "Sb": -3.0
  },
  "Hg2Mg1Sm1": null,
  "Co2Mn1Sn1": null,
  "Co1Cr1Mn2": null,
  "Al2Cs2O4": {
    "Al": 3.0,
    "Cs": 1.0,
    "O": -2.0
  },
  "Er1Pa1Ru2": null,
  "Ag1Hg2Ho1": null,
  "Pd1Pm2Ru1": null,
  "Nb2Ru1W1": null,
  "Ac1Te2Tl1": {
    "Ac": 3.0,
    "Te": -2.0,
    "Tl": 1.0
  },
  "Cu4Si4Ti4": {
    "Cu": 1.0,
    "Si": -4.0,
    "Ti": 3.0
  },
  "Ho2Nb2O8": {
    "Ho": 3.0,
    "Nb": 5.0,
    "O": -2.0
  },
  "F6K2Na1Tl1": {
    "F": -1.0,
    "K": 1.0,
    "Na": 1.0,
    "Tl": 3.0
  },
  "Ir1Li1Y2": null,
  "Mg1P1Pt5": {
    "Mg": 2.0,
    "P": -3.0,
    "Pt": 0.2
  },
  "Cs2F6Hf1": {
    "Cs": 1.0,
    "F": -1.0,
    "Hf": 4.0
  },
  "As4Cd2Si2": {
    "As": -3.0,
    "Cd": 2.0,
    "Si": 4.0
  },
  "Gd8O20Re4": {
    "Gd": 3.0,
    "O": -2.0,
    "Re": 4.0
  },
  "Ca2N2Zn1": {
    "Ca": 2.0,
    "N": -3.0,
    "Zn": 2.0
  },
  "Ga1Ni2Sc1": null,
  "Ag1Lu1O2": {
    "Ag": 1.0,
    "Lu": 3.0,
    "O": -2.0
  },
  "O5S2Sm2Ti2": {
    "O": -2.0,
    "S": -2.0,
    "Sm": 3.0,
    "Ti": 4.0
  },
  "Ge4Ni4Ta4": null,
  "Ba2Mg1O6U1": {
    "Ba": 2.0,
    "Mg": 2.0,
    "O": -2.0,
    "U": 6.0
  },
  "Cd1Sn1Yb2": null,
  "Ca1Ge2Pd2": null,
  "Ga4Te6": {
    "Ga": 3.0,
    "Te": -2.0
  },
  "As1Au1Ba2": {
    "As": -3.0,
    "Au": -1.0,
    "Ba": 2.0
  },
  "Al1Fe3": null,
  "Nd4Se8": {
    "Nd": 2.5,
    "Se": -1.25
  },
  "Cl2Co1O2Sr2": {
    "Cl": -1.0,
    "Co": 2.0,
    "O": -2.0,
    "Sr": 2.0
  },
  "Cl6Cs2Na1Sb1": {
    "Cl": -1.0,
    "Cs": 1.0,
    "Na": 1.0,
    "Sb": 3.0
  },
  "Li16Mn8O56P16": {
    "Li": 1.0,
    "Mn": 2.0,
    "O": -2.0,
    "P": 5.0
  },
  "Si1Tc2W1": {
    "Si": 4.0,
    "Tc": -3.0,
    "W": 2.0
  },
  "Ag1Sm2Tl1": null,
  "Cu2O4Y2": {
    "Cu": 1.0,
    "O": -2.0,
    "Y": 3.0
  },
  "Br2Na4O1": {
    "Br": -1.0,
    "Na": 1.0,
    "O": -2.0
  },
  "B1Li1O4Si1": {
    "B": 3.0,
    "Li": 1.0,
    "O": -2.0,
    "Si": 4.0
  },
  "In1Li3": null,
  "Al1Li1Tm2": null,
  "Pd5Ti3": null,
  "Ge8K8Na16O28": {
    "Ge": 4.0,
    "K": 1.0,
    "Na": 1.0,
    "O": -2.0
  },
  "S12Sr4Zr4": {
    "S": -2.0,
    "Sr": 2.0,
    "Zr": 4.0
  },
  "Ag1Zn1": null,
  "Ag1Hg1Pr2": null,
  "Ir1Ti2V1": null,
  "In4Li4Se8": {
    "In": 3.0,
    "Li": 1.0,
    "Se": -2.0
  },
  "Lu1Os2Pa1": null,
  "La6Te8": {
    "La": 2.6666666666666665,
    "Te": -2.0
  },
  "Er1Y1Zn2": null,
  "Au1Co1O2": {
    "Au": 2.0,
    "Co": 2.0,
    "O": -2.0
  },
  "Mn2Nd2Si4": {
    "Mn": 2.0,
    "Nd": 2.0,
    "Si": -2.0
  },
  "Au2Pr1Yb1": null,
  "F5O1V2": {
    "F": -1.0,
    "O": -2.0,
    "V": 3.5
  },
  "C6Li1": {
    "C": -0.16666666666666666,
    "Li": 1.0
  },
  "Co1Hf2Ir1": null,
  "Cl6Cr2": {
    "Cl": -1.0,
    "Cr": 3.0
  },
  "O4S8Sb8": {
    "O": -2.0,
    "S": -2.0,
    "Sb": 3.0
  },
  "Ba2O4Ru1": {
    "Ba": 2.0,
    "O": -2.0,
    "Ru": 4.0
  },
  "Cr1Na1S2": {
    "Cr": 3.0,
    "Na": 1.0,
    "S": -2.0
  },
  "Ga4Ho1Ti2": null,
  "Ir5Sn7": null,
  "P2Te2U2": {
    "P": -3.0,
    "Te": -2.0,
    "U": 5.0
  },
  "Fe2O7P2": {
    "Fe": 2.0,
    "O": -2.0,
    "P": 5.0
  },
  "Mg2Pm1Y1": null,
  "Dy1Fe5": null,
  "C8Ir2Sc6": {
    "C": -3.0,
    "Ir": 3.0,
    "Sc": 3.0
  },
  "As2Ni2": {
    "As": -2.0,
    "Ni": 2.0
  },
  "Ho1Mg2Pm1": null,
  "Dy1Mg2Pm1": null,
  "Er4Fe4O12": {
    "Er": 3.0,
    "Fe": 3.0,
    "O": -2.0
  },
  "Cl12K4Mg4": {
    "Cl": -1.0,
    "K": 1.0,
    "Mg": 2.0
  },
  "Lu1Y1Zn2": null,
  "Na1Se2V1": {
    "Na": 1.0,
    "Se": -2.0,
    "V": 3.0
  },
  "Ca16H16O40Si8": {
    "Ca": 2.0,
    "H": 1.0,
    "O": -2.0,
    "Si": 4.0
  },
  "Co1Hf1": null,
  "Ag1Al1Sc2": null,
  "Lu1Mg2Y1": null,
  "Cl2La2Te2": {
    "Cl": -1.0,
    "La": 3.0,
    "Te": -2.0
  },
  "Dy2P10": {
    "Dy": 3.0,
    "P": -0.6
  },
  "Cu2S4Sn1Zn1": {
    "Cu": 1.0,
    "S": -2.0,
    "Sn": 4.0,
    "Zn": 2.0
  },
  "In3Mg6": null,
  "Ca1Rh2Y1": null,
  "Ca1O7Si2Zr1": {
    "Ca": 2.0,
    "O": -2.0,
    "Si": 4.0,
    "Zr": 4.0
  },
  "Ge4Pt2": null,
  "Co2Mn1Sb1": null,
  "As2Ca1Cu4": {
    "As": -3.0,
    "Ca": 2.0,
    "Cu": 1.0
  },
  "Nd1Tl2Tm1": null,
  "Cu2Ge1Te4Zn1": {
    "Cu": 1.0,
    "Ge": 4.0,
    "Te": -2.0,
    "Zn": 2.0
  },
  "B4Cr1": {
    "B": -1.5,
    "Cr": 6.0
  },
  "Ba6Nb10O30": {
    "Ba": 2.0,
    "Nb": 4.8,
    "O": -2.0
  },
  "As4Rh4V4": null,
  "Al1F5K2": {
    "Al": 3.0,
    "F": -1.0,
    "K": 1.0
  },
  "Br2Cl2Cr1Rb2": {
    "Br": -1.0,
    "Cl": -1.0,
    "Cr": 2.0,
    "Rb": 1.0
  },
  "In2Li1Tm1": null,
  "In2Lu1Nd1": null,
  "Hg6Mg10": null,
  "Pd8Zr6": null,
  "Li2Mg1Sn1": null,
  "Co2Mo2O8": {
    "Co": 2.0,
    "Mo": 6.0,
    "O": -2.0
  },
  "Pr1Zn5": null,
  "O8Rb3Ta1": null,
  "H6U2": {
    "H": -1.0,
    "U": 3.0
  },
  "Co7Nb6": null,
  "Cd2Te4Zn2": {
    "Cd": 2.0,
    "Te": -2.0,
    "Zn": 2.0
  },
  "Ag4Ba2Hg4O8": {
    "Ag": 1.0,
    "Ba": 2.0,
    "Hg": 2.0,
    "O": -2.0
  },
  "B4Fe4": {
    "B": -3.0,
    "Fe": 3.0
  },
  "Al1Ca1H1Si1": {
    "Al": 3.0,
    "Ca": 2.0,
    "H": -1.0,
    "Si": -4.0
  },
  "O6Sb2U1": {
    "O": -2.0,
    "Sb": 3.0,
    "U": 6.0
  },
  "H2Mn1O2": {
    "H": 1.0,
    "Mn": 2.0,
    "O": -2.0
  },
  "Al1Ru2Zr1": null,
  "Cu1F4K2": {
    "Cu": 2.0,
    "F": -1.0,
    "K": 1.0
  },
  "Hg2Tb1Y1": null,
  "Cd1Hg2Na1": null,
  "Lu1Mg2Sm1": null,
  "Ga1Tm2Zn1": null,
  "As2Cu2Mg2": {
    "As": -3.0,
    "Cu": 1.0,
    "Mg": 2.0
  },
  "Ag1Lu2Pt1": null,
  "Mg1Pr2Tl1": null,
  "Er1Sm1Tl2": null,
  "Ir1Ni1Zn2": null,
  "Ba8Co4O16": {
    "Ba": 2.0,
    "Co": 4.0,
    "O": -2.0
  },
  "Al2Mg2Se5": {
    "Al": 3.0,
    "Mg": 2.0,
    "Se": -2.0
  },
  "Cl6Cs2Fe2": {
    "Cl": -1.0,
    "Cs": 1.0,
    "Fe": 2.0
  },
  "Ru4Te8": {
    "Ru": 4.0,
    "Te": -2.0
  },
  "Os1V1": {
    "Os": -2.0,
    "V": 2.0
  },
  "H6Mg1Sr2": {
    "H": -1.0,
    "Mg": 2.0,
    "Sr": 2.0
  },
  "Mg2Nd1Tm1": null,
  "As8Se12": {
    "As": 3.0,
    "Se": -2.0
  },
  "Cu2O4Pt2": {
    "Cu": 1.0,
    "O": -2.0,
    "Pt": 3.0
  },
  "K2Li2Mn2O4": {
    "K": 1.0,
    "Li": 1.0,
    "Mn": 2.0,
    "O": -2.0
  },
  "Cu1O4Sm2": {
    "Cu": 2.0,
    "O": -2.0,
    "Sm": 3.0
  },
  "Au2Ga2O4": {
    "Au": 1.0,
    "Ga": 3.0,
    "O": -2.0
  },
  "Cl6Mn2Na2": {
    "Cl": -1.0,
    "Mn": 2.0,
    "Na": 1.0
  },
  "Al2C2Mg1": {
    "Al": 3.0,
    "C": -4.0,
    "Mg": 2.0
  },
  "Cs2H4Mg1": {
    "Cs": 1.0,
    "H": -1.0,
    "Mg": 2.0
  },
  "Bi2Pb2Se5": {
    "Bi": 3.0,
    "Pb": 2.0,
    "Se": -2.0
  },
  "Ru2Sc4Si4": {
    "Ru": 2.0,
    "Sc": 3.0,
    "Si": -4.0
  },
  "Mg4Te8": {
    "Mg": 2.0,
    "Te": -1.0
  },
  "Al3Ni2Pr1": null,
  "Ge1Li3": null,
  "Cd1Cl3Cs1": {
    "Cd": 2.0,
    "Cl": -1.0,
    "Cs": 1.0
  },
  "Al2C6Nb8": {
    "Al": 3.0,
    "C": -4.0,
    "Nb": 2.25
  },
  "Ag1Pt1Tm2": null,
  "P6Sn2": {
    "P": -1.3333333333333333,
    "Sn": 4.0
  },
  "Li12Mn2S8": {
    "Li": 1.0,
    "Mn": 2.0,
    "S": -2.0
  },
  "Mg6Tm2": null,
  "Pd2Tm1Zn1": null,
  "Co2Si4Tm2": {
    "Co": 1.0,
    "Si": -2.0,
    "Tm": 3.0
  },
  "Ca2Cl2F2": {
    "Ca": 2.0,
    "Cl": -1.0,
    "F": -1.0
  },
  "Au1Li2Pb1": null,
  "Sc2Tc1Zn1": null,
  "Re6Ru2": null,
  "Pt3Zr1": {
    "Pt": -0.6666666666666666,
    "Zr": 2.0
  },
  "Ca1Sr1Tl2": null,
  "Br3Cu1Rb1": {
    "Br": -1.0,
    "Cu": 2.0,
    "Rb": 1.0
  },
  "Li2Pd4Sn12": null,
  "Te4Ti2V1": {
    "Te": -2.0,
    "Ti": 3.0,
    "V": 2.0
  },
  "Ba3S7Zr2": {
    "Ba": 2.0,
    "S": -2.0,
    "Zr": 4.0
  },
  "Mg2Sc1Y1": null,
  "In1Ir2Mg1": null,
  "Ba1Ho2Ni1O5": {
    "Ba": 2.0,
    "Ho": 3.0,
    "Ni": 2.0,
    "O": -2.0
  },
  "Ga1Hf1Ni2": null,
  "Ag1Ho2Ir1": null,
  "Cu2Zn6": null,
  "Cu1F6Zr1": {
    "Cu": 2.0,
    "F": -1.0,
    "Zr": 4.0
  },
  "Ti3Zn1": null,
  "Mo1Ni1O6Sr2": {
    "Mo": 6.0,
    "Ni": 2.0,
    "O": -2.0,
    "Sr": 2.0
  },
  "Al2K2Te4": {
    "Al": 3.0,
    "K": 1.0,
    "Te": -2.0
  },
  "Fe2Pd2": null,
  "C1Ti3Tl1": null,
  "B2Co3Zr1": {
    "B": -3.0,
    "Co": 1.3333333333333333,
    "Zr": 2.0
  },
  "Al4Fe6Si8": {
    "Al": 3.0,
    "Fe": 2.0,
    "Si": -3.0
  },
  "K2Pr2Te8": {
    "K": 1.0,
    "Pr": 3.0,
    "Te": -1.0
  },
  "Nd1Sn3": null,
  "Na3Sb1Se4": {
    "Na": 1.0,
    "Sb": 5.0,
    "Se": -2.0
  },
  "Sb1Sn1": {
    "Sb": -2.0,
    "Sn": 2.0
  },
  "Co4Mn6O16": {
    "Co": 2.5,
    "Mn": 3.6666666666666665,
    "O": -2.0
  },
  "Rh3Sb1": null,
  "Ho1Ru2Sc1": null,
  "Cs2I6Ti2": {
    "Cs": 1.0,
    "I": -1.0,
    "Ti": 2.0
  },
  "Mg1O6Pb2W1": {
    "Mg": 2.0,
    "O": -2.0,
    "Pb": 2.0,
    "W": 6.0
  },
  "Mn4Na8O12": {
    "Mn": 4.0,
    "Na": 1.0,
    "O": -2.0
  },
  "Cd2P8": {
    "Cd": 2.0,
    "P": -0.5
  },
  "Cd3Pm1": null,
  "Ga3Zr1": null,
  "Mn2Sn4": null,
  "Ag1Ir1Mg2": null,
  "Mo1S6Se2W3": {
    "Mo": 6.0,
    "S": -2.0,
    "Se": -2.0,
    "W": 3.3333333333333335
  },
  "Cu1Ni2Zn1": null,
  "Cu1Hf2Os1": null,
  "As4B2K6": {
    "As": -3.0,
    "B": 3.0,
    "K": 1.0
  },
  "Co3V1": null,
  "Ag2Er2S4": {
    "Ag": 1.0,
    "Er": 3.0,
    "S": -2.0
  },
  "Er1Ru2Sn1": null,
  "Co1Na5O2S1": {
    "Co": 1.0,
    "Na": 1.0,
    "O": -2.0,
    "S": -2.0
  },
  "Al1B2": null,
  "Li1Ni3O4": {
    "Li": 1.0,
    "Ni": 2.3333333333333335,
    "O": -2.0
  },
  "La1Sm1Zn2": null,
  "Al4Dy4O12": {
    "Al": 3.0,
    "Dy": 3.0,
    "O": -2.0
  },
  "Cr6Os2": null,
  "Ge2Mg2P4": {
    "Ge": 4.0,
    "Mg": 2.0,
    "P": -3.0
  },
  "Cu4K1Se3": {
    "Cu": 1.25,
    "K": 1.0,
    "Se": -2.0
  },
  "Cu1Tc1Ti2": null,
  "Al4O10Ti2": {
    "Al": 3.0,
    "O": -2.0,
    "Ti": 4.0
  },
  "In1S2Tl1": {
    "In": 3.0,
    "S": -2.0,
    "Tl": 1.0
  },
  "Al3Pd3Y3": null,
  "In9K1Ni2": null,
  "K4Li4O4": {
    "K": 1.0,
    "Li": 1.0,
    "O": -2.0
  },
  "Pu1Si2": null,
  "Hf1Ho1Ru2": null,
  "H2Mg4O5": {
    "H": 1.0,
    "Mg": 2.0,
    "O": -2.0
  },
  "Cu1O5Sr2Tl1": {
    "Cu": 3.0,
    "O": -2.0,
    "Sr": 2.0,
    "Tl": 3.0
  },
  "B2Nd1Ru3": null,
  "Ge1Se4Zn2": {
    "Ge": 4.0,
    "Se": -2.0,
    "Zn": 2.0
  },
  "Br4Li2Mn1": {
    "Br": -1.0,
    "Li": 1.0,
    "Mn": 2.0
  },
  "Li1Re1Zr2": null,
  "Hg1Na3": null,
  "Hf2Ir1Pd1": null,
  "Si10V12": {
    "Si": -2.4,
    "V": 2.0
  },
  "Ag4P8": {
    "Ag": 1.0,
    "P": -0.5
  },
  "Mg3Sn1": null,
  "Br4Li2Mg1": {
    "Br": -1.0,
    "Li": 1.0,
    "Mg": 2.0
  },
  "Ag1Ir1Tb2": null,
  "As2Ge2Te5": {
    "As": 1.0,
    "Ge": 4.0,
    "Te": -2.0
  },
  "Ca6Tl2": null,
  "Cu2Sn1Te3": {
    "Cu": 1.0,
    "Sn": 4.0,
    "Te": -2.0
  },
  "Cl3Cu1Tl1": {
    "Cl": -1.0,
    "Cu": 2.0,
    "Tl": 1.0
  },
  "O7Si2Yb2": {
    "O": -2.0,
    "Si": 4.0,
    "Yb": 3.0
  },
  "Nd4Tl2": null,
  "Pd2Pr1Yb1": null,
  "B4Co2Mo1": {
    "B": -1.5,
    "Co": 2.0,
    "Mo": 2.0
  },
  "Al1Ga1N2": {
    "Al": 3.0,
    "Ga": 3.0,
    "N": -3.0
  },
  "As2O6Pd1": {
    "As": 5.0,
    "O": -2.0,
    "Pd": 2.0
  },
  "Al2Ni1Zr6": null,
  "Ba2Ca1Cu2Hg1O6": {
    "Ba": 2.0,
    "Ca": 2.0,
    "Cu": 2.0,
    "Hg": 2.0,
    "O": -2.0
  },
  "Cs1Mn2P2": {
    "Cs": 1.0,
    "Mn": 2.0,
    "P": -2.5
  },
  "Lu6Pr2": null,
  "Cu2Dy2O2Se2": {
    "Cu": 1.0,
    "Dy": 3.0,
    "O": -2.0,
    "Se": -2.0
  },
  "O6Ti2U1": {
    "O": -2.0,
    "Ti": 4.0,
    "U": 4.0
  },
  "Al8Ca4O24Si4": {
    "Al": 3.0,
    "Ca": 2.0,
    "O": -2.0,
    "Si": 4.0
  },
  "Ag2Th4": null,
  "Mg1Pm2": null,
  "Al2Er1Ho1": null,
  "Br4Mn1Rb2": {
    "Br": -1.0,
    "Mn": 2.0,
    "Rb": 1.0
  },
  "Bi1Cu1Mg1": null,
  "Bi2Ni2O6": {
    "Bi": 3.0,
    "Ni": 3.0,
    "O": -2.0
  },
  "Ca2Ge1": null,
  "C2In2Sc4": null,
  "Cu2Fe4Ge4": null,
  "Ru4Sm2": null,
  "N3U2": {
    "N": -3.0,
    "U": 4.5
  },
  "Li2Se4Y2": {
    "Li": 1.0,
    "Se": -2.0,
    "Y": 3.0
  },
  "Rh2Sn4": null,
  "Al2Zr2": null,
  "Er1Ho1Pd2": null,
  "Cu6S4Tl1": {
    "Cu": 1.1666666666666667,
    "S": -2.0,
    "Tl": 1.0
  },
  "Ho1Pd1": null,
  "Ni4P4Th2": {
    "Ni": 1.0,
    "P": -3.0,
    "Th": 4.0
  },
  "Fe2Sn4": null,
  "As2Cd2Ce2O2": {
    "As": -3.0,
    "Cd": 2.0,
    "Ce": 3.0,
    "O": -2.0
  },
  "Cs2F6Tl1V1": {
    "Cs": 1.0,
    "F": -1.0,
    "Tl": 1.0,
    "V": 3.0
  },
  "Mo6Sn12": null,
  "F6Ti1Zr1": {
    "F": -1.0,
    "Ti": 4.0,
    "Zr": 2.0
  },
  "B4Mn1": null,
  "Ga1Ni2Zr1": null,
  "Hf2Os1Re1": null,
  "Fe2Hf1Sn1": null,
  "Fe1Os1Ta2": null,
  "Cu4Sb2": {
    "Cu": 1.5,
    "Sb": -3.0
  },
  "Ca1Cu1O2": {
    "Ca": 2.0,
    "Cu": 2.0,
    "O": -2.0
  },
  "Ge6Y2": null,
  "Cu1O6V2": {
    "Cu": 2.0,
    "O": -2.0,
    "V": 5.0
  },
  "B2Mo4": null,
  "Al2H8Li2": {
    "Al": 3.0,
    "H": -1.0,
    "Li": 1.0
  },
  "H2Mg2O3": {
    "H": 1.0,
    "Mg": 2.0,
    "O": -2.0
  },
  "Cd2Sm2Tl2": null,
  "O6Te2": {
    "O": -2.0,
    "Te": 6.0
  },
  "Ir3Sn3Zr3": null,
  "Fe11Si5": null,
  "Li2Nd2S4": {
    "Li": 1.0,
    "Nd": 3.0,
    "S": -2.0
  },
  "Hg1O2Pt1": {
    "Hg": 2.0,
    "O": -2.0,
    "Pt": 2.0
  },
  "Ni1Se4Ti2": {
    "Ni": 2.0,
    "Se": -2.0,
    "Ti": 3.0
  },
  "Fe1Li2Ni1O4": {
    "Fe": 3.0,
    "Li": 1.0,
    "Ni": 3.0,
    "O": -2.0
  },
  "Ge2S4": {
    "Ge": 4.0,
    "S": -2.0
  },
  "Co4Mn8O16": {
    "Co": 2.75,
    "Mn": 2.625,
    "O": -2.0
  },
  "Cu1Y1": null,
  "Al1La2Li1": null,
  "Hf4Ni4Sn2": null,
  "Al2Sm1Y1": null,
  "Ga2Lu2O6": {
    "Ga": 3.0,
    "Lu": 3.0,
    "O": -2.0
  },
  "Cr2S4V1": {
    "Cr": 3.0,
    "S": -2.0,
    "V": 2.0
  },
  "Ba2Cu3Nd1O7": {
    "Ba": 2.0,
    "Cu": 2.3333333333333335,
    "Nd": 3.0,
    "O": -2.0
  },
  "Ag1Hg1Yb2": null,
  "F8Hf1Na3": null,
  "O8W3": {
    "O": -2.0,
    "W": 5.333333333333333
  },
  "Ge2Mn2O6": {
    "Ge": 4.0,
    "Mn": 2.0,
    "O": -2.0
  },
  "Al2Th2": null,
  "O26Sb12": {
    "O": -2.0,
    "Sb": 4.333333333333333
  },
  "Eu2": null,
  "Cl7Cs3Mg2": {
    "Cl": -1.0,
    "Cs": 1.0,
    "Mg": 2.0
  },
  "Hg2Pt1": {
    "Hg": 1.0,
    "Pt": -2.0
  },
  "Ca2Mn2O4": {
    "Ca": 2.0,
    "Mn": 2.0,
    "O": -2.0
  },
  "Mg5Sr1": null,
  "Bi2Na2S4": {
    "Bi": 3.0,
    "Na": 1.0,
    "S": -2.0
  },
  "Au1Na3": null,
  "Mn11Pd21": null,
  "Fe2Li1P2": {
    "Fe": 2.5,
    "Li": 1.0,
    "P": -3.0
  },
  "Mg1P4Rh6": null,
  "Cr1Te4V2": {
    "Cr": 3.0,
    "Te": -2.0,
    "V": 2.5
  },
  "Cl12Mn4Tl4": {
    "Cl": -1.0,
    "Mn": 2.0,
    "Tl": 1.0
  },
  "Ni4O8Si2": {
    "Ni": 2.0,
    "O": -2.0,
    "Si": 4.0
  },
  "B2Co4": {
    "B": -3.0,
    "Co": 1.5
  },
  "Al7La8Mg1O24": null,
  "Fe7Mo6": null,
  "Cl6K2Ta1": {
    "Cl": -1.0,
    "K": 1.0,
    "Ta": 4.0
  },
  "Au2In1U1": null,
  "O3Pr2": {
    "O": -2.0,
    "Pr": 3.0
  },
  "Dy3Y1": null,
  "Hf3O8Sn1": {
    "Hf": 4.0,
    "O": -2.0,
    "Sn": 4.0
  },
  "Hg1S2Ta1": {
    "Hg": 1.0,
    "S": -2.0,
    "Ta": 3.0
  },
  "Co2Na12O8": {
    "Co": 2.0,
    "Na": 1.0,
    "O": -2.0
  },
  "Dy4O12Sc4": {
    "Dy": 3.0,
    "O": -2.0,
    "Sc": 3.0
  },
  "Ho2Se4": {
    "Ho": 3.0,
    "Se": -1.5
  },
  "Bi4I4": {
    "Bi": 1.0,
    "I": -1.0
  },
  "Al1La3": null,
  "Ge2P6": {
    "Ge": 4.0,
    "P": -1.3333333333333333
  },
  "Rh10Si6": null,
  "As2O7Zn2": {
    "As": 5.0,
    "O": -2.0,
    "Zn": 2.0
  },
  "Co2Li4O8Si2": {
    "Co": 2.0,
    "Li": 1.0,
    "O": -2.0,
    "Si": 4.0
  },
  "Cd1Li2Pb1": null,
  "Li1O4V3": {
    "Li": 1.0,
    "O": -2.0,
    "V": 2.3333333333333335
  },
  "Cl4H16Na4O8": {
    "Cl": -1.0,
    "H": 1.0,
    "Na": 1.0,
    "O": -2.0
  },
  "Al4O12Sc4": {
    "Al": 3.0,
    "O": -2.0,
    "Sc": 3.0
  },
  "Au1K1O2": {
    "Au": 3.0,
    "K": 1.0,
    "O": -2.0
  },
  "K1O3Re1": {
    "K": 1.0,
    "O": -2.0,
    "Re": 5.0
  },
  "Be1Ru1Sc2": null,
  "Au1Li2Tl1": null,
  "Cu2In1La1": null,
  "Al2Li1Tc1": null,
  "Ca1Rh2Zr1": null,
  "B18Li7O1": null,
  "Fe1Se4V2": {
    "Fe": 3.0,
    "Se": -2.0,
    "V": 2.5
  },
  "Ca6O14Sn4": {
    "Ca": 2.0,
    "O": -2.0,
    "Sn": 4.0
  },
  "N16Sr24": {
    "N": -3.0,
    "Sr": 2.0
  },
  "In1": null,
  "Bi1Rb3": null,
  "As2Ni2O7": {
    "As": 5.0,
    "Ni": 2.0,
    "O": -2.0
  },
  "Cu2O4Tl2": {
    "Cu": 2.0,
    "O": -2.0,
    "Tl": 2.0
  },
  "Ga1Li1Lu2": null,
  "Fe2Mn4O6": {
    "Fe": 2.0,
    "Mn": 2.0,
    "O": -2.0
  },
  "Ag2Cd2O4": {
    "Ag": 2.0,
    "Cd": 2.0,
    "O": -2.0
  },
  "Ir1Nd2Pd1": null,
  "Co2Hf1Tm1": null,
  "Ce2O8Si2": {
    "Ce": 4.0,
    "O": -2.0,
    "Si": 4.0
  },
  "F3Pb1Rb1": {
    "F": -1.0,
    "Pb": 2.0,
    "Rb": 1.0
  },
  "Cs1La1Nb2O7": {
    "Cs": 1.0,
    "La": 3.0,
    "Nb": 5.0,
    "O": -2.0
  },
  "O7P2V1": {
    "O": -2.0,
    "P": 5.0,
    "V": 4.0
  },
  "Fe10Si6": {
    "Fe": 2.4,
    "Si": -4.0
  },
  "Nd1Pt3": {
    "Nd": 2.0,
    "Pt": -0.6666666666666666
  },
  "P1Sn1": {
    "P": -3.0,
    "Sn": 3.0
  },
  "Cu4O12Se4": {
    "Cu": 2.0,
    "O": -2.0,
    "Se": 4.0
  },
  "Al1C1La3": null,
  "Ge2O6Zn2": {
    "Ge": 4.0,
    "O": -2.0,
    "Zn": 2.0
  },
  "Al2In2O6": {
    "Al": 3.0,
    "In": 3.0,
    "O": -2.0
  },
  "Ba1Co1Nd2O5": {
    "Ba": 2.0,
    "Co": 2.0,
    "Nd": 3.0,
    "O": -2.0
  },
  "Ba2Ni2S4": {
    "Ba": 2.0,
    "Ni": 2.0,
    "S": -2.0
  },
  "Cu4Li2O8": null,
  "Li2O4Ti1V1": {
    "Li": 1.0,
    "O": -2.0,
    "Ti": 4.0,
    "V": 2.0
  },
  "Ba1O3Ta1": {
    "Ba": 2.0,
    "O": -2.0,
    "Ta": 4.0
  },
  "Ag3Pt1": null,
  "Ni2Sn1U1": null,
  "As2La1Ni2": {
    "As": -3.0,
    "La": 3.0,
    "Ni": 1.5
  },
  "O3Sr1V1": {
    "O": -2.0,
    "Sr": 2.0,
    "V": 4.0
  },
  "B4K12N8": {
    "B": 3.0,
    "K": 1.0,
    "N": -3.0
  },
  "Ca4S12Zr4": {
    "Ca": 2.0,
    "S": -2.0,
    "Zr": 4.0
  },
  "Be4Ta2": null,
  "Ba2Cu3O7Y1": {
    "Ba": 2.0,
    "Cu": 2.3333333333333335,
    "O": -2.0,
    "Y": 3.0
  },
  "Ga5Hf1Ni1": null,
  "Ce1Zn1": null,
  "Ag2N2O4": {
    "Ag": 3.0,
    "N": 1.0,
    "O": -2.0
  },
  "B6Dy1": null,
  "Sc2Tc1Tl1": null,
  "Ga1Ni1": null,
  "Ni2S2Tl1": {
    "Ni": 1.5,
    "S": -2.0,
    "Tl": 1.0
  },
  "Cu2Mo2O8": {
    "Cu": 2.0,
    "Mo": 6.0,
    "O": -2.0
  },
  "Ga2La2O6": {
    "Ga": 3.0,
    "La": 3.0,
    "O": -2.0
  },
  "Nb2O8Rh2": {
    "Nb": 5.0,
    "O": -2.0,
    "Rh": 3.0
  },
  "Ag1O2Rh1": {
    "Ag": 1.0,
    "O": -2.0,
    "Rh": 3.0
  },
  "Mg2Yb4": null,
  "Dy2Te4": {
    "Dy": 3.0,
    "Te": -1.5
  },
  "Fe2Lu1O4": {
    "Fe": 2.5,
    "Lu": 3.0,
    "O": -2.0
  },
  "Ca2Pb1": null,
  "Al8Mg12O48Si12": {
    "Al": 3.0,
    "Mg": 2.0,
    "O": -2.0,
    "Si": 4.0
  },
  "C1Nb1": {
    "C": -4.0,
    "Nb": 4.0
  },
  "Cd1Li2Sb1": null,
  "Fe1Li4O12W3": {
    "Fe": 2.0,
    "Li": 1.0,
    "O": -2.0,
    "W": 6.0
  },
  "I6Nb2": {
    "I": -1.0,
    "Nb": 3.0
  },
  "C1Mn3Zn1": null,
  "Cu4Li2P2": {
    "Cu": 1.0,
    "Li": 1.0,
    "P": -3.0
  },
  "Cd1Li1Mg6": null,
  "Hf4N3": null,
  "Mo3S2Se4Te2W1": {
    "Mo": 4.666666666666667,
    "S": -2.0,
    "Se": -2.0,
    "Te": -2.0,
    "W": 2.0
  },
  "Ir1O3Rb1": {
    "Ir": 5.0,
    "O": -2.0,
    "Rb": 1.0
  },
  "La1N3Os1": {
    "La": 3.0,
    "N": -3.0,
    "Os": 6.0
  },
  "Li2Sn1Zn1": null,
  "O2Sc1Y1": null,
  "Al1Ni2V1": null,
  "Co2Ni1O6": {
    "Co": 4.0,
    "Ni": 4.0,
    "O": -2.0
  },
  "N2Na2Zr1": {
    "N": -3.0,
    "Na": 1.0,
    "Zr": 4.0
  },
  "Cu4Li3O4": {
    "Cu": 1.25,
    "Li": 1.0,
    "O": -2.0
  },
  "B8C8Sc4": {
    "B": 3.0,
    "C": -4.0,
    "Sc": 2.0
  },
  "B4Mn3": {
    "B": -1.5,
    "Mn": 2.0
  },
  "Al1Co1F5": {
    "Al": 3.0,
    "Co": 2.0,
    "F": -1.0
  },
  "Li2Pt4": {
    "Li": 1.0,
    "Pt": -0.5
  },
  "Th3Tm1": null,
  "Li2Mn3O6": {
    "Li": 1.0,
    "Mn": 3.3333333333333335,
    "O": -2.0
  },
  "Al3Ce1Pt2": null,
  "Au2Er2Sn2": null,
  "Br8O4": null,
  "Co2Se2Tl1": {
    "Co": 1.5,
    "Se": -2.0,
    "Tl": 1.0
  },
  "Cu2O8V2": {
    "Cu": 3.0,
    "O": -2.0,
    "V": 5.0
  },
  "Ni2Sn1Zr1": null,
  "Ag1Pt3": {
    "Ag": 2.0,
    "Pt": -0.6666666666666666
  },
  "Cr1Te4Ti2": {
    "Cr": 2.0,
    "Te": -2.0,
    "Ti": 3.0
  },
  "Nb8Ni2Si2": null,
  "Pt1Sc1Zn2": null,
  "I6Li2Sc2": {
    "I": -1.0,
    "Li": 1.0,
    "Sc": 2.0
  },
  "Ni1O8V3": {
    "Ni": 2.0,
    "O": -2.0,
    "V": 4.666666666666667
  },
  "As4Ge3": {
    "As": -3.0,
    "Ge": 4.0
  },
  "Ga5Ni1Ti1": null,
  "Bi2Ga2O6": {
    "Bi": 3.0,
    "Ga": 3.0,
    "O": -2.0
  },
  "Ac6Pr2": null,
  "Co1F4Li4O1": {
    "Co": 2.0,
    "F": -1.0,
    "Li": 1.0,
    "O": -2.0
  },
  "Ru4Sb4": {
    "Ru": 3.0,
    "Sb": -3.0
  },
  "Al1Li3": null,
  "Co4Ge2": null,
  "Ca1Fe1O3": null,
  "Co3Cu2Ho1": null,
  "Al2Bi2O6": {
    "Al": 3.0,
    "Bi": 3.0,
    "O": -2.0
  },
  "Bi2Co2O8": {
    "Bi": 4.0,
    "Co": 4.0,
    "O": -2.0
  },
  "Ag2O2Pd1": {
    "Ag": 1.0,
    "O": -2.0,
    "Pd": 2.0
  },
  "Ru2Sn4": null,
  "Au2Nb6": null,
  "Ba1O2Sr1": {
    "Ba": 2.0,
    "O": -2.0,
    "Sr": 2.0
  },
  "Ge1Hg1Li2": null,
  "B2C2Mo4": {
    "B": 0.0,
    "C": -4.0,
    "Mo": 2.0
  },
  "Au1Pt1Sr2": null,
  "Li2O4Zr2": {
    "Li": 1.0,
    "O": -2.0,
    "Zr": 3.0
  },
  "Al1F5Ni1": {
    "Al": 3.0,
    "F": -1.0,
    "Ni": 2.0
  },
  "C4Sr2": {
    "C": -1.0,
    "Sr": 2.0
  },
  "Pb2Se4": {
    "Pb": 4.0,
    "Se": -2.0
  },
  "Ho1In1Pt4": {
    "Ho": 3.0,
    "In": 1.0,
    "Pt": -1.0
  },
  "Al4Sm1": null,
  "Hg2Ti2": null,
  "C2Fe4": {
    "C": -4.0,
    "Fe": 2.0
  },
  "Cu1Hg1O2": {
    "Cu": 2.0,
    "Hg": 2.0,
    "O": -2.0
  },
  "Mn3N1Ni1": null,
  "Cr1Cu1Se2": {
    "Cr": 3.0,
    "Cu": 1.0,
    "Se": -2.0
  },
  "Cu1Ir1Nd2": null,
  "Li1S2Sn1": {
    "Li": 1.0,
    "S": -2.0,
    "Sn": 3.0
  },
  "Ag2Ni1O2": {
    "Ag": 1.0,
    "Ni": 2.0,
    "O": -2.0
  },
  "Hf4Os8": {
    "Hf": 4.0,
    "Os": -2.0
  },
  "Au1Ir1Nd2": null,
  "Ca1F6Sb1": null,
  "Co1Cu2Se4Sn1": {
    "Co": 2.0,
    "Cu": 1.0,
    "Se": -2.0,
    "Sn": 4.0
  },
  "Pr1Pt3": null,
  "Bi4O14Tb4": {
    "Bi": 3.0,
    "O": -2.0,
    "Tb": 4.0
  },
  "Co1O3Sr1": {
    "Co": 4.0,
    "O": -2.0,
    "Sr": 2.0
  },
  "Li2Mn1O4Ti1": {
    "Li": 1.0,
    "Mn": 2.0,
    "O": -2.0,
    "Ti": 4.0
  },
  "Ba4S6": {
    "Ba": 2.0,
    "S": -1.3333333333333333
  },
  "Al1Mg6Zn1": null,
  "Ag1Pt1Sr2": null,
  "Tm1Zr1": null,
  "Fe2Mg2O6": null,
  "Li3O4Ta1": {
    "Li": 1.0,
    "O": -2.0,
    "Ta": 5.0
  },
  "Cl1Cs1I1K1": {
    "Cl": -1.0,
    "Cs": 1.0,
    "I": -1.0,
    "K": 1.0
  },
  "Bi1Cd1Mg6": null,
  "Eu1Si2": null,
  "Mo6Pt2": null,
  "O4Sn1Ti1": {
    "O": -2.0,
    "Sn": 4.0,
    "Ti": 4.0
  },
  "Cu3Hf1": null,
  "In1Li1Sn1": null,
  "Mg1Th3": null,
  "Fe1Na4O5": null,
  "Br4O4W2": {
    "Br": -1.0,
    "O": -2.0,
    "W": 6.0
  },
  "F2O4V3": {
    "F": -1.0,
    "O": -2.0,
    "V": 3.3333333333333335
  },
  "In2S6Zn3": {
    "In": 3.0,
    "S": -2.0,
    "Zn": 2.0
  },
  "Bi2F7K1": {
    "Bi": 3.0,
    "F": -1.0,
    "K": 1.0
  },
  "Ni2Sn1Yb1": null,
  "Au1Ir1Pr2": null,
  "Pt1Re1Ti2": null,
  "Ge2Nb6": null,
  "Hf5N5O2": null,
  "F5Li4Mn1O1": {
    "F": -1.0,
    "Li": 1.0,
    "Mn": 3.0,
    "O": -2.0
  },
  "Hf3N4": {
    "Hf": 4.0,
    "N": -3.0
  },
  "Rb1Tl3": null,
  "O8P2Ti2": {
    "O": -2.0,
    "P": 5.0,
    "Ti": 3.0
  },
  "Cu1Mg7": null,
  "N6Re2Ti2": {
    "N": -3.0,
    "Re": 5.0,
    "Ti": 4.0
  },
  "B2C3Tb2": {
    "B": 3.0,
    "C": -4.0,
    "Tb": 3.0
  },
  "Mn2O8V2": {
    "Mn": 3.0,
    "O": -2.0,
    "V": 5.0
  },
  "Nd1Pt2Si2": {
    "Nd": 2.0,
    "Pt": 3.0,
    "Si": -4.0
  },
  "C2Ho1": null,
  "As2Cr4": null,
  "F1Li1Mn3O5": {
    "F": -1.0,
    "Li": 1.0,
    "Mn": 3.3333333333333335,
    "O": -2.0
  },
  "Mg1Tc1Tm2": null,
  "As1Ba3N1": {
    "As": -3.0,
    "Ba": 2.0,
    "N": -3.0
  },
  "Ge4Sm2": null,
  "P2Rh3": null,
  "F2Li1Mn3O4": {
    "F": -1.0,
    "Li": 1.0,
    "Mn": 3.0,
    "O": -2.0
  },
  "Au3Pb1": null,
  "Ca5Mg1": null,
  "Cd1O6Sr2W1": {
    "Cd": 2.0,
    "O": -2.0,
    "Sr": 2.0,
    "W": 6.0
  },
  "Be12Pd1": null,
  "Li4Nb2S6": {
    "Li": 1.0,
    "Nb": 4.0,
    "S": -2.0
  },
  "As2Ti6": null,
  "O6Re1Sr2Y1": {
    "O": -2.0,
    "Re": 5.0,
    "Sr": 2.0,
    "Y": 3.0
  },
  "Ba1O3Th1": {
    "Ba": 2.0,
    "O": -2.0,
    "Th": 4.0
  },
  "Cr1Fe2Ga1": null,
  "Pt1Sn1U1": null,
  "Na4O6Sn4": {
    "Na": 1.0,
    "O": -2.0,
    "Sn": 2.0
  },
  "Mg4Mn2N4": {
    "Mg": 2.0,
    "Mn": 2.0,
    "N": -3.0
  },
  "O3Os1Rb1": {
    "O": -2.0,
    "Os": 5.0,
    "Rb": 1.0
  },
  "Fe2Te2": {
    "Fe": 2.0,
    "Te": -2.0
  },
  "Co2Cu4O6": {
    "Co": 2.0,
    "Cu": 2.0,
    "O": -2.0
  },
  "La1O2Tm1": null,
  "Ba1O3Os1": {
    "Ba": 2.0,
    "O": -2.0,
    "Os": 4.0
  },
  "Fe2Ni2O6": {
    "Fe": 3.0,
    "Ni": 3.0,
    "O": -2.0
  },
  "Ca1Na3": null,
  "Co3Zn1": null,
  "Fe2Li1O3": {
    "Fe": 2.5,
    "Li": 1.0,
    "O": -2.0
  },
  "F4Fe1Li2": {
    "F": -1.0,
    "Fe": 2.0,
    "Li": 1.0
  },
  "Mn3N1Rh1": null,
  "Al1Bi1Mg6": null,
  "Pd2Sc1Si1": null,
  "Eu1O3Zr1": {
    "Eu": 2.0,
    "O": -2.0,
    "Zr": 4.0
  },
  "Bi1Te2Tl1": {
    "Bi": 3.0,
    "Te": -2.0,
    "Tl": 1.0
  },
  "Fe2H4Ti2": null,
  "Lu2O3": {
    "Lu": 3.0,
    "O": -2.0
  },
  "Cu1Ni3O4": {
    "Cu": 2.0,
    "Ni": 2.0,
    "O": -2.0
  },
  "Li2Ni2S4": {
    "Li": 1.0,
    "Ni": 3.0,
    "S": -2.0
  },
  "H2W2": null,
  "Mn3O8V1": {
    "Mn": 3.6666666666666665,
    "O": -2.0,
    "V": 5.0
  },
  "N4Nb2Ti2": {
    "N": -3.0,
    "Nb": 2.0,
    "Ti": 4.0
  },
  "Hf4N4O2": {
    "Hf": 4.0,
    "N": -3.0,
    "O": -2.0
  },
  "P1Sb1Sr3": {
    "P": -3.0,
    "Sb": -3.0,
    "Sr": 2.0
  },
  "Co1O4Re1": {
    "Co": 2.0,
    "O": -2.0,
    "Re": 6.0
  },
  "Ni1P2S6": {
    "Ni": 2.0,
    "P": 5.0,
    "S": -2.0
  },
  "O2Pr1Sm1": null,
  "Bi1Br1Te1": {
    "Bi": 3.0,
    "Br": -1.0,
    "Te": -2.0
  },
  "Ga1Mn3": null,
  "Cd2O6Ti2": {
    "Cd": 2.0,
    "O": -2.0,
    "Ti": 4.0
  },
  "Bi1I1Te1": {
    "Bi": 3.0,
    "I": -1.0,
    "Te": -2.0
  },
  "In2Nb6": null,
  "Cu4O16Sb8": {
    "Cu": 1.0,
    "O": -2.0,
    "Sb": 3.5
  },
  "Cu1Ti3": null,
  "Al1Mg6Sb1": null,
  "Hg2Pt2": {
    "Hg": 2.0,
    "Pt": -2.0
  },
  "B4S6": {
    "B": 3.0,
    "S": -2.0
  },
  "Nb1Ti3": null,
  "Rh2Se2": null,
  "As1Cu1Se2": {
    "As": 3.0,
    "Cu": 1.0,
    "Se": -2.0
  },
  "Al6Fe2": null,
  "N1Ta2": null,
  "Ir1O3": null,
  "Mg6Sb1Zn1": null,
  "Cu1Mg6Zn1": null,
  "Nd2Ni1O4": {
    "Nd": 3.0,
    "Ni": 2.0,
    "O": -2.0
  },
  "Ge4Y2": null,
  "N2V2": {
    "N": -3.0,
    "V": 3.0
  },
  "Cl1Gd1O5Te2": {
    "Cl": -1.0,
    "Gd": 3.0,
    "O": -2.0,
    "Te": 4.0
  },
  "Y1Zr1": null,
  "N4Ru2": {
    "N": -3.0,
    "Ru": 6.0
  },
  "Fe1Li1S2": {
    "Fe": 3.0,
    "Li": 1.0,
    "S": -2.0
  },
  "Co1V1": null,
  "Al10Ta20": null,
  "Ag2O1": {
    "Ag": 1.0,
    "O": -2.0
  },
  "Au1Ti1": null,
  "Fe1Mn1Te1": null,
  "Au2F2O4": {
    "Au": 5.0,
    "F": -1.0,
    "O": -2.0
  },
  "Pt1Zr3": null,
  "Mn4Sb2": null,
  "Cu4Fe4Se8": {
    "Cu": 1.0,
    "Fe": 3.0,
    "Se": -2.0
  },
  "Mg6Ti1Zr1": null,
  "Al1Cr1Ti2": null,
  "Cr2Se2": {
    "Cr": 2.0,
    "Se": -2.0
  },
  "Ge2La2Mn2": null,
  "Cd1Ho2S4": {
    "Cd": 2.0,
    "Ho": 3.0,
    "S": -2.0
  },
  "Ge6Mg18": null,
  "Cu1Zr3": null,
  "Re3W1": null,
  "O12Ta4": null,
  "As1Na1": {
    "As": -1.0,
    "Na": 1.0
  },
  "Co1Ga4Hf1": null,
  "Al1Ti2V1": null,
  "Fe1Nb3": null,
  "Pb1Rb3": null,
  "Sb2V2": {
    "Sb": -3.0,
    "V": 3.0
  },
  "Gd2O4": null,
  "Li2P2Pr1": {
    "Li": 1.0,
    "P": -2.5,
    "Pr": 3.0
  },
  "C4N4Pb2S4": {
    "C": 4.0,
    "N": -3.0,
    "Pb": 2.0,
    "S": -2.0
  },
  "As1Eu1O3": {
    "As": 3.0,
    "Eu": 3.0,
    "O": -2.0
  },
  "C3U2W2": {
    "C": -4.0,
    "U": 4.0,
    "W": 2.0
  },
  "Dy2Mn4": null,
  "Mo1Si1": {
    "Mo": 4.0,
    "Si": -4.0
  },
  "B4C4Y2": {
    "B": 1.5,
    "C": -3.0,
    "Y": 3.0
  },
  "O4Sr2U1": {
    "O": -2.0,
    "Sr": 2.0,
    "U": 4.0
  },
  "Ir1O3Sr1": {
    "Ir": 4.0,
    "O": -2.0,
    "Sr": 2.0
  },
  "O4Re1Zn1": {
    "O": -2.0,
    "Re": 6.0,
    "Zn": 2.0
  },
  "Ca3P2": {
    "Ca": 2.0,
    "P": -3.0
  },
  "Pt1Si1Zr1": {
    "Pt": 2.0,
    "Si": -4.0,
    "Zr": 2.0
  },
  "Ba2C4": {
    "Ba": 2.0,
    "C": -1.0
  },
  "Cr3Ni1": null,
  "Si1Sn1": {
    "Si": -4.0,
    "Sn": 4.0
  }
}