{
  "Hf1O3Te1": null,
  "Be1F1N1Na1O1": null,
  "F1N1O1Sn1Tl1": {
    "F": -1.0,
    "N": -3.0,
    "O": -2.0,
    "Sn": 3.0,
    "Tl": 3.0
  },
  "Mo1O3W1": {
    "Mo": 3.0,
    "O": -2.0,
    "W": 3.0
  },
  "Au1In1N2O1": {
    "Au": 5.0,
    "In": 3.0,
    "N": -3.0,
    "O": -2.0
  },
  "F1O2Te1Zr1": null,
  "Co1Ir1N3": {
    "Co": 4.0,
    "Ir": 5.0,
    "N": -3.0
  },
  "Cu1O2S1W1": {
    "Cu": 1.0,
    "O": -2.0,
    "S": -2.0,
    "W": 5.0
  },
  "Bi1O3Rh1": {
    "Bi": 3.0,
    "O": -2.0,
    "Rh": 3.0
  },
  "As1N3Ru1": {
    "As": 5.0,
    "N": -3.0,
    "Ru": 4.0
  },
  "K1N2O1Sn1": {
    "K": 1.0,
    "N": -1.0,
    "O": -2.0,
    "Sn": 3.0
  },
  "B1Fe1O3": {
    "B": 3.0,
    "Fe": 3.0,
    "O": -2.0
  },
  "Au1F1O2V1": {
    "Au": 1.0,
    "F": -1.0,
    "O": -2.0,
    "V": 4.0
  },
  "Ba1K1O3": null,
  "Co2N1O2": {
    "Co": 3.5,
    "N": -3.0,
    "O": -2.0
  },
  "O3Sb1Ti1": {
    "O": -2.0,
    "Sb": 3.0,
    "Ti": 3.0
  },
  "F1Fe1Mo1O2": {
    "F": -1.0,
    "Fe": 3.0,
    "Mo": 2.0,
    "O": -2.0
  },
  "O3Zn1Zr1": {
    "O": -2.0,
    "Zn": 2.0,
    "Zr": 4.0
  },
  "Cs1Cu1N1O2": {
    "Cs": 1.0,
    "Cu": 2.0,
    "N": 1.0,
    "O": -2.0
  },
  "B1Mn1N1O2": {
    "B": 3.0,
    "Mn": 4.0,
    "N": -3.0,
    "O": -2.0
  },
  "Fe1O2S1Sn1": {
    "Fe": 2.0,
    "O": -2.0,
    "S": -2.0,
    "Sn": 4.0
  },
  "In1N3Y1": {
    "In": 2.0,
    "N": -1.6666666666666667,
    "Y": 3.0
  },
  "Cr1K1O3": {
    "Cr": 5.0,
    "K": 1.0,
    "O": -2.0
  },
  "Cd1Cu1O2S1": {
    "Cd": 2.0,
    "Cu": 3.0,
    "O": -2.0,
    "S": -1.0
  },
  "La1Mg1N3": {
    "La": 3.0,
    "Mg": 2.0,
    "N": -1.6666666666666667
  },
  "Cu1Hg1N3": {
    "Cu": 1.0,
    "Hg": 2.0,
    "N": -1.0
  },
  "As1O3Si1": {
    "As": 2.0,
    "O": -2.0,
    "Si": 4.0
  },
  "Ir1N3Sr1": {
    "Ir": 5.0,
    "N": -2.3333333333333335,
    "Sr": 2.0
  },
  "Hg1N1O2Zn1": {
    "Hg": 1.0,
    "N": 1.0,
    "O": -2.0,
    "Zn": 2.0
  },
  "Co1O3Si1": {
    "Co": 2.0,
    "O": -2.0,
    "Si": 4.0
  },
  "N3Pt1Ti1": {
    "N": -3.0,
    "Pt": 5.0,
    "Ti": 4.0
  },
  "F1Fe1O2Sn1": {
    "F": -1.0,
    "Fe": 3.0,
    "O": -2.0,
    "Sn": 2.0
  },
  "As1F1N1O1Pd1": {
    "As": 2.0,
    "F": -1.0,
    "N": -3.0,
    "O": -2.0,
    "Pd": 4.0
  },
  "Fe1N3Rh1": {
    "Fe": 3.0,
    "N": -2.3333333333333335,
    "Rh": 4.0
  },
  "Cr1N2O1Pb1": {
    "Cr": 6.0,
    "N": -3.0,
    "O": -2.0,
    "Pb": 2.0
  },
  "N2O1Si1V1": {
    "N": -3.0,
    "O": -2.0,
    "Si": 4.0,
    "V": 4.0
  },
  "F1Ir1N1O1Ta1": {
    "F": -1.0,
    "Ir": 3.0,
    "N": -3.0,
    "O": -2.0,
    "Ta": 3.0
  },
  "F1Nb1O2Re1": {
    "F": -1.0,
    "Nb": 2.0,
    "O": -2.0,
    "Re": 3.0
  },
  "F1Ge1O2Zn1": {
    "F": -1.0,
    "Ge": 3.0,
    "O": -2.0,
    "Zn": 2.0
  },
  "F1N1Na1O1Y1": {
    "F": -1.0,
    "N": -1.0,
    "Na": 1.0,
    "O": -2.0,
    "Y": 3.0
  },
  "Cs1N2O1Pb1": {
    "Cs": 1.0,
    "N": -0.5,
    "O": -2.0,
    "Pb": 2.0
  },
  "F1Ga1N1O1Sn1": {
    "F": -1.0,
    "Ga": 3.0,
    "N": -3.0,
    "O": -2.0,
    "Sn": 3.0
  },
  "F1Li1Mn1N1O1": {
    "F": -1.0,
    "Li": 1.0,
    "Mn": 3.0,
    "N": -1.0,
    "O": -2.0
  },
  "Li1N3Sr1": {
    "Li": 1.0,
    "N": -1.0,
    "Sr": 2.0
  },
  "F1Mo1N1O1Zr1": {
    "F": -1.0,
    "Mo": 2.0,
    "N": -3.0,
    "O": -2.0,
    "Zr": 4.0
  },
  "B1Ir1N2O1": {
    "B": 3.0,
    "Ir": 5.0,
    "N": -3.0,
    "O": -2.0
  },
  "Cs1F1N1O1Pd1": {
    "Cs": 1.0,
    "F": -1.0,
    "N": -2.0,
    "O": -2.0,
    "Pd": 4.0
  },
  "Bi1Hf1O2S1": {
    "Bi": 2.0,
    "Hf": 4.0,
    "O": -2.0,
    "S": -2.0
  },
  "Mg1N2O1Y1": {
    "Mg": 2.0,
    "N": -1.5,
    "O": -2.0,
    "Y": 3.0
  },
  "Cd1Cr1O2S1": {
    "Cd": 2.0,
    "Cr": 4.0,
    "O": -2.0,
    "S": -2.0
  },
  "Au1La1O2S1": {
    "Au": 3.0,
    "La": 3.0,
    "O": -2.0,
    "S": -2.0
  },
  "Be1F1Ga1O2": {
    "Be": 2.0,
    "F": -1.0,
    "Ga": 3.0,
    "O": -2.0
  },
  "Fe1N3Zn1": {
    "Fe": 3.0,
    "N": -1.6666666666666667,
    "Zn": 2.0
  },
  "O3Pb1Sc1": {
    "O": -2.0,
    "Pb": 4.0,
    "Sc": 2.0
  },
  "O3Os1Zn1": {
    "O": -2.0,
    "Os": 4.0,
    "Zn": 2.0
  },
  "Hg1Mn1O2S1": {
    "Hg": 2.0,
    "Mn": 4.0,
    "O": -2.0,
    "S": -2.0
  },
  "O3Te1Ti1": {
    "O": -2.0,
    "Te": 4.0,
    "Ti": 2.0
  },
  "Cu1Mn1N3": {
    "Cu": 2.0,
    "Mn": 7.0,
    "N": -3.0
  },
  "Cd1Ir1O3": {
    "Cd": 2.0,
    "Ir": 4.0,
    "O": -2.0
  },
  "F1N1O1Pb2": {
    "F": -1.0,
    "N": -3.0,
    "O": -2.0,
    "Pb": 3.0
  },
  "Cu1Mo1N3": {
    "Cu": 3.0,
    "Mo": 6.0,
    "N": -3.0
  },
  "Cs1N1Nb1O2": {
    "Cs": 1.0,
    "N": -2.0,
    "Nb": 5.0,
    "O": -2.0
  },
  "Ba1N3Sn1": {
    "Ba": 2.0,
    "N": -1.6666666666666667,
    "Sn": 3.0
  },
  "Ca1N3Zr1": {
    "Ca": 2.0,
    "N": -1.6666666666666667,
    "Zr": 3.0
  },
  "K1N1O2Os1": {
    "K": 1.0,
    "N": -3.0,
    "O": -2.0,
    "Os": 6.0
  },
  "F1Ge1Mg1O2": {
    "F": -1.0,
    "Ge": 3.0,
    "Mg": 2.0,
    "O": -2.0
  },
  "La1N1O2Pb1": {
    "La": 3.0,
    "N": -3.0,
    "O": -2.0,
    "Pb": 4.0
  },
  "As1F1Li1N1O1": {
    "As": 5.0,
    "F": -1.0,
    "Li": 1.0,
    "N": -3.0,
    "O": -2.0
  },
  "F1Mo1O2Os1": {
    "F": -1.0,
    "Mo": 6.0,
    "O": -2.0,
    "Os": -1.0
  },
  "F1Fe1N1O1Sr1": {
    "F": -1.0,
    "Fe": 3.0,
    "N": -2.0,
    "O": -2.0,
    "Sr": 2.0
  },
  "Hf1N3Nb1": {
    "Hf": 4.0,
    "N": -3.0,
    "Nb": 5.0
  },
  "Ga1N2O1Zr1": {
    "Ga": 3.0,
    "N": -2.5,
    "O": -2.0,
    "Zr": 4.0
  },
  "Ag1F1N1O1Sb1": {
    "Ag": 1.0,
    "F": -1.0,
    "N": -3.0,
    "O": -2.0,
    "Sb": 5.0
  },
  "O3Ru2": {
    "O": -2.0,
    "Ru": 3.0
  },
  "Co1Ir1O2S1": {
    "Co": 2.0,
    "Ir": 4.0,
    "O": -2.0,
    "S": -2.0
  },
  "Hg1N2Nb1O1": {
    "Hg": 2.0,
    "N": -2.5,
    "Nb": 5.0,
    "O": -2.0
  },
  "Be1La1O2S1": {
    "Be": 2.0,
    "La": 3.0,
    "O": -2.0,
    "S": -1.0
  },
  "F1K1O2Pb1": {
    "F": -1.0,
    "K": 1.0,
    "O": -2.0,
    "Pb": 4.0
  },
  "Ca1Cr1O3": {
    "Ca": 2.0,
    "Cr": 4.0,
    "O": -2.0
  },
  "Hg1N1O2Rb1": {
    "Hg": 2.0,
    "N": 1.0,
    "O": -2.0,
    "Rb": 1.0
  },
  "La1N3Nb1": {
    "La": 3.0,
    "N": -2.6666666666666665,
    "Nb": 5.0
  },
  "Hf1N3Zn1": {
    "Hf": 4.0,
    "N": -2.0,
    "Zn": 2.0
  },
  "Cr1Hg1N1O2": {
    "Cr": 5.0,
    "Hg": 2.0,
    "N": -3.0,
    "O": -2.0
  },
  "Be1N1O2Pt1": {
    "Be": 2.0,
    "N": -3.0,
    "O": -2.0,
    "Pt": 5.0
  },
  "Be2O2S1": null,
  "Ca1F1La1N1O1": {
    "Ca": 2.0,
    "F": -1.0,
    "La": 3.0,
    "N": -2.0,
    "O": -2.0
  },
  "F1Fe1Nb1O2": {
    "F": -1.0,
    "Fe": 3.0,
    "Nb": 2.0,
    "O": -2.0
  },
  "F1Mo1N1O1Zn1": {
    "F": -1.0,
    "Mo": 4.0,
    "N": -3.0,
    "O": -2.0,
    "Zn": 2.0
  },
  "Co1F1N1O1Pb1": {
    "Co": 4.0,
    "F": -1.0,
    "N": -3.0,
    "O": -2.0,
    "Pb": 2.0
  },
  "K1O2Pb1S1": {
    "K": 1.0,
    "O": -2.0,
    "Pb": 4.0,
    "S": -1.0
  },
  "Ag1O2S1Sr1": {
    "Ag": 3.0,
    "O": -2.0,
    "S": -1.0,
    "Sr": 2.0
  },
  "Cr1N1O2Rh1": {
    "Cr": 3.0,
    "N": -3.0,
    "O": -2.0,
    "Rh": 4.0
  },
  "Cr1F1O2Sn1": {
    "Cr": 3.0,
    "F": -1.0,
    "O": -2.0,
    "Sn": 2.0
  },
  "N3Sn1Sr1": {
    "N": -1.6666666666666667,
    "Sn": 3.0,
    "Sr": 2.0
  },
  "In1Nb1O3": {
    "In": 1.0,
    "Nb": 5.0,
    "O": -2.0
  },
  "As1N3Sn1": {
    "As": 5.0,
    "N": -3.0,
    "Sn": 4.0
  },
  "Cs2N3": {
    "Cs": 1.0,
    "N": -0.6666666666666666
  },
  "Ba1Bi1N3": {
    "Ba": 2.0,
    "Bi": 3.0,
    "N": -1.6666666666666667
  },
  "B1N3Na1": {
    "B": 3.0,
    "N": -1.3333333333333333,
    "Na": 1.0
  },
  "Ba1N1O2Os1": {
    "Ba": 2.0,
    "N": -3.0,
    "O": -2.0,
    "Os": 5.0
  },
  "Cs2F1N1O1": {
    "Cs": 1.0,
    "F": -1.0,
    "N": 1.0,
    "O": -2.0
  },
  "Ca1N2O1Te1": {
    "Ca": 2.0,
    "N": -3.0,
    "O": -2.0,
    "Te": 6.0
  },
  "La1O2S1Sb1": {
    "La": 3.0,
    "O": -2.0,
    "S": -2.0,
    "Sb": 3.0
  },
  "F1Ga1K1N1O1": {
    "F": -1.0,
    "Ga": 3.0,
    "K": 1.0,
    "N": -1.0,
    "O": -2.0
  },
  "F1Ge1O2Ru1": {
    "F": -1.0,
    "Ge": 2.0,
    "O": -2.0,
    "Ru": 3.0
  },
  "Bi1F1O2Rb1": null,
  "Cr1N2Na1O1": {
    "Cr": 3.0,
    "N": -1.0,
    "Na": 1.0,
    "O": -2.0
  },
  "Cd1O3Ta1": {
    "Cd": 2.0,
    "O": -2.0,
    "Ta": 4.0
  },
  "Co1N1O2Sb1": {
    "Co": 2.0,
    "N": -3.0,
    "O": -2.0,
    "Sb": 5.0
  },
  "N2Na1O1Tl1": {
    "N": 0.0,
    "Na": 1.0,
    "O": -2.0,
    "Tl": 1.0
  },
  "Ba2O3": null,
  "Cs1F1Mn1O2": {
    "Cs": 1.0,
    "F": -1.0,
    "Mn": 4.0,
    "O": -2.0
  },
  "Au1In1N1O2": {
    "Au": 5.0,
    "In": 2.0,
    "N": -3.0,
    "O": -2.0
  },
  "Be1O3Y1": null,
  "Ge1La1O2S1": {
    "Ge": 3.0,
    "La": 3.0,
    "O": -2.0,
    "S": -2.0
  },
  "B1Hg1N2O1": {
    "B": 3.0,
    "Hg": 1.0,
    "N": -1.0,
    "O": -2.0
  },
  "F1Mn1O2Ta1": {
    "F": -1.0,
    "Mn": 2.0,
    "O": -2.0,
    "Ta": 3.0
  },
  "N1O2Os1Rb1": {
    "N": -3.0,
    "O": -2.0,
    "Os": 6.0,
    "Rb": 1.0
  },
  "N1O2Pt1V1": {
    "N": -3.0,
    "O": -2.0,
    "Pt": 2.0,
    "V": 5.0
  },
  "K1N2O1Pt1": {
    "K": 1.0,
    "N": -2.0,
    "O": -2.0,
    "Pt": 5.0
  },
  "Be1N2O1Sr1": {
    "Be": 2.0,
    "N": -1.0,
    "O": -2.0,
    "Sr": 2.0
  },
  "F1N1Ni1O1Pb1": {
    "F": -1.0,
    "N": -3.0,
    "Ni": 4.0,
    "O": -2.0,
    "Pb": 2.0
  },
  "As1F1Ga1O2": {
    "As": 2.0,
    "F": -1.0,
    "Ga": 3.0,
    "O": -2.0
  },
  "Mo1N2Na1O1": {
    "Mo": 6.0,
    "N": -2.5,
    "Na": 1.0,
    "O": -2.0
  },
  "Hg2O3": null,
  "Cu1N3Ti1": {
    "Cu": 1.0,
    "N": -1.6666666666666667,
    "Ti": 4.0
  },
  "Co1Cr1O3": {
    "Co": 3.0,
    "Cr": 3.0,
    "O": -2.0
  },
  "O3Pb1Re1": {
    "O": -2.0,
    "Pb": 2.0,
    "Re": 4.0
  },
  "Cs2O2S1": {
    "Cs": 1.0,
    "O": -2.0,
    "S": 2.0
  },
  "Ag1O2S1Ta1": {
    "Ag": 1.0,
    "O": -2.0,
    "S": -2.0,
    "Ta": 5.0
  },
  "F1K1O2Sb1": null,
  "F1N1Nb1O1Os1": {
    "F": -1.0,
    "N": -3.0,
    "Nb": 5.0,
    "O": -2.0,
    "Os": 1.0
  },
  "N2O1W1Zr1": {
    "N": -3.0,
    "O": -2.0,
    "W": 6.0,
    "Zr": 2.0
  },
  "F1O2Os1Ru1": {
    "F": -1.0,
    "O": -2.0,
    "Os": 1.0,
    "Ru": 4.0
  },
  "Ag1Ni1O2S1": {
    "Ag": 3.0,
    "Ni": 3.0,
    "O": -2.0,
    "S": -2.0
  },
  "Bi1K1N1O2": {
    "Bi": 5.0,
    "K": 1.0,
    "N": -2.0,
    "O": -2.0
  },
  "Ag2N1O2": {
    "Ag": 1.5,
    "N": 1.0,
    "O": -2.0
  },
  "Hg1O2Pb1S1": {
    "Hg": 2.0,
    "O": -2.0,
    "Pb": 4.0,
    "S": -2.0
  },
  "La1N1Nb1O2": {
    "La": 3.0,
    "N": -3.0,
    "Nb": 4.0,
    "O": -2.0
  },
  "Li1O2Ru1S1": {
    "Li": 1.0,
    "O": -2.0,
    "Ru": 5.0,
    "S": -2.0
  },
  "O3Rb1Ta1": {
    "O": -2.0,
    "Rb": 1.0,
    "Ta": 5.0
  },
  "O3Pd1Ti1": {
    "O": -2.0,
    "Pd": 2.0,
    "Ti": 4.0
  },
  "N1O2Sb1Tl1": {
    "N": -2.0,
    "O": -2.0,
    "Sb": 5.0,
    "Tl": 1.0
  },
  "Cs1O3Y1": null,
  "Cd1O2S1Si1": {
    "Cd": 2.0,
    "O": -2.0,
    "S": -2.0,
    "Si": 4.0
  },
  "F1Hf1O2Sc1": null,
  "Al1F1In1O2": {
    "Al": 3.0,
    "F": -1.0,
    "In": 2.0,
    "O": -2.0
  },
  "Ge1O2Ru1S1": {
    "Ge": 4.0,
    "O": -2.0,
    "Ru": 2.0,
    "S": -2.0
  },
  "Hg1Ir1N2O1": {
    "Hg": 2.0,
    "Ir": 4.0,
    "N": -2.0,
    "O": -2.0
  },
  "F1Nb1O2Os1": {
    "F": -1.0,
    "Nb": 4.0,
    "O": -2.0,
    "Os": 1.0
  },
  "Ni1O2Pb1S1": {
    "Ni": 4.0,
    "O": -2.0,
    "Pb": 2.0,
    "S": -2.0
  },
  "La1O2S1Y1": {
    "La": 3.0,
    "O": -2.0,
    "S": -2.0,
    "Y": 3.0
  },
  "As1N1O2Te1": {
    "As": 3.0,
    "N": -3.0,
    "O": -2.0,
    "Te": 4.0
  },
  "Ge1N3Pd1": {
    "Ge": 4.0,
    "N": -2.6666666666666665,
    "Pd": 4.0
  },
  "F1Ge1La1O2": {
    "F": -1.0,
    "Ge": 2.0,
    "La": 3.0,
    "O": -2.0
  },
  "Fe1O3Sb1": {
    "Fe": 3.0,
    "O": -2.0,
    "Sb": 3.0
  },
  "Ba1O2S1Tl1": {
    "Ba": 2.0,
    "O": -2.0,
    "S": -1.0,
    "Tl": 3.0
  },
  "As1O3Te1": {
    "As": 2.0,
    "O": -2.0,
    "Te": 4.0
  },
  "Ba1F1Mo1O2": {
    "Ba": 2.0,
    "F": -1.0,
    "Mo": 3.0,
    "O": -2.0
  },
  "Ca1Co1N3": {
    "Ca": 2.0,
    "Co": 1.0,
    "N": -1.0
  },
  "Na1O2S1Zr1": {
    "Na": 1.0,
    "O": -2.0,
    "S": -1.0,
    "Zr": 4.0
  },
  "F1N1O1Y2": {
    "F": -1.0,
    "N": -3.0,
    "O": -2.0,
    "Y": 3.0
  },
  "B1Ba1F1N1O1": {
    "B": 3.0,
    "Ba": 2.0,
    "F": -1.0,
    "N": -2.0,
    "O": -2.0
  },
  "Cu1O2S1Sr1": {
    "Cu": 3.0,
    "O": -2.0,
    "S": -1.0,
    "Sr": 2.0
  },
  "O3Ru1Y1": {
    "O": -2.0,
    "Ru": 3.0,
    "Y": 3.0
  },
  "N1O2Pb1Pd1": {
    "N": -2.0,
    "O": -2.0,
    "Pb": 2.0,
    "Pd": 4.0
  },
  "Mn1N2O1Y1": {
    "Mn": 3.0,
    "N": -2.0,
    "O": -2.0,
    "Y": 3.0
  },
  "Ba1O2S1Sn1": {
    "Ba": 2.0,
    "O": -2.0,
    "S": -2.0,
    "Sn": 4.0
  },
  "Al1N2O1Pb1": {
    "Al": 3.0,
    "N": -2.5,
    "O": -2.0,
    "Pb": 4.0
  },
  "N3Ta1Y1": {
    "N": -2.6666666666666665,
    "Ta": 5.0,
    "Y": 3.0
  },
  "K1O2S1Ti1": {
    "K": 1.0,
    "O": -2.0,
    "S": -1.0,
    "Ti": 4.0
  },
  "As1N3Rh1": {
    "As": 5.0,
    "N": -3.0,
    "Rh": 4.0
  },
  "Mg1Mo1N2O1": {
    "Mg": 2.0,
    "Mo": 6.0,
    "N": -3.0,
    "O": -2.0
  },
  "Au1Ga1O3": {
    "Au": 3.0,
    "Ga": 3.0,
    "O": -2.0
  },
  "Cu1F1O2Os1": {
    "Cu": 1.0,
    "F": -1.0,
    "O": -2.0,
    "Os": 4.0
  },
  "Mn1N1O2Pt1": {
    "Mn": 2.0,
    "N": -3.0,
    "O": -2.0,
    "Pt": 5.0
  },
  "Ag1Au1F1N1O1": {
    "Ag": 1.0,
    "Au": 5.0,
    "F": -1.0,
    "N": -3.0,
    "O": -2.0
  },
  "O2Os1S1Si1": {
    "O": -2.0,
    "Os": 2.0,
    "S": -2.0,
    "Si": 4.0
  },
  "Ba1F1O2W1": {
    "Ba": 2.0,
    "F": -1.0,
    "O": -2.0,
    "W": 3.0
  },
  "Ir1N3Ti1": {
    "Ir": 5.0,
    "N": -3.0,
    "Ti": 4.0
  },
  "F1N1O1V1Zn1": {
    "F": -1.0,
    "N": -3.0,
    "O": -2.0,
    "V": 4.0,
    "Zn": 2.0
  },
  "Cd1La1O3": null,
  "O2S1Sr1W1": {
    "O": -2.0,
    "S": -2.0,
    "Sr": 2.0,
    "W": 4.0
  },
  "Cr1Mo1N1O2": {
    "Cr": 3.0,
    "Mo": 4.0,
    "N": -3.0,
    "O": -2.0
  },
  "La1N2O1Ta1": {
    "La": 3.0,
    "N": -3.0,
    "O": -2.0,
    "Ta": 5.0
  },
  "Ge1O2Re1S1": {
    "Ge": 3.0,
    "O": -2.0,
    "Re": 3.0,
    "S": -2.0
  },
  "N2O1Pb1Ta1": {
    "N": -3.0,
    "O": -2.0,
    "Pb": 4.0,
    "Ta": 4.0
  },
  "Be1F1Li1O2": null,
  "Cr1N2O1W1": {
    "Cr": 2.0,
    "N": -3.0,
    "O": -2.0,
    "W": 6.0
  },
  "K1O3Te1": null,
  "Ba1F1N1O1Rh1": {
    "Ba": 2.0,
    "F": -1.0,
    "N": -3.0,
    "O": -2.0,
    "Rh": 4.0
  },
  "Cr1N1O2Pt1": {
    "Cr": 3.0,
    "N": -3.0,
    "O": -2.0,
    "Pt": 4.0
  },
  "Ba1Cd1F1O2": null,
  "Bi1Fe1N2O1": {
    "Bi": 5.0,
    "Fe": 3.0,
    "N": -3.0,
    "O": -2.0
  },
  "Li1N1O2Ta1": {
    "Li": 1.0,
    "N": -2.0,
    "O": -2.0,
    "Ta": 5.0
  },
  "N3Sc1Ta1": {
    "N": -2.6666666666666665,
    "Sc": 3.0,
    "Ta": 5.0
  },
  "F1Li1N1O1Si1": {
    "F": -1.0,
    "Li": 1.0,
    "N": -2.0,
    "O": -2.0,
    "Si": 4.0
  },
  "Bi1N3Na1": {
    "Bi": 2.0,
    "N": -1.0,
    "Na": 1.0
  },
  "F1N1O1Ru1Te1": {
    "F": -1.0,
    "N": -3.0,
    "O": -2.0,
    "Ru": 2.0,
    "Te": 4.0
  },
  "N2O1Pt1Ti1": {
    "N": -3.0,
    "O": -2.0,
    "Pt": 4.0,
    "Ti": 4.0
  },
  "Be1Bi1F1O2": {
    "Be": 2.0,
    "Bi": 3.0,
    "F": -1.0,
    "O": -2.0
  },
  "N2Na1Nb1O1": {
    "N": -2.0,
    "Na": 1.0,
    "Nb": 5.0,
    "O": -2.0
  },
  "F1N1O1Ti1Zn1": {
    "F": -1.0,
    "N": -3.0,
    "O": -2.0,
    "Ti": 4.0,
    "Zn": 2.0
  },
  "N2O1Rb2": {
    "N": 0.0,
    "O": -2.0,
    "Rb": 1.0
  },
  "Ag1O3Y1": {
    "Ag": 3.0,
    "O": -2.0,
    "Y": 3.0
  },
  "F1N1O1Sc1Zn1": {
    "F": -1.0,
    "N": -2.0,
    "O": -2.0,
    "Sc": 3.0,
    "Zn": 2.0
  },
  "N2O1Pd1Ru1": {
    "N": -3.0,
    "O": -2.0,
    "Pd": 2.0,
    "Ru": 6.0
  },
  "O2S1Te1Ti1": {
    "O": -2.0,
    "S": -2.0,
    "Te": 4.0,
    "Ti": 2.0
  },
  "Cu1F1Ga1O2": {
    "Cu": 2.0,
    "F": -1.0,
    "Ga": 3.0,
    "O": -2.0
  },
  "Al1F1La1O2": {
    "Al": 3.0,
    "F": -1.0,
    "La": 2.0,
    "O": -2.0
  },
  "O2Os1S1Ti1": {
    "O": -2.0,
    "Os": 2.0,
    "S": -2.0,
    "Ti": 4.0
  },
  "Cr1N2O1V1": {
    "Cr": 3.0,
    "N": -3.0,
    "O": -2.0,
    "V": 5.0
  },
  "O2Pb1S1Ta1": {
    "O": -2.0,
    "Pb": 2.0,
    "S": -2.0,
    "Ta": 4.0
  },
  "N3Na1Zn1": {
    "N": -1.0,
    "Na": 1.0,
    "Zn": 2.0
  },
  "Ba1N1O2Pd1": {
    "Ba": 2.0,
    "N": -2.0,
    "O": -2.0,
    "Pd": 4.0
  },
  "Ba1O3Sn1": {
    "Ba": 2.0,
    "O": -2.0,
    "Sn": 4.0
  },
  "N3Pd1Rb1": {
    "N": -1.0,
    "Pd": 2.0,
    "Rb": 1.0
  },
  "N3Y2": {
    "N": -2.0,
    "Y": 3.0
  },
  "F1O2Sb2": null,
  "Cd2N1O2": null,
  "Cu1F1O2V1": {
    "Cu": 1.0,
    "F": -1.0,
    "O": -2.0,
    "V": 4.0
  },
  "Cs1Mn1N3": {
    "Cs": 1.0,
    "Mn": 2.0,
    "N": -1.0
  },
  "F1Mg1N1O1Pd1": {
    "F": -1.0,
    "Mg": 2.0,
    "N": -3.0,
    "O": -2.0,
    "Pd": 4.0
  },
  "Bi1O2S1V1": {
    "Bi": 3.0,
    "O": -2.0,
    "S": -2.0,
    "V": 3.0
  },
  "La1N3Pd1": {
    "La": 3.0,
    "N": -1.6666666666666667,
    "Pd": 2.0
  },
  "Be1N1O2Pb1": {
    "Be": 2.0,
    "N": -2.0,
    "O": -2.0,
    "Pb": 4.0
  },
  "Bi1Mg1N2O1": {
    "Bi": 5.0,
    "Mg": 2.0,
    "N": -2.5,
    "O": -2.0
  },
  "Ba1F1Ga1N1O1": {
    "Ba": 2.0,
    "F": -1.0,
    "Ga": 3.0,
    "N": -2.0,
    "O": -2.0
  },
  "Hf1N2O1Sc1": {
    "Hf": 4.0,
    "N": -2.5,
    "O": -2.0,
    "Sc": 3.0
  },
  "Mo1N3Sn1": {
    "Mo": 6.0,
    "N": -3.0,
    "Sn": 3.0
  },
  "Au1F1N1Na1O1": {
    "Au": 5.0,
    "F": -1.0,
    "N": -3.0,
    "Na": 1.0,
    "O": -2.0
  },
  "N2O1Os2": {
    "N": -3.0,
    "O": -2.0,
    "Os": 4.0
  },
  "Hf1O3Zn1": {
    "Hf": 4.0,
    "O": -2.0,
    "Zn": 2.0
  },
  "B1Ge1N2O1": {
    "B": 3.0,
    "Ge": 4.0,
    "N": -2.5,
    "O": -2.0
  },
  "La1O3Sr1": null,
  "N2O1Rh1Si1": {
    "N": -3.0,
    "O": -2.0,
    "Rh": 4.0,
    "Si": 4.0
  },
  "Al2O3": {
    "Al": 3.0,
    "O": -2.0
  },
  "Li1N3Ta1": {
    "Li": 1.0,
    "N": -1.6666666666666667,
    "Ta": 4.0
  },
  "Cu1Mg1N2O1": {
    "Cu": 2.0,
    "Mg": 2.0,
    "N": -1.0,
    "O": -2.0
  },
  "Cd1F1Mg1N1O1": {
    "Cd": 2.0,
    "F": -1.0,
    "Mg": 2.0,
    "N": -1.0,
    "O": -2.0
  },
  "Bi1Cr1N1O2": {
    "Bi": 3.0,
    "Cr": 4.0,
    "N": -3.0,
    "O": -2.0
  },
  "Hf1N2O1V1": {
    "Hf": 4.0,
    "N": -3.0,
    "O": -2.0,
    "V": 4.0
  },
  "Ge1N3Tl1": {
    "Ge": 4.0,
    "N": -1.6666666666666667,
    "Tl": 1.0
  },
  "Au1Li1N3": {
    "Au": 2.0,
    "Li": 1.0,
    "N": -1.0
  },
  "Hf1Ni1O3": {
    "Hf": 4.0,
    "Ni": 2.0,
    "O": -2.0
  },
  "N2O1Pt1Re1": {
    "N": -3.0,
    "O": -2.0,
    "Pt": 5.0,
    "Re": 3.0
  },
  "As2N1O2": {
    "As": 3.5,
    "N": -3.0,
    "O": -2.0
  },
  "La1N3W1": {
    "La": 3.0,
    "N": -3.0,
    "W": 6.0
  },
  "Cr1N2O1Ta1": {
    "Cr": 3.0,
    "N": -3.0,
    "O": -2.0,
    "Ta": 5.0
  },
  "Au2O2S1": {
    "Au": 3.0,
    "O": -2.0,
    "S": -2.0
  },
  "In1K1N3": {
    "In": 2.0,
    "K": 1.0,
    "N": -1.0
  },
  "Co1K1N3": {
    "Co": 2.0,
    "K": 1.0,
    "N": -1.0
  },
  "N2Nb1O1Si1": {
    "N": -3.0,
    "Nb": 4.0,
    "O": -2.0,
    "Si": 4.0
  },
  "Au1Co1F1O2": {
    "Au": 3.0,
    "Co": 2.0,
    "F": -1.0,
    "O": -2.0
  },
  "O2S1Sb1Te1": {
    "O": -2.0,
    "S": 2.0,
    "Sb": -2.0,
    "Te": 4.0
  },
  "F1Na1O2Sc1": null,
  "Ni2O3": {
    "Ni": 3.0,
    "O": -2.0
  },
  "N3Re1Tl1": {
    "N": -3.0,
    "Re": 6.0,
    "Tl": 3.0
  },
  "Al1O2S1W1": {
    "Al": 3.0,
    "O": -2.0,
    "S": -2.0,
    "W": 3.0
  },
  "Au2F1O2": {
    "Au": 2.5,
    "F": -1.0,
    "O": -2.0
  },
  "F1N1O1Pb1Rb1": {
    "F": -1.0,
    "N": -2.0,
    "O": -2.0,
    "Pb": 4.0,
    "Rb": 1.0
  },
  "Co1Ni1O2S1": {
    "Co": 4.0,
    "Ni": 2.0,
    "O": -2.0,
    "S": -2.0
  },
  "F1Ni1O2Sr1": {
    "F": -1.0,
    "Ni": 3.0,
    "O": -2.0,
    "Sr": 2.0
  },
  "B2O2S1": {
    "B": 3.0,
    "O": -2.0,
    "S": -2.0
  },
  "Cs1Mo1N2O1": {
    "Cs": 1.0,
    "Mo": 6.0,
    "N": -2.5,
    "O": -2.0
  },
  "Ag1F1Li1N1O1": {
    "Ag": 1.0,
    "F": -1.0,
    "Li": 1.0,
    "N": 1.0,
    "O": -2.0
  },
  "F1O2Pb1Rb1": {
    "F": -1.0,
    "O": -2.0,
    "Pb": 4.0,
    "Rb": 1.0
  },
  "Au2F1N1O1": {
    "Au": 3.0,
    "F": -1.0,
    "N": -3.0,
    "O": -2.0
  },
  "N2O1Sn2": {
    "N": -3.0,
    "O": -2.0,
    "Sn": 4.0
  },
  "K1N3Pt1": {
    "K": 1.0,
    "N": -1.0,
    "Pt": 2.0
  },
  "Cs1N3Rh1": {
    "Cs": 1.0,
    "N": -1.6666666666666667,
    "Rh": 4.0
  },
  "In1Mo1O2S1": {
    "In": 3.0,
    "Mo": 3.0,
    "O": -2.0,
    "S": -2.0
  },
  "O3Tl2": {
    "O": -2.0,
    "Tl": 3.0
  },
  "N1Na1O2Ti1": {
    "N": -1.0,
    "Na": 1.0,
    "O": -2.0,
    "Ti": 4.0
  },
  "F1O2Tl1W1": {
    "F": -1.0,
    "O": -2.0,
    "Tl": 1.0,
    "W": 4.0
  },
  "La1O2Rh1S1": {
    "La": 3.0,
    "O": -2.0,
    "Rh": 3.0,
    "S": -2.0
  },
  "Mn1N1O2Sr1": {
    "Mn": 3.0,
    "N": -1.0,
    "O": -2.0,
    "Sr": 2.0
  },
  "Li1N1O2Sr1": {
    "Li": 1.0,
    "N": 1.0,
    "O": -2.0,
    "Sr": 2.0
  },
  "Al1Cr1O3": {
    "Al": 3.0,
    "Cr": 3.0,
    "O": -2.0
  },
  "B1F1O2Te1": null,
  "Ge1N2Nb1O1": {
    "Ge": 4.0,
    "N": -3.0,
    "Nb": 4.0,
    "O": -2.0
  },
  "Ag1Hg1N3": {
    "Ag": 1.0,
    "Hg": 2.0,
    "N": -1.0
  },
  "Co1F1N1O1V1": {
    "Co": 2.0,
    "F": -1.0,
    "N": -3.0,
    "O": -2.0,
    "V": 4.0
  },
  "In1Ir1O3": {
    "In": 3.0,
    "Ir": 3.0,
    "O": -2.0
  },
  "Be1Cu1N1O2": {
    "Be": 2.0,
    "Cu": 1.0,
    "N": 1.0,
    "O": -2.0
  },
  "Cs1N1O2V1": {
    "Cs": 1.0,
    "N": -2.0,
    "O": -2.0,
    "V": 5.0
  },
  "B1O2S1Te1": {
    "B": 3.0,
    "O": -2.0,
    "S": 2.0,
    "Te": -1.0
  },
  "O2Os1S1Zr1": {
    "O": -2.0,
    "Os": 2.0,
    "S": -2.0,
    "Zr": 4.0
  },
  "Ga2N3": {
    "Ga": 2.5,
    "N": -1.6666666666666667
  },
  "F1Ni1O2Rh1": {
    "F": -1.0,
    "Ni": 2.0,
    "O": -2.0,
    "Rh": 3.0
  },
  "N2O1Te1W1": {
    "N": -3.0,
    "O": -2.0,
    "Te": 4.0,
    "W": 4.0
  },
  "Li1N3Sn1": {
    "Li": 1.0,
    "N": -1.6666666666666667,
    "Sn": 4.0
  },
  "Cd1N3Os1": {
    "Cd": 2.0,
    "N": -3.0,
    "Os": 7.0
  },
  "O2Pt1Re1S1": {
    "O": -2.0,
    "Pt": 2.0,
    "Re": 4.0,
    "S": -2.0
  },
  "F1N1Ni1O1Rh1": {
    "F": -1.0,
    "N": -3.0,
    "Ni": 2.0,
    "O": -2.0,
    "Rh": 4.0
  },
  "Bi1Fe1N3": {
    "Bi": 3.0,
    "Fe": 2.0,
    "N": -1.6666666666666667
  },
  "Mg2O2S1": null,
  "K1N2O1Tl1": {
    "K": 1.0,
    "N": 0.0,
    "O": -2.0,
    "Tl": 1.0
  },
  "F1O2Rb1Ru1": {
    "F": -1.0,
    "O": -2.0,
    "Rb": 1.0,
    "Ru": 4.0
  },
  "Mn2O3": {
    "Mn": 3.0,
    "O": -2.0
  },
  "F1O2Pd1Ru1": {
    "F": -1.0,
    "O": -2.0,
    "Pd": 2.0,
    "Ru": 3.0
  },
  "F1Hg1O2Pt1": {
    "F": -1.0,
    "Hg": 1.0,
    "O": -2.0,
    "Pt": 4.0
  },
  "Hg2N3": {
    "Hg": 1.5,
    "N": -1.0
  },
  "Cu1N3Pd1": {
    "Cu": 1.0,
    "N": -1.0,
    "Pd": 2.0
  },
  "As1Ba1N3": {
    "As": 5.0,
    "Ba": 2.0,
    "N": -2.3333333333333335
  },
  "O2S1Zr2": {
    "O": -2.0,
    "S": -2.0,
    "Zr": 3.0
  },
  "F1N1O1Pd1Ru1": {
    "F": -1.0,
    "N": -3.0,
    "O": -2.0,
    "Pd": 2.0,
    "Ru": 4.0
  },
  "Bi1Cu1N3": {
    "Bi": 3.0,
    "Cu": 2.0,
    "N": -1.6666666666666667
  },
  "La1O3Zn1": null,
  "N3Rh1Si1": {
    "N": -2.3333333333333335,
    "Rh": 3.0,
    "Si": 4.0
  },
  "Cu1N2O1Sb1": {
    "Cu": 3.0,
    "N": -3.0,
    "O": -2.0,
    "Sb": 5.0
  },
  "Hg1O2Pt1S1": {
    "Hg": 2.0,
    "O": -2.0,
    "Pt": 4.0,
    "S": -2.0
  },
  "N2O1Os1Si1": {
    "N": -3.0,
    "O": -2.0,
    "Os": 4.0,
    "Si": 4.0
  },
  "Co1N1O2Zr1": {
    "Co": 3.0,
    "N": -3.0,
    "O": -2.0,
    "Zr": 4.0
  },
  "Ir1Li1O2S1": {
    "Ir": 5.0,
    "Li": 1.0,
    "O": -2.0,
    "S": -2.0
  },
  "Al1N2Ni1O1": {
    "Al": 3.0,
    "N": -2.0,
    "Ni": 3.0,
    "O": -2.0
  },
  "Ba1N1O2Te1": {
    "Ba": 2.0,
    "N": -2.0,
    "O": -2.0,
    "Te": 4.0
  },
  "Be1O3Zn1": null,
  "Co2O2S1": {
    "Co": 3.0,
    "O": -2.0,
    "S": -2.0
  },
  "N1O2Rh1Y1": {
    "N": -3.0,
    "O": -2.0,
    "Rh": 4.0,
    "Y": 3.0
  },
  "F1Fe1N1O1Ru1": {
    "F": -1.0,
    "Fe": 3.0,
    "N": -3.0,
    "O": -2.0,
    "Ru": 3.0
  },
  "Ge2O3": {
    "Ge": 3.0,
    "O": -2.0
  },
  "Ca1F1K1N1O1": null,
  "Al1Hf1N1O2": {
    "Al": 3.0,
    "Hf": 4.0,
    "N": -3.0,
    "O": -2.0
  },
  "B1O2S1Ti1": {
    "B": 3.0,
    "O": -2.0,
    "S": -2.0,
    "Ti": 3.0
  },
  "Cd1N1O2Te1": {
    "Cd": 2.0,
    "N": -2.0,
    "O": -2.0,
    "Te": 4.0
  },
  "F1N1O1Ti1W1": {
    "F": -1.0,
    "N": -3.0,
    "O": -2.0,
    "Ti": 4.0,
    "W": 2.0
  },
  "Ca1In1N2O1": {
    "Ca": 2.0,
    "In": 2.0,
    "N": -1.0,
    "O": -2.0
  },
  "Fe1N3Na1": {
    "Fe": 2.0,
    "N": -1.0,
    "Na": 1.0
  },
  "Cu1O3Tl1": {
    "Cu": 3.0,
    "O": -2.0,
    "Tl": 3.0
  },
  "F1Mg1O2Sb1": {
    "F": -1.0,
    "Mg": 2.0,
    "O": -2.0,
    "Sb": 3.0
  },
  "N3Ru1Te1": {
    "N": -3.0,
    "Ru": 5.0,
    "Te": 4.0
  },
  "O2S1W1Zr1": {
    "O": -2.0,
    "S": -2.0,
    "W": 2.0,
    "Zr": 4.0
  },
  "O3Sn1W1": {
    "O": -2.0,
    "Sn": 4.0,
    "W": 2.0
  },
  "Cd1O3Te1": {
    "Cd": 2.0,
    "O": -2.0,
    "Te": 4.0
  },
  "Ca1K1O2S1": null,
  "Cs1N3Ru1": {
    "Cs": 1.0,
    "N": -1.0,
    "Ru": 2.0
  },
  "Na1O3Y1": null,
  "In1O3Rb1": null,
  "Hg1O2Rh1S1": {
    "Hg": 2.0,
    "O": -2.0,
    "Rh": 4.0,
    "S": -2.0
  },
  "F1Hg1N1O1Zn1": {
    "F": -1.0,
    "Hg": 2.0,
    "N": -1.0,
    "O": -2.0,
    "Zn": 2.0
  },
  "Au1N2O1Sc1": {
    "Au": 5.0,
    "N": -3.0,
    "O": -2.0,
    "Sc": 3.0
  },
  "N1O2Tl2": {
    "N": -2.0,
    "O": -2.0,
    "Tl": 3.0
  },
  "B1O2S1Zr1": {
    "B": 3.0,
    "O": -2.0,
    "S": -2.0,
    "Zr": 3.0
  },
  "Mg1N3Sb1": {
    "Mg": 2.0,
    "N": -1.6666666666666667,
    "Sb": 3.0
  },
  "F1N1Ni1O1Si1": {
    "F": -1.0,
    "N": -3.0,
    "Ni": 2.0,
    "O": -2.0,
    "Si": 4.0
  },
  "F1Li1O2Zn1": null,
  "Cd1F1N1O1Rb1": null,
  "Ca1F1Mo1N1O1": {
    "Ca": 2.0,
    "F": -1.0,
    "Mo": 4.0,
    "N": -3.0,
    "O": -2.0
  },
  "F1O2Re1Ti1": {
    "F": -1.0,
    "O": -2.0,
    "Re": 3.0,
    "Ti": 2.0
  },
  "Li1O2Os1S1": {
    "Li": 1.0,
    "O": -2.0,
    "Os": 5.0,
    "S": -2.0
  },
  "N2O1Sc2": {
    "N": -2.0,
    "O": -2.0,
    "Sc": 3.0
  },
  "In1N1O2Sn1": {
    "In": 3.0,
    "N": -3.0,
    "O": -2.0,
    "Sn": 4.0
  },
  "Cr1F1N1Ni1O1": {
    "Cr": 4.0,
    "F": -1.0,
    "N": -3.0,
    "Ni": 2.0,
    "O": -2.0
  },
  "As1O3Pb1": {
    "As": 2.0,
    "O": -2.0,
    "Pb": 4.0
  },
  "F1Li2N1O1": {
    "F": -1.0,
    "Li": 1.0,
    "N": 1.0,
    "O": -2.0
  },
  "As1N3Nb1": {
    "As": 5.0,
    "N": -3.0,
    "Nb": 4.0
  },
  "Bi1N1O2Zn1": {
    "Bi": 5.0,
    "N": -3.0,
    "O": -2.0,
    "Zn": 2.0
  },
  "Ge1O3Os1": {
    "Ge": 4.0,
    "O": -2.0,
    "Os": 2.0
  },
  "Fe1Hf1O3": {
    "Fe": 2.0,
    "Hf": 4.0,
    "O": -2.0
  },
  "N1O2Pb1Sr1": {
    "N": -2.0,
    "O": -2.0,
    "Pb": 4.0,
    "Sr": 2.0
  },
  "Au1Be1N1O2": {
    "Au": 5.0,
    "Be": 2.0,
    "N": -3.0,
    "O": -2.0
  },
  "O3V1Zr1": {
    "O": -2.0,
    "V": 2.0,
    "Zr": 4.0
  },
  "N1O2Sn1Ta1": {
    "N": -3.0,
    "O": -2.0,
    "Sn": 2.0,
    "Ta": 5.0
  },
  "Cs1La1O3": null,
  "F1K1Mo1O2": {
    "F": -1.0,
    "K": 1.0,
    "Mo": 4.0,
    "O": -2.0
  },
  "Au1F1O2Tl1": {
    "Au": 2.0,
    "F": -1.0,
    "O": -2.0,
    "Tl": 3.0
  },
  "F1Li1N1O1Rb1": {
    "F": -1.0,
    "Li": 1.0,
    "N": 1.0,
    "O": -2.0,
    "Rb": 1.0
  },
  "F1Ga1N1O1Os1": {
    "F": -1.0,
    "Ga": 3.0,
    "N": -3.0,
    "O": -2.0,
    "Os": 3.0
  },
  "F1N1O1Te2": {
    "F": -1.0,
    "N": 1.0,
    "O": -2.0,
    "Te": 1.0
  },
  "F1N1O1Si1V1": {
    "F": -1.0,
    "N": -3.0,
    "O": -2.0,
    "Si": 4.0,
    "V": 2.0
  },
  "Ca1Ga1N3": {
    "Ca": 2.0,
    "Ga": 3.0,
    "N": -1.6666666666666667
  },
  "N2O1Ru2": {
    "N": -3.0,
    "O": -2.0,
    "Ru": 4.0
  },
  "B1N3Rb1": {
    "B": 3.0,
    "N": -1.3333333333333333,
    "Rb": 1.0
  },
  "N2O1Pt1Rb1": {
    "N": -2.0,
    "O": -2.0,
    "Pt": 5.0,
    "Rb": 1.0
  },
  "Mg1O2Ru1S1": {
    "Mg": 2.0,
    "O": -2.0,
    "Ru": 4.0,
    "S": -2.0
  },
  "Au1N3Pb1": {
    "Au": 5.0,
    "N": -3.0,
    "Pb": 4.0
  },
  "N3Nb1Pb1": {
    "N": -3.0,
    "Nb": 5.0,
    "Pb": 4.0
  },
  "Cu2F1N1O1": {
    "Cu": 3.0,
    "F": -1.0,
    "N": -3.0,
    "O": -2.0
  },
  "Cd1N2O1Te1": {
    "Cd": 2.0,
    "N": -3.0,
    "O": -2.0,
    "Te": 6.0
  },
  "F1Ge1N1O1Pt1": {
    "F": -1.0,
    "Ge": 4.0,
    "N": -3.0,
    "O": -2.0,
    "Pt": 2.0
  },
  "Cs1Ir1N2O1": {
    "Cs": 1.0,
    "Ir": 5.0,
    "N": -2.0,
    "O": -2.0
  },
  "F1Hg1N1O1Ta1": {
    "F": -1.0,
    "Hg": 2.0,
    "N": -3.0,
    "O": -2.0,
    "Ta": 4.0
  },
  "Mo1O3Si1": {
    "Mo": 2.0,
    "O": -2.0,
    "Si": 4.0
  },
  "O2S1Te2": {
    "O": -2.0,
    "S": 2.0,
    "Te": 1.0
  },
  "Cs2N1O2": null,
  "Ge1Hg1N1O2": {
    "Ge": 4.0,
    "Hg": 2.0,
    "N": -2.0,
    "O": -2.0
  },
  "La1N2O1Ru1": {
    "La": 3.0,
    "N": -3.0,
    "O": -2.0,
    "Ru": 5.0
  },
  "K1N2O1Ru1": {
    "K": 1.0,
    "N": -2.0,
    "O": -2.0,
    "Ru": 5.0
  },
  "B1Cs1F1N1O1": {
    "B": 3.0,
    "Cs": 1.0,
    "F": -1.0,
    "N": -1.0,
    "O": -2.0
  },
  "N2O1Tl2": {
    "N": 0.0,
    "O": -2.0,
    "Tl": 1.0
  },
  "F1K1O2Sn1": {
    "F": -1.0,
    "K": 1.0,
    "O": -2.0,
    "Sn": 4.0
  },
  "N2O1Ti2": {
    "N": -3.0,
    "O": -2.0,
    "Ti": 4.0
  },
  "N2O1Os1Te1": {
    "N": -3.0,
    "O": -2.0,
    "Os": 4.0,
    "Te": 4.0
  },
  "N1O2Sc2": {
    "N": -2.0,
    "O": -2.0,
    "Sc": 3.0
  },
  "Cu1Ga1O3": {
    "Cu": 3.0,
    "Ga": 3.0,
    "O": -2.0
  },
  "F1N1O1Sn1Te1": {
    "F": -1.0,
    "N": -3.0,
    "O": -2.0,
    "Sn": 2.0,
    "Te": 4.0
  },
  "F1Mo2O2": {
    "F": -1.0,
    "Mo": 2.5,
    "O": -2.0
  },
  "Cu1N1O2Os1": {
    "Cu": 1.0,
    "N": -3.0,
    "O": -2.0,
    "Os": 6.0
  },
  "Na2O2S1": {
    "Na": 1.0,
    "O": -2.0,
    "S": 2.0
  },
  "Ba1Be1F1O2": null,
  "Be1La1N2O1": {
    "Be": 2.0,
    "La": 2.0,
    "N": -1.0,
    "O": -2.0
  },
  "Nb1O3Zn1": {
    "Nb": 4.0,
    "O": -2.0,
    "Zn": 2.0
  },
  "N2O1Pb2": {
    "N": -3.0,
    "O": -2.0,
    "Pb": 4.0
  },
  "N1O2Y2": {
    "N": -2.0,
    "O": -2.0,
    "Y": 3.0
  },
  "Al1N1O2Pd1": {
    "Al": 3.0,
    "N": -3.0,
    "O": -2.0,
    "Pd": 4.0
  },
  "F1N1O1Pb1Ru1": {
    "F": -1.0,
    "N": -3.0,
    "O": -2.0,
    "Pb": 2.0,
    "Ru": 4.0
  },
  "N3Ta1Zn1": {
    "N": -2.3333333333333335,
    "Ta": 5.0,
    "Zn": 2.0
  },
  "O3Pb2": {
    "O": -2.0,
    "Pb": 3.0
  },
  "Nb1O2Ru1S1": {
    "Nb": 4.0,
    "O": -2.0,
    "Ru": 2.0,
    "S": -2.0
  },
  "N1O2Sb2": {
    "N": -2.0,
    "O": -2.0,
    "Sb": 3.0
  },
  "La1O3Ti1": {
    "La": 3.0,
    "O": -2.0,
    "Ti": 3.0
  },
  "Mg1N2O1Sr1": {
    "Mg": 2.0,
    "N": -1.0,
    "O": -2.0,
    "Sr": 2.0
  },
  "Hg1N1O2Y1": {
    "Hg": 2.0,
    "N": -1.0,
    "O": -2.0,
    "Y": 3.0
  },
  "O3Ta1V1": {
    "O": -2.0,
    "Ta": 3.0,
    "V": 3.0
  },
  "N3Rh1Tl1": {
    "N": -1.6666666666666667,
    "Rh": 4.0,
    "Tl": 1.0
  },
  "B1N2O1V1": {
    "B": 3.0,
    "N": -3.0,
    "O": -2.0,
    "V": 5.0
  },
  "As1F1N1O1Y1": {
    "As": 3.0,
    "F": -1.0,
    "N": -3.0,
    "O": -2.0,
    "Y": 3.0
  },
  "In1Mo1N2O1": {
    "In": 2.0,
    "Mo": 6.0,
    "N": -3.0,
    "O": -2.0
  },
  "Al1O2S1Sn1": {
    "Al": 3.0,
    "O": -2.0,
    "S": -2.0,
    "Sn": 3.0
  },
  "La1N3Sb1": {
    "La": 3.0,
    "N": -2.6666666666666665,
    "Sb": 5.0
  },
  "Mn1N3W1": {
    "Mn": 3.0,
    "N": -3.0,
    "W": 6.0
  },
  "O2Pb1S1Si1": {
    "O": -2.0,
    "Pb": 2.0,
    "S": -2.0,
    "Si": 4.0
  },
  "As1Be1O3": null,
  "Mg1N1O2Sr1": null,
  "F1N1O1Os1Rh1": {
    "F": -1.0,
    "N": -3.0,
    "O": -2.0,
    "Os": 3.0,
    "Rh": 3.0
  },
  "F1O2Zn2": null,
  "Au1Cr1N2O1": {
    "Au": 5.0,
    "Cr": 3.0,
    "N": -3.0,
    "O": -2.0
  },
  "N2O1Zr2": {
    "N": -3.0,
    "O": -2.0,
    "Zr": 4.0
  },
  "Au2N1O2": {
    "Au": 3.5,
    "N": -3.0,
    "O": -2.0
  },
  "Cr2N1O2": {
    "Cr": 3.5,
    "N": -3.0,
    "O": -2.0
  },
  "Co1N2Na1O1": {
    "Co": 1.0,
    "N": 0.0,
    "Na": 1.0,
    "O": -2.0
  },
  "Cr1N2O1Y1": {
    "Cr": 5.0,
    "N": -3.0,
    "O": -2.0,
    "Y": 3.0
  },
  "B1N3Rh1": {
    "B": 3.0,
    "N": -2.3333333333333335,
    "Rh": 4.0
  },
  "N3Ta2": {
    "N": -3.0,
    "Ta": 4.5
  },
  "F1O2Re1Ru1": {
    "F": -1.0,
    "O": -2.0,
    "Re": 3.0,
    "Ru": 2.0
  },
  "F1K2O2": null,
  "F1O2Os2": {
    "F": -1.0,
    "O": -2.0,
    "Os": 2.5
  },
  "Ge1N3Si1": {
    "Ge": 4.0,
    "N": -2.6666666666666665,
    "Si": 4.0
  },
  "N2O1Sb2": {
    "N": -3.0,
    "O": -2.0,
    "Sb": 4.0
  },
  "F1N1O1Rb2": {
    "F": -1.0,
    "N": 1.0,
    "O": -2.0,
    "Rb": 1.0
  },
  "Hf2N3": {
    "Hf": 4.0,
    "N": -2.6666666666666665
  },
  "Co1Li1O2S1": {
    "Co": 4.0,
    "Li": 1.0,
    "O": -2.0,
    "S": -1.0
  },
  "Mg2N1O2": null,
  "La2N2O1": {
    "La": 3.0,
    "N": -2.0,
    "O": -2.0
  },
  "Mg1O2S1Zr1": {
    "Mg": 2.0,
    "O": -2.0,
    "S": -2.0,
    "Zr": 4.0
  },
  "Al2F1O2": null,
  "K2O2S1": {
    "K": 1.0,
    "O": -2.0,
    "S": 2.0
  },
  "As1Ca1F1O2": {
    "As": 3.0,
    "Ca": 2.0,
    "F": -1.0,
    "O": -2.0
  },
  "F1N1O1Sn2": {
    "F": -1.0,
    "N": -3.0,
    "O": -2.0,
    "Sn": 3.0
  }
}