{
  "F1Li1N1Na1O1": {
    "F": -1.0,
    "Li": 1.0,
    "N": 1.0,
    "Na": 1.0,
    "O": -2.0
  },
  "F1Ga1Mo1N1O1": {
    "F": -1.0,
    "Ga": 3.0,
    "Mo": 3.0,
    "N": -3.0,
    "O": -2.0
  },
  "Cd1Li1N3": {
    "Cd": 2.0,
    "Li": 1.0,
    "N": -1.0
  },
  "As1O2Pd1S1": {
    "As": 2.0,
    "O": -2.0,
    "Pd": 4.0,
    "S": -2.0
  },
  "As1F1N1O1Zr1": {
    "As": 2.0,
    "F": -1.0,
    "N": -3.0,
    "O": -2.0,
    "Zr": 4.0
  },
  "Cd1Ga1O3": null,
  "N3Ni2": {
    "N": -1.0,
    "Ni": 1.5
  },
  "Ba1O2Pb1S1": {
    "Ba": 2.0,
    "O": -2.0,
    "Pb": 4.0,
    "S": -2.0
  },
  "In1N2Nb1O1": {
    "In": 3.0,
    "N": -3.0,
    "Nb": 5.0,
    "O": -2.0
  },
  "Ca1F1O2Si1": null,
  "Ba1O2Os1S1": {
    "Ba": 2.0,
    "O": -2.0,
    "Os": 4.0,
    "S": -2.0
  },
  "Ag1N1O2Re1": {
    "Ag": 1.0,
    "N": -3.0,
    "O": -2.0,
    "Re": 6.0
  },
  "Ca1N1O2Te1": {
    "Ca": 2.0,
    "N": -2.0,
    "O": -2.0,
    "Te": 4.0
  },
  "Co1La1O2S1": {
    "Co": 3.0,
    "La": 3.0,
    "O": -2.0,
    "S": -2.0
  },
  "As1Ir1N3": {
    "As": 5.0,
    "Ir": 4.0,
    "N": -3.0
  },
  "As1F1N1O1Re1": {
    "As": 3.0,
    "F": -1.0,
    "N": -3.0,
    "O": -2.0,
    "Re": 3.0
  },
  "Co1In1N2O1": {
    "Co": 3.0,
    "In": 3.0,
    "N": -2.0,
    "O": -2.0
  },
  "Bi1F1N1O1Pd1": {
    "Bi": 2.0,
    "F": -1.0,
    "N": -3.0,
    "O": -2.0,
    "Pd": 4.0
  },
  "Ge1Mn1O3": {
    "Ge": 4.0,
    "Mn": 2.0,
    "O": -2.0
  },
  "F1O2Y1Zn1": {
    "F": -1.0,
    "O": -2.0,
    "Y": 3.0,
    "Zn": 2.0
  },
  "Cu1Hg1O2S1": {
    "Cu": 1.0,
    "Hg": 1.0,
    "O": -2.0,
    "S": 2.0
  },
  "Al1Cd1N3": {
    "Al": 3.0,
    "Cd": 2.0,
    "N": -1.6666666666666667
  },
  "Bi1In1N3": {
    "Bi": 3.0,
    "In": 2.0,
    "N": -1.6666666666666667
  },
  "Au1Ir1O3": {
    "Au": 2.0,
    "Ir": 4.0,
    "O": -2.0
  },
  "In2N1O2": {
    "In": 3.0,
    "N": -2.0,
    "O": -2.0
  },
  "F1La1N1O1Pt1": {
    "F": -1.0,
    "La": 2.0,
    "N": -3.0,
    "O": -2.0,
    "Pt": 4.0
  },
  "Hf1O3V1": {
    "Hf": 4.0,
    "O": -2.0,
    "V": 2.0
  },
  "Ag2N2O1": {
    "Ag": 1.0,
    "N": 0.0,
    "O": -2.0
  },
  "Ba1N2O1Ti1": {
    "Ba": 2.0,
    "N": -2.0,
    "O": -2.0,
    "Ti": 4.0
  },
  "Be1O2S1Si1": {
    "Be": 2.0,
    "O": -2.0,
    "S": -2.0,
    "Si": 4.0
  },
  "Bi1F1N1O1Re1": {
    "Bi": 3.0,
    "F": -1.0,
    "N": -3.0,
    "O": -2.0,
    "Re": 3.0
  },
  "Ba1F1N1O1Pb1": {
    "Ba": 2.0,
    "F": -1.0,
    "N": -3.0,
    "O": -2.0,
    "Pb": 4.0
  },
  "F1Fe1N1O1Sn1": {
    "F": -1.0,
    "Fe": 2.0,
    "N": -3.0,
    "O": -2.0,
    "Sn": 4.0
  },
  "N2Ni1O1Sc1": {
    "N": -1.0,
    "Ni": 2.0,
    "O": -2.0,
    "Sc": 2.0
  },
  "Au1Bi1F1O2": {
    "Au": 2.0,
    "Bi": 3.0,
    "F": -1.0,
    "O": -2.0
  },
  "Cu2N2O1": {
    "Cu": 1.0,
    "N": 0.0,
    "O": -2.0
  },
  "Hg1N2O1Ta1": {
    "Hg": 2.0,
    "N": -2.5,
    "O": -2.0,
    "Ta": 5.0
  },
  "Cu1F1Ni1O2": {
    "Cu": 1.0,
    "F": -1.0,
    "Ni": 4.0,
    "O": -2.0
  },
  "Ca1F1O2Os1": {
    "Ca": 2.0,
    "F": -1.0,
    "O": -2.0,
    "Os": 3.0
  },
  "Ca1Cs1N2O1": {
    "Ca": 2.0,
    "Cs": 1.0,
    "N": -0.5,
    "O": -2.0
  },
  "Ag1O3Re1": {
    "Ag": 1.0,
    "O": -2.0,
    "Re": 5.0
  },
  "F1N1O1Sr1Tl1": {
    "F": -1.0,
    "N": -2.0,
    "O": -2.0,
    "Sr": 2.0,
    "Tl": 3.0
  },
  "F1O2Pt1Y1": {
    "F": -1.0,
    "O": -2.0,
    "Pt": 2.0,
    "Y": 3.0
  },
  "O2S1Ti2": {
    "O": -2.0,
    "S": -2.0,
    "Ti": 3.0
  },
  "As1Mg1N1O2": {
    "As": 5.0,
    "Mg": 2.0,
    "N": -3.0,
    "O": -2.0
  },
  "Li1N1O2V1": {
    "Li": 1.0,
    "N": -2.0,
    "O": -2.0,
    "V": 5.0
  },
  "N2O1Sr1Y1": {
    "N": -1.5,
    "O": -2.0,
    "Sr": 2.0,
    "Y": 3.0
  },
  "In1N1O2Zn1": {
    "In": 3.0,
    "N": -1.0,
    "O": -2.0,
    "Zn": 2.0
  },
  "Hg1O2S1Sc1": {
    "Hg": 2.0,
    "O": -2.0,
    "S": -1.0,
    "Sc": 3.0
  },
  "N1O2Rb1Si1": {
    "N": -1.0,
    "O": -2.0,
    "Rb": 1.0,
    "Si": 4.0
  },
  "Cu1F1O2Pd1": {
    "Cu": 1.0,
    "F": -1.0,
    "O": -2.0,
    "Pd": 4.0
  },
  "La1O2S1Sc1": {
    "La": 3.0,
    "O": -2.0,
    "S": -2.0,
    "Sc": 3.0
  },
  "Cu1N2O1W1": {
    "Cu": 2.0,
    "N": -3.0,
    "O": -2.0,
    "W": 6.0
  },
  "Cs1F1In1N1O1": {
    "Cs": 1.0,
    "F": -1.0,
    "In": 3.0,
    "N": -1.0,
    "O": -2.0
  },
  "Cr1F1Mn1N1O1": {
    "Cr": 4.0,
    "F": -1.0,
    "Mn": 2.0,
    "N": -3.0,
    "O": -2.0
  },
  "Mo1N2O1Sn1": {
    "Mo": 6.0,
    "N": -3.0,
    "O": -2.0,
    "Sn": 2.0
  },
  "Ge1N2Ni1O1": {
    "Ge": 4.0,
    "N": -3.0,
    "Ni": 4.0,
    "O": -2.0
  },
  "Ga2N1O2": {
    "Ga": 3.0,
    "N": -2.0,
    "O": -2.0
  },
  "Au1Cd1N2O1": {
    "Au": 5.0,
    "Cd": 2.0,
    "N": -2.5,
    "O": -2.0
  },
  "Ba1Mn1N2O1": {
    "Ba": 2.0,
    "Mn": 2.0,
    "N": -1.0,
    "O": -2.0
  },
  "N3Rb1Te1": {
    "N": -1.6666666666666667,
    "Rb": 1.0,
    "Te": 4.0
  },
  "Bi1Cr1N3": {
    "Bi": 3.0,
    "Cr": 6.0,
    "N": -3.0
  },
  "Cd1O2S1Sb1": {
    "Cd": 2.0,
    "O": -2.0,
    "S": -1.0,
    "Sb": 3.0
  },
  "As1Ir1N2O1": {
    "As": 5.0,
    "Ir": 3.0,
    "N": -3.0,
    "O": -2.0
  },
  "B1N2O1Y1": {
    "B": 3.0,
    "N": -2.0,
    "O": -2.0,
    "Y": 3.0
  },
  "Be1O3Zr1": {
    "Be": 2.0,
    "O": -2.0,
    "Zr": 4.0
  },
  "Cs1N1O2Sr1": {
    "Cs": 1.0,
    "N": 1.0,
    "O": -2.0,
    "Sr": 2.0
  },
  "In1Ir1N1O2": {
    "In": 3.0,
    "Ir": 4.0,
    "N": -3.0,
    "O": -2.0
  },
  "N1Ni1O2Ru1": {
    "N": -3.0,
    "Ni": 2.0,
    "O": -2.0,
    "Ru": 5.0
  },
  "O3Rh1Zn1": {
    "O": -2.0,
    "Rh": 4.0,
    "Zn": 2.0
  },
  "O2Pb2S1": {
    "O": -2.0,
    "Pb": 3.0,
    "S": -2.0
  },
  "O3Pb1Si1": {
    "O": -2.0,
    "Pb": 2.0,
    "Si": 4.0
  },
  "In1N1O2Rh1": {
    "In": 3.0,
    "N": -3.0,
    "O": -2.0,
    "Rh": 4.0
  },
  "Mo1N3Nb1": {
    "Mo": 6.0,
    "N": -3.0,
    "Nb": 3.0
  },
  "F1N1O1Re2": {
    "F": -1.0,
    "N": -3.0,
    "O": -2.0,
    "Re": 3.0
  },
  "Hg1N2O1Sr1": {
    "Hg": 2.0,
    "N": -1.0,
    "O": -2.0,
    "Sr": 2.0
  },
  "Al1Ni1O3": {
    "Al": 3.0,
    "Ni": 3.0,
    "O": -2.0
  },
  "Fe1Hg1N3": {
    "Fe": 3.0,
    "Hg": 2.0,
    "N": -1.6666666666666667
  },
  "Cu1F1Hf1O2": {
    "Cu": 1.0,
    "F": -1.0,
    "Hf": 4.0,
    "O": -2.0
  },
  "N1O2Rh1Sb1": {
    "N": -3.0,
    "O": -2.0,
    "Rh": 4.0,
    "Sb": 3.0
  },
  "F1Li1Mo1O2": {
    "F": -1.0,
    "Li": 1.0,
    "Mo": 4.0,
    "O": -2.0
  },
  "N1O2Ru1Sr1": {
    "N": -3.0,
    "O": -2.0,
    "Ru": 5.0,
    "Sr": 2.0
  },
  "F1O2Ti2": {
    "F": -1.0,
    "O": -2.0,
    "Ti": 2.5
  },
  "Be1Hf1N2O1": {
    "Be": 2.0,
    "Hf": 4.0,
    "N": -2.0,
    "O": -2.0
  },
  "Nb1O2S1Zn1": {
    "Nb": 4.0,
    "O": -2.0,
    "S": -2.0,
    "Zn": 2.0
  },
  "Co1N2O1W1": {
    "Co": 2.0,
    "N": -3.0,
    "O": -2.0,
    "W": 6.0
  },
  "Al1F1O2Ta1": null,
  "N2O1Ti1W1": {
    "N": -3.0,
    "O": -2.0,
    "Ti": 4.0,
    "W": 4.0
  },
  "As1N2O1Sn1": {
    "As": 5.0,
    "N": -3.0,
    "O": -2.0,
    "Sn": 3.0
  },
  "F1Ga1N1Ni1O1": {
    "F": -1.0,
    "Ga": 3.0,
    "N": -3.0,
    "Ni": 3.0,
    "O": -2.0
  },
  "N1O2Pd2": {
    "N": -2.0,
    "O": -2.0,
    "Pd": 3.0
  },
  "Hf1N2Ni1O1": {
    "Hf": 4.0,
    "N": -3.0,
    "Ni": 4.0,
    "O": -2.0
  },
  "Be1N2O1Rb1": {
    "Be": 2.0,
    "N": -0.5,
    "O": -2.0,
    "Rb": 1.0
  },
  "La2N3": {
    "La": 2.5,
    "N": -1.6666666666666667
  },
  "Al1Ir1O3": {
    "Al": 3.0,
    "Ir": 3.0,
    "O": -2.0
  },
  "N2O1Pd1Rh1": {
    "N": -3.0,
    "O": -2.0,
    "Pd": 4.0,
    "Rh": 4.0
  },
  "Ag1Cd1F1O2": {
    "Ag": 3.0,
    "Cd": 2.0,
    "F": -1.0,
    "O": -2.0
  },
  "B1N1O2Ta1": {
    "B": 3.0,
    "N": -3.0,
    "O": -2.0,
    "Ta": 4.0
  },
  "Al1O2S1Tl1": {
    "Al": 3.0,
    "O": -2.0,
    "S": -2.0,
    "Tl": 3.0
  },
  "N1O2Os1Tl1": {
    "N": -3.0,
    "O": -2.0,
    "Os": 6.0,
    "Tl": 1.0
  },
  "La1Mo1N3": {
    "La": 3.0,
    "Mo": 6.0,
    "N": -3.0
  },
  "Ga1N1O2V1": {
    "Ga": 3.0,
    "N": -3.0,
    "O": -2.0,
    "V": 4.0
  },
  "Ag1B1O2S1": {
    "Ag": 3.0,
    "B": 3.0,
    "O": -2.0,
    "S": -2.0
  },
  "Bi2N1O2": {
    "Bi": 3.5,
    "N": -3.0,
    "O": -2.0
  },
  "F1N1Nb2O1": {
    "F": -1.0,
    "N": -3.0,
    "Nb": 3.0,
    "O": -2.0
  },
  "N3Os1Zn1": {
    "N": -3.0,
    "Os": 7.0,
    "Zn": 2.0
  },
  "Mo1N3Rh1": {
    "Mo": 6.0,
    "N": -3.0,
    "Rh": 3.0
  },
  "In1N2O1Pd1": {
    "In": 3.0,
    "N": -2.5,
    "O": -2.0,
    "Pd": 4.0
  },
  "Cs2F1O2": null,
  "Hf1K1O3": null,
  "Ca1O2S1Zr1": {
    "Ca": 2.0,
    "O": -2.0,
    "S": -2.0,
    "Zr": 4.0
  },
  "F1Ge1N1Ni1O1": {
    "F": -1.0,
    "Ge": 4.0,
    "N": -3.0,
    "Ni": 2.0,
    "O": -2.0
  },
  "Mo1N1O2Te1": {
    "Mo": 3.0,
    "N": -3.0,
    "O": -2.0,
    "Te": 4.0
  },
  "F1N1O1Pb1Rh1": {
    "F": -1.0,
    "N": -3.0,
    "O": -2.0,
    "Pb": 2.0,
    "Rh": 4.0
  },
  "Bi1Ca1N2O1": {
    "Bi": 5.0,
    "Ca": 2.0,
    "N": -2.5,
    "O": -2.0
  },
  "Cu1O3Pd1": {
    "Cu": 2.0,
    "O": -2.0,
    "Pd": 4.0
  },
  "F1Mg1N1O1Rb1": null,
  "Bi1Nb1O2S1": {
    "Bi": 3.0,
    "Nb": 3.0,
    "O": -2.0,
    "S": -2.0
  },
  "Ge1Mo1N1O2": {
    "Ge": 4.0,
    "Mo": 3.0,
    "N": -3.0,
    "O": -2.0
  },
  "F1Mg1O2Tl1": {
    "F": -1.0,
    "Mg": 2.0,
    "O": -2.0,
    "Tl": 3.0
  },
  "Hg1N3Nb1": {
    "Hg": 2.0,
    "N": -2.3333333333333335,
    "Nb": 5.0
  },
  "N2Nb1O1Sc1": {
    "N": -3.0,
    "Nb": 5.0,
    "O": -2.0,
    "Sc": 3.0
  },
  "Cu1F1N1O1Ti1": {
    "Cu": 2.0,
    "F": -1.0,
    "N": -3.0,
    "O": -2.0,
    "Ti": 4.0
  },
  "Cr1N1O2Pb1": {
    "Cr": 5.0,
    "N": -3.0,
    "O": -2.0,
    "Pb": 2.0
  },
  "Mg1N1Na1O2": {
    "Mg": 2.0,
    "N": 1.0,
    "Na": 1.0,
    "O": -2.0
  },
  "Ga1N2O1Ta1": {
    "Ga": 3.0,
    "N": -3.0,
    "O": -2.0,
    "Ta": 5.0
  },
  "K1N1O2Ti1": {
    "K": 1.0,
    "N": -1.0,
    "O": -2.0,
    "Ti": 4.0
  },
  "Bi1N2O1Sc1": {
    "Bi": 5.0,
    "N": -3.0,
    "O": -2.0,
    "Sc": 3.0
  },
  "Ca1O3Re1": {
    "Ca": 2.0,
    "O": -2.0,
    "Re": 4.0
  },
  "N3Rh1Zr1": {
    "N": -2.3333333333333335,
    "Rh": 3.0,
    "Zr": 4.0
  },
  "Li1Ni1O2S1": {
    "Li": 1.0,
    "Ni": 4.0,
    "O": -2.0,
    "S": -1.0
  },
  "Ag1B1F1O2": {
    "Ag": 2.0,
    "B": 3.0,
    "F": -1.0,
    "O": -2.0
  },
  "N1O2Re1Zr1": {
    "N": -3.0,
    "O": -2.0,
    "Re": 3.0,
    "Zr": 4.0
  },
  "Ir1N1Nb1O2": {
    "Ir": 3.0,
    "N": -3.0,
    "Nb": 4.0,
    "O": -2.0
  },
  "N1O2W1Y1": {
    "N": -3.0,
    "O": -2.0,
    "W": 4.0,
    "Y": 3.0
  },
  "N2Na1Ni1O1": {
    "N": 0.0,
    "Na": 1.0,
    "Ni": 1.0,
    "O": -2.0
  },
  "Mn1N2O1Sb1": {
    "Mn": 3.0,
    "N": -3.0,
    "O": -2.0,
    "Sb": 5.0
  },
  "Bi1F1O2Ti1": {
    "Bi": 3.0,
    "F": -1.0,
    "O": -2.0,
    "Ti": 2.0
  },
  "Be1K1N3": {
    "Be": 2.0,
    "K": 1.0,
    "N": -1.0
  },
  "F1Na1O2Rb1": null,
  "B2O3": {
    "B": 3.0,
    "O": -2.0
  },
  "N2O1Si1Sn1": {
    "N": -3.0,
    "O": -2.0,
    "Si": 4.0,
    "Sn": 4.0
  },
  "N1Na2O2": null,
  "Al1F1O2Pd1": {
    "Al": 3.0,
    "F": -1.0,
    "O": -2.0,
    "Pd": 2.0
  },
  "Ag1La1N2O1": {
    "Ag": 1.0,
    "La": 3.0,
    "N": -1.0,
    "O": -2.0
  },
  "Al1Ga1N3": {
    "Al": 3.0,
    "Ga": 2.0,
    "N": -1.6666666666666667
  },
  "F1La1N1O1Pd1": {
    "F": -1.0,
    "La": 2.0,
    "N": -3.0,
    "O": -2.0,
    "Pd": 4.0
  },
  "Cs1F1Hf1O2": {
    "Cs": 1.0,
    "F": -1.0,
    "Hf": 4.0,
    "O": -2.0
  },
  "Cs1K1N3": {
    "Cs": 1.0,
    "K": 1.0,
    "N": -0.6666666666666666
  },
  "F1Mo1N1O1V1": {
    "F": -1.0,
    "Mo": 2.0,
    "N": -3.0,
    "O": -2.0,
    "V": 4.0
  },
  "F1O2Pt1V1": {
    "F": -1.0,
    "O": -2.0,
    "Pt": 2.0,
    "V": 3.0
  },
  "Li1N3Ti1": {
    "Li": 1.0,
    "N": -1.6666666666666667,
    "Ti": 4.0
  },
  "Li1O2S1Si1": {
    "Li": 1.0,
    "O": -2.0,
    "S": -1.0,
    "Si": 4.0
  },
  "N3Pt2": {
    "N": -3.0,
    "Pt": 4.5
  },
  "F1K1Mg1O2": null,
  "F1Ge1N1O1Pd1": {
    "F": -1.0,
    "Ge": 4.0,
    "N": -3.0,
    "O": -2.0,
    "Pd": 2.0
  },
  "F1Fe1N1O1Pd1": {
    "F": -1.0,
    "Fe": 2.0,
    "N": -3.0,
    "O": -2.0,
    "Pd": 4.0
  },
  "N3Os1Ru1": {
    "N": -3.0,
    "Os": 4.0,
    "Ru": 5.0
  },
  "Mn2N3": {
    "Mn": 4.5,
    "N": -3.0
  },
  "F1O2Sn1V1": {
    "F": -1.0,
    "O": -2.0,
    "Sn": 2.0,
    "V": 3.0
  },
  "F1O2Sc1Ta1": {
    "F": -1.0,
    "O": -2.0,
    "Sc": 2.0,
    "Ta": 3.0
  },
  "Au1B1O2S1": {
    "Au": 3.0,
    "B": 3.0,
    "O": -2.0,
    "S": -2.0
  },
  "O2S1Sn1Y1": {
    "O": -2.0,
    "S": -2.0,
    "Sn": 3.0,
    "Y": 3.0
  },
  "Cs1N2O1Os1": {
    "Cs": 1.0,
    "N": -3.0,
    "O": -2.0,
    "Os": 7.0
  },
  "F1O2Ta1Ti1": {
    "F": -1.0,
    "O": -2.0,
    "Ta": 3.0,
    "Ti": 2.0
  },
  "F1O2Ru1Te1": {
    "F": -1.0,
    "O": -2.0,
    "Ru": 6.0,
    "Te": -1.0
  },
  "Cu1N1Nb1O2": {
    "Cu": 2.0,
    "N": -3.0,
    "Nb": 5.0,
    "O": -2.0
  },
  "Ba1O2S1Zn1": null,
  "Ga2O3": {
    "Ga": 3.0,
    "O": -2.0
  },
  "N2O1Pd2": {
    "N": -3.0,
    "O": -2.0,
    "Pd": 4.0
  },
  "Au1F1Li1O2": null,
  "Fe1N3Ti1": {
    "Fe": 3.0,
    "N": -2.3333333333333335,
    "Ti": 4.0
  },
  "Li2N2O1": {
    "Li": 1.0,
    "N": 0.0,
    "O": -2.0
  },
  "F1O2Sc2": {
    "F": -1.0,
    "O": -2.0,
    "Sc": 2.5
  },
  "B1O2S1Sr1": {
    "B": 3.0,
    "O": -2.0,
    "S": -1.0,
    "Sr": 2.0
  },
  "Ba1Ir1N2O1": {
    "Ba": 2.0,
    "Ir": 4.0,
    "N": -2.0,
    "O": -2.0
  },
  "N3Ru2": {
    "N": -3.0,
    "Ru": 4.5
  },
  "Ba1N3Pb1": {
    "Ba": 2.0,
    "N": -1.3333333333333333,
    "Pb": 2.0
  },
  "Co1F1N1O1Tl1": {
    "Co": 3.0,
    "F": -1.0,
    "N": -3.0,
    "O": -2.0,
    "Tl": 3.0
  },
  "K1N3Ti1": {
    "K": 1.0,
    "N": -1.6666666666666667,
    "Ti": 4.0
  },
  "N2O1Re1Si1": {
    "N": -3.0,
    "O": -2.0,
    "Re": 4.0,
    "Si": 4.0
  },
  "Ba1F1N1O1Rb1": null,
  "Cu1N3Si1": {
    "Cu": 1.0,
    "N": -1.6666666666666667,
    "Si": 4.0
  },
  "Al2N2O1": {
    "Al": 3.0,
    "N": -2.0,
    "O": -2.0
  },
  "N1O2Ta2": {
    "N": -3.0,
    "O": -2.0,
    "Ta": 3.5
  },
  "Cd1N3Ni1": {
    "Cd": 2.0,
    "N": -1.0,
    "Ni": 1.0
  },
  "Cs1F1N1O1Si1": {
    "Cs": 1.0,
    "F": -1.0,
    "N": -2.0,
    "O": -2.0,
    "Si": 4.0
  },
  "Mo1N2O1Ti1": {
    "Mo": 4.0,
    "N": -3.0,
    "O": -2.0,
    "Ti": 4.0
  },
  "Hg1Na1O2S1": {
    "Hg": 1.0,
    "Na": 1.0,
    "O": -2.0,
    "S": 2.0
  },
  "F1Nb1O2Sn1": {
    "F": -1.0,
    "Nb": 3.0,
    "O": -2.0,
    "Sn": 2.0
  },
  "Be1N3Rb1": {
    "Be": 2.0,
    "N": -1.0,
    "Rb": 1.0
  },
  "F1La2N1O1": {
    "F": -1.0,
    "La": 3.0,
    "N": -3.0,
    "O": -2.0
  },
  "N1O2Rh1Zr1": {
    "N": -3.0,
    "O": -2.0,
    "Rh": 3.0,
    "Zr": 4.0
  },
  "Ca1F1N1O1Tl1": {
    "Ca": 2.0,
    "F": -1.0,
    "N": -2.0,
    "O": -2.0,
    "Tl": 3.0
  },
  "F1O2Sn1Zr1": {
    "F": -1.0,
    "O": -2.0,
    "Sn": 2.0,
    "Zr": 3.0
  },
  "Li1O2S1Sc1": null,
  "F1O2Sn1Sr1": {
    "F": -1.0,
    "O": -2.0,
    "Sn": 3.0,
    "Sr": 2.0
  },
  "Cs2O3": null,
  "F1O2V2": {
    "F": -1.0,
    "O": -2.0,
    "V": 2.5
  },
  "F1N1O1Rh1Ti1": {
    "F": -1.0,
    "N": -3.0,
    "O": -2.0,
    "Rh": 3.0,
    "Ti": 3.0
  },
  "Ga1In1N3": {
    "Ga": 3.0,
    "In": 2.0,
    "N": -1.6666666666666667
  },
  "F1Ge1O2Ta1": {
    "F": -1.0,
    "Ge": 2.0,
    "O": -2.0,
    "Ta": 3.0
  },
  "F1Mn1N1O1Zn1": {
    "F": -1.0,
    "Mn": 4.0,
    "N": -3.0,
    "O": -2.0,
    "Zn": 2.0
  },
  "O3Pb1Rb1": null,
  "O3Pt1Ti1": {
    "O": -2.0,
    "Pt": 2.0,
    "Ti": 4.0
  },
  "F1Mo1O2Pd1": {
    "F": -1.0,
    "Mo": 3.0,
    "O": -2.0,
    "Pd": 2.0
  },
  "Ba1Hg1N1O2": {
    "Ba": 2.0,
    "Hg": 1.0,
    "N": 1.0,
    "O": -2.0
  },
  "Cr1F1N1O1Sb1": {
    "Cr": 3.0,
    "F": -1.0,
    "N": -3.0,
    "O": -2.0,
    "Sb": 3.0
  },
  "F1N1O1V2": {
    "F": -1.0,
    "N": -3.0,
    "O": -2.0,
    "V": 3.0
  },
  "F1N1O1Os1Sc1": {
    "F": -1.0,
    "N": -3.0,
    "O": -2.0,
    "Os": 3.0,
    "Sc": 3.0
  },
  "F1O2Os1Tl1": {
    "F": -1.0,
    "O": -2.0,
    "Os": 4.0,
    "Tl": 1.0
  },
  "Au1F1O2Pt1": {
    "Au": -1.0,
    "F": -1.0,
    "O": -2.0,
    "Pt": 6.0
  },
  "K2N2O1": {
    "K": 1.0,
    "N": 0.0,
    "O": -2.0
  },
  "Ag1F1Fe1O2": {
    "Ag": 2.0,
    "F": -1.0,
    "Fe": 3.0,
    "O": -2.0
  },
  "Hg1O3Pd1": {
    "Hg": 2.0,
    "O": -2.0,
    "Pd": 4.0
  },
  "O3Ta1W1": {
    "O": -2.0,
    "Ta": 4.0,
    "W": 2.0
  },
  "F1O2Pt1Sc1": {
    "F": -1.0,
    "O": -2.0,
    "Pt": 2.0,
    "Sc": 3.0
  },
  "Hg1K1N1O2": {
    "Hg": 2.0,
    "K": 1.0,
    "N": 1.0,
    "O": -2.0
  },
  "O2Rh1S1Sn1": {
    "O": -2.0,
    "Rh": 4.0,
    "S": -2.0,
    "Sn": 2.0
  },
  "As1K1N3": {
    "As": 2.0,
    "K": 1.0,
    "N": -1.0
  },
  "Ag1La1N3": {
    "Ag": 1.0,
    "La": 2.0,
    "N": -1.0
  },
  "Au1F1Hf1O2": {
    "Au": 1.0,
    "F": -1.0,
    "Hf": 4.0,
    "O": -2.0
  },
  "Ag1F1Fe1N1O1": {
    "Ag": 3.0,
    "F": -1.0,
    "Fe": 3.0,
    "N": -3.0,
    "O": -2.0
  },
  "Ag1Li1O3": null,
  "Al1F1O2W1": {
    "Al": 3.0,
    "F": -1.0,
    "O": -2.0,
    "W": 2.0
  },
  "Co1N1O2Y1": {
    "Co": 4.0,
    "N": -3.0,
    "O": -2.0,
    "Y": 3.0
  },
  "N3Sr1V1": {
    "N": -2.3333333333333335,
    "Sr": 2.0,
    "V": 5.0
  },
  "Fe1N3Rb1": {
    "Fe": 2.0,
    "N": -1.0,
    "Rb": 1.0
  },
  "Cr1O2S1Te1": {
    "Cr": 2.0,
    "O": -2.0,
    "S": -2.0,
    "Te": 4.0
  },
  "O2Pb1S1Te1": {
    "O": -2.0,
    "Pb": 2.0,
    "S": -2.0,
    "Te": 4.0
  },
  "K1N1O2Te1": {
    "K": 1.0,
    "N": -3.0,
    "O": -2.0,
    "Te": 6.0
  },
  "N3Nb1Y1": {
    "N": -2.6666666666666665,
    "Nb": 5.0,
    "Y": 3.0
  },
  "Al1Ge1N3": {
    "Al": 3.0,
    "Ge": 4.0,
    "N": -2.3333333333333335
  },
  "F1O2Sr2": null,
  "Be1F1Ir1O2": {
    "Be": 2.0,
    "F": -1.0,
    "Ir": 3.0,
    "O": -2.0
  },
  "O3Sb2": {
    "O": -2.0,
    "Sb": 3.0
  },
  "Hg1Mg1O2S1": null,
  "N2O1Sn1Tl1": {
    "N": -1.0,
    "O": -2.0,
    "Sn": 3.0,
    "Tl": 1.0
  },
  "Na1O2S1Sc1": null,
  "Mn1O2Os1S1": {
    "Mn": 2.0,
    "O": -2.0,
    "Os": 4.0,
    "S": -2.0
  },
  "In1N2O1Si1": {
    "In": 3.0,
    "N": -2.5,
    "O": -2.0,
    "Si": 4.0
  },
  "N2O1Ru1W1": {
    "N": -3.0,
    "O": -2.0,
    "Ru": 2.0,
    "W": 6.0
  },
  "F1N1O1Pb1Te1": {
    "F": -1.0,
    "N": -3.0,
    "O": -2.0,
    "Pb": 2.0,
    "Te": 4.0
  },
  "F1In1Na1O2": null,
  "Cu1La1O2S1": {
    "Cu": 3.0,
    "La": 3.0,
    "O": -2.0,
    "S": -2.0
  },
  "N2O1Ta2": {
    "N": -3.0,
    "O": -2.0,
    "Ta": 4.0
  },
  "Ag1N1O2Te1": {
    "Ag": 1.0,
    "N": -3.0,
    "O": -2.0,
    "Te": 6.0
  },
  "F1N1Nb1O1Rb1": {
    "F": -1.0,
    "N": -3.0,
    "Nb": 5.0,
    "O": -2.0,
    "Rb": 1.0
  },
  "F1Mg1N1O1Os1": {
    "F": -1.0,
    "Mg": 2.0,
    "N": -3.0,
    "O": -2.0,
    "Os": 4.0
  },
  "Cu1F1N1O1Zr1": {
    "Cu": 2.0,
    "F": -1.0,
    "N": -3.0,
    "O": -2.0,
    "Zr": 4.0
  },
  "Nb1O3Si1": {
    "Nb": 2.0,
    "O": -2.0,
    "Si": 4.0
  },
  "La1N2O1Pt1": {
    "La": 3.0,
    "N": -3.0,
    "O": -2.0,
    "Pt": 5.0
  },
  "Mn1O3Zr1": {
    "Mn": 2.0,
    "O": -2.0,
    "Zr": 4.0
  },
  "Cs1O2S1Te1": {
    "Cs": 1.0,
    "O": -2.0,
    "S": -1.0,
    "Te": 4.0
  },
  "F1La1Li1O2": null,
  "N3Sr1Te1": {
    "N": -0.3333333333333333,
    "Sr": 2.0,
    "Te": -1.0
  },
  "La1N2O1Os1": {
    "La": 3.0,
    "N": -3.0,
    "O": -2.0,
    "Os": 5.0
  },
  "Cd1Co1O3": {
    "Cd": 2.0,
    "Co": 4.0,
    "O": -2.0
  },
  "F1Mg2N1O1": {
    "F": -1.0,
    "Mg": 2.0,
    "N": -1.0,
    "O": -2.0
  },
  "Al1F1Mg1O2": {
    "Al": 3.0,
    "F": -1.0,
    "Mg": 2.0,
    "O": -2.0
  },
  "N2O1Os1Ru1": {
    "N": -3.0,
    "O": -2.0,
    "Os": 3.0,
    "Ru": 5.0
  },
  "N3Sn1Zn1": {
    "N": -1.6666666666666667,
    "Sn": 3.0,
    "Zn": 2.0
  },
  "Ag1Cr1N1O2": {
    "Ag": 1.0,
    "Cr": 6.0,
    "N": -3.0,
    "O": -2.0
  },
  "Cd1F1O2Sr1": null,
  "Ga1N3Nb1": {
    "Ga": 3.0,
    "N": -2.6666666666666665,
    "Nb": 5.0
  },
  "In1N3Ta1": {
    "In": 3.0,
    "N": -2.6666666666666665,
    "Ta": 5.0
  },
  "F1Ni2O2": {
    "F": -1.0,
    "Ni": 2.5,
    "O": -2.0
  },
  "F1In1O2Tl1": {
    "F": -1.0,
    "In": 2.0,
    "O": -2.0,
    "Tl": 3.0
  },
  "Cs1Nb1O3": {
    "Cs": 1.0,
    "Nb": 5.0,
    "O": -2.0
  },
  "Co1Fe1N2O1": {
    "Co": 3.0,
    "Fe": 3.0,
    "N": -2.0,
    "O": -2.0
  },
  "As1F1O2Tl1": {
    "As": 2.0,
    "F": -1.0,
    "O": -2.0,
    "Tl": 3.0
  },
  "Mo1O3Ru1": {
    "Mo": 3.0,
    "O": -2.0,
    "Ru": 3.0
  },
  "Be1Ge1N2O1": {
    "Be": 2.0,
    "Ge": 4.0,
    "N": -2.0,
    "O": -2.0
  },
  "B1O2S1V1": {
    "B": 3.0,
    "O": -2.0,
    "S": -2.0,
    "V": 3.0
  },
  "Ca1O2S1Ti1": {
    "Ca": 2.0,
    "O": -2.0,
    "S": -2.0,
    "Ti": 4.0
  },
  "F1O2Pd1Si1": null,
  "N1O2Os2": {
    "N": -3.0,
    "O": -2.0,
    "Os": 3.5
  },
  "N1O2Os1Sr1": {
    "N": -3.0,
    "O": -2.0,
    "Os": 5.0,
    "Sr": 2.0
  },
  "F1Hf1N1O1Sb1": {
    "F": -1.0,
    "Hf": 4.0,
    "N": 1.0,
    "O": -2.0,
    "Sb": -2.0
  },
  "F1Li1N1O1Zr1": {
    "F": -1.0,
    "Li": 1.0,
    "N": -2.0,
    "O": -2.0,
    "Zr": 4.0
  },
  "F1N1Ni2O1": {
    "F": -1.0,
    "N": -3.0,
    "Ni": 3.0,
    "O": -2.0
  },
  "Mg2N3": {
    "Mg": 2.0,
    "N": -1.3333333333333333
  },
  "F1O2Rh1Sr1": {
    "F": -1.0,
    "O": -2.0,
    "Rh": 3.0,
    "Sr": 2.0
  },
  "Cu1N3Zn1": {
    "Cu": 1.0,
    "N": -1.0,
    "Zn": 2.0
  },
  "Ag1Be1F1O2": {
    "Ag": 3.0,
    "Be": 2.0,
    "F": -1.0,
    "O": -2.0
  },
  "Ba1Ca1O2S1": null,
  "Ba1O2S1V1": {
    "Ba": 2.0,
    "O": -2.0,
    "S": -2.0,
    "V": 4.0
  },
  "Ir1Mo1N2O1": {
    "Ir": 5.0,
    "Mo": 3.0,
    "N": -3.0,
    "O": -2.0
  },
  "Hf1K1N3": {
    "Hf": 4.0,
    "K": 1.0,
    "N": -1.6666666666666667
  },
  "F1Ir1Li1N1O1": {
    "F": -1.0,
    "Ir": 5.0,
    "Li": 1.0,
    "N": -3.0,
    "O": -2.0
  },
  "Hg1N1O2Tl1": {
    "Hg": 2.0,
    "N": 1.0,
    "O": -2.0,
    "Tl": 1.0
  },
  "Ca2N2O1": {
    "Ca": 2.0,
    "N": -1.0,
    "O": -2.0
  },
  "Au1N1O2V1": {
    "Au": 2.0,
    "N": -3.0,
    "O": -2.0,
    "V": 5.0
  },
  "Cs1O3Ta1": {
    "Cs": 1.0,
    "O": -2.0,
    "Ta": 5.0
  },
  "Hf1Mn1N3": {
    "Hf": 4.0,
    "Mn": 3.0,
    "N": -2.3333333333333335
  },
  "F1O2Ta1Y1": null,
  "F1N1O1Sb1Ta1": {
    "F": -1.0,
    "N": -3.0,
    "O": -2.0,
    "Sb": 3.0,
    "Ta": 3.0
  },
  "O3Ti2": {
    "O": -2.0,
    "Ti": 3.0
  },
  "Ni1O3Zn1": {
    "Ni": 4.0,
    "O": -2.0,
    "Zn": 2.0
  },
  "Ag1F1La1N1O1": {
    "Ag": 3.0,
    "F": -1.0,
    "La": 3.0,
    "N": -3.0,
    "O": -2.0
  },
  "F1N1O1Zr2": {
    "F": -1.0,
    "N": -3.0,
    "O": -2.0,
    "Zr": 3.0
  },
  "O2Pd1Ru1S1": {
    "O": -2.0,
    "Pd": 2.0,
    "Ru": 4.0,
    "S": -2.0
  },
  "N1O2Sc1Te1": {
    "N": -3.0,
    "O": -2.0,
    "Sc": 3.0,
    "Te": 4.0
  },
  "O2S1Tl1Zn1": {
    "O": -2.0,
    "S": -1.0,
    "Tl": 3.0,
    "Zn": 2.0
  },
  "F1Hg1O2Ru1": {
    "F": -1.0,
    "Hg": 2.0,
    "O": -2.0,
    "Ru": 3.0
  },
  "Mn1N3V1": {
    "Mn": 4.0,
    "N": -3.0,
    "V": 5.0
  },
  "N2O1Rh2": {
    "N": -3.0,
    "O": -2.0,
    "Rh": 4.0
  },
  "Co1Cr1O2S1": {
    "Co": 3.0,
    "Cr": 3.0,
    "O": -2.0,
    "S": -2.0
  },
  "Ga1N3Na1": {
    "Ga": 2.0,
    "N": -1.0,
    "Na": 1.0
  },
  "F1N1Na1O1Sr1": null,
  "Ge1N1O2Pb1": {
    "Ge": 3.0,
    "N": -3.0,
    "O": -2.0,
    "Pb": 4.0
  },
  "N1O2Ru1W1": {
    "N": -3.0,
    "O": -2.0,
    "Ru": 5.0,
    "W": 2.0
  },
  "Au1N3Zr1": {
    "Au": 5.0,
    "N": -3.0,
    "Zr": 4.0
  },
  "F1K1N1O1Y1": {
    "F": -1.0,
    "K": 1.0,
    "N": -1.0,
    "O": -2.0,
    "Y": 3.0
  },
  "N1O2Pt1Rb1": {
    "N": -3.0,
    "O": -2.0,
    "Pt": 6.0,
    "Rb": 1.0
  },
  "Al1F1Ge1N1O1": {
    "Al": 3.0,
    "F": -1.0,
    "Ge": 3.0,
    "N": -3.0,
    "O": -2.0
  },
  "K2N3": {
    "K": 1.0,
    "N": -0.6666666666666666
  },
  "Co1Hf1O2S1": {
    "Co": 2.0,
    "Hf": 4.0,
    "O": -2.0,
    "S": -2.0
  },
  "Ba1F1La1N1O1": {
    "Ba": 2.0,
    "F": -1.0,
    "La": 3.0,
    "N": -2.0,
    "O": -2.0
  },
  "Au1O2S1Sr1": {
    "Au": 3.0,
    "O": -2.0,
    "S": -1.0,
    "Sr": 2.0
  },
  "Ge1N2O1Zn1": {
    "Ge": 4.0,
    "N": -2.0,
    "O": -2.0,
    "Zn": 2.0
  },
  "Nb2O3": {
    "Nb": 3.0,
    "O": -2.0
  },
  "Ag1Au1N3": {
    "Ag": 1.0,
    "Au": 2.0,
    "N": -1.0
  },
  "Cu1F1Mn1N1O1": {
    "Cu": 2.0,
    "F": -1.0,
    "Mn": 4.0,
    "N": -3.0,
    "O": -2.0
  },
  "N1O2Ta1Te1": {
    "N": -3.0,
    "O": -2.0,
    "Ta": 3.0,
    "Te": 4.0
  },
  "Co2F1N1O1": {
    "Co": 3.0,
    "F": -1.0,
    "N": -3.0,
    "O": -2.0
  },
  "Cs2N2O1": {
    "Cs": 1.0,
    "N": 0.0,
    "O": -2.0
  },
  "Ag1N2O1Ta1": {
    "Ag": 3.0,
    "N": -3.0,
    "O": -2.0,
    "Ta": 5.0
  },
  "F1N1O1Pb1Y1": {
    "F": -1.0,
    "N": -2.0,
    "O": -2.0,
    "Pb": 2.0,
    "Y": 3.0
  },
  "Cu1F1Ge1N1O1": {
    "Cu": 2.0,
    "F": -1.0,
    "Ge": 4.0,
    "N": -3.0,
    "O": -2.0
  },
  "Fe1N3Os1": {
    "Fe": 3.0,
    "N": -3.0,
    "Os": 6.0
  },
  "O3Zn2": null,
  "N1O2Si2": null,
  "Al1F1N1O1Y1": {
    "Al": 3.0,
    "F": -1.0,
    "N": -3.0,
    "O": -2.0,
    "Y": 3.0
  },
  "F1N1Na1O1Sn1": {
    "F": -1.0,
    "N": -2.0,
    "Na": 1.0,
    "O": -2.0,
    "Sn": 4.0
  },
  "Hg1Mn1N1O2": {
    "Hg": 2.0,
    "Mn": 3.0,
    "N": -1.0,
    "O": -2.0
  },
  "O3Re2": {
    "O": -2.0,
    "Re": 3.0
  },
  "F1O2Pb1Y1": {
    "F": -1.0,
    "O": -2.0,
    "Pb": 2.0,
    "Y": 3.0
  },
  "Cu1N3Ru1": {
    "Cu": 3.0,
    "N": -3.0,
    "Ru": 6.0
  },
  "F1O2Os1W1": {
    "F": -1.0,
    "O": -2.0,
    "Os": -1.0,
    "W": 6.0
  },
  "F1O2Pd2": null,
  "Bi1Mn1O2S1": {
    "Bi": 3.0,
    "Mn": 3.0,
    "O": -2.0,
    "S": -2.0
  },
  "Ga1O3Pt1": {
    "Ga": 2.0,
    "O": -2.0,
    "Pt": 4.0
  },
  "Bi1N1O2Rh1": {
    "Bi": 3.0,
    "N": -3.0,
    "O": -2.0,
    "Rh": 4.0
  },
  "Cs1F1N1O1Sr1": null,
  "F1Ga1O2Rb1": null,
  "F1Hg1O2Rb1": null,
  "Al1O3Rh1": {
    "Al": 3.0,
    "O": -2.0,
    "Rh": 3.0
  },
  "N2O1Ti1Y1": {
    "N": -2.5,
    "O": -2.0,
    "Ti": 4.0,
    "Y": 3.0
  },
  "Cu1N3Ni1": {
    "Cu": 1.0,
    "N": -1.0,
    "Ni": 2.0
  },
  "Mo1N1O2Rh1": {
    "Mo": 4.0,
    "N": -3.0,
    "O": -2.0,
    "Rh": 3.0
  },
  "Cs1N1O2Sb1": {
    "Cs": 1.0,
    "N": -2.0,
    "O": -2.0,
    "Sb": 5.0
  },
  "B1F1N1O1Rh1": {
    "B": 3.0,
    "F": -1.0,
    "N": -3.0,
    "O": -2.0,
    "Rh": 3.0
  },
  "Ir1O2S1V1": {
    "Ir": 3.0,
    "O": -2.0,
    "S": -2.0,
    "V": 3.0
  },
  "K1N2O1Pd1": {
    "K": 1.0,
    "N": -0.5,
    "O": -2.0,
    "Pd": 2.0
  },
  "N2Nb1O1W1": {
    "N": -3.0,
    "Nb": 5.0,
    "O": -2.0,
    "W": 3.0
  },
  "F1Ge1N1Na1O1": {
    "F": -1.0,
    "Ge": 4.0,
    "N": -2.0,
    "Na": 1.0,
    "O": -2.0
  },
  "As1N3Pd1": {
    "As": 5.0,
    "N": -3.0,
    "Pd": 4.0
  },
  "N2O1Y2": {
    "N": -2.0,
    "O": -2.0,
    "Y": 3.0
  },
  "N1O2Sr1Tl1": {
    "N": 1.0,
    "O": -2.0,
    "Sr": 2.0,
    "Tl": 1.0
  },
  "N1O2Pb2": {
    "N": -2.0,
    "O": -2.0,
    "Pb": 3.0
  },
  "Cd1N2Na1O1": {
    "Cd": 2.0,
    "N": -0.5,
    "Na": 1.0,
    "O": -2.0
  },
  "Ca1O2Pt1S1": {
    "Ca": 2.0,
    "O": -2.0,
    "Pt": 4.0,
    "S": -2.0
  },
  "B1N1Nb1O2": {
    "B": 3.0,
    "N": -3.0,
    "Nb": 4.0,
    "O": -2.0
  },
  "Be1O3Pd1": {
    "Be": 2.0,
    "O": -2.0,
    "Pd": 4.0
  },
  "Li2O2S1": {
    "Li": 1.0,
    "O": -2.0,
    "S": 2.0
  },
  "Hf1O3Re1": null,
  "Cu2F1O2": {
    "Cu": 2.5,
    "F": -1.0,
    "O": -2.0
  },
  "As1Co1O3": {
    "As": 5.0,
    "Co": 1.0,
    "O": -2.0
  },
  "Bi2O2S1": {
    "Bi": 3.0,
    "O": -2.0,
    "S": -2.0
  },
  "Fe2N3": {
    "Fe": 2.5,
    "N": -1.6666666666666667
  },
  "F1Ge1O2Pt1": {
    "F": -1.0,
    "Ge": 3.0,
    "O": -2.0,
    "Pt": 2.0
  },
  "Bi1N3Zn1": {
    "Bi": 3.0,
    "N": -1.6666666666666667,
    "Zn": 2.0
  },
  "La1N1O2Sb1": {
    "La": 2.0,
    "N": -3.0,
    "O": -2.0,
    "Sb": 5.0
  },
  "Cr1F1O2Sr1": {
    "Cr": 3.0,
    "F": -1.0,
    "O": -2.0,
    "Sr": 2.0
  },
  "Fe1Ir1N3": {
    "Fe": 3.0,
    "Ir": 4.0,
    "N": -2.3333333333333335
  },
  "Ga1Hf1O2S1": {
    "Ga": 2.0,
    "Hf": 4.0,
    "O": -2.0,
    "S": -2.0
  },
  "Ga1O2Os1S1": {
    "Ga": 3.0,
    "O": -2.0,
    "Os": 3.0,
    "S": -2.0
  },
  "Cu1Mg1O3": null,
  "Bi2F1N1O1": {
    "Bi": 3.0,
    "F": -1.0,
    "N": -3.0,
    "O": -2.0
  },
  "Co1F1O2Pd1": {
    "Co": 3.0,
    "F": -1.0,
    "O": -2.0,
    "Pd": 2.0
  },
  "B1F1Li1O2": null,
  "Ag1Bi1N3": {
    "Ag": 1.0,
    "Bi": 2.0,
    "N": -1.0
  },
  "K1N2O1Zn1": {
    "K": 1.0,
    "N": -0.5,
    "O": -2.0,
    "Zn": 2.0
  },
  "F1Mn1Na1O2": {
    "F": -1.0,
    "Mn": 4.0,
    "Na": 1.0,
    "O": -2.0
  },
  "Ca1Hg1N1O2": {
    "Ca": 2.0,
    "Hg": 1.0,
    "N": 1.0,
    "O": -2.0
  },
  "Al1Li1N2O1": {
    "Al": 3.0,
    "Li": 1.0,
    "N": -1.0,
    "O": -2.0
  },
  "Cu1O3W1": {
    "Cu": 1.0,
    "O": -2.0,
    "W": 5.0
  },
  "Cu1N1O2Rb1": {
    "Cu": 2.0,
    "N": 1.0,
    "O": -2.0,
    "Rb": 1.0
  },
  "Ba1F1O2Ru1": {
    "Ba": 2.0,
    "F": -1.0,
    "O": -2.0,
    "Ru": 3.0
  },
  "Be1Mg1O2S1": null,
  "Ir2N3": {
    "Ir": 4.5,
    "N": -3.0
  },
  "Au1Ir1N2O1": {
    "Au": 3.0,
    "Ir": 5.0,
    "N": -3.0,
    "O": -2.0
  },
  "F1Na2O2": null,
  "Ba1Be1O2S1": null,
  "Li2O3": null,
  "Hf1Hg1O2S1": {
    "Hf": 4.0,
    "Hg": 2.0,
    "O": -2.0,
    "S": -2.0
  },
  "Cr1F1N1O1Tl1": {
    "Cr": 5.0,
    "F": -1.0,
    "N": -3.0,
    "O": -2.0,
    "Tl": 1.0
  },
  "Mn1Na1O2S1": {
    "Mn": 4.0,
    "Na": 1.0,
    "O": -2.0,
    "S": -1.0
  },
  "F1Nb1O2Y1": {
    "F": -1.0,
    "Nb": 2.0,
    "O": -2.0,
    "Y": 3.0
  },
  "F1O2W1Y1": {
    "F": -1.0,
    "O": -2.0,
    "W": 2.0,
    "Y": 3.0
  },
  "O2S1Ta2": {
    "O": -2.0,
    "S": -2.0,
    "Ta": 3.0
  },
  "F1Mn2N1O1": {
    "F": -1.0,
    "Mn": 3.0,
    "N": -3.0,
    "O": -2.0
  },
  "N1O2Sb1Y1": {
    "N": -2.0,
    "O": -2.0,
    "Sb": 3.0,
    "Y": 3.0
  },
  "Bi1F1N1O1Y1": {
    "Bi": 3.0,
    "F": -1.0,
    "N": -3.0,
    "O": -2.0,
    "Y": 3.0
  },
  "Cd1O2S1Zn1": null,
  "Be1Nb1O2S1": {
    "Be": 2.0,
    "Nb": 4.0,
    "O": -2.0,
    "S": -2.0
  },
  "Bi1F1Mo1O2": {
    "Bi": 3.0,
    "F": -1.0,
    "Mo": 2.0,
    "O": -2.0
  },
  "F1Hg1O2V1": {
    "F": -1.0,
    "Hg": 2.0,
    "O": -2.0,
    "V": 3.0
  },
  "F1La1Mg1N1O1": {
    "F": -1.0,
    "La": 3.0,
    "Mg": 2.0,
    "N": -2.0,
    "O": -2.0
  },
  "N3Na2": {
    "N": -0.6666666666666666,
    "Na": 1.0
  },
  "F1O2Ta2": null,
  "Be1F1N1Nb1O1": {
    "Be": 2.0,
    "F": -1.0,
    "N": -3.0,
    "Nb": 4.0,
    "O": -2.0
  },
  "N3Nb2": {
    "N": -3.0,
    "Nb": 4.5
  },
  "F1La1N1Ni1O1": {
    "F": -1.0,
    "La": 3.0,
    "N": -3.0,
    "Ni": 3.0,
    "O": -2.0
  },
  "Ag1F1N1O1Pt1": {
    "Ag": 1.0,
    "F": -1.0,
    "N": -3.0,
    "O": -2.0,
    "Pt": 5.0
  },
  "F1Ir1O2Tl1": {
    "F": -1.0,
    "Ir": 4.0,
    "O": -2.0,
    "Tl": 1.0
  },
  "Bi1F1O2Te1": {
    "Bi": 1.0,
    "F": -1.0,
    "O": -2.0,
    "Te": 4.0
  },
  "Cd1Cs1O3": null,
  "La1Ni1O2S1": {
    "La": 3.0,
    "Ni": 3.0,
    "O": -2.0,
    "S": -2.0
  },
  "Ca2F1O2": null,
  "Ag1Ga1N1O2": {
    "Ag": 1.0,
    "Ga": 2.0,
    "N": 1.0,
    "O": -2.0
  },
  "N3Zn2": {
    "N": -1.3333333333333333,
    "Zn": 2.0
  },
  "Cd1K1N1O2": {
    "Cd": 2.0,
    "K": 1.0,
    "N": 1.0,
    "O": -2.0
  },
  "Be1Cs1N2O1": {
    "Be": 2.0,
    "Cs": 1.0,
    "N": -0.5,
    "O": -2.0
  },
  "Ca2F1N1O1": {
    "Ca": 2.0,
    "F": -1.0,
    "N": -1.0,
    "O": -2.0
  },
  "Au1Ba1F1O2": {
    "Au": 3.0,
    "Ba": 2.0,
    "F": -1.0,
    "O": -2.0
  },
  "F1N1O1Ti1Tl1": {
    "F": -1.0,
    "N": -3.0,
    "O": -2.0,
    "Ti": 3.0,
    "Tl": 3.0
  },
  "Mn1N2O1Zn1": {
    "Mn": 2.0,
    "N": -1.0,
    "O": -2.0,
    "Zn": 2.0
  },
  "Cs1O2S1V1": {
    "Cs": 1.0,
    "O": -2.0,
    "S": -2.0,
    "V": 5.0
  },
  "Na1O3Re1": {
    "Na": 1.0,
    "O": -2.0,
    "Re": 5.0
  },
  "Bi1O3Pd1": {
    "Bi": 2.0,
    "O": -2.0,
    "Pd": 4.0
  },
  "Ca1N2O1Ta1": {
    "Ca": 2.0,
    "N": -2.5,
    "O": -2.0,
    "Ta": 5.0
  },
  "Cd1Mn1N2O1": {
    "Cd": 2.0,
    "Mn": 2.0,
    "N": -1.0,
    "O": -2.0
  },
  "N3W2": {
    "N": -3.0,
    "W": 4.5
  },
  "O3Os2": {
    "O": -2.0,
    "Os": 3.0
  },
  "F1Hf1N1O1V1": {
    "F": -1.0,
    "Hf": 4.0,
    "N": -3.0,
    "O": -2.0,
    "V": 2.0
  },
  "N2O1Sr2": {
    "N": -1.0,
    "O": -2.0,
    "Sr": 2.0
  },
  "Co2N3": {
    "Co": 1.5,
    "N": -1.0
  },
  "F1Hf2N1O1": null,
  "O3Pd2": {
    "O": -2.0,
    "Pd": 3.0
  },
  "B2N2O1": {
    "B": 3.0,
    "N": -2.0,
    "O": -2.0
  },
  "Ge2O2S1": {
    "Ge": 3.0,
    "O": -2.0,
    "S": -2.0
  }
}