{
  "Bi2N2O1": {
    "Bi": 4.0,
    "N": -3.0,
    "O": -2.0
  },
  "Ca2N3": {
    "Ca": 2.0,
    "N": -1.3333333333333333
  },
  "Cu1O2Rh1S1": {
    "Cu": 2.0,
    "O": -2.0,
    "Rh": 4.0,
    "S": -2.0
  },
  "Ga1O2S1Sn1": {
    "Ga": 3.0,
    "O": -2.0,
    "S": -2.0,
    "Sn": 3.0
  },
  "B1F1O2Pb1": {
    "B": 3.0,
    "F": -1.0,
    "O": -2.0,
    "Pb": 2.0
  },
  "Mn1N1O2Re1": {
    "Mn": 2.0,
    "N": -3.0,
    "O": -2.0,
    "Re": 5.0
  },
  "N3Pd1Sc1": {
    "N": -1.6666666666666667,
    "Pd": 2.0,
    "Sc": 3.0
  },
  "Ba1Ir1N3": {
    "Ba": 2.0,
    "Ir": 5.0,
    "N": -2.3333333333333335
  },
  "Ba1O2S1Sr1": null,
  "In1N3Os1": {
    "In": 3.0,
    "N": -3.0,
    "Os": 6.0
  },
  "Bi1Ca1N1O2": {
    "Bi": 5.0,
    "Ca": 2.0,
    "N": -3.0,
    "O": -2.0
  },
  "In1O2S1Ti1": {
    "In": 2.0,
    "O": -2.0,
    "S": -2.0,
    "Ti": 4.0
  },
  "F1K1O2Ta1": {
    "F": -1.0,
    "K": 1.0,
    "O": -2.0,
    "Ta": 4.0
  },
  "K1N3Ta1": {
    "K": 1.0,
    "N": -1.6666666666666667,
    "Ta": 4.0
  },
  "Cu1Hg1O3": null,
  "Cu1Hf1O3": {
    "Cu": 2.0,
    "Hf": 4.0,
    "O": -2.0
  },
  "F1N1O1Sb1Zn1": {
    "F": -1.0,
    "N": -2.0,
    "O": -2.0,
    "Sb": 3.0,
    "Zn": 2.0
  },
  "In2O3": {
    "In": 3.0,
    "O": -2.0
  },
  "Ir1N1O2Pb1": {
    "Ir": 5.0,
    "N": -3.0,
    "O": -2.0,
    "Pb": 2.0
  },
  "N1O2Ru1Tl1": {
    "N": -3.0,
    "O": -2.0,
    "Ru": 6.0,
    "Tl": 1.0
  },
  "Bi1N3Sc1": {
    "Bi": 3.0,
    "N": -1.6666666666666667,
    "Sc": 2.0
  },
  "N2O1Te2": {
    "N": -3.0,
    "O": -2.0,
    "Te": 4.0
  },
  "N3Tl2": {
    "N": -0.6666666666666666,
    "Tl": 1.0
  },
  "Nb1O2S1V1": {
    "Nb": 2.0,
    "O": -2.0,
    "S": -2.0,
    "V": 4.0
  },
  "Ca1N3Ti1": {
    "Ca": 2.0,
    "N": -1.6666666666666667,
    "Ti": 3.0
  },
  "In1Mg1N2O1": {
    "In": 2.0,
    "Mg": 2.0,
    "N": -1.0,
    "O": -2.0
  },
  "Be1F1N1O1Ru1": {
    "Be": 2.0,
    "F": -1.0,
    "N": -3.0,
    "O": -2.0,
    "Ru": 4.0
  },
  "Al1O3Re1": {
    "Al": 3.0,
    "O": -2.0,
    "Re": 3.0
  },
  "F1Mo1N1O1Tl1": {
    "F": -1.0,
    "Mo": 5.0,
    "N": -3.0,
    "O": -2.0,
    "Tl": 1.0
  },
  "Be1Ca1O3": null,
  "Hf1Mg1N1O2": {
    "Hf": 4.0,
    "Mg": 2.0,
    "N": -2.0,
    "O": -2.0
  },
  "As1Cr1N3": {
    "As": 5.0,
    "Cr": 4.0,
    "N": -3.0
  },
  "Cu1F1N1O1Ta1": {
    "Cu": 1.0,
    "F": -1.0,
    "N": -3.0,
    "O": -2.0,
    "Ta": 5.0
  },
  "Ca1N3Rh1": {
    "Ca": 2.0,
    "N": -1.6666666666666667,
    "Rh": 3.0
  },
  "Ca1Nb1O2S1": {
    "Ca": 2.0,
    "Nb": 4.0,
    "O": -2.0,
    "S": -2.0
  },
  "Ca1F1Ga1N1O1": {
    "Ca": 2.0,
    "F": -1.0,
    "Ga": 3.0,
    "N": -2.0,
    "O": -2.0
  },
  "Cu1F1Hg1N1O1": {
    "Cu": 2.0,
    "F": -1.0,
    "Hg": 2.0,
    "N": -1.0,
    "O": -2.0
  },
  "F1Fe1O2Tl1": {
    "F": -1.0,
    "Fe": 2.0,
    "O": -2.0,
    "Tl": 3.0
  },
  "F1O2Ru2": {
    "F": -1.0,
    "O": -2.0,
    "Ru": 2.5
  },
  "N3Sb2": {
    "N": -2.6666666666666665,
    "Sb": 4.0
  },
  "Mo1O3Zn1": {
    "Mo": 4.0,
    "O": -2.0,
    "Zn": 2.0
  },
  "Cr1F1Mn1O2": {
    "Cr": 3.0,
    "F": -1.0,
    "Mn": 2.0,
    "O": -2.0
  },
  "As1N2O1Pt1": {
    "As": 3.0,
    "N": -3.0,
    "O": -2.0,
    "Pt": 5.0
  },
  "Ag1F1O2Rb1": null,
  "Mo1O2S1Zn1": {
    "Mo": 4.0,
    "O": -2.0,
    "S": -2.0,
    "Zn": 2.0
  },
  "Al1La1O3": {
    "Al": 3.0,
    "La": 3.0,
    "O": -2.0
  },
  "Bi1Ni1O2S1": {
    "Bi": 3.0,
    "Ni": 3.0,
    "O": -2.0,
    "S": -2.0
  },
  "F1Fe1N1O1Os1": {
    "F": -1.0,
    "Fe": 3.0,
    "N": -3.0,
    "O": -2.0,
    "Os": 3.0
  },
  "Ge1O3Sr1": {
    "Ge": 4.0,
    "O": -2.0,
    "Sr": 2.0
  },
  "As1O2S1Zn1": {
    "As": 3.0,
    "O": -2.0,
    "S": -1.0,
    "Zn": 2.0
  },
  "Ag1N3Tl1": {
    "Ag": 2.0,
    "N": -1.0,
    "Tl": 1.0
  },
  "Cu1O3Si1": {
    "Cu": 2.0,
    "O": -2.0,
    "Si": 4.0
  },
  "Cr1F1N1O1Rh1": {
    "Cr": 3.0,
    "F": -1.0,
    "N": -3.0,
    "O": -2.0,
    "Rh": 3.0
  },
  "Be2F1O2": null,
  "Cr1N1O2Zn1": {
    "Cr": 5.0,
    "N": -3.0,
    "O": -2.0,
    "Zn": 2.0
  },
  "F1O2Pb2": null,
  "Li1N1O2Rh1": {
    "Li": 1.0,
    "N": -1.0,
    "O": -2.0,
    "Rh": 4.0
  },
  "Cd1F1Ge1N1O1": {
    "Cd": 2.0,
    "F": -1.0,
    "Ge": 4.0,
    "N": -3.0,
    "O": -2.0
  },
  "Bi1Hg1O2S1": {
    "Bi": 5.0,
    "Hg": 1.0,
    "O": -2.0,
    "S": -2.0
  },
  "Mn1N1O2Y1": {
    "Mn": 4.0,
    "N": -3.0,
    "O": -2.0,
    "Y": 3.0
  },
  "N2Na2O1": {
    "N": 0.0,
    "Na": 1.0,
    "O": -2.0
  },
  "As1B1F1O2": {
    "As": 2.0,
    "B": 3.0,
    "F": -1.0,
    "O": -2.0
  },
  "O2S1Ta1W1": {
    "O": -2.0,
    "S": -2.0,
    "Ta": 4.0,
    "W": 2.0
  },
  "Ga1O2Ru1S1": {
    "Ga": 3.0,
    "O": -2.0,
    "Ru": 3.0,
    "S": -2.0
  },
  "B1Bi1O2S1": {
    "B": 3.0,
    "Bi": 3.0,
    "O": -2.0,
    "S": -2.0
  },
  "F1Hg1N1O1Sc1": {
    "F": -1.0,
    "Hg": 2.0,
    "N": -2.0,
    "O": -2.0,
    "Sc": 3.0
  },
  "Cd1Fe1N2O1": {
    "Cd": 2.0,
    "Fe": 2.0,
    "N": -1.0,
    "O": -2.0
  },
  "Bi1F1N1O1Rh1": {
    "Bi": 3.0,
    "F": -1.0,
    "N": -3.0,
    "O": -2.0,
    "Rh": 3.0
  },
  "F1In1O2Re1": {
    "F": -1.0,
    "In": 1.0,
    "O": -2.0,
    "Re": 4.0
  },
  "O2Rb1S1Sr1": null,
  "Bi1Cd1F1N1O1": {
    "Bi": 3.0,
    "Cd": 2.0,
    "F": -1.0,
    "N": -2.0,
    "O": -2.0
  },
  "Mn1N2Na1O1": {
    "Mn": 7.0,
    "N": -3.0,
    "Na": 1.0,
    "O": -2.0
  },
  "In1N1O2Ti1": {
    "In": 3.0,
    "N": -3.0,
    "O": -2.0,
    "Ti": 4.0
  },
  "Co1F1Fe1O2": {
    "Co": 2.0,
    "F": -1.0,
    "Fe": 3.0,
    "O": -2.0
  },
  "Au1Mo1N1O2": {
    "Au": 1.0,
    "Mo": 6.0,
    "N": -3.0,
    "O": -2.0
  },
  "Be1F1La1N1O1": {
    "Be": 2.0,
    "F": -1.0,
    "La": 3.0,
    "N": -2.0,
    "O": -2.0
  },
  "F1Ga1O2Sr1": {
    "F": -1.0,
    "Ga": 3.0,
    "O": -2.0,
    "Sr": 2.0
  },
  "N3Si1Sn1": {
    "N": -2.6666666666666665,
    "Si": 4.0,
    "Sn": 4.0
  },
  "Mo2N2O1": {
    "Mo": 4.0,
    "N": -3.0,
    "O": -2.0
  },
  "N1O2Ru1Te1": {
    "N": -3.0,
    "O": -2.0,
    "Ru": 3.0,
    "Te": 4.0
  },
  "Mg1O3Sc1": null,
  "Al1N2O1Sb1": {
    "Al": 3.0,
    "N": -3.0,
    "O": -2.0,
    "Sb": 5.0
  },
  "Mo1N3Pt1": {
    "Mo": 5.0,
    "N": -3.0,
    "Pt": 4.0
  },
  "Mg1N3Pd1": {
    "Mg": 2.0,
    "N": -1.3333333333333333,
    "Pd": 2.0
  },
  "Ir2O2S1": {
    "Ir": 3.0,
    "O": -2.0,
    "S": -2.0
  },
  "Fe1Li1N1O2": {
    "Fe": 2.0,
    "Li": 1.0,
    "N": 1.0,
    "O": -2.0
  },
  "Co1F1N1Nb1O1": {
    "Co": 1.0,
    "F": -1.0,
    "N": -3.0,
    "Nb": 5.0,
    "O": -2.0
  },
  "F1N1O1Pt1Rh1": {
    "F": -1.0,
    "N": -3.0,
    "O": -2.0,
    "Pt": 2.0,
    "Rh": 4.0
  },
  "Au1F1N1O1Sc1": {
    "Au": 3.0,
    "F": -1.0,
    "N": -3.0,
    "O": -2.0,
    "Sc": 3.0
  },
  "Be1O2S1Sb1": {
    "Be": 2.0,
    "O": -2.0,
    "S": -1.0,
    "Sb": 3.0
  },
  "As1F1O2Pb1": {
    "As": 3.0,
    "F": -1.0,
    "O": -2.0,
    "Pb": 2.0
  },
  "Ag1F1O2Rh1": {
    "Ag": 1.0,
    "F": -1.0,
    "O": -2.0,
    "Rh": 4.0
  },
  "F1Mn1N1O1Sc1": {
    "F": -1.0,
    "Mn": 3.0,
    "N": -3.0,
    "O": -2.0,
    "Sc": 3.0
  },
  "B1Mo1N2O1": {
    "B": 3.0,
    "Mo": 5.0,
    "N": -3.0,
    "O": -2.0
  },
  "Li1O2Pt1S1": {
    "Li": 1.0,
    "O": -2.0,
    "Pt": 5.0,
    "S": -2.0
  },
  "Al1Ge1N2O1": {
    "Al": 3.0,
    "Ge": 4.0,
    "N": -2.5,
    "O": -2.0
  },
  "Ga1Ni1O3": {
    "Ga": 3.0,
    "Ni": 3.0,
    "O": -2.0
  },
  "F1O2Pt1Zn1": null,
  "F1Ir2N1O1": {
    "F": -1.0,
    "Ir": 3.0,
    "N": -3.0,
    "O": -2.0
  },
  "In2N2O1": {
    "In": 3.0,
    "N": -2.0,
    "O": -2.0
  },
  "In1Mg1N1O2": {
    "In": 3.0,
    "Mg": 2.0,
    "N": -1.0,
    "O": -2.0
  },
  "Ba1N1O2Ti1": {
    "Ba": 2.0,
    "N": -2.0,
    "O": -2.0,
    "Ti": 4.0
  },
  "F1Ge1La1N1O1": {
    "F": -1.0,
    "Ge": 3.0,
    "La": 3.0,
    "N": -3.0,
    "O": -2.0
  },
  "Au1N1O2Pd1": {
    "Au": 5.0,
    "N": -3.0,
    "O": -2.0,
    "Pd": 2.0
  },
  "Ca1F1N1O1Re1": {
    "Ca": 2.0,
    "F": -1.0,
    "N": -3.0,
    "O": -2.0,
    "Re": 4.0
  },
  "Al1Mg1N3": {
    "Al": 3.0,
    "Mg": 2.0,
    "N": -1.6666666666666667
  },
  "B1F1In1N1O1": {
    "B": 3.0,
    "F": -1.0,
    "In": 3.0,
    "N": -3.0,
    "O": -2.0
  },
  "Cu2N1O2": {
    "Cu": 1.5,
    "N": 1.0,
    "O": -2.0
  },
  "F1Ir2O2": null,
  "Cs1Mn1O2S1": {
    "Cs": 1.0,
    "Mn": 4.0,
    "O": -2.0,
    "S": -1.0
  },
  "Ge1O3Ti1": {
    "Ge": 4.0,
    "O": -2.0,
    "Ti": 2.0
  },
  "Ga1N1O2Rh1": {
    "Ga": 3.0,
    "N": -3.0,
    "O": -2.0,
    "Rh": 4.0
  },
  "F1Mg1N1Nb1O1": {
    "F": -1.0,
    "Mg": 2.0,
    "N": -3.0,
    "Nb": 4.0,
    "O": -2.0
  },
  "F1Li1N1O1Pt1": {
    "F": -1.0,
    "Li": 1.0,
    "N": -3.0,
    "O": -2.0,
    "Pt": 5.0
  },
  "Ag1Bi1N2O1": {
    "Ag": 3.0,
    "Bi": 5.0,
    "N": -3.0,
    "O": -2.0
  },
  "In1N2O1Zn1": {
    "In": 2.0,
    "N": -1.0,
    "O": -2.0,
    "Zn": 2.0
  },
  "N3Sc1Y1": {
    "N": -1.6666666666666667,
    "Sc": 2.0,
    "Y": 3.0
  },
  "Cd1F1O2Pt1": null,
  "Hg1N3Os1": {
    "Hg": 2.0,
    "N": -3.0,
    "Os": 7.0
  },
  "Cu1N1O2Zr1": {
    "Cu": 3.0,
    "N": -3.0,
    "O": -2.0,
    "Zr": 4.0
  },
  "Al1F1N1O1Pd1": {
    "Al": 3.0,
    "F": -1.0,
    "N": -2.0,
    "O": -2.0,
    "Pd": 2.0
  },
  "F1O2Ti1Zr1": {
    "F": -1.0,
    "O": -2.0,
    "Ti": 3.0,
    "Zr": 2.0
  },
  "O2S1Sc2": {
    "O": -2.0,
    "S": -2.0,
    "Sc": 3.0
  },
  "La1O2S1Ti1": {
    "La": 3.0,
    "O": -2.0,
    "S": -2.0,
    "Ti": 3.0
  },
  "Hf1La1N1O2": {
    "Hf": 4.0,
    "La": 3.0,
    "N": -3.0,
    "O": -2.0
  },
  "K1N2O1Pb1": {
    "K": 1.0,
    "N": -0.5,
    "O": -2.0,
    "Pb": 2.0
  },
  "N1O2Os1Pd1": {
    "N": -3.0,
    "O": -2.0,
    "Os": 5.0,
    "Pd": 2.0
  },
  "Ba1F1O2Pt1": null,
  "Mg1Na1O3": null,
  "Cd1F1Na1O2": null,
  "Be1F1N1O1V1": {
    "Be": 2.0,
    "F": -1.0,
    "N": -3.0,
    "O": -2.0,
    "V": 4.0
  },
  "Ba1O2S1W1": {
    "Ba": 2.0,
    "O": -2.0,
    "S": -2.0,
    "W": 4.0
  },
  "Ga1N3Si1": {
    "Ga": 3.0,
    "N": -2.3333333333333335,
    "Si": 4.0
  },
  "Fe1Na1O2S1": null,
  "F1Ir1O2Sb1": null,
  "Cu1F1O2Sr1": {
    "Cu": 3.0,
    "F": -1.0,
    "O": -2.0,
    "Sr": 2.0
  },
  "O2Pb1S1V1": {
    "O": -2.0,
    "Pb": 2.0,
    "S": -2.0,
    "V": 4.0
  },
  "Al1N1O2Si1": {
    "Al": 3.0,
    "N": -3.0,
    "O": -2.0,
    "Si": 4.0
  },
  "Cu1O3Zn1": null,
  "N2O1Os1Sc1": {
    "N": -3.0,
    "O": -2.0,
    "Os": 5.0,
    "Sc": 3.0
  },
  "Ba1Hg1O3": null,
  "Ga1N3Pd1": {
    "Ga": 3.0,
    "N": -1.6666666666666667,
    "Pd": 2.0
  },
  "In1N1O2Ta1": {
    "In": 3.0,
    "N": -3.0,
    "O": -2.0,
    "Ta": 4.0
  },
  "Al1N3Ru1": {
    "Al": 3.0,
    "N": -3.0,
    "Ru": 6.0
  },
  "Cu1K1O3": null,
  "In1Ir1N2O1": {
    "In": 3.0,
    "Ir": 5.0,
    "N": -3.0,
    "O": -2.0
  },
  "Au1O2S1W1": {
    "Au": 1.0,
    "O": -2.0,
    "S": -2.0,
    "W": 5.0
  },
  "Hg1In1N2O1": {
    "Hg": 2.0,
    "In": 2.0,
    "N": -1.0,
    "O": -2.0
  },
  "F1N1O1Sc1Ta1": {
    "F": -1.0,
    "N": -3.0,
    "O": -2.0,
    "Sc": 3.0,
    "Ta": 3.0
  },
  "Al1F1N1O1Ti1": {
    "Al": 3.0,
    "F": -1.0,
    "N": -3.0,
    "O": -2.0,
    "Ti": 3.0
  },
  "O2S1Ti1Zr1": {
    "O": -2.0,
    "S": -2.0,
    "Ti": 4.0,
    "Zr": 2.0
  },
  "Au1Mo1N2O1": {
    "Au": 2.0,
    "Mo": 6.0,
    "N": -3.0,
    "O": -2.0
  },
  "B1N3Re1": {
    "B": 3.0,
    "N": -3.0,
    "Re": 6.0
  },
  "Cd1Ga1N1O2": {
    "Cd": 2.0,
    "Ga": 3.0,
    "N": -1.0,
    "O": -2.0
  },
  "Co1F1O2Sn1": {
    "Co": 1.0,
    "F": -1.0,
    "O": -2.0,
    "Sn": 4.0
  },
  "Ca1Cs1F1O2": null,
  "Ni1O3Re1": {
    "Ni": 2.0,
    "O": -2.0,
    "Re": 4.0
  },
  "Cr1O2Pd1S1": {
    "Cr": 4.0,
    "O": -2.0,
    "Pd": 2.0,
    "S": -2.0
  },
  "F1Hg1N1O1Y1": {
    "F": -1.0,
    "Hg": 2.0,
    "N": -2.0,
    "O": -2.0,
    "Y": 3.0
  },
  "F1Mn1N1Ni1O1": {
    "F": -1.0,
    "Mn": 2.0,
    "N": -3.0,
    "Ni": 4.0,
    "O": -2.0
  },
  "In1N2O1Tl1": {
    "In": 3.0,
    "N": -1.0,
    "O": -2.0,
    "Tl": 1.0
  },
  "F1La2O2": {
    "F": -1.0,
    "La": 2.5,
    "O": -2.0
  },
  "B1F1K1O2": null,
  "O3Ru1Si1": {
    "O": -2.0,
    "Ru": 2.0,
    "Si": 4.0
  },
  "F1In1Mg1N1O1": {
    "F": -1.0,
    "In": 3.0,
    "Mg": 2.0,
    "N": -2.0,
    "O": -2.0
  },
  "O2S1Sb2": {
    "O": -2.0,
    "S": -2.0,
    "Sb": 3.0
  },
  "F1N1O1Sc1Si1": {
    "F": -1.0,
    "N": -3.0,
    "O": -2.0,
    "Sc": 2.0,
    "Si": 4.0
  },
  "Ag1N3Re1": {
    "Ag": 2.0,
    "N": -3.0,
    "Re": 7.0
  },
  "Be1F1O2Sc1": {
    "Be": 2.0,
    "F": -1.0,
    "O": -2.0,
    "Sc": 3.0
  },
  "Ca1F1O2Ta1": {
    "Ca": 2.0,
    "F": -1.0,
    "O": -2.0,
    "Ta": 3.0
  },
  "N2O1Ta1Ti1": {
    "N": -3.0,
    "O": -2.0,
    "Ta": 4.0,
    "Ti": 4.0
  },
  "F1Li1O2Ti1": {
    "F": -1.0,
    "Li": 1.0,
    "O": -2.0,
    "Ti": 4.0
  },
  "N1Ni1O2Zr1": {
    "N": -3.0,
    "Ni": 3.0,
    "O": -2.0,
    "Zr": 4.0
  },
  "Au1F1N1O1Pt1": {
    "Au": 1.0,
    "F": -1.0,
    "N": -3.0,
    "O": -2.0,
    "Pt": 5.0
  },
  "F1In1O2Y1": {
    "F": -1.0,
    "In": 2.0,
    "O": -2.0,
    "Y": 3.0
  },
  "Mo1N3Tl1": {
    "Mo": 6.0,
    "N": -3.0,
    "Tl": 3.0
  },
  "F1La1O2Zr1": {
    "F": -1.0,
    "La": 3.0,
    "O": -2.0,
    "Zr": 2.0
  },
  "Cu1N3Ta1": {
    "Cu": 2.0,
    "N": -2.3333333333333335,
    "Ta": 5.0
  },
  "F1Na1Ni1O2": {
    "F": -1.0,
    "Na": 1.0,
    "Ni": 4.0,
    "O": -2.0
  },
  "F1N1O1Sb2": {
    "F": -1.0,
    "N": -3.0,
    "O": -2.0,
    "Sb": 3.0
  },
  "N1O2Pb1Si1": {
    "N": -2.0,
    "O": -2.0,
    "Pb": 2.0,
    "Si": 4.0
  },
  "In1N2O1Ru1": {
    "In": 3.0,
    "N": -3.0,
    "O": -2.0,
    "Ru": 5.0
  },
  "Co1F1O2Ru1": {
    "Co": 2.0,
    "F": -1.0,
    "O": -2.0,
    "Ru": 3.0
  },
  "F1Mo1Nb1O2": {
    "F": -1.0,
    "Mo": 3.0,
    "Nb": 2.0,
    "O": -2.0
  },
  "Cd1F1O2Sn1": {
    "Cd": 2.0,
    "F": -1.0,
    "O": -2.0,
    "Sn": 3.0
  },
  "La1N3Tl1": {
    "La": 2.0,
    "N": -1.0,
    "Tl": 1.0
  },
  "Nb1O2S1Tl1": {
    "Nb": 5.0,
    "O": -2.0,
    "S": -2.0,
    "Tl": 1.0
  },
  "N2O1Os1Pb1": {
    "N": -3.0,
    "O": -2.0,
    "Os": 6.0,
    "Pb": 2.0
  },
  "Ba1N2O1Ta1": {
    "Ba": 2.0,
    "N": -2.5,
    "O": -2.0,
    "Ta": 5.0
  },
  "B2F1O2": null,
  "In2N3": {
    "In": 2.5,
    "N": -1.6666666666666667
  },
  "Co1F1O2Si1": {
    "Co": 1.0,
    "F": -1.0,
    "O": -2.0,
    "Si": 4.0
  },
  "In1O3Os1": {
    "In": 3.0,
    "O": -2.0,
    "Os": 3.0
  },
  "F1Ge1O2Ti1": {
    "F": -1.0,
    "Ge": 2.0,
    "O": -2.0,
    "Ti": 3.0
  },
  "Be1Hg1O3": null,
  "Be1N3Rh1": {
    "Be": 2.0,
    "N": -1.6666666666666667,
    "Rh": 3.0
  },
  "F1N1O1Sn1Zn1": {
    "F": -1.0,
    "N": -3.0,
    "O": -2.0,
    "Sn": 4.0,
    "Zn": 2.0
  },
  "Mg1O2S1Sr1": null,
  "La1Mn1N2O1": {
    "La": 3.0,
    "Mn": 3.0,
    "N": -2.0,
    "O": -2.0
  },
  "Ca2O3": null,
  "B2F1N1O1": {
    "B": 3.0,
    "F": -1.0,
    "N": -3.0,
    "O": -2.0
  },
  "Co1F1N1O1Te1": {
    "Co": 2.0,
    "F": -1.0,
    "N": -3.0,
    "O": -2.0,
    "Te": 4.0
  },
  "Cu1N3Sc1": {
    "Cu": 2.0,
    "N": -1.6666666666666667,
    "Sc": 3.0
  },
  "Li1N1O2Sb1": {
    "Li": 1.0,
    "N": -2.0,
    "O": -2.0,
    "Sb": 5.0
  },
  "Cd1N3Sr1": {
    "Cd": 2.0,
    "N": -1.3333333333333333,
    "Sr": 2.0
  },
  "F1Hf1N1O1Si1": {
    "F": -1.0,
    "Hf": 4.0,
    "N": 3.0,
    "O": -2.0,
    "Si": -4.0
  },
  "F1Mn1O2Re1": {
    "F": -1.0,
    "Mn": 2.0,
    "O": -2.0,
    "Re": 3.0
  },
  "F1Ge1N1O1Ti1": {
    "F": -1.0,
    "Ge": 4.0,
    "N": -3.0,
    "O": -2.0,
    "Ti": 2.0
  },
  "Co1F1Ni1O2": {
    "Co": 3.0,
    "F": -1.0,
    "Ni": 2.0,
    "O": -2.0
  },
  "Cr1F1N1O1Rb1": {
    "Cr": 5.0,
    "F": -1.0,
    "N": -3.0,
    "O": -2.0,
    "Rb": 1.0
  },
  "Cu1F1La1N1O1": {
    "Cu": 3.0,
    "F": -1.0,
    "La": 3.0,
    "N": -3.0,
    "O": -2.0
  },
  "Ca2N1O2": null,
  "N3Te1V1": {
    "N": -3.0,
    "Te": 4.0,
    "V": 5.0
  },
  "Cr1Mo1O2S1": {
    "Cr": 3.0,
    "Mo": 3.0,
    "O": -2.0,
    "S": -2.0
  },
  "F1O2Pb1Te1": null,
  "F1O2Sr1Te1": null,
  "Fe2O2S1": {
    "Fe": 3.0,
    "O": -2.0,
    "S": -2.0
  },
  "Cr1N1O2V1": {
    "Cr": 2.0,
    "N": -3.0,
    "O": -2.0,
    "V": 5.0
  },
  "La1O3Si1": {
    "La": 2.0,
    "O": -2.0,
    "Si": 4.0
  },
  "Au1Ca1F1N1O1": {
    "Au": 2.0,
    "Ca": 2.0,
    "F": -1.0,
    "N": -1.0,
    "O": -2.0
  },
  "Ga1N2O1Ti1": {
    "Ga": 3.0,
    "N": -2.5,
    "O": -2.0,
    "Ti": 4.0
  },
  "F1N1O1Os1Sr1": {
    "F": -1.0,
    "N": -3.0,
    "O": -2.0,
    "Os": 4.0,
    "Sr": 2.0
  },
  "F1N1O1Sr2": {
    "F": -1.0,
    "N": -1.0,
    "O": -2.0,
    "Sr": 2.0
  },
  "Ge2N2O1": {
    "Ge": 4.0,
    "N": -3.0,
    "O": -2.0
  },
  "Al1B1F1O2": null,
  "K1N2O1W1": {
    "K": 1.0,
    "N": -2.5,
    "O": -2.0,
    "W": 6.0
  },
  "As1F1O2Sb1": {
    "As": 2.0,
    "F": -1.0,
    "O": -2.0,
    "Sb": 3.0
  },
  "Li1N3Rb1": {
    "Li": 1.0,
    "N": -0.6666666666666666,
    "Rb": 1.0
  },
  "Al2N1O2": {
    "Al": 3.0,
    "N": -2.0,
    "O": -2.0
  },
  "Hf1O3Ru1": {
    "Hf": 4.0,
    "O": -2.0,
    "Ru": 2.0
  },
  "K1O2Os1S1": {
    "K": 1.0,
    "O": -2.0,
    "Os": 5.0,
    "S": -2.0
  },
  "As1N1O2Ru1": {
    "As": 5.0,
    "N": -3.0,
    "O": -2.0,
    "Ru": 2.0
  },
  "Ca1Co1O3": {
    "Ca": 2.0,
    "Co": 4.0,
    "O": -2.0
  },
  "F1O2Pd1W1": {
    "F": -1.0,
    "O": -2.0,
    "Pd": 2.0,
    "W": 3.0
  },
  "Bi1F1K1O2": null,
  "F1N1O1Pt1Re1": {
    "F": -1.0,
    "N": -3.0,
    "O": -2.0,
    "Pt": 2.0,
    "Re": 4.0
  },
  "B2N3": {
    "B": 3.0,
    "N": -2.0
  },
  "Ca1F1Ir1O2": {
    "Ca": 2.0,
    "F": -1.0,
    "Ir": 3.0,
    "O": -2.0
  },
  "Hg1Li1N2O1": {
    "Hg": 1.0,
    "Li": 1.0,
    "N": 0.0,
    "O": -2.0
  },
  "Hg1Mo1O3": {
    "Hg": 2.0,
    "Mo": 4.0,
    "O": -2.0
  },
  "Ni2O2S1": {
    "Ni": 3.0,
    "O": -2.0,
    "S": -2.0
  },
  "Ir1N3V1": {
    "Ir": 4.0,
    "N": -3.0,
    "V": 5.0
  },
  "Ga1N3Sr1": {
    "Ga": 3.0,
    "N": -1.6666666666666667,
    "Sr": 2.0
  },
  "Al1Co1O3": {
    "Al": 3.0,
    "Co": 3.0,
    "O": -2.0
  },
  "Cu1N2Ni1O1": {
    "Cu": 2.0,
    "N": -1.0,
    "Ni": 2.0,
    "O": -2.0
  },
  "Au1F1Ge1N1O1": {
    "Au": 2.0,
    "F": -1.0,
    "Ge": 4.0,
    "N": -3.0,
    "O": -2.0
  },
  "Cd1Mo1N3": {
    "Cd": 2.0,
    "Mo": 6.0,
    "N": -2.6666666666666665
  },
  "Ir1N1Na1O2": {
    "Ir": 4.0,
    "N": -1.0,
    "Na": 1.0,
    "O": -2.0
  },
  "Bi1Mo1N2O1": {
    "Bi": 3.0,
    "Mo": 5.0,
    "N": -3.0,
    "O": -2.0
  },
  "Al1N2O1Sn1": {
    "Al": 3.0,
    "N": -2.5,
    "O": -2.0,
    "Sn": 4.0
  },
  "O3Rb1Sc1": null,
  "F1N1O1Rb1Ru1": {
    "F": -1.0,
    "N": -3.0,
    "O": -2.0,
    "Rb": 1.0,
    "Ru": 5.0
  },
  "Fe1N1O2Sb1": {
    "Fe": 2.0,
    "N": -3.0,
    "O": -2.0,
    "Sb": 5.0
  },
  "Fe1N1O2Rb1": {
    "Fe": 2.0,
    "N": 1.0,
    "O": -2.0,
    "Rb": 1.0
  },
  "K2N1O2": null,
  "N3Rh1Ta1": {
    "N": -3.0,
    "Rh": 4.0,
    "Ta": 5.0
  },
  "F1Ni1O2Te1": {
    "F": -1.0,
    "Ni": 1.0,
    "O": -2.0,
    "Te": 4.0
  },
  "La1O3Ta1": {
    "La": 3.0,
    "O": -2.0,
    "Ta": 3.0
  },
  "N1O2Ta1V1": {
    "N": -3.0,
    "O": -2.0,
    "Ta": 5.0,
    "V": 2.0
  },
  "Cr1Ge1N1O2": {
    "Cr": 3.0,
    "Ge": 4.0,
    "N": -3.0,
    "O": -2.0
  },
  "F1La1N1O1Os1": {
    "F": -1.0,
    "La": 3.0,
    "N": -3.0,
    "O": -2.0,
    "Os": 3.0
  },
  "Hg1O2Ru1S1": {
    "Hg": 2.0,
    "O": -2.0,
    "Ru": 4.0,
    "S": -2.0
  },
  "F1K1O2Tl1": null,
  "N1O2Os1Zr1": {
    "N": -3.0,
    "O": -2.0,
    "Os": 3.0,
    "Zr": 4.0
  },
  "F1Mo1N1Ni1O1": {
    "F": -1.0,
    "Mo": 4.0,
    "N": -3.0,
    "Ni": 2.0,
    "O": -2.0
  },
  "Co1Cr1F1O2": {
    "Co": 2.0,
    "Cr": 3.0,
    "F": -1.0,
    "O": -2.0
  },
  "Cd1N3Re1": {
    "Cd": 2.0,
    "N": -3.0,
    "Re": 7.0
  },
  "F1O2Pd1Sr1": null,
  "Ba1O3Rb1": null,
  "N1Na1O2Zr1": {
    "N": -1.0,
    "Na": 1.0,
    "O": -2.0,
    "Zr": 4.0
  },
  "Au1Cr1O2S1": {
    "Au": 3.0,
    "Cr": 3.0,
    "O": -2.0,
    "S": -2.0
  },
  "Ca1N2O1Si1": {
    "Ca": 2.0,
    "N": -2.0,
    "O": -2.0,
    "Si": 4.0
  },
  "F1Ir1O2Pt1": {
    "F": -1.0,
    "Ir": 3.0,
    "O": -2.0,
    "Pt": 2.0
  },
  "F1Mo1Ni1O2": {
    "F": -1.0,
    "Mo": 3.0,
    "Ni": 2.0,
    "O": -2.0
  },
  "Mn1N2O1Sc1": {
    "Mn": 2.0,
    "N": -1.0,
    "O": -2.0,
    "Sc": 2.0
  },
  "F1N1O1Pd1Sr1": {
    "F": -1.0,
    "N": -3.0,
    "O": -2.0,
    "Pd": 4.0,
    "Sr": 2.0
  },
  "O2S1W2": {
    "O": -2.0,
    "S": -2.0,
    "W": 3.0
  },
  "K1N2O1Sb1": {
    "K": 1.0,
    "N": -1.0,
    "O": -2.0,
    "Sb": 3.0
  },
  "Na1O2Pb1S1": {
    "Na": 1.0,
    "O": -2.0,
    "Pb": 4.0,
    "S": -1.0
  },
  "Fe1Ni1O3": {
    "Fe": 3.0,
    "Ni": 3.0,
    "O": -2.0
  },
  "Cd1Ge1N3": {
    "Cd": 2.0,
    "Ge": 3.0,
    "N": -1.6666666666666667
  },
  "In1O2S1Si1": {
    "In": 2.0,
    "O": -2.0,
    "S": -2.0,
    "Si": 4.0
  },
  "F1N1O1Ru1Sn1": {
    "F": -1.0,
    "N": -3.0,
    "O": -2.0,
    "Ru": 2.0,
    "Sn": 4.0
  },
  "Be1La1O3": null,
  "O3Rb1Sr1": null,
  "F1O2W2": {
    "F": -1.0,
    "O": -2.0,
    "W": 2.5
  },
  "N2O1Zn2": {
    "N": -1.0,
    "O": -2.0,
    "Zn": 2.0
  },
  "Ag1Be1O2S1": {
    "Ag": 3.0,
    "Be": 2.0,
    "O": -2.0,
    "S": -1.0
  },
  "Bi1Ga1O3": {
    "Bi": 3.0,
    "Ga": 3.0,
    "O": -2.0
  },
  "Ba2F1O2": null,
  "F1Ir1O2Os1": {
    "F": -1.0,
    "Ir": 4.0,
    "O": -2.0,
    "Os": 1.0
  },
  "Be1In1O2S1": {
    "Be": 2.0,
    "In": 3.0,
    "O": -2.0,
    "S": -1.0
  },
  "La1O3Pb1": {
    "La": 2.0,
    "O": -2.0,
    "Pb": 4.0
  },
  "N3Nb1Rh1": {
    "N": -3.0,
    "Nb": 5.0,
    "Rh": 4.0
  },
  "F1Ir1N1O1Rh1": {
    "F": -1.0,
    "Ir": 3.0,
    "N": -3.0,
    "O": -2.0,
    "Rh": 3.0
  },
  "F1Hg2N1O1": {
    "F": -1.0,
    "Hg": 2.0,
    "N": -1.0,
    "O": -2.0
  },
  "N1Ni1O2Re1": {
    "N": -3.0,
    "Ni": 2.0,
    "O": -2.0,
    "Re": 5.0
  },
  "F1Mo1N1O1Pt1": {
    "F": -1.0,
    "Mo": 4.0,
    "N": -3.0,
    "O": -2.0,
    "Pt": 2.0
  },
  "O3Tl1Y1": {
    "O": -2.0,
    "Tl": 3.0,
    "Y": 3.0
  },
  "Ag1B1N2O1": {
    "Ag": 1.0,
    "B": 3.0,
    "N": -1.0,
    "O": -2.0
  },
  "F1N1Na1O1Pt1": {
    "F": -1.0,
    "N": -3.0,
    "Na": 1.0,
    "O": -2.0,
    "Pt": 5.0
  },
  "Bi1In1N1O2": {
    "Bi": 5.0,
    "In": 2.0,
    "N": -3.0,
    "O": -2.0
  },
  "Ir2N2O1": {
    "Ir": 4.0,
    "N": -3.0,
    "O": -2.0
  },
  "F1La1N1O1Tl1": {
    "F": -1.0,
    "La": 3.0,
    "N": -3.0,
    "O": -2.0,
    "Tl": 3.0
  },
  "F1N1O1Pt2": {
    "F": -1.0,
    "N": -3.0,
    "O": -2.0,
    "Pt": 3.0
  },
  "F1In2O2": {
    "F": -1.0,
    "In": 2.5,
    "O": -2.0
  },
  "Cd1Mo1N1O2": {
    "Cd": 2.0,
    "Mo": 5.0,
    "N": -3.0,
    "O": -2.0
  },
  "O3Si2": null,
  "Hg1O3Tl1": null,
  "Ir1Ni1O2S1": {
    "Ir": 4.0,
    "Ni": 2.0,
    "O": -2.0,
    "S": -2.0
  },
  "N1O2Rb1Y1": null,
  "F1Hg1O2Zn1": null,
  "N2Na1O1Ta1": {
    "N": -2.0,
    "Na": 1.0,
    "O": -2.0,
    "Ta": 5.0
  },
  "B1F1O2Os1": {
    "B": 3.0,
    "F": -1.0,
    "O": -2.0,
    "Os": 2.0
  },
  "In1O2Rb1S1": {
    "In": 1.0,
    "O": -2.0,
    "Rb": 1.0,
    "S": 2.0
  },
  "O2Pt2S1": {
    "O": -2.0,
    "Pt": 3.0,
    "S": -2.0
  },
  "Bi1O3Ta1": {
    "Bi": 3.0,
    "O": -2.0,
    "Ta": 3.0
  },
  "Li1N3Sc1": {
    "Li": 1.0,
    "N": -1.0,
    "Sc": 2.0
  },
  "Au1F1Mg1O2": {
    "Au": 3.0,
    "F": -1.0,
    "Mg": 2.0,
    "O": -2.0
  },
  "Cu1F1Ge1O2": {
    "Cu": 1.0,
    "F": -1.0,
    "Ge": 4.0,
    "O": -2.0
  },
  "Cs1F1N1O1Re1": {
    "Cs": 1.0,
    "F": -1.0,
    "N": -3.0,
    "O": -2.0,
    "Re": 5.0
  },
  "Cs1La1N1O2": {
    "Cs": 1.0,
    "La": 2.0,
    "N": 1.0,
    "O": -2.0
  },
  "N1O2Re2": {
    "N": -3.0,
    "O": -2.0,
    "Re": 3.5
  },
  "K1La1N1O2": {
    "K": 1.0,
    "La": 2.0,
    "N": 1.0,
    "O": -2.0
  },
  "F1In1N1O1Rh1": {
    "F": -1.0,
    "In": 3.0,
    "N": -3.0,
    "O": -2.0,
    "Rh": 3.0
  },
  "Mo1N1O2Ta1": {
    "Mo": 2.0,
    "N": -3.0,
    "O": -2.0,
    "Ta": 5.0
  },
  "F1Fe1O2Zr1": {
    "F": -1.0,
    "Fe": 3.0,
    "O": -2.0,
    "Zr": 2.0
  },
  "As1O3Pd1": {
    "As": 2.0,
    "O": -2.0,
    "Pd": 4.0
  },
  "F1N1Ni1O1Ru1": {
    "F": -1.0,
    "N": -3.0,
    "Ni": 2.0,
    "O": -2.0,
    "Ru": 4.0
  },
  "Mo1N3Y1": {
    "Mo": 6.0,
    "N": -3.0,
    "Y": 3.0
  },
  "Cr1Ir1N2O1": {
    "Cr": 3.0,
    "Ir": 5.0,
    "N": -3.0,
    "O": -2.0
  },
  "N3Sc2": {
    "N": -1.6666666666666667,
    "Sc": 2.5
  },
  "Fe1N1Nb1O2": {
    "Fe": 2.0,
    "N": -3.0,
    "Nb": 5.0,
    "O": -2.0
  },
  "N3Pb2": {
    "N": -2.6666666666666665,
    "Pb": 4.0
  },
  "F1N1O1Re1Ti1": {
    "F": -1.0,
    "N": -3.0,
    "O": -2.0,
    "Re": 3.0,
    "Ti": 3.0
  },
  "F1N1O1Pd2": {
    "F": -1.0,
    "N": -3.0,
    "O": -2.0,
    "Pd": 3.0
  },
  "Ir1N1O2Ti1": {
    "Ir": 3.0,
    "N": -3.0,
    "O": -2.0,
    "Ti": 4.0
  },
  "N2Nb1O1Re1": {
    "N": -3.0,
    "Nb": 5.0,
    "O": -2.0,
    "Re": 3.0
  },
  "F1O2Rb1Zn1": null,
  "Au1O3Sr1": null,
  "Cs1F1N1Nb1O1": {
    "Cs": 1.0,
    "F": -1.0,
    "N": -3.0,
    "Nb": 5.0,
    "O": -2.0
  },
  "Ag1Al1F1N1O1": {
    "Ag": 3.0,
    "Al": 3.0,
    "F": -1.0,
    "N": -3.0,
    "O": -2.0
  },
  "Fe1O3Sc1": {
    "Fe": 3.0,
    "O": -2.0,
    "Sc": 3.0
  },
  "Al1Mo1O2S1": {
    "Al": 3.0,
    "Mo": 3.0,
    "O": -2.0,
    "S": -2.0
  },
  "La1O3Sb1": {
    "La": 3.0,
    "O": -2.0,
    "Sb": 3.0
  },
  "O2Rb1Rh1S1": {
    "O": -2.0,
    "Rb": 1.0,
    "Rh": 4.0,
    "S": -1.0
  },
  "Ag1Al1F1O2": {
    "Ag": 2.0,
    "Al": 3.0,
    "F": -1.0,
    "O": -2.0
  },
  "F1Ga2N1O1": {
    "F": -1.0,
    "Ga": 3.0,
    "N": -3.0,
    "O": -2.0
  },
  "Ir2N1O2": {
    "Ir": 3.5,
    "N": -3.0,
    "O": -2.0
  },
  "Ge1O2S1Sn1": {
    "Ge": 4.0,
    "O": -2.0,
    "S": -2.0,
    "Sn": 2.0
  },
  "Hf1N2Na1O1": {
    "Hf": 4.0,
    "N": -1.5,
    "Na": 1.0,
    "O": -2.0
  },
  "F1Hf1In1O2": {
    "F": -1.0,
    "Hf": 4.0,
    "In": 1.0,
    "O": -2.0
  },
  "F1N1O1Rh1Ta1": {
    "F": -1.0,
    "N": -3.0,
    "O": -2.0,
    "Rh": 3.0,
    "Ta": 3.0
  },
  "Au1O2Re1S1": {
    "Au": -1.0,
    "O": -2.0,
    "Re": 7.0,
    "S": -2.0
  },
  "Ba1Mg1N2O1": {
    "Ba": 2.0,
    "Mg": 2.0,
    "N": -1.0,
    "O": -2.0
  },
  "Hg1N3Tl1": {
    "Hg": 2.0,
    "N": -1.0,
    "Tl": 1.0
  },
  "Ag2O2S1": {
    "Ag": 3.0,
    "O": -2.0,
    "S": -2.0
  },
  "N1Na1O2Ta1": {
    "N": -2.0,
    "Na": 1.0,
    "O": -2.0,
    "Ta": 5.0
  },
  "Au1F1N1O1Re1": {
    "Au": -1.0,
    "F": -1.0,
    "N": -3.0,
    "O": -2.0,
    "Re": 7.0
  },
  "N3Pd2": {
    "N": -2.6666666666666665,
    "Pd": 4.0
  },
  "Cu2O2S1": {
    "Cu": 3.0,
    "O": -2.0,
    "S": -2.0
  },
  "Bi2F1O2": {
    "Bi": 2.5,
    "F": -1.0,
    "O": -2.0
  },
  "Au1F1O2Re1": {
    "Au": 2.0,
    "F": -1.0,
    "O": -2.0,
    "Re": 3.0
  },
  "F1Li1O2Ta1": {
    "F": -1.0,
    "Li": 1.0,
    "O": -2.0,
    "Ta": 4.0
  },
  "F1Mg1O2Ti1": {
    "F": -1.0,
    "Mg": 2.0,
    "O": -2.0,
    "Ti": 3.0
  },
  "F1N1O1Sr1Ti1": {
    "F": -1.0,
    "N": -3.0,
    "O": -2.0,
    "Sr": 2.0,
    "Ti": 4.0
  },
  "N2O1Re2": {
    "N": -3.0,
    "O": -2.0,
    "Re": 4.0
  },
  "O3Sr1Zn1": null,
  "F1O2Pb1Ti1": {
    "F": -1.0,
    "O": -2.0,
    "Pb": 2.0,
    "Ti": 3.0
  },
  "F1Mo2N1O1": {
    "F": -1.0,
    "Mo": 3.0,
    "N": -3.0,
    "O": -2.0
  },
  "O3Ta2": {
    "O": -2.0,
    "Ta": 3.0
  },
  "Be2N2O1": {
    "Be": 2.0,
    "N": -1.0,
    "O": -2.0
  },
  "Cr1Ge1N3": {
    "Cr": 5.0,
    "Ge": 4.0,
    "N": -3.0
  },
  "Bi2N3": {
    "Bi": 4.0,
    "N": -2.6666666666666665
  },
  "Hf1O3Sc1": {
    "Hf": 4.0,
    "O": -2.0,
    "Sc": 2.0
  },
  "Ir1N1O2Zr1": {
    "Ir": 3.0,
    "N": -3.0,
    "O": -2.0,
    "Zr": 4.0
  },
  "B1F1O2Y1": null,
  "Hg1O2Os1S1": {
    "Hg": 2.0,
    "O": -2.0,
    "Os": 4.0,
    "S": -2.0
  },
  "Ca1In1O3": null,
  "Al1N2O1V1": {
    "Al": 3.0,
    "N": -3.0,
    "O": -2.0,
    "V": 5.0
  },
  "Cr1Ge1O3": {
    "Cr": 2.0,
    "Ge": 4.0,
    "O": -2.0
  },
  "As1Cu1F1O2": {
    "As": 3.0,
    "Cu": 2.0,
    "F": -1.0,
    "O": -2.0
  },
  "Ni1O3Zr1": {
    "Ni": 2.0,
    "O": -2.0,
    "Zr": 4.0
  },
  "Be1N2O1Sc1": {
    "Be": 2.0,
    "N": -1.0,
    "O": -2.0,
    "Sc": 2.0
  },
  "Ag1N1O2V1": {
    "Ag": 2.0,
    "N": -3.0,
    "O": -2.0,
    "V": 5.0
  },
  "Be1F1N1O1Pb1": {
    "Be": 2.0,
    "F": -1.0,
    "N": -3.0,
    "O": -2.0,
    "Pb": 4.0
  },
  "O3Sc2": {
    "O": -2.0,
    "Sc": 3.0
  },
  "F1Hg1N1O1V1": {
    "F": -1.0,
    "Hg": 2.0,
    "N": -3.0,
    "O": -2.0,
    "V": 4.0
  },
  "Co1F1Ga1N1O1": {
    "Co": 3.0,
    "F": -1.0,
    "Ga": 3.0,
    "N": -3.0,
    "O": -2.0
  },
  "Ba1Ga1O3": null,
  "N2O1Re1Tl1": {
    "N": -3.0,
    "O": -2.0,
    "Re": 7.0,
    "Tl": 1.0
  },
  "Ag1Ga1N2O1": {
    "Ag": 1.0,
    "Ga": 3.0,
    "N": -1.0,
    "O": -2.0
  },
  "F1N1O1Ta2": {
    "F": -1.0,
    "N": -3.0,
    "O": -2.0,
    "Ta": 3.0
  },
  "Be2N3": {
    "Be": 2.0,
    "N": -1.3333333333333333
  },
  "Fe1N3Sc1": {
    "Fe": 2.0,
    "N": -1.6666666666666667,
    "Sc": 3.0
  },
  "Cd2O2S1": null,
  "Hf1N3Si1": {
    "Hf": 4.0,
    "N": -2.6666666666666665,
    "Si": 4.0
  },
  "F1Hf1O2Rb1": {
    "F": -1.0,
    "Hf": 4.0,
    "O": -2.0,
    "Rb": 1.0
  },
  "Ba2N2O1": {
    "Ba": 2.0,
    "N": -1.0,
    "O": -2.0
  },
  "Cd1N3Ti1": {
    "Cd": 2.0,
    "N": -1.6666666666666667,
    "Ti": 3.0
  },
  "K2O3": null,
  "N1O2Sr2": null,
  "Cu1Li1N2O1": {
    "Cu": 1.0,
    "Li": 1.0,
    "N": 0.0,
    "O": -2.0
  },
  "F1Hf1O2Ta1": null,
  "Fe2N1O2": {
    "Fe": 3.0,
    "N": -2.0,
    "O": -2.0
  },
  "Ag1As1N3": {
    "Ag": 1.0,
    "As": 2.0,
    "N": -1.0
  },
  "O2Rh2S1": {
    "O": -2.0,
    "Rh": 3.0,
    "S": -2.0
  },
  "B2N1O2": {
    "B": 3.0,
    "N": -2.0,
    "O": -2.0
  },
  "Ca1Ni1O3": {
    "Ca": 2.0,
    "Ni": 4.0,
    "O": -2.0
  },
  "F1O2Ti1Tl1": {
    "F": -1.0,
    "O": -2.0,
    "Ti": 4.0,
    "Tl": 1.0
  },
  "N2O1V2": {
    "N": -3.0,
    "O": -2.0,
    "V": 4.0
  },
  "N1Ni2O2": {
    "N": -3.0,
    "Ni": 3.5,
    "O": -2.0
  },
  "F1N1O1Os2": {
    "F": -1.0,
    "N": -3.0,
    "O": -2.0,
    "Os": 3.0
  },
  "O2S1Ti1Tl1": {
    "O": -2.0,
    "S": -2.0,
    "Ti": 3.0,
    "Tl": 3.0
  },
  "Ag1F1N1O1Te1": {
    "Ag": 2.0,
    "F": -1.0,
    "N": -3.0,
    "O": -2.0,
    "Te": 4.0
  },
  "N1O2Si1Ti1": {
    "N": -3.0,
    "O": -2.0,
    "Si": 4.0,
    "Ti": 3.0
  },
  "Ir2O3": {
    "Ir": 3.0,
    "O": -2.0
  },
  "Ag1F1N1O1Y1": {
    "Ag": 3.0,
    "F": -1.0,
    "N": -3.0,
    "O": -2.0,
    "Y": 3.0
  },
  "F1Hf2O2": null,
  "Au2N2O1": {
    "Au": 4.0,
    "N": -3.0,
    "O": -2.0
  },
  "Fe2O3": {
    "Fe": 3.0,
    "O": -2.0
  },
  "Mo2O3": {
    "Mo": 3.0,
    "O": -2.0
  },
  "N1O2Zr2": {
    "N": -3.0,
    "O": -2.0,
    "Zr": 3.5
  },
  "F1Ge2N1O1": {
    "F": -1.0,
    "Ge": 3.0,
    "N": -3.0,
    "O": -2.0
  },
  "Fe2N2O1": {
    "Fe": 3.0,
    "N": -2.0,
    "O": -2.0
  },
  "Al1Ca1N3": {
    "Al": 3.0,
    "Ca": 2.0,
    "N": -1.6666666666666667
  },
  "O2S1Sn2": {
    "O": -2.0,
    "S": -2.0,
    "Sn": 3.0
  },
  "Hf2O2S1": null,
  "Cr2N2O1": {
    "Cr": 4.0,
    "N": -3.0,
    "O": -2.0
  }
}