{
  "Ca1Hg1O2": {
    "Ca": 2.0,
    "Hg": 2.0,
    "O": -2.0
  },
  "Li8O16Zr6": {
    "Li": 1.0,
    "O": -2.0,
    "Zr": 4.0
  },
  "As2Au2Na4": {
    "As": -3.0,
    "Au": 1.0,
    "Na": 1.0
  },
  "Cd1Ge1Te4Tl2": {
    "Cd": 2.0,
    "Ge": 4.0,
    "Te": -2.0,
    "Tl": 1.0
  },
  "K2P2S6": {
    "K": 1.0,
    "P": 5.0,
    "S": -2.0
  },
  "K4P6": {
    "K": 1.0,
    "P": -0.6666666666666666
  },
  "Au4O6": {
    "Au": 3.0,
    "O": -2.0
  },
  "Ge2Na4O6": {
    "Ge": 4.0,
    "Na": 1.0,
    "O": -2.0
  },
  "Mg2Sb2Sr1": {
    "Mg": 2.0,
    "Sb": -3.0,
    "Sr": 2.0
  },
  "Au3Rb3Sb2": {
    "Au": -1.0,
    "Rb": 1.0,
    "Sb": 0.0
  },
  "Be2F8K2Pb1": {
    "Be": 2.0,
    "F": -1.0,
    "K": 1.0,
    "Pb": 2.0
  },
  "I1K1": {
    "I": -1.0,
    "K": 1.0
  },
  "As8Zn8": {
    "As": -2.0,
    "Zn": 2.0
  },
  "C3H3O6Tb1": {
    "C": 2.0,
    "H": 1.0,
    "O": -2.0,
    "Tb": 3.0
  },
  "As2Sr1Zn2": {
    "As": -3.0,
    "Sr": 2.0,
    "Zn": 2.0
  },
  "Al4B12Be4Cs1O28": null,
  "Al2Cl8Cu2": {
    "Al": 3.0,
    "Cl": -1.0,
    "Cu": 1.0
  },
  "C2F2K6O6": {
    "C": 4.0,
    "F": -1.0,
    "K": 1.0,
    "O": -2.0
  },
  "Ba1F6Ti1": {
    "Ba": 2.0,
    "F": -1.0,
    "Ti": 4.0
  },
  "Cd1Na4P2": {
    "Cd": 2.0,
    "Na": 1.0,
    "P": -3.0
  },
  "F10P2": {
    "F": -1.0,
    "P": 5.0
  },
  "K1O2Sc1": {
    "K": 1.0,
    "O": -2.0,
    "Sc": 3.0
  },
  "Au1K3O1": {
    "Au": -1.0,
    "K": 1.0,
    "O": -2.0
  },
  "Be2H16O16S2": {
    "Be": 2.0,
    "H": 1.0,
    "O": -2.0,
    "S": 6.0
  },
  "As2Ba4O1": {
    "As": -3.0,
    "Ba": 2.0,
    "O": -2.0
  },
  "Cu1Fe5O8": {
    "Cu": 1.0,
    "Fe": 3.0,
    "O": -2.0
  },
  "Cs1Ga1H1O10P3": {
    "Cs": 1.0,
    "Ga": 3.0,
    "H": 1.0,
    "O": -2.0,
    "P": 5.0
  },
  "Ba2S4": {
    "Ba": 2.0,
    "S": -1.0
  },
  "P8Pt4": {
    "P": 1.0,
    "Pt": -2.0
  },
  "N3O6Rb3": {
    "N": 3.0,
    "O": -2.0,
    "Rb": 1.0
  },
  "Se2Sn1": {
    "Se": -2.0,
    "Sn": 4.0
  },
  "F4Mg1Rb2": {
    "F": -1.0,
    "Mg": 2.0,
    "Rb": 1.0
  },
  "As2F10": {
    "As": 5.0,
    "F": -1.0
  },
  "Cr2Li5O8": {
    "Cr": 5.5,
    "Li": 1.0,
    "O": -2.0
  },
  "N4O6Ti6": {
    "N": -3.0,
    "O": -2.0,
    "Ti": 4.0
  },
  "Ag2K4P2": {
    "Ag": 1.0,
    "K": 1.0,
    "P": -3.0
  },
  "F18Ge3Na6": {
    "F": -1.0,
    "Ge": 4.0,
    "Na": 1.0
  },
  "Bi12Ge1O20": {
    "Bi": 3.0,
    "Ge": 4.0,
    "O": -2.0
  },
  "K4Nb8O34P4Si1": {
    "K": 1.0,
    "Nb": 5.0,
    "O": -2.0,
    "P": 5.0,
    "Si": 4.0
  },
  "Li8O32Ti12Zn4": {
    "Li": 1.0,
    "O": -2.0,
    "Ti": 4.0,
    "Zn": 2.0
  },
  "Al12N4O12": {
    "Al": 3.0,
    "N": -3.0,
    "O": -2.0
  },
  "La1Rb1Se2": {
    "La": 3.0,
    "Rb": 1.0,
    "Se": -2.0
  },
  "F3Hg1Rb1": {
    "F": -1.0,
    "Hg": 2.0,
    "Rb": 1.0
  },
  "Be4H12O20P4": {
    "Be": 2.0,
    "H": 1.0,
    "O": -2.0,
    "P": 5.0
  },
  "Cr3O8": {
    "Cr": 5.333333333333333,
    "O": -2.0
  },
  "Al6Na8O28S1Si6": {
    "Al": 3.0,
    "Na": 1.0,
    "O": -2.0,
    "S": 6.0,
    "Si": 4.0
  },
  "Li1Mn5Na3O9": {
    "Li": 1.0,
    "Mn": 2.8,
    "Na": 1.0,
    "O": -2.0
  },
  "Ba4Cu2Ge4O14": {
    "Ba": 2.0,
    "Cu": 2.0,
    "Ge": 4.0,
    "O": -2.0
  },
  "K6Sb2": {
    "K": 1.0,
    "Sb": -3.0
  },
  "Cu4Er4S8": {
    "Cu": 1.0,
    "Er": 3.0,
    "S": -2.0
  },
  "As8Ba4Zn8": {
    "As": -3.0,
    "Ba": 2.0,
    "Zn": 2.0
  },
  "Al2Te5": {
    "Al": 3.0,
    "Te": -1.2
  },
  "Ba4Ga4La4O16": {
    "Ba": 2.0,
    "Ga": 3.0,
    "La": 3.0,
    "O": -2.0
  },
  "Al2F14Mg2Na4": {
    "Al": 3.0,
    "F": -1.0,
    "Mg": 2.0,
    "Na": 1.0
  },
  "Br14Ga2Se2": {
    "Br": -0.14285714285714285,
    "Ga": 3.0,
    "Se": -2.0
  },
  "F20H12N4P4": {
    "F": -1.0,
    "H": 1.0,
    "N": -3.0,
    "P": 5.0
  },
  "Cl18Er3Li9": {
    "Cl": -1.0,
    "Er": 3.0,
    "Li": 1.0
  },
  "K2O12P4Sr1": {
    "K": 1.0,
    "O": -2.0,
    "P": 5.0,
    "Sr": 2.0
  },
  "Ca8O12Pt2": {
    "Ca": 2.0,
    "O": -2.0,
    "Pt": 4.0
  },
  "Fe1Te1Ti1": null,
  "F8O8S4": {
    "F": -1.0,
    "O": -2.0,
    "S": 6.0
  },
  "Ga1Mo4Se8": {
    "Ga": 3.0,
    "Mo": 3.25,
    "Se": -2.0
  },
  "Li2Na2O14P4Zn2": {
    "Li": 1.0,
    "Na": 1.0,
    "O": -2.0,
    "P": 5.0,
    "Zn": 2.0
  },
  "Cl18Cs5H4N1Te3": {
    "Cl": -1.0,
    "Cs": 1.0,
    "H": 1.0,
    "N": -3.0,
    "Te": 4.0
  },
  "F8K4Na2Nb2O4": {
    "F": -1.0,
    "K": 1.0,
    "Na": 1.0,
    "Nb": 5.0,
    "O": -2.0
  },
  "F2O4Rb2S2": {
    "F": -1.0,
    "O": -2.0,
    "Rb": 1.0,
    "S": 4.0
  },
  "Cu4Na2Nb2S8": {
    "Cu": 1.0,
    "Na": 1.0,
    "Nb": 5.0,
    "S": -2.0
  },
  "F2Hg2": {
    "F": -1.0,
    "Hg": 1.0
  },
  "Al4Be1Cl2Na8O24Si7": {
    "Al": 3.0,
    "Be": 2.0,
    "Cl": -1.0,
    "Na": 1.0,
    "O": -2.0,
    "Si": 4.0
  },
  "C8H8O16Sr4": {
    "C": 2.0,
    "H": 1.0,
    "O": -2.0,
    "Sr": 2.0
  },
  "Nb4O22Te6": {
    "Nb": 5.0,
    "O": -2.0,
    "Te": 4.0
  },
  "Mg8Na2O24V6": {
    "Mg": 2.0,
    "Na": 1.0,
    "O": -2.0,
    "V": 5.0
  },
  "F4Nb2O8Ti2Tl2": {
    "F": -1.0,
    "Nb": 5.0,
    "O": -2.0,
    "Ti": 4.0,
    "Tl": 1.0
  },
  "Cl2O2Sc2": {
    "Cl": -1.0,
    "O": -2.0,
    "Sc": 3.0
  },
  "Cl2F2Sn2": {
    "Cl": -1.0,
    "F": -1.0,
    "Sn": 2.0
  },
  "Sb4Se8Tl4": {
    "Sb": 3.0,
    "Se": -2.0,
    "Tl": 1.0
  },
  "O18P6Y2": {
    "O": -2.0,
    "P": 5.0,
    "Y": 3.0
  },
  "Al6In6S18": {
    "Al": 3.0,
    "In": 3.0,
    "S": -2.0
  },
  "H12N4": {
    "H": 1.0,
    "N": -3.0
  },
  "Mg108N144W36": {
    "Mg": 2.0,
    "N": -3.0,
    "W": 6.0
  },
  "Ag4Cd2Ge2S8": {
    "Ag": 1.0,
    "Cd": 2.0,
    "Ge": 4.0,
    "S": -2.0
  },
  "F6K1Ru1": {
    "F": -1.0,
    "K": 1.0,
    "Ru": 5.0
  },
  "F6K1Os1": {
    "F": -1.0,
    "K": 1.0,
    "Os": 5.0
  },
  "As3Na3Sr3": {
    "As": -3.0,
    "Na": 1.0,
    "Sr": 2.0
  },
  "F12Mn8O2": {
    "F": -1.0,
    "Mn": 2.0,
    "O": -2.0
  },
  "As1F6K1": {
    "As": 5.0,
    "F": -1.0,
    "K": 1.0
  },
  "F3Mg1Rb1": {
    "F": -1.0,
    "Mg": 2.0,
    "Rb": 1.0
  },
  "Br16In4Na4": {
    "Br": -1.0,
    "In": 3.0,
    "Na": 1.0
  },
  "Fe1O16P4Sb3": {
    "Fe": 3.0,
    "O": -2.0,
    "P": 5.0,
    "Sb": 3.0
  },
  "I4K18Li6O26": null,
  "Cs1F3Sn1": {
    "Cs": 1.0,
    "F": -1.0,
    "Sn": 2.0
  },
  "O6Rb8Sn2": {
    "O": -2.0,
    "Rb": 1.0,
    "Sn": 2.0
  },
  "Cu3Nb1Te4": {
    "Cu": 1.0,
    "Nb": 5.0,
    "Te": -2.0
  },
  "Li6O12Ti3V3": {
    "Li": 1.0,
    "O": -2.0,
    "Ti": 4.0,
    "V": 2.0
  },
  "As2Cs2F8": {
    "As": 3.0,
    "Cs": 1.0,
    "F": -1.0
  },
  "H48Se8Si16": {
    "H": 1.0,
    "Se": -2.0,
    "Si": -2.0
  },
  "Dy2O38Ta14": {
    "Dy": 3.0,
    "O": -2.0,
    "Ta": 5.0
  },
  "B6N10Sr6": {
    "B": 3.0,
    "N": -3.0,
    "Sr": 2.0
  },
  "F7Li4O1V2": {
    "F": -1.0,
    "Li": 1.0,
    "O": -2.0,
    "V": 2.5
  },
  "I1Na1": {
    "I": -1.0,
    "Na": 1.0
  },
  "La5Te8Tl1": {
    "La": 3.0,
    "Te": -2.0,
    "Tl": 1.0
  },
  "As1F6N1S2": {
    "As": 5.0,
    "F": -1.0,
    "N": 5.0,
    "S": -2.0
  },
  "Ce3O16Zr5": {
    "Ce": 4.0,
    "O": -2.0,
    "Zr": 4.0
  },
  "La8O24Te4": {
    "La": 3.0,
    "O": -2.0,
    "Te": 6.0
  },
  "Nb2O14Sm6": {
    "Nb": 5.0,
    "O": -2.0,
    "Sm": 3.0
  },
  "As4K12Se12": {
    "As": 3.0,
    "K": 1.0,
    "Se": -2.0
  },
  "Ba10Cr2N10": {
    "Ba": 2.0,
    "Cr": 5.0,
    "N": -3.0
  },
  "H14I2O20S2": null,
  "Al8La7O24Sc1": {
    "Al": 3.0,
    "La": 3.0,
    "O": -2.0,
    "Sc": 3.0
  },
  "Al7Ga1La8O24": {
    "Al": 3.0,
    "Ga": 3.0,
    "La": 3.0,
    "O": -2.0
  },
  "Ge1Mn1Te4Tl2": {
    "Ge": 4.0,
    "Mn": 2.0,
    "Te": -2.0,
    "Tl": 1.0
  },
  "As28Ba6": {
    "As": -0.42857142857142855,
    "Ba": 2.0
  },
  "Li2N6Zr4": {
    "Li": 1.0,
    "N": -3.0,
    "Zr": 4.0
  },
  "Li4O6Si2": {
    "Li": 1.0,
    "O": -2.0,
    "Si": 4.0
  },
  "Al4Ca4H20": {
    "Al": 3.0,
    "Ca": 2.0,
    "H": -1.0
  },
  "Li20O24P4Si2": {
    "Li": 1.0,
    "O": -2.0,
    "P": 5.0,
    "Si": 4.0
  },
  "Li2O4Tm2": {
    "Li": 1.0,
    "O": -2.0,
    "Tm": 3.0
  },
  "H6Li2O12Se4": {
    "H": 1.0,
    "Li": 1.0,
    "O": -2.0,
    "Se": 4.0
  },
  "C2Fe2Na5O14P2": {
    "C": 4.0,
    "Fe": 2.5,
    "Na": 1.0,
    "O": -2.0,
    "P": 5.0
  },
  "Na8O8Sn4": {
    "Na": 1.0,
    "O": -2.0,
    "Sn": 2.0
  },
  "Fe2Na4O4": {
    "Fe": 2.0,
    "Na": 1.0,
    "O": -2.0
  },
  "F4K2": null,
  "F3Fe1Li6O3": {
    "F": -1.0,
    "Fe": 3.0,
    "Li": 1.0,
    "O": -2.0
  },
  "C2Na2Nd2O14P2": null,
  "Ag4O6": {
    "Ag": 3.0,
    "O": -2.0
  },
  "Fe2Li2O4": {
    "Fe": 3.0,
    "Li": 1.0,
    "O": -2.0
  },
  "Ba2H4O8Sn4": {
    "Ba": 2.0,
    "H": 1.0,
    "O": -2.0,
    "Sn": 2.0
  },
  "C2Na6O14P2Zn2": {
    "C": 4.0,
    "Na": 1.0,
    "O": -2.0,
    "P": 5.0,
    "Zn": 2.0
  },
  "Ba8Na8O12": {
    "Ba": 2.0,
    "Na": 1.0,
    "O": -2.0
  },
  "F12Pb4": {
    "F": -1.0,
    "Pb": 3.0
  },
  "H8N2O8Re2": {
    "H": 1.0,
    "N": -3.0,
    "O": -2.0,
    "Re": 7.0
  },
  "Ba2H6Ru1": {
    "Ba": 2.0,
    "H": -1.0,
    "Ru": 2.0
  },
  "Cd2P4Si2": {
    "Cd": 2.0,
    "P": 1.0,
    "Si": -4.0
  },
  "C2Li6O14P2Zn2": {
    "C": 4.0,
    "Li": 1.0,
    "O": -2.0,
    "P": 5.0,
    "Zn": 2.0
  },
  "Ca2O6Pt2": {
    "Ca": 2.0,
    "O": -2.0,
    "Pt": 4.0
  },
  "Cl4Hg6Te4": {
    "Cl": -1.0,
    "Hg": 2.0,
    "Te": -2.0
  },
  "Ba3Ge12O27": {
    "Ba": 2.0,
    "Ge": 4.0,
    "O": -2.0
  },
  "O2Se1Y2": {
    "O": -2.0,
    "Se": -2.0,
    "Y": 3.0
  },
  "O18P4V2Zn4": {
    "O": -2.0,
    "P": 5.0,
    "V": 4.0,
    "Zn": 2.0
  },
  "Pb2S8Tb4": {
    "Pb": 2.0,
    "S": -2.0,
    "Tb": 3.0
  },
  "Ag2Dy2Te4": {
    "Ag": 1.0,
    "Dy": 3.0,
    "Te": -2.0
  },
  "Br6Ni2Rb2": {
    "Br": -1.0,
    "Ni": 2.0,
    "Rb": 1.0
  },
  "Cu2Ge2La6Se14": {
    "Cu": 1.0,
    "Ge": 4.0,
    "La": 3.0,
    "Se": -2.0
  },
  "Ba4C2Cu1Na1O10": {
    "Ba": 2.0,
    "C": 4.0,
    "Cu": 3.0,
    "Na": 1.0,
    "O": -2.0
  },
  "C4Cr2Li4O12": {
    "C": 4.0,
    "Cr": 2.0,
    "Li": 1.0,
    "O": -2.0
  },
  "B8O14Sr2": {
    "B": 3.0,
    "O": -2.0,
    "Sr": 2.0
  },
  "Cs2N4Ta2": {
    "Cs": 1.0,
    "N": -3.0,
    "Ta": 5.0
  },
  "Hg1Na2O2": {
    "Hg": 2.0,
    "Na": 1.0,
    "O": -2.0
  },
  "Ag6P14Sn2": {
    "Ag": 1.0,
    "P": -0.7142857142857143,
    "Sn": 2.0
  },
  "Rb2Te5": {
    "Rb": 1.0,
    "Te": -0.4
  },
  "Mn2O6Zr2": {
    "Mn": 2.0,
    "O": -2.0,
    "Zr": 4.0
  },
  "I2In2": {
    "I": -1.0,
    "In": 1.0
  },
  "Cs2Ga2S4": {
    "Cs": 1.0,
    "Ga": 3.0,
    "S": -2.0
  },
  "Cl8O16": null,
  "Ca4I2N2": {
    "Ca": 2.0,
    "I": -1.0,
    "N": -3.0
  },
  "Cl2Co1": {
    "Cl": -1.0,
    "Co": 2.0
  },
  "C1N1Na1O1": {
    "C": 4.0,
    "N": -3.0,
    "Na": 1.0,
    "O": -2.0
  },
  "Cl8Nb2": {
    "Cl": -1.0,
    "Nb": 4.0
  },
  "Li2O6U2": {
    "Li": 1.0,
    "O": -2.0,
    "U": 5.0
  },
  "Cl4O14": null,
  "I12Te2Tl4": {
    "I": -1.0,
    "Te": 4.0,
    "Tl": 1.0
  },
  "In2Li2Te4": {
    "In": 3.0,
    "Li": 1.0,
    "Te": -2.0
  },
  "K2Li2O10Si4": {
    "K": 1.0,
    "Li": 1.0,
    "O": -2.0,
    "Si": 4.0
  },
  "O4Pr4Se3": {
    "O": -2.0,
    "Pr": 3.5,
    "Se": -2.0
  },
  "Li3O8P2Ti1": {
    "Li": 1.0,
    "O": -2.0,
    "P": 5.0,
    "Ti": 3.0
  },
  "K30Mo14N38": {
    "K": 1.0,
    "Mo": 6.0,
    "N": -3.0
  },
  "Cd4O24P8": {
    "Cd": 2.0,
    "O": -2.0,
    "P": 5.0
  },
  "Bi1Rb1S2": {
    "Bi": 3.0,
    "Rb": 1.0,
    "S": -2.0
  },
  "Cl6Cs2Pb1": {
    "Cl": -1.0,
    "Cs": 1.0,
    "Pb": 4.0
  },
  "Br6Cs2Pt1": {
    "Br": -1.0,
    "Cs": 1.0,
    "Pt": 4.0
  },
  "As2Cl10": {
    "As": 5.0,
    "Cl": -1.0
  },
  "Al4Fe4Li8O16": {
    "Al": 3.0,
    "Fe": 3.0,
    "Li": 1.0,
    "O": -2.0
  },
  "Ag1Cl1O4": null,
  "Br4Mn1Rb2": {
    "Br": -1.0,
    "Mn": 2.0,
    "Rb": 1.0
  },
  "Br18Os4Rb6": {
    "Br": -1.0,
    "Os": 3.0,
    "Rb": 1.0
  },
  "Au2Br6Rb2": {
    "Au": 2.0,
    "Br": -1.0,
    "Rb": 1.0
  },
  "F6Mn4O2": {
    "F": -1.0,
    "Mn": 2.5,
    "O": -2.0
  },
  "Bi2Na2Se4": {
    "Bi": 3.0,
    "Na": 1.0,
    "Se": -2.0
  },
  "H3K1Mg1": {
    "H": -1.0,
    "K": 1.0,
    "Mg": 2.0
  },
  "Cl4Nb2S4": {
    "Cl": -1.0,
    "Nb": 4.0,
    "S": -1.0
  },
  "Ag2O4Y2": {
    "Ag": 1.0,
    "O": -2.0,
    "Y": 3.0
  },
  "Au2Ge8Rb6": null,
  "Ag2Al2Se4": {
    "Ag": 1.0,
    "Al": 3.0,
    "Se": -2.0
  },
  "Cl2H12Li2O14": null,
  "N3Na1": {
    "N": -0.3333333333333333,
    "Na": 1.0
  },
  "N4O2Si4": {
    "N": -3.0,
    "O": -2.0,
    "Si": 4.0
  },
  "Hg1In2Te4": {
    "Hg": 2.0,
    "In": 3.0,
    "Te": -2.0
  },
  "As3H5O10": {
    "As": 5.0,
    "H": 1.0,
    "O": -2.0
  },
  "P20Tl4": {
    "P": -0.2,
    "Tl": 1.0
  },
  "In2Se4Zn1": {
    "In": 3.0,
    "Se": -2.0,
    "Zn": 2.0
  },
  "P4Pt2Si6": {
    "P": 5.0,
    "Pt": -2.0,
    "Si": -2.6666666666666665
  },
  "H12Mg1O9S1": {
    "H": 1.0,
    "Mg": 2.0,
    "O": -2.0,
    "S": 4.0
  },
  "Mn8O14Si2": {
    "Mn": 2.5,
    "O": -2.0,
    "Si": 4.0
  },
  "In12Se18": {
    "In": 3.0,
    "Se": -2.0
  },
  "Ni6Sb8Zr6": {
    "Ni": 2.0,
    "Sb": -3.0,
    "Zr": 2.0
  },
  "Li2O12Pr2Sr2Te2": {
    "Li": 1.0,
    "O": -2.0,
    "Pr": 3.0,
    "Sr": 2.0,
    "Te": 6.0
  },
  "Ca1H3Rb1": {
    "Ca": 2.0,
    "H": -1.0,
    "Rb": 1.0
  },
  "Ag3O4V1": {
    "Ag": 1.0,
    "O": -2.0,
    "V": 5.0
  },
  "As4Si2Zn2": {
    "As": -3.0,
    "Si": 4.0,
    "Zn": 2.0
  },
  "Mn1Se1": {
    "Mn": 2.0,
    "Se": -2.0
  },
  "Cs1F6O18S6Sb1": {
    "Cs": 1.0,
    "F": -1.0,
    "O": -2.0,
    "S": 6.0,
    "Sb": 5.0
  },
  "Ag3Cl6Y1": {
    "Ag": 1.0,
    "Cl": -1.0,
    "Y": 3.0
  },
  "N10Ta6": {
    "N": -3.0,
    "Ta": 5.0
  },
  "Cu2H2": {
    "Cu": 1.0,
    "H": -1.0
  },
  "K8N56Si40": {
    "K": 1.0,
    "N": -3.0,
    "Si": 4.0
  },
  "Ca8N8Sn4": {
    "Ca": 2.0,
    "N": -3.0,
    "Sn": 2.0
  },
  "Co2I8Rb4": {
    "Co": 2.0,
    "I": -1.0,
    "Rb": 1.0
  },
  "Ca2Pr4S8": {
    "Ca": 2.0,
    "Pr": 3.0,
    "S": -2.0
  },
  "Au4Br4": {
    "Au": 1.0,
    "Br": -1.0
  },
  "Ag2Bi2K4": null,
  "Dy1Pt1Sb1": {
    "Dy": 3.0,
    "Pt": -2.0,
    "Sb": -1.0
  },
  "F8Li4V1": {
    "F": -1.0,
    "Li": 1.0,
    "V": 4.0
  },
  "Ba8Mg4O12": {
    "Ba": 2.0,
    "Mg": 2.0,
    "O": -2.0
  },
  "Cu1Er1O8W2": {
    "Cu": 1.0,
    "Er": 3.0,
    "O": -2.0,
    "W": 6.0
  },
  "I6Rb2Sn1": {
    "I": -1.0,
    "Rb": 1.0,
    "Sn": 4.0
  },
  "Ge4N12Sr10": {
    "Ge": 4.0,
    "N": -3.0,
    "Sr": 2.0
  },
  "K6Se6": {
    "K": 1.0,
    "Se": -1.0
  },
  "Br2H8P2": {
    "Br": -1.0,
    "H": 1.0,
    "P": -3.0
  },
  "Bi2Ca1Mg2": null,
  "K2O2Tl2": {
    "K": 1.0,
    "O": -2.0,
    "Tl": 1.0
  },
  "Cr1Li4Mn1O12W2": {
    "Cr": 6.0,
    "Li": 1.0,
    "Mn": 2.0,
    "O": -2.0,
    "W": 6.0
  },
  "H4K2Mn2O10P2": {
    "H": 1.0,
    "K": 1.0,
    "Mn": 2.0,
    "O": -2.0,
    "P": 5.0
  },
  "Cu2La6S14Si2": {
    "Cu": 1.0,
    "La": 3.0,
    "S": -2.0,
    "Si": 4.0
  },
  "Cl6Rb2Zr1": {
    "Cl": -1.0,
    "Rb": 1.0,
    "Zr": 4.0
  },
  "Li4O4": null,
  "Al2Cl2O2": {
    "Al": 3.0,
    "Cl": -1.0,
    "O": -2.0
  },
  "P12Sn4Sr10": {
    "P": -2.3333333333333335,
    "Sn": 2.0,
    "Sr": 2.0
  },
  "Br6Rh2": {
    "Br": -1.0,
    "Rh": 3.0
  },
  "Cr1O3": {
    "Cr": 6.0,
    "O": -2.0
  },
  "Bi4O4S2": {
    "Bi": 3.0,
    "O": -2.0,
    "S": -2.0
  },
  "Cl4Mn1Rb2": {
    "Cl": -1.0,
    "Mn": 2.0,
    "Rb": 1.0
  },
  "Cs2Hf1I6": {
    "Cs": 1.0,
    "Hf": 4.0,
    "I": -1.0
  },
  "O32P4W8": {
    "O": -2.0,
    "P": 5.0,
    "W": 5.5
  },
  "Ag6As2S8": {
    "Ag": 1.0,
    "As": 5.0,
    "S": -2.0
  },
  "N16Na8V8": {
    "N": -3.0,
    "Na": 1.0,
    "V": 5.0
  },
  "Al1Ge1Li1": null,
  "Mg4Mn2N6": {
    "Mg": 2.0,
    "Mn": 5.0,
    "N": -3.0
  },
  "Li4O12Sn2Te2": {
    "Li": 1.0,
    "O": -2.0,
    "Sn": 4.0,
    "Te": 6.0
  },
  "Li4Nb4O16Zn4": {
    "Li": 1.0,
    "Nb": 5.0,
    "O": -2.0,
    "Zn": 2.0
  },
  "F4Fe2": {
    "F": -1.0,
    "Fe": 2.0
  },
  "F4Li2O4V2": {
    "F": -1.0,
    "Li": 1.0,
    "O": -2.0,
    "V": 5.0
  },
  "Li3Mn1O8P2": {
    "Li": 1.0,
    "Mn": 3.0,
    "O": -2.0,
    "P": 5.0
  },
  "Ca4O1P2": {
    "Ca": 2.0,
    "O": -2.0,
    "P": -3.0
  },
  "Al4As12Ca12": {
    "Al": 3.0,
    "As": -3.0,
    "Ca": 2.0
  },
  "Li5Sn2": null,
  "Cl6Cs2Sr2": {
    "Cl": -1.0,
    "Cs": 1.0,
    "Sr": 2.0
  },
  "Na24O16Pb4": {
    "Na": 1.0,
    "O": -2.0,
    "Pb": 2.0
  },
  "F5K1O1Tl2Zr1": {
    "F": -1.0,
    "K": 1.0,
    "O": -2.0,
    "Tl": 1.0,
    "Zr": 4.0
  },
  "O32Ru8": null,
  "Na8O12Zn8": {
    "Na": 1.0,
    "O": -2.0,
    "Zn": 2.0
  },
  "Ba2F8Ni2": {
    "Ba": 2.0,
    "F": -1.0,
    "Ni": 2.0
  },
  "B6Na6O24Si6": {
    "B": 3.0,
    "Na": 1.0,
    "O": -2.0,
    "Si": 4.0
  },
  "O8Sn2Zn4": {
    "O": -2.0,
    "Sn": 4.0,
    "Zn": 2.0
  },
  "Al2Ba1Te4": {
    "Al": 3.0,
    "Ba": 2.0,
    "Te": -2.0
  },
  "H8N2O24P6Zr4": {
    "H": 1.0,
    "N": -3.0,
    "O": -2.0,
    "P": 5.0,
    "Zr": 4.0
  },
  "Na8O6Sn2": {
    "Na": 1.0,
    "O": -2.0,
    "Sn": 2.0
  },
  "O16Si2Sn12": {
    "O": -2.0,
    "Si": 4.0,
    "Sn": 2.0
  },
  "N24W8Y8": {
    "N": -3.0,
    "W": 6.0,
    "Y": 3.0
  },
  "Li4Mn6O16Te2": {
    "Li": 1.0,
    "Mn": 3.0,
    "O": -2.0,
    "Te": 5.0
  },
  "Bi2F12K2": {
    "Bi": 5.0,
    "F": -1.0,
    "K": 1.0
  },
  "Ge2Li4O8Zn2": {
    "Ge": 4.0,
    "Li": 1.0,
    "O": -2.0,
    "Zn": 2.0
  },
  "Cu2S14Sm6Sn2": {
    "Cu": 1.0,
    "S": -2.0,
    "Sm": 3.0,
    "Sn": 4.0
  },
  "Mn2O12Ta4": {
    "Mn": 2.0,
    "O": -2.0,
    "Ta": 5.0
  },
  "P7Ru12Sc2": null,
  "O12Sm4Y4": {
    "O": -2.0,
    "Sm": 3.0,
    "Y": 3.0
  },
  "C4": {
    "C": 0.0
  },
  "Li2Mn2O4": {
    "Li": 1.0,
    "Mn": 3.0,
    "O": -2.0
  },
  "H2K1O3P1S1": {
    "H": 1.0,
    "K": 1.0,
    "O": -2.0,
    "P": 5.0,
    "S": -2.0
  },
  "Ge8K4N12": {
    "Ge": 4.0,
    "K": 1.0,
    "N": -3.0
  },
  "H1N3Th2": {
    "H": 1.0,
    "N": -3.0,
    "Th": 4.0
  },
  "K2N6Si4": {
    "K": 1.0,
    "N": -3.0,
    "Si": 4.0
  },
  "F4Fe1Li3O1": {
    "F": -1.0,
    "Fe": 3.0,
    "Li": 1.0,
    "O": -2.0
  },
  "La4O4Se3": {
    "La": 3.0,
    "O": -2.0,
    "Se": -1.3333333333333333
  },
  "Li3O8P2Sb1": {
    "Li": 1.0,
    "O": -2.0,
    "P": 5.0,
    "Sb": 3.0
  },
  "Al8N16Sr12": {
    "Al": 3.0,
    "N": -3.0,
    "Sr": 2.0
  },
  "O6Sn2Zn2": {
    "O": -2.0,
    "Sn": 4.0,
    "Zn": 2.0
  },
  "Cs2F6Si1": {
    "Cs": 1.0,
    "F": -1.0,
    "Si": 4.0
  },
  "Ba1N8Si6": {
    "Ba": 2.0,
    "N": -2.25,
    "Si": 2.6666666666666665
  },
  "Al2Cd1S4": {
    "Al": 3.0,
    "Cd": 2.0,
    "S": -2.0
  },
  "O16P4Tl4Zn4": {
    "O": -2.0,
    "P": 5.0,
    "Tl": 1.0,
    "Zn": 2.0
  },
  "Na4O32V20": {
    "Na": 1.0,
    "O": -2.0,
    "V": 3.0
  },
  "N4Rb2V2": {
    "N": -3.0,
    "Rb": 1.0,
    "V": 5.0
  },
  "Cs4S6Ti2": {
    "Cs": 1.0,
    "S": -2.0,
    "Ti": 4.0
  },
  "Be2F5Rb1": {
    "Be": 2.0,
    "F": -1.0,
    "Rb": 1.0
  },
  "F5Li5Ni1O1": {
    "F": -1.0,
    "Li": 1.0,
    "Ni": 2.0,
    "O": -2.0
  },
  "Cd2P4Sn2": {
    "Cd": 2.0,
    "P": -3.0,
    "Sn": 4.0
  },
  "Li4Mg4N4": {
    "Li": 1.0,
    "Mg": 2.0,
    "N": -3.0
  },
  "Na2Ni1O14P4Zr1": {
    "Na": 1.0,
    "Ni": 2.0,
    "O": -2.0,
    "P": 5.0,
    "Zr": 4.0
  },
  "Ag4Cs4O4": {
    "Ag": 1.0,
    "Cs": 1.0,
    "O": -2.0
  },
  "Ga3O7P1": {
    "Ga": 3.0,
    "O": -2.0,
    "P": 5.0
  },
  "Cu3S4Ta1": {
    "Cu": 1.0,
    "S": -2.0,
    "Ta": 5.0
  },
  "Cu2In2Te4": {
    "Cu": 1.0,
    "In": 3.0,
    "Te": -2.0
  },
  "Nb4O16Sb4": {
    "Nb": 5.0,
    "O": -2.0,
    "Sb": 3.0
  },
  "Cu4O6": {
    "Cu": 3.0,
    "O": -2.0
  },
  "Ba10N12Ti4": {
    "Ba": 2.0,
    "N": -3.0,
    "Ti": 4.0
  },
  "B4H16Mg2": {
    "B": -3.0,
    "H": 0.5,
    "Mg": 2.0
  },
  "C6Li6Mn2O18": {
    "C": 4.0,
    "Li": 1.0,
    "Mn": 3.0,
    "O": -2.0
  },
  "Cr2O8P2": {
    "Cr": 3.0,
    "O": -2.0,
    "P": 5.0
  },
  "Hg1K2Se4Sn1": {
    "Hg": 2.0,
    "K": 1.0,
    "Se": -2.0,
    "Sn": 4.0
  },
  "F20Li4Mn4": {
    "F": -1.0,
    "Li": 1.0,
    "Mn": 4.0
  },
  "Al4Mg2O8": {
    "Al": 3.0,
    "Mg": 2.0,
    "O": -2.0
  },
  "Cr1Fe1Li2O4": {
    "Cr": 3.0,
    "Fe": 3.0,
    "Li": 1.0,
    "O": -2.0
  },
  "Li2O8Rb4V2": {
    "Li": 1.0,
    "O": -2.0,
    "Rb": 1.0,
    "V": 5.0
  },
  "Cs3Ga9": null,
  "Ca10H2O26P6": {
    "Ca": 2.0,
    "H": 1.0,
    "O": -2.0,
    "P": 5.0
  },
  "B2Ba3O12Ti3": {
    "B": 3.0,
    "Ba": 2.0,
    "O": -2.0,
    "Ti": 4.0
  },
  "C12H12K3O30Sc3": {
    "C": 3.0,
    "H": 1.0,
    "K": 1.0,
    "O": -2.0,
    "Sc": 3.0
  },
  "H4N4S32": {
    "H": 1.0,
    "N": 5.0,
    "S": -0.75
  },
  "Li4O12V4": {
    "Li": 1.0,
    "O": -2.0,
    "V": 5.0
  },
  "Bi2Ga2O6": {
    "Bi": 3.0,
    "Ga": 3.0,
    "O": -2.0
  },
  "F5Mn6O7": {
    "F": -1.0,
    "Mn": 3.1666666666666665,
    "O": -2.0
  },
  "Br6Y2": {
    "Br": -1.0,
    "Y": 3.0
  },
  "Cl4N4O12": null,
  "C4Co2N14Sr12": {
    "C": 3.5,
    "Co": 2.0,
    "N": -3.0,
    "Sr": 2.0
  },
  "O10Sc4Ti2": {
    "O": -2.0,
    "Sc": 3.0,
    "Ti": 4.0
  },
  "F4Li2Mn2O2": {
    "F": -1.0,
    "Li": 1.0,
    "Mn": 3.0,
    "O": -2.0
  },
  "Cl1Cu1": {
    "Cl": -1.0,
    "Cu": 1.0
  },
  "F4Ni1Rb2": {
    "F": -1.0,
    "Ni": 2.0,
    "Rb": 1.0
  },
  "C4N16Sr16": {
    "C": 4.0,
    "N": -3.0,
    "Sr": 2.0
  },
  "F5K2Na1O1V1": {
    "F": -1.0,
    "K": 1.0,
    "Na": 1.0,
    "O": -2.0,
    "V": 4.0
  },
  "Hf2N2Se1": {
    "Hf": 4.0,
    "N": -3.0,
    "Se": -2.0
  },
  "Br14Fe2Te2": {
    "Br": -1.0,
    "Fe": 3.0,
    "Te": 4.0
  },
  "C1H4": {
    "C": -4.0,
    "H": 1.0
  },
  "Be6O24S2Si6Zn8": {
    "Be": 2.0,
    "O": -2.0,
    "S": -2.0,
    "Si": 4.0,
    "Zn": 2.0
  },
  "Cd2Ge2O6": {
    "Cd": 2.0,
    "Ge": 4.0,
    "O": -2.0
  },
  "In2Mn1Te4": {
    "In": 3.0,
    "Mn": 2.0,
    "Te": -2.0
  },
  "O26P8Tm4": {
    "O": -2.0,
    "P": 5.0,
    "Tm": 3.0
  },
  "Bi2O2Se1": {
    "Bi": 3.0,
    "O": -2.0,
    "Se": -2.0
  },
  "B3Ca3O15P3": {
    "B": 3.0,
    "Ca": 2.0,
    "O": -2.0,
    "P": 5.0
  },
  "Al4Co2O8": {
    "Al": 3.0,
    "Co": 2.0,
    "O": -2.0
  },
  "Cl6Mn1Rb2": {
    "Cl": -1.0,
    "Mn": 4.0,
    "Rb": 1.0
  },
  "F3O4P1Sn3": {
    "F": -1.0,
    "O": -2.0,
    "P": 5.0,
    "Sn": 2.0
  },
  "Cl8F8O16S8": {
    "Cl": -1.0,
    "F": -1.0,
    "O": -2.0,
    "S": 6.0
  },
  "B2Be4F2O6": {
    "B": 3.0,
    "Be": 2.0,
    "F": -1.0,
    "O": -2.0
  },
  "H8Mg2Sr2": {
    "H": -1.0,
    "Mg": 2.0,
    "Sr": 2.0
  },
  "S8Y4Yb2": {
    "S": -2.0,
    "Y": 3.0,
    "Yb": 2.0
  },
  "Li2Nb4O12Zn1": {
    "Li": 1.0,
    "Nb": 5.0,
    "O": -2.0,
    "Zn": 2.0
  },
  "La2O38Ta14": {
    "La": 3.0,
    "O": -2.0,
    "Ta": 5.0
  },
  "F4Li2O4V3": {
    "F": -1.0,
    "Li": 1.0,
    "O": -2.0,
    "V": 3.3333333333333335
  },
  "Bi14S8Te13": {
    "Bi": 3.0,
    "S": -2.0,
    "Te": -2.0
  },
  "Hf8N8O4": {
    "Hf": 4.0,
    "N": -3.0,
    "O": -2.0
  },
  "Li16N32Ta16": {
    "Li": 1.0,
    "N": -3.0,
    "Ta": 5.0
  },
  "Al1F6K2Li1": {
    "Al": 3.0,
    "F": -1.0,
    "K": 1.0,
    "Li": 1.0
  },
  "C6N12Sc4": {
    "C": 4.0,
    "N": -3.0,
    "Sc": 3.0
  },
  "Cs8S4": {
    "Cs": 1.0,
    "S": -2.0
  },
  "Mn8Na8O12": {
    "Mn": 2.0,
    "Na": 1.0,
    "O": -2.0
  },
  "Cs2F6Ni2": {
    "Cs": 1.0,
    "F": -1.0,
    "Ni": 2.0
  },
  "Ag2La6S14Si2": {
    "Ag": 1.0,
    "La": 3.0,
    "S": -2.0,
    "Si": 4.0
  },
  "F3Rb1Sn1": {
    "F": -1.0,
    "Rb": 1.0,
    "Sn": 2.0
  },
  "N6Sr2W2": {
    "N": -2.6666666666666665,
    "Sr": 2.0,
    "W": 6.0
  },
  "Ge6O18Rb2Ta2": {
    "Ge": 4.0,
    "O": -2.0,
    "Rb": 1.0,
    "Ta": 5.0
  },
  "H12Mg1O9Te1": {
    "H": 1.0,
    "Mg": 2.0,
    "O": -2.0,
    "Te": 4.0
  },
  "Cl12O2Sr8": {
    "Cl": -1.0,
    "O": -2.0,
    "Sr": 2.0
  },
  "Bi4O8": {
    "Bi": 4.0,
    "O": -2.0
  },
  "Al11N1O15": {
    "Al": 3.0,
    "N": -3.0,
    "O": -2.0
  },
  "Rb2S2": {
    "Rb": 1.0,
    "S": -1.0
  },
  "O28Tb8Ti8": {
    "O": -2.0,
    "Tb": 3.0,
    "Ti": 4.0
  },
  "Os4Si4": {
    "Os": -2.0,
    "Si": 2.0
  },
  "Ca1F6Sn1": {
    "Ca": 2.0,
    "F": -1.0,
    "Sn": 4.0
  },
  "Cl12Pt6": {
    "Cl": -1.0,
    "Pt": 2.0
  },
  "Nb4S12": {
    "Nb": 5.0,
    "S": -1.6666666666666667
  },
  "Cu2S14Si2Sm6": {
    "Cu": 1.0,
    "S": -2.0,
    "Si": 4.0,
    "Sm": 3.0
  },
  "N12P4Si4": {
    "N": -3.0,
    "P": 5.0,
    "Si": 4.0
  },
  "Ce5O16Zr3": {
    "Ce": 4.0,
    "O": -2.0,
    "Zr": 4.0
  },
  "Ag2In2O4": {
    "Ag": 1.0,
    "In": 3.0,
    "O": -2.0
  },
  "Al2Lu6O12": {
    "Al": 3.0,
    "Lu": 3.0,
    "O": -2.0
  },
  "Na4Pt2Se4": {
    "Na": 1.0,
    "Pt": 2.0,
    "Se": -2.0
  },
  "Cl8F16O8P8": {
    "Cl": -1.0,
    "F": -1.0,
    "O": -2.0,
    "P": 5.0
  },
  "Cr1F6Hg1": {
    "Cr": 4.0,
    "F": -1.0,
    "Hg": 2.0
  },
  "Ga2I14Te2": {
    "Ga": 3.0,
    "I": -1.0,
    "Te": 4.0
  },
  "Ga6In6Se18": {
    "Ga": 3.0,
    "In": 3.0,
    "Se": -2.0
  },
  "Ag8Ho8S16": {
    "Ag": 1.0,
    "Ho": 3.0,
    "S": -2.0
  },
  "B12Ca18N24": {
    "B": 3.0,
    "Ca": 2.0,
    "N": -3.0
  },
  "As2Fe2Sb2": {
    "As": -3.0,
    "Fe": 3.0,
    "Sb": 0.0
  },
  "Ca4N4W2": {
    "Ca": 2.0,
    "N": -3.0,
    "W": 2.0
  },
  "Cd8Ge2S12": {
    "Cd": 2.0,
    "Ge": 4.0,
    "S": -2.0
  },
  "Li2S8": {
    "Li": 1.0,
    "S": -0.25
  },
  "Al1Ca1H1Si1": {
    "Al": 3.0,
    "Ca": 2.0,
    "H": -1.0,
    "Si": -4.0
  },
  "H2Li1O16P4V2": {
    "H": 1.0,
    "Li": 1.0,
    "O": -2.0,
    "P": 5.0,
    "V": 4.5
  },
  "Cr4F10": {
    "Cr": 2.5,
    "F": -1.0
  },
  "Cu4Rb2Se8Ta2": {
    "Cu": 1.0,
    "Rb": 1.0,
    "Se": -2.0,
    "Ta": 5.0
  },
  "Ga4H12O24Te6": {
    "Ga": 3.0,
    "H": 1.0,
    "O": -2.0,
    "Te": 4.0
  },
  "Cr8Li60N36": {
    "Cr": 6.0,
    "Li": 1.0,
    "N": -3.0
  },
  "K4O6Pb4": {
    "K": 1.0,
    "O": -2.0,
    "Pb": 2.0
  },
  "Ga6N10Sr6": {
    "Ga": 3.0,
    "N": -3.0,
    "Sr": 2.0
  },
  "K2Sb2Sn2": {
    "K": 1.0,
    "Sb": -3.0,
    "Sn": 2.0
  },
  "S8Sm4Sr2": {
    "S": -2.0,
    "Sm": 3.0,
    "Sr": 2.0
  },
  "Er8Ge8O28": {
    "Er": 3.0,
    "Ge": 4.0,
    "O": -2.0
  },
  "Cs4Mo6O24Se2": {
    "Cs": 1.0,
    "Mo": 6.0,
    "O": -2.0,
    "Se": 4.0
  },
  "P4": {
    "P": 0.0
  },
  "H4Li4O10S2": {
    "H": 1.0,
    "Li": 1.0,
    "O": -2.0,
    "S": 6.0
  },
  "P16Se20": {
    "P": 2.5,
    "Se": -2.0
  },
  "H5K4O16P1S3": {
    "H": 1.0,
    "K": 1.0,
    "O": -2.0,
    "P": 5.0,
    "S": 6.0
  },
  "B6Cs2H16": {
    "B": -3.0,
    "Cs": 1.0,
    "H": 1.0
  },
  "Na8O20Si4Ti4": {
    "Na": 1.0,
    "O": -2.0,
    "Si": 4.0,
    "Ti": 4.0
  },
  "Ag2O6Sb2": {
    "Ag": 1.0,
    "O": -2.0,
    "Sb": 5.0
  },
  "O12Rb12Sb4": {
    "O": -2.0,
    "Rb": 1.0,
    "Sb": 3.0
  },
  "O24P8V2": {
    "O": -2.0,
    "P": 5.0,
    "V": 4.0
  },
  "H16K2N6": {
    "H": 1.0,
    "K": 1.0,
    "N": -3.0
  },
  "Co8S8Sb8": {
    "Co": 2.0,
    "S": -2.0,
    "Sb": 0.0
  },
  "Br2Hg2I2": {
    "Br": -1.0,
    "Hg": 2.0,
    "I": -1.0
  },
  "F6Ni1Sn1": {
    "F": -1.0,
    "Ni": 2.0,
    "Sn": 4.0
  },
  "Br6In2": {
    "Br": -1.0,
    "In": 3.0
  },
  "Br32Si8": {
    "Br": -1.0,
    "Si": 4.0
  },
  "Ba6N2Sb2": {
    "Ba": 2.0,
    "N": -3.0,
    "Sb": -3.0
  },
  "Cl8Zr2": {
    "Cl": -1.0,
    "Zr": 4.0
  },
  "Sb4Se12Tl12": {
    "Sb": 3.0,
    "Se": -2.0,
    "Tl": 1.0
  },
  "Rb4Se6": {
    "Rb": 1.0,
    "Se": -0.6666666666666666
  },
  "Ca1Cs1F3": {
    "Ca": 2.0,
    "Cs": 1.0,
    "F": -1.0
  },
  "C4Li3O12V2": {
    "C": 4.0,
    "Li": 1.0,
    "O": -2.0,
    "V": 2.5
  },
  "Nd4Pb2S8": {
    "Nd": 3.0,
    "Pb": 2.0,
    "S": -2.0
  },
  "F2O4V3": {
    "F": -1.0,
    "O": -2.0,
    "V": 3.3333333333333335
  },
  "La2O8Ta2": {
    "La": 3.0,
    "O": -2.0,
    "Ta": 5.0
  },
  "Ba4Pt8S12": {
    "Ba": 2.0,
    "Pt": 2.0,
    "S": -2.0
  },
  "Cr2F6": {
    "Cr": 3.0,
    "F": -1.0
  },
  "O24Te4Tm8": {
    "O": -2.0,
    "Te": 6.0,
    "Tm": 3.0
  },
  "Cl4N4O4": {
    "Cl": -1.0,
    "N": 3.0,
    "O": -2.0
  },
  "Li4Mn8O20P4": {
    "Li": 1.0,
    "Mn": 2.0,
    "O": -2.0,
    "P": 5.0
  },
  "Cl2Er2O2": {
    "Cl": -1.0,
    "Er": 3.0,
    "O": -2.0
  },
  "F7Fe6O5": {
    "F": -1.0,
    "Fe": 2.8333333333333335,
    "O": -2.0
  },
  "Hf8O28Y8": {
    "Hf": 4.0,
    "O": -2.0,
    "Y": 3.0
  },
  "Cs2O24P8Tb2": {
    "Cs": 1.0,
    "O": -2.0,
    "P": 5.0,
    "Tb": 3.0
  },
  "Cs1Nd5Se8": {
    "Cs": 1.0,
    "Nd": 3.0,
    "Se": -2.0
  },
  "N1Sb1Sr3": {
    "N": -3.0,
    "Sb": -3.0,
    "Sr": 2.0
  },
  "C5Er1H9N2O8": {
    "C": 2.0,
    "Er": 3.0,
    "H": 1.0,
    "N": -3.0,
    "O": -2.0
  },
  "Cs4Si4Te12": {
    "Cs": 1.0,
    "Si": 4.0,
    "Te": -1.6666666666666667
  },
  "Hg2O8Se2": {
    "Hg": 2.0,
    "O": -2.0,
    "Se": 6.0
  },
  "Li4Sb4Sr4": {
    "Li": 1.0,
    "Sb": -3.0,
    "Sr": 2.0
  },
  "Cr1Ga3Li4O8": {
    "Cr": 3.0,
    "Ga": 3.0,
    "Li": 1.0,
    "O": -2.0
  },
  "H6O4Rb2": {
    "H": 1.0,
    "O": -2.0,
    "Rb": 1.0
  },
  "Cl16N8P8": {
    "Cl": -1.0,
    "N": -3.0,
    "P": 5.0
  },
  "Al4H8Li4O20Si4": {
    "Al": 3.0,
    "H": 1.0,
    "Li": 1.0,
    "O": -2.0,
    "Si": 4.0
  },
  "Ca4O14Si4Zn2": {
    "Ca": 2.0,
    "O": -2.0,
    "Si": 4.0,
    "Zn": 2.0
  },
  "B12H12Rb2": {
    "B": -1.0,
    "H": 0.8333333333333334,
    "Rb": 1.0
  },
  "Al2Ca2F12Li2": {
    "Al": 3.0,
    "Ca": 2.0,
    "F": -1.0,
    "Li": 1.0
  },
  "B8Ca2O14": {
    "B": 3.0,
    "Ca": 2.0,
    "O": -2.0
  },
  "Na2O24P6Pb8": {
    "Na": 1.0,
    "O": -2.0,
    "P": 5.0,
    "Pb": 2.0
  },
  "K4O4": null,
  "Mo4Na8O24Se4": {
    "Mo": 6.0,
    "Na": 1.0,
    "O": -2.0,
    "Se": 4.0
  },
  "Mg2Na2Sb2": {
    "Mg": 2.0,
    "Na": 1.0,
    "Sb": -3.0
  },
  "Br2In10Se10": {
    "Br": -1.0,
    "In": 2.2,
    "Se": -2.0
  },
  "Ag1I2": {
    "Ag": 2.0,
    "I": -1.0
  },
  "F16Li8V4": {
    "F": -1.0,
    "Li": 1.0,
    "V": 2.0
  },
  "C2F8": {
    "C": 4.0,
    "F": -1.0
  },
  "C2Ni2O6": {
    "C": 4.0,
    "Ni": 2.0,
    "O": -2.0
  },
  "Mg4N6Sb2": {
    "Mg": 2.0,
    "N": -3.0,
    "Sb": 5.0
  },
  "C2H10N2O4": {
    "C": 2.0,
    "H": 1.0,
    "N": -3.0,
    "O": -2.0
  },
  "N32Rb16Ta16": {
    "N": -3.0,
    "Rb": 1.0,
    "Ta": 5.0
  },
  "H24O4Si8": {
    "H": 1.0,
    "O": -2.0,
    "Si": -2.0
  },
  "Ag1Cr1O2": {
    "Ag": 1.0,
    "Cr": 3.0,
    "O": -2.0
  },
  "Mg1Nb2O9Pb3": {
    "Mg": 2.0,
    "Nb": 5.0,
    "O": -2.0,
    "Pb": 2.0
  },
  "Fe2Li2O16Si6": {
    "Fe": 3.0,
    "Li": 1.0,
    "O": -2.0,
    "Si": 4.0
  },
  "F8H40N16": {
    "F": -1.0,
    "H": 1.0,
    "N": -2.0
  },
  "Be2Li2Sb2": {
    "Be": 2.0,
    "Li": 1.0,
    "Sb": -3.0
  },
  "Ni1Sb1Tm1": null,
  "O12P8S8": {
    "O": -2.0,
    "P": 5.0,
    "S": -2.0
  },
  "B2H4Na2O14Si4": {
    "B": 3.0,
    "H": 1.0,
    "Na": 1.0,
    "O": -2.0,
    "Si": 4.0
  },
  "Pt1S2": {
    "Pt": 4.0,
    "S": -2.0
  },
  "F6K2Mn1": {
    "F": -1.0,
    "K": 1.0,
    "Mn": 4.0
  },
  "C8Cl8H40N16S8": {
    "C": 4.0,
    "Cl": -1.0,
    "H": 1.0,
    "N": -3.0,
    "S": -2.0
  },
  "Mn5O8": {
    "Mn": 3.2,
    "O": -2.0
  },
  "Mn12O32Sn4": {
    "Mn": 4.0,
    "O": -2.0,
    "Sn": 4.0
  },
  "Cl4Re12S16": {
    "Cl": -1.0,
    "Re": 3.0,
    "S": -2.0
  },
  "Cl4F12": null,
  "Co2K12S8": {
    "Co": 2.0,
    "K": 1.0,
    "S": -2.0
  },
  "Ba1S1": {
    "Ba": 2.0,
    "S": -2.0
  },
  "Be4F14Li2Na4": {
    "Be": 2.0,
    "F": -1.0,
    "Li": 1.0,
    "Na": 1.0
  },
  "H1Rb1": {
    "H": -1.0,
    "Rb": 1.0
  },
  "Cs1K2Sb1": {
    "Cs": 1.0,
    "K": 1.0,
    "Sb": -3.0
  },
  "F18Ga3Li3Mn3": {
    "F": -1.0,
    "Ga": 3.0,
    "Li": 1.0,
    "Mn": 2.0
  },
  "B2Cr2O6": {
    "B": 3.0,
    "Cr": 3.0,
    "O": -2.0
  },
  "K4O2": {
    "K": 1.0,
    "O": -2.0
  },
  "Al2Bi2O6": {
    "Al": 3.0,
    "Bi": 3.0,
    "O": -2.0
  },
  "Ge4Li8N8": {
    "Ge": 4.0,
    "Li": 1.0,
    "N": -3.0
  },
  "Al2Li2Te4": {
    "Al": 3.0,
    "Li": 1.0,
    "Te": -2.0
  },
  "Li56N32Sb8": {
    "Li": 1.0,
    "N": -3.0,
    "Sb": 5.0
  },
  "Fe2Hf1Sn1": null,
  "Cu2Ge2S14Sm6": {
    "Cu": 1.0,
    "Ge": 4.0,
    "S": -2.0,
    "Sm": 3.0
  },
  "Al8Ba12N16": {
    "Al": 3.0,
    "Ba": 2.0,
    "N": -3.0
  },
  "As32Ba32Si8": {
    "As": -3.0,
    "Ba": 2.0,
    "Si": 4.0
  },
  "C1Cd1N2": {
    "C": 4.0,
    "Cd": 2.0,
    "N": -3.0
  },
  "Li6O8P2": {
    "Li": 1.0,
    "O": -2.0,
    "P": 5.0
  },
  "Ni1Sn1Th1": null,
  "Pt1Sb1Tm1": {
    "Pt": -2.0,
    "Sb": -1.0,
    "Tm": 3.0
  },
  "Pb1Se1": {
    "Pb": 2.0,
    "Se": -2.0
  },
  "Rh1Sb1Th1": null,
  "Er1Ni1Sb1": null,
  "Na1S2Y1": {
    "Na": 1.0,
    "S": -2.0,
    "Y": 3.0
  },
  "Hg2I2": {
    "Hg": 1.0,
    "I": -1.0
  },
  "Ga1Ge1H1Sr1": null,
  "Bi1Se2Tl1": {
    "Bi": 3.0,
    "Se": -2.0,
    "Tl": 1.0
  },
  "Cu1In1O2": {
    "Cu": 1.0,
    "In": 3.0,
    "O": -2.0
  },
  "As2Ba1Cd2": {
    "As": -3.0,
    "Ba": 2.0,
    "Cd": 2.0
  },
  "P2Sr1Zn2": {
    "P": -3.0,
    "Sr": 2.0,
    "Zn": 2.0
  },
  "Cd1Cs1F3": {
    "Cd": 2.0,
    "Cs": 1.0,
    "F": -1.0
  },
  "Cl2F2Pb2": {
    "Cl": -1.0,
    "F": -1.0,
    "Pb": 2.0
  },
  "Au2Rb2Se2": {
    "Au": 1.0,
    "Rb": 1.0,
    "Se": -2.0
  },
  "Ag2In2Se4": {
    "Ag": 1.0,
    "In": 3.0,
    "Se": -2.0
  },
  "Cd1N3O6Tl1": {
    "Cd": 2.0,
    "N": 2.3333333333333335,
    "O": -2.0,
    "Tl": 3.0
  },
  "Cu7Li47N18": {
    "Cu": 1.0,
    "Li": 1.0,
    "N": -3.0
  },
  "Cs2O4Sc2": {
    "Cs": 1.0,
    "O": -2.0,
    "Sc": 3.0
  },
  "Bi1N1Sr3": null,
  "B4Li4O12Zn4": {
    "B": 3.0,
    "Li": 1.0,
    "O": -2.0,
    "Zn": 2.0
  },
  "O3Pb1Ti1": {
    "O": -2.0,
    "Pb": 2.0,
    "Ti": 4.0
  },
  "Li12P28": {
    "Li": 1.0,
    "P": -0.42857142857142855
  },
  "H24Li2Mn2O20P2": {
    "H": 1.0,
    "Li": 1.0,
    "Mn": 2.0,
    "O": -2.0,
    "P": 5.0
  },
  "B2Bi1Li1O5": {
    "B": 3.0,
    "Bi": 3.0,
    "Li": 1.0,
    "O": -2.0
  },
  "C2Li2O14P2Zr2": {
    "C": 4.0,
    "Li": 1.0,
    "O": -2.0,
    "P": 5.0,
    "Zr": 4.0
  },
  "I12K4Re2": {
    "I": -1.0,
    "K": 1.0,
    "Re": 4.0
  },
  "O20Sn3Ti7": {
    "O": -2.0,
    "Sn": 4.0,
    "Ti": 4.0
  },
  "Ca8S12Sn2": {
    "Ca": 2.0,
    "S": -2.0,
    "Sn": 4.0
  },
  "Cu4In4S12Si2": {
    "Cu": 1.0,
    "In": 3.0,
    "S": -2.0,
    "Si": 4.0
  },
  "Ba32N38Nb10": {
    "Ba": 2.0,
    "N": -3.0,
    "Nb": 5.0
  },
  "C3Fe2Li2O9": {
    "C": 4.0,
    "Fe": 2.0,
    "Li": 1.0,
    "O": -2.0
  },
  "Ba4Hg4S8": {
    "Ba": 2.0,
    "Hg": 2.0,
    "S": -2.0
  },
  "Ag2K2Se2": {
    "Ag": 1.0,
    "K": 1.0,
    "Se": -2.0
  },
  "Al2Na2Te4": {
    "Al": 3.0,
    "Na": 1.0,
    "Te": -2.0
  },
  "Ga2Na2Te4": {
    "Ga": 3.0,
    "Na": 1.0,
    "Te": -2.0
  },
  "Al2Na2Se4": {
    "Al": 3.0,
    "Na": 1.0,
    "Se": -2.0
  },
  "In2Te4Zn1": {
    "In": 3.0,
    "Te": -2.0,
    "Zn": 2.0
  },
  "Cr2O10Pb4": {
    "Cr": 6.0,
    "O": -2.0,
    "Pb": 2.0
  },
  "Sb8Se12": {
    "Sb": 3.0,
    "Se": -2.0
  },
  "B4C4Ca2": {
    "B": 3.0,
    "C": -4.0,
    "Ca": 2.0
  },
  "Bi1Co1O3": {
    "Bi": 3.0,
    "Co": 3.0,
    "O": -2.0
  },
  "Be4N4Sr2": {
    "Be": 2.0,
    "N": -3.0,
    "Sr": 2.0
  },
  "Cd2K12Te8": {
    "Cd": 2.0,
    "K": 1.0,
    "Te": -2.0
  },
  "N22Si12Sm6": {
    "N": -3.0,
    "Si": 4.0,
    "Sm": 3.0
  },
  "Ga2Ho6O12": {
    "Ga": 3.0,
    "Ho": 3.0,
    "O": -2.0
  },
  "O10Te4": {
    "O": -2.0,
    "Te": 5.0
  },
  "Mg2S8Sc4": {
    "Mg": 2.0,
    "S": -2.0,
    "Sc": 3.0
  },
  "Ge4Sr8": null,
  "Co4Na12O12": {
    "Co": 3.0,
    "Na": 1.0,
    "O": -2.0
  },
  "Li4Mn4O16V4": {
    "Li": 1.0,
    "Mn": 2.0,
    "O": -2.0,
    "V": 5.0
  },
  "O10Sb4": {
    "O": -2.0,
    "Sb": 5.0
  },
  "Mg3Sb2": {
    "Mg": 2.0,
    "Sb": -3.0
  },
  "P6Rb4": {
    "P": -0.6666666666666666,
    "Rb": 1.0
  },
  "Ba2N12": {
    "Ba": 2.0,
    "N": -0.3333333333333333
  },
  "F8H14N2": {
    "F": -1.0,
    "H": 1.0,
    "N": -3.0
  },
  "Li1N3": {
    "Li": 1.0,
    "N": -0.3333333333333333
  },
  "Ag1Sc1Se2": {
    "Ag": 1.0,
    "Sc": 3.0,
    "Se": -2.0
  },
  "Au1Cs1": {
    "Au": -1.0,
    "Cs": 1.0
  },
  "Ge4Hg6K4Se16": {
    "Ge": 4.0,
    "Hg": 2.0,
    "K": 1.0,
    "Se": -2.0
  },
  "Cr4Sb4Se12": {
    "Cr": 3.0,
    "Sb": 3.0,
    "Se": -2.0
  },
  "Ga2Se4Zn1": {
    "Ga": 3.0,
    "Se": -2.0,
    "Zn": 2.0
  },
  "Co4P12": {
    "Co": 1.0,
    "P": -0.3333333333333333
  },
  "Ba4Ca4Sn4": null,
  "Ge4S4": {
    "Ge": 2.0,
    "S": -2.0
  },
  "Cl1H4N1": {
    "Cl": -1.0,
    "H": 1.0,
    "N": -3.0
  },
  "Na3P3Sr3": {
    "Na": 1.0,
    "P": -3.0,
    "Sr": 2.0
  },
  "S4Sc2Tl2": {
    "S": -2.0,
    "Sc": 3.0,
    "Tl": 1.0
  },
  "Nb4Ni2O12": {
    "Nb": 5.0,
    "Ni": 2.0,
    "O": -2.0
  },
  "F12Y4": {
    "F": -1.0,
    "Y": 3.0
  },
  "N12Sr2": {
    "N": -0.3333333333333333,
    "Sr": 2.0
  },
  "Ba8N12Ta4": {
    "Ba": 2.0,
    "N": -3.0,
    "Ta": 5.0
  },
  "As4Fe2": {
    "As": -1.5,
    "Fe": 3.0
  },
  "Mn1O6Pt3": {
    "Mn": 2.0,
    "O": -2.0,
    "Pt": 3.3333333333333335
  },
  "Bi1Nd1Pd1": null,
  "Bi1Ca3N1": null,
  "Na1Ni1O2": {
    "Na": 1.0,
    "Ni": 3.0,
    "O": -2.0
  },
  "Cu1K5Sb2": {
    "Cu": 1.0,
    "K": 1.0,
    "Sb": -3.0
  },
  "Mn3O6Te1": {
    "Mn": 2.0,
    "O": -2.0,
    "Te": 6.0
  },
  "Fe2O5Sr3": {
    "Fe": 2.0,
    "O": -2.0,
    "Sr": 2.0
  },
  "As2Hg1K4": {
    "As": -3.0,
    "Hg": 2.0,
    "K": 1.0
  },
  "Ba2Ni2O6": {
    "Ba": 2.0,
    "Ni": 4.0,
    "O": -2.0
  },
  "As4F12": {
    "As": 3.0,
    "F": -1.0
  },
  "As4Mg2Si2": {
    "As": -3.0,
    "Mg": 2.0,
    "Si": 4.0
  },
  "Li2Mn1O2": {
    "Li": 1.0,
    "Mn": 2.0,
    "O": -2.0
  },
  "F7Li3Mn1": {
    "F": -1.0,
    "Li": 1.0,
    "Mn": 4.0
  },
  "F4H12O16S4": {
    "F": -1.0,
    "H": 1.0,
    "O": -2.0,
    "S": 6.0
  },
  "H32N8O16S4": {
    "H": 1.0,
    "N": 1.0,
    "O": -2.0,
    "S": -2.0
  },
  "Bi2O4Rb2": {
    "Bi": 3.0,
    "O": -2.0,
    "Rb": 1.0
  },
  "K2O5Ti2": {
    "K": 1.0,
    "O": -2.0,
    "Ti": 4.0
  },
  "Cl8O4": null,
  "Ca8I24Sr4": {
    "Ca": 2.0,
    "I": -1.0,
    "Sr": 2.0
  },
  "As2Be1K4": {
    "As": -3.0,
    "Be": 2.0,
    "K": 1.0
  },
  "Cs2F4H2": {
    "Cs": 1.0,
    "F": -1.0,
    "H": 1.0
  },
  "F8I8O24S8": {
    "F": -1.0,
    "I": 5.0,
    "O": -2.0,
    "S": 2.0
  },
  "Ag6S6Sb2": {
    "Ag": 1.0,
    "S": -2.0,
    "Sb": 3.0
  },
  "O9Rb3Ta3": {
    "O": -2.0,
    "Rb": 1.0,
    "Ta": 5.0
  },
  "B12Cl1H12Rb3": {
    "B": -1.0,
    "Cl": -1.0,
    "H": 0.8333333333333334,
    "Rb": 1.0
  },
  "Cl14Fe2Se2": {
    "Cl": -1.0,
    "Fe": 3.0,
    "Se": 4.0
  },
  "Cl6Ge2K2": {
    "Cl": -1.0,
    "Ge": 2.0,
    "K": 1.0
  },
  "As2Ca1O6": {
    "As": 5.0,
    "Ca": 2.0,
    "O": -2.0
  },
  "Fe1H2O2": {
    "Fe": 2.0,
    "H": 1.0,
    "O": -2.0
  },
  "O12Pb4Te4": {
    "O": -2.0,
    "Pb": 2.0,
    "Te": 4.0
  },
  "Al2Li4Ni2O8": {
    "Al": 3.0,
    "Li": 1.0,
    "Ni": 3.0,
    "O": -2.0
  },
  "Br20P4": {
    "Br": -1.0,
    "P": 5.0
  },
  "Cl6La2": {
    "Cl": -1.0,
    "La": 3.0
  },
  "F4H12Si4": {
    "F": -1.0,
    "H": 1.0,
    "Si": -2.0
  },
  "Mo2O12Te2Zn2": {
    "Mo": 6.0,
    "O": -2.0,
    "Te": 4.0,
    "Zn": 2.0
  },
  "Cd1K4P2": {
    "Cd": 2.0,
    "K": 1.0,
    "P": -3.0
  },
  "Li2Lu2O4": {
    "Li": 1.0,
    "Lu": 3.0,
    "O": -2.0
  },
  "Cl6K2Re1": {
    "Cl": -1.0,
    "K": 1.0,
    "Re": 4.0
  },
  "Cl1Cs1O4": null,
  "I8Pt4": {
    "I": -1.0,
    "Pt": 2.0
  },
  "Cl2F2Sr2": {
    "Cl": -1.0,
    "F": -1.0,
    "Sr": 2.0
  },
  "Br16Ga4Li4": {
    "Br": -1.0,
    "Ga": 3.0,
    "Li": 1.0
  },
  "Br2Cr2S2": {
    "Br": -1.0,
    "Cr": 3.0,
    "S": -2.0
  },
  "Li4Mn4O16Sb4": {
    "Li": 1.0,
    "Mn": 2.0,
    "O": -2.0,
    "Sb": 5.0
  },
  "Cl2La2O2": {
    "Cl": -1.0,
    "La": 3.0,
    "O": -2.0
  },
  "Al1N1Nd2O3": {
    "Al": 3.0,
    "N": -3.0,
    "Nd": 3.0,
    "O": -2.0
  },
  "Al1Ba1H1Si1": {
    "Al": 3.0,
    "Ba": 2.0,
    "H": -1.0,
    "Si": -4.0
  },
  "F3Li3Mn3O5": {
    "F": -1.0,
    "Li": 1.0,
    "Mn": 3.3333333333333335,
    "O": -2.0
  },
  "B12P2": {
    "B": 0.5,
    "P": -3.0
  },
  "Cl6Rb2Sn1": {
    "Cl": -1.0,
    "Rb": 1.0,
    "Sn": 4.0
  },
  "H1Ho1Se1": {
    "H": -1.0,
    "Ho": 3.0,
    "Se": -2.0
  },
  "Ag5Cl2P1S4": {
    "Ag": 1.0,
    "Cl": -1.0,
    "P": 5.0,
    "S": -2.0
  },
  "Ba4Ge4O2S12Zn2": {
    "Ba": 2.0,
    "Ge": 4.0,
    "O": -2.0,
    "S": -2.0,
    "Zn": 2.0
  },
  "Ag4K2Se8Ta2": {
    "Ag": 1.0,
    "K": 1.0,
    "Se": -2.0,
    "Ta": 5.0
  },
  "Ag10S8Sb2": {
    "Ag": 1.0,
    "S": -2.0,
    "Sb": 3.0
  },
  "O8V4": {
    "O": -2.0,
    "V": 4.0
  },
  "Fe3O7P1": {
    "Fe": 3.0,
    "O": -2.0,
    "P": 5.0
  },
  "I4P2": {
    "I": -1.0,
    "P": 2.0
  },
  "Bi2Cl2O2": {
    "Bi": 3.0,
    "Cl": -1.0,
    "O": -2.0
  },
  "F6Hf1V1": {
    "F": -1.0,
    "Hf": 4.0,
    "V": 2.0
  },
  "O4Se4Zr4": {
    "O": -2.0,
    "Se": -2.0,
    "Zr": 4.0
  },
  "Bi2O6Tm2": {
    "Bi": 3.0,
    "O": -2.0,
    "Tm": 3.0
  },
  "B2In2O6": {
    "B": 3.0,
    "In": 3.0,
    "O": -2.0
  },
  "B2O6Sc2": {
    "B": 3.0,
    "O": -2.0,
    "Sc": 3.0
  },
  "Cu1Li1O6Ta2": {
    "Cu": 1.0,
    "Li": 1.0,
    "O": -2.0,
    "Ta": 5.0
  },
  "I1K1Ni1O6": null,
  "Be4O7Te1": {
    "Be": 2.0,
    "O": -2.0,
    "Te": 6.0
  },
  "H6Mg2Ru1": {
    "H": -1.0,
    "Mg": 2.0,
    "Ru": 2.0
  },
  "B2Cl6": {
    "B": 3.0,
    "Cl": -1.0
  },
  "Br1Li6P1S5": {
    "Br": -1.0,
    "Li": 1.0,
    "P": 5.0,
    "S": -2.0
  },
  "P2S6Tl2": {
    "P": 5.0,
    "S": -2.0,
    "Tl": 1.0
  },
  "Bi4Ge2O10": {
    "Bi": 3.0,
    "Ge": 4.0,
    "O": -2.0
  },
  "Ba1F2": {
    "Ba": 2.0,
    "F": -1.0
  },
  "Na6O6": null,
  "Ag1Cr1S2": {
    "Ag": 1.0,
    "Cr": 3.0,
    "S": -2.0
  },
  "Fe12Li8Nb4O32": {
    "Fe": 3.0,
    "Li": 1.0,
    "Nb": 5.0,
    "O": -2.0
  },
  "Ru1Sb1V1": null,
  "Ag12Au4Te8": {
    "Ag": 1.0,
    "Au": 1.0,
    "Te": -2.0
  },
  "K2S4Sb2": {
    "K": 1.0,
    "S": -2.0,
    "Sb": 3.0
  },
  "Si4Sr8": {
    "Si": -4.0,
    "Sr": 2.0
  },
  "P4Si2Zn2": {
    "P": 1.0,
    "Si": -4.0,
    "Zn": 2.0
  },
  "F6Li2Ni4O2": {
    "F": -1.0,
    "Li": 1.0,
    "Ni": 2.0,
    "O": -2.0
  },
  "Cu1Se2Y1": {
    "Cu": 1.0,
    "Se": -2.0,
    "Y": 3.0
  },
  "Ba2F8Mg2": {
    "Ba": 2.0,
    "F": -1.0,
    "Mg": 2.0
  },
  "N16Si10Sr4": {
    "N": -3.0,
    "Si": 4.0,
    "Sr": 2.0
  },
  "O6Pb2Rb4": {
    "O": -2.0,
    "Pb": 4.0,
    "Rb": 1.0
  },
  "Cd1Na2S4Sn1": {
    "Cd": 2.0,
    "Na": 1.0,
    "S": -2.0,
    "Sn": 4.0
  },
  "Cl18H4N1Rb5Te3": {
    "Cl": -1.0,
    "H": 1.0,
    "N": -3.0,
    "Rb": 1.0,
    "Te": 4.0
  },
  "As2K4Na2": {
    "As": -3.0,
    "K": 1.0,
    "Na": 1.0
  },
  "F2Mg4N2": {
    "F": -1.0,
    "Mg": 2.0,
    "N": -3.0
  },
  "Mg1O6Pt3": {
    "Mg": 2.0,
    "O": -2.0,
    "Pt": 3.3333333333333335
  },
  "F6V1Zr1": {
    "F": -1.0,
    "V": 2.0,
    "Zr": 4.0
  },
  "As8Ba4Ge8": {
    "As": -3.0,
    "Ba": 2.0,
    "Ge": 2.0
  },
  "F6Pd1Rb2": {
    "F": -1.0,
    "Pd": 4.0,
    "Rb": 1.0
  },
  "C8H8K8N16": {
    "C": 4.0,
    "H": 1.0,
    "K": 1.0,
    "N": -3.0
  },
  "Ge1Li2O10Si1V2": {
    "Ge": 4.0,
    "Li": 1.0,
    "O": -2.0,
    "Si": 4.0,
    "V": 5.0
  },
  "Na16O28P8": {
    "Na": 1.0,
    "O": -2.0,
    "P": 5.0
  },
  "Nb6O16Sr1": {
    "Nb": 5.0,
    "O": -2.0,
    "Sr": 2.0
  },
  "Ca8Ge4": null,
  "N12Na12W4": {
    "N": -3.0,
    "Na": 1.0,
    "W": 6.0
  },
  "Cr1Li8Mn3O12": {
    "Cr": 5.0,
    "Li": 1.0,
    "Mn": 3.6666666666666665,
    "O": -2.0
  },
  "B4Li3Mn4O12": {
    "B": 3.0,
    "Li": 1.0,
    "Mn": 2.25,
    "O": -2.0
  },
  "Cr2O14P4": {
    "Cr": 4.0,
    "O": -2.0,
    "P": 5.0
  },
  "Li3Mn1O14P4V1": {
    "Li": 1.0,
    "Mn": 2.0,
    "O": -2.0,
    "P": 5.0,
    "V": 3.0
  },
  "As8Cl8O16Pb8": {
    "As": 3.0,
    "Cl": -1.0,
    "O": -2.0,
    "Pb": 2.0
  },
  "Cr1O12Te1W2": {
    "Cr": 6.0,
    "O": -2.0,
    "Te": 6.0,
    "W": 6.0
  },
  "Li1Nb1O12Te2W1": {
    "Li": 1.0,
    "Nb": 5.0,
    "O": -2.0,
    "Te": 6.0,
    "W": 6.0
  },
  "B16Li8O28": {
    "B": 3.0,
    "Li": 1.0,
    "O": -2.0
  },
  "Ca8N8Zr2": {
    "Ca": 2.0,
    "N": -3.0,
    "Zr": 4.0
  },
  "O18P6Pr2": {
    "O": -2.0,
    "P": 5.0,
    "Pr": 3.0
  },
  "Bi3Li1O10P2": {
    "Bi": 3.0,
    "Li": 1.0,
    "O": -2.0,
    "P": 5.0
  },
  "Cu4K2Se8Ta2": {
    "Cu": 1.0,
    "K": 1.0,
    "Se": -2.0,
    "Ta": 5.0
  },
  "H2Nd2O4": {
    "H": 1.0,
    "Nd": 3.0,
    "O": -2.0
  },
  "Mo4O14Zn2": {
    "Mo": 6.0,
    "O": -2.0,
    "Zn": 2.0
  },
  "Be2Ca4O14Si4": {
    "Be": 2.0,
    "Ca": 2.0,
    "O": -2.0,
    "Si": 4.0
  },
  "F3K1Zn1": {
    "F": -1.0,
    "K": 1.0,
    "Zn": 2.0
  },
  "Na2O4Sm2": {
    "Na": 1.0,
    "O": -2.0,
    "Sm": 3.0
  },
  "Li2Na1Sb1": {
    "Li": 1.0,
    "Na": 1.0,
    "Sb": -3.0
  },
  "Eu2S8Y4": {
    "Eu": 2.0,
    "S": -2.0,
    "Y": 3.0
  },
  "F1Na1": {
    "F": -1.0,
    "Na": 1.0
  },
  "Al2Cd1Te4": {
    "Al": 3.0,
    "Cd": 2.0,
    "Te": -2.0
  },
  "Cl1O4Rb1": null,
  "F4N4O4": {
    "F": -1.0,
    "N": 3.0,
    "O": -2.0
  },
  "C2Li2O14P2Ti2": {
    "C": 4.0,
    "Li": 1.0,
    "O": -2.0,
    "P": 5.0,
    "Ti": 4.0
  },
  "Cl1Li1": {
    "Cl": -1.0,
    "Li": 1.0
  },
  "Ba1O2": null,
  "N12Si4Sr10": {
    "N": -3.0,
    "Si": 4.0,
    "Sr": 2.0
  },
  "Li2O1": {
    "Li": 1.0,
    "O": -2.0
  },
  "Mn2O2": {
    "Mn": 2.0,
    "O": -2.0
  },
  "K2S1": {
    "K": 1.0,
    "S": -2.0
  },
  "Ag1Cl1": {
    "Ag": 1.0,
    "Cl": -1.0
  },
  "Br1O1Rb3": {
    "Br": -1.0,
    "O": -2.0,
    "Rb": 1.0
  },
  "Cu3Nb1Se4": {
    "Cu": 1.0,
    "Nb": 5.0,
    "Se": -2.0
  },
  "I1O3Rb1": {
    "I": 5.0,
    "O": -2.0,
    "Rb": 1.0
  },
  "F6Na1Sb1": {
    "F": -1.0,
    "Na": 1.0,
    "Sb": 5.0
  },
  "C4Li1Mn2O12": {
    "C": 4.0,
    "Li": 1.0,
    "Mn": 3.5,
    "O": -2.0
  },
  "Cl2Li5P1S4": {
    "Cl": -1.0,
    "Li": 1.0,
    "P": 5.0,
    "S": -2.0
  },
  "As2O1Sr4": {
    "As": -3.0,
    "O": -2.0,
    "Sr": 2.0
  },
  "Nd2O18P6": {
    "Nd": 3.0,
    "O": -2.0,
    "P": 5.0
  },
  "Cl1Cs1": {
    "Cl": -1.0,
    "Cs": 1.0
  },
  "Ge1I1O6Rb1": null,
  "Cr1K3O4": {
    "Cr": 5.0,
    "K": 1.0,
    "O": -2.0
  },
  "Cl3H12N5O1Os1": {
    "Cl": -1.0,
    "H": 1.0,
    "N": -3.0,
    "O": -2.0,
    "Os": 8.0
  },
  "Ag4P4S16Zn4": {
    "Ag": 1.0,
    "P": 5.0,
    "S": -2.0,
    "Zn": 2.0
  },
  "Ca8O20Tl8": {
    "Ca": 2.0,
    "O": -2.0,
    "Tl": 3.0
  },
  "Bi1Cs1K2": null,
  "Mg2O12Sb4": {
    "Mg": 2.0,
    "O": -2.0,
    "Sb": 5.0
  },
  "Ag4F2H4I2O2": {
    "Ag": 1.0,
    "F": -1.0,
    "H": 1.0,
    "I": -1.0,
    "O": -2.0
  },
  "Br8S28Te4": {
    "Br": 4.25,
    "S": -2.0,
    "Te": 5.5
  },
  "Mg2O8V4": {
    "Mg": 2.0,
    "O": -2.0,
    "V": 3.0
  },
  "H8Mg1O16P4Rb2": {
    "H": 1.0,
    "Mg": 2.0,
    "O": -2.0,
    "P": 5.0,
    "Rb": 1.0
  },
  "Mo4O10": {
    "Mo": 5.0,
    "O": -2.0
  },
  "Cr4O14Zn2": {
    "Cr": 6.0,
    "O": -2.0,
    "Zn": 2.0
  },
  "Cu2F8Mg2": {
    "Cu": 2.0,
    "F": -1.0,
    "Mg": 2.0
  },
  "Cr1Cu1Se2": {
    "Cr": 3.0,
    "Cu": 1.0,
    "Se": -2.0
  },
  "Fe1O8W2Y1": {
    "Fe": 3.0,
    "O": -2.0,
    "W": 5.0,
    "Y": 3.0
  },
  "Cr2O10P2": {
    "Cr": 5.0,
    "O": -2.0,
    "P": 5.0
  },
  "Li5Mn1O8Si2": {
    "Li": 1.0,
    "Mn": 3.0,
    "O": -2.0,
    "Si": 4.0
  },
  "Mo12N48Sr36": {
    "Mo": 6.0,
    "N": -3.0,
    "Sr": 2.0
  },
  "Cl6Rb2Se1": {
    "Cl": -1.0,
    "Rb": 1.0,
    "Se": 4.0
  },
  "Cr4Mg4O8": {
    "Cr": 2.0,
    "Mg": 2.0,
    "O": -2.0
  },
  "Cs2Nb4Nd2O14": {
    "Cs": 1.0,
    "Nb": 5.0,
    "Nd": 3.0,
    "O": -2.0
  },
  "Ca2Fe1O6W1": {
    "Ca": 2.0,
    "Fe": 2.0,
    "O": -2.0,
    "W": 6.0
  },
  "H4I4K2O14Zn1": {
    "H": 1.0,
    "I": 5.0,
    "K": 1.0,
    "O": -2.0,
    "Zn": 2.0
  }
}