{
  "Ag2Ca1Ge2": null,
  "Ba1Ge2Mg2": null,
  "Ba1Mg2Si2": null,
  "Pd4Se6Tl2": {
    "Pd": 2.5,
    "Se": -2.0,
    "Tl": 1.0
  },
  "Au2O4Rb2": {
    "Au": 3.0,
    "O": -2.0,
    "Rb": 1.0
  },
  "C10Y8": {
    "C": -2.4,
    "Y": 3.0
  },
  "As2Er2O2Zn2": {
    "As": -3.0,
    "Er": 3.0,
    "O": -2.0,
    "Zn": 2.0
  },
  "Cs1Cu3S2": {
    "Cs": 1.0,
    "Cu": 1.0,
    "S": -2.0
  },
  "Cs2Cu1F6K1": {
    "Cs": 1.0,
    "Cu": 3.0,
    "F": -1.0,
    "K": 1.0
  },
  "Co4P4Zr4": {
    "Co": 1.0,
    "P": -3.0,
    "Zr": 2.0
  },
  "Cd2Na6": null,
  "Rh4Si4Ti4": null,
  "Ba6Fe2N6": {
    "Ba": 2.0,
    "Fe": 3.0,
    "N": -3.0
  },
  "Er1O2Rb1": {
    "Er": 3.0,
    "O": -2.0,
    "Rb": 1.0
  },
  "Dy1O2Rb1": {
    "Dy": 3.0,
    "O": -2.0,
    "Rb": 1.0
  },
  "Na5O6Re1": {
    "Na": 1.0,
    "O": -2.0,
    "Re": 7.0
  },
  "F4K2Zn1": {
    "F": -1.0,
    "K": 1.0,
    "Zn": 2.0
  },
  "K4O4Zn2": {
    "K": 1.0,
    "O": -2.0,
    "Zn": 2.0
  },
  "Ag2As2Sr2": {
    "Ag": 1.0,
    "As": -3.0,
    "Sr": 2.0
  },
  "Cu1Tm1": null,
  "Mn3Sc3Si3": {
    "Mn": 2.0,
    "Sc": 2.0,
    "Si": -4.0
  },
  "Fe3Ge3Sc3": null,
  "Pt4S6Tl2": {
    "Pt": 2.5,
    "S": -2.0,
    "Tl": 1.0
  },
  "Al4O12Sm4": {
    "Al": 3.0,
    "O": -2.0,
    "Sm": 3.0
  },
  "F12Sm4": {
    "F": -1.0,
    "Sm": 3.0
  },
  "Bi4K2": null,
  "Al2Sn2Sr3": null,
  "Al3Si2Y2": null,
  "As2Sr1Zn2": {
    "As": -3.0,
    "Sr": 2.0,
    "Zn": 2.0
  },
  "F8Na2Y2": {
    "F": -1.0,
    "Na": 1.0,
    "Y": 3.0
  },
  "Cr2P8": {
    "Cr": 3.0,
    "P": -0.75
  },
  "Co2Ga1Mn1": null,
  "B4Rh5Sr2": null,
  "Mg2O14Si4Sr4": {
    "Mg": 2.0,
    "O": -2.0,
    "Si": 4.0,
    "Sr": 2.0
  },
  "Ba2Sn2": null,
  "F6Pt1Zn1": {
    "F": -1.0,
    "Pt": 4.0,
    "Zn": 2.0
  },
  "Ca1F6Pt1": {
    "Ca": 2.0,
    "F": -1.0,
    "Pt": 4.0
  },
  "Ag2Sn2Tm2": null,
  "B4C4Sm2": {
    "B": 3.0,
    "C": -4.0,
    "Sm": 2.0
  },
  "Cd2Sb2Sr1": {
    "Cd": 2.0,
    "Sb": -3.0,
    "Sr": 2.0
  },
  "B4Co4Mo4": {
    "B": -3.0,
    "Co": 1.0,
    "Mo": 2.0
  },
  "Ag1Sc2Tl1": null,
  "Al2Hg1Te4": {
    "Al": 3.0,
    "Hg": 2.0,
    "Te": -2.0
  },
  "Sb2Sr1Zn2": {
    "Sb": -3.0,
    "Sr": 2.0,
    "Zn": 2.0
  },
  "Ba1P2Zn2": {
    "Ba": 2.0,
    "P": -3.0,
    "Zn": 2.0
  },
  "Pd8Sb4": null,
  "Cd2Sb2Yb1": {
    "Cd": 2.0,
    "Sb": -3.0,
    "Yb": 2.0
  },
  "As1Y1": {
    "As": -3.0,
    "Y": 3.0
  },
  "Ge3Ru3Sc3": null,
  "Au4Sb8": {
    "Au": 0.0,
    "Sb": 0.0
  },
  "F4Tl4": {
    "F": -1.0,
    "Tl": 1.0
  },
  "Ba2Cu4O4": {
    "Ba": 2.0,
    "Cu": 1.0,
    "O": -2.0
  },
  "B2Ca3Ni7": null,
  "Ge2Sr1Zn2": null,
  "Au2Sc2Si2": {
    "Au": 1.0,
    "Sc": 3.0,
    "Si": -4.0
  },
  "F6In1K2Na1": {
    "F": -1.0,
    "In": 3.0,
    "K": 1.0,
    "Na": 1.0
  },
  "O4S2Sc4": {
    "O": -2.0,
    "S": -2.0,
    "Sc": 3.0
  },
  "Mg2Ni3P1": null,
  "Cd1Cu4Er1": null,
  "Mn3Si1": null,
  "Ge8Li30": null,
  "Al6Cu3Yb3": null,
  "Ag1Br3Cs1": {
    "Ag": 2.0,
    "Br": -1.0,
    "Cs": 1.0
  },
  "P2S8Sc2": {
    "P": 5.0,
    "S": -2.0,
    "Sc": 3.0
  },
  "Au2Cs2O4": {
    "Au": 3.0,
    "Cs": 1.0,
    "O": -2.0
  },
  "Nd4Si4": {
    "Nd": 2.0,
    "Si": -2.0
  },
  "Si2Th1": null,
  "Ce4Mg2Si4": {
    "Ce": 3.0,
    "Mg": 2.0,
    "Si": -4.0
  },
  "Na2O4Pd3": {
    "Na": 1.0,
    "O": -2.0,
    "Pd": 2.0
  },
  "Hg1In2Se4": {
    "Hg": 2.0,
    "In": 3.0,
    "Se": -2.0
  },
  "Sb2Sc4": null,
  "Rh8Sn4": null,
  "O10Ta4": {
    "O": -2.0,
    "Ta": 5.0
  },
  "F3Hg1Rb1": {
    "F": -1.0,
    "Hg": 2.0,
    "Rb": 1.0
  },
  "Mn1Rh1Ti2": null,
  "Ag1Lu2Tl1": null,
  "Fe6Ge4Li1": null,
  "Ge3Pd1Sr1": null,
  "Li26Si8": null,
  "B4Ir4Sr2": null,
  "Fe6Si6Ti6": {
    "Fe": 2.0,
    "Si": -4.0,
    "Ti": 2.0
  },
  "Cu4Pr3Sn4": null,
  "Pt4Y12": null,
  "Er1Ga2": null,
  "S8Tc4": {
    "S": -2.0,
    "Tc": 4.0
  },
  "Ca4Pd4Si4": {
    "Ca": 2.0,
    "Pd": 2.0,
    "Si": -4.0
  },
  "Al4Ca10Sb12": {
    "Al": 3.0,
    "Ca": 2.0,
    "Sb": -2.6666666666666665
  },
  "K2Mg2Sb2": {
    "K": 1.0,
    "Mg": 2.0,
    "Sb": -3.0
  },
  "F2K2O4S2": {
    "F": -1.0,
    "K": 1.0,
    "O": -2.0,
    "S": 4.0
  },
  "Na4Se6Zr2": {
    "Na": 1.0,
    "Se": -2.0,
    "Zr": 4.0
  },
  "Ag1Ru1Y2": null,
  "H2V1": {
    "H": -1.0,
    "V": 2.0
  },
  "B2Mo2Ni1": {
    "B": -3.0,
    "Mo": 2.0,
    "Ni": 2.0
  },
  "Be1K4P2": {
    "Be": 2.0,
    "K": 1.0,
    "P": -3.0
  },
  "B2C1La1Rh2": {
    "B": -3.0,
    "C": -4.0,
    "La": 3.0,
    "Rh": 3.5
  },
  "K2Pt1Se2": {
    "K": 1.0,
    "Pt": 2.0,
    "Se": -2.0
  },
  "C1La3Tl1": null,
  "Ga2Mn2Pt2": null,
  "Ag4O4Rb4": {
    "Ag": 1.0,
    "O": -2.0,
    "Rb": 1.0
  },
  "Mo1Na1O2": {
    "Mo": 3.0,
    "Na": 1.0,
    "O": -2.0
  },
  "C2Nb4P2": {
    "C": -4.0,
    "Nb": 3.5,
    "P": -3.0
  },
  "Al2As4Na6": {
    "Al": 3.0,
    "As": -3.0,
    "Na": 1.0
  },
  "Al8Cu4Y1": null,
  "Ge2Y2": null,
  "Ge2Sc2": null,
  "Co1Ir1Sc2": null,
  "Al2C2Cr4": null,
  "Hf4P4": null,
  "Sb2Se2U2": {
    "Sb": -3.0,
    "Se": -2.0,
    "U": 5.0
  },
  "Co4La12": null,
  "Al2Ca1Si2": {
    "Al": 3.0,
    "Ca": 2.0,
    "Si": -4.0
  },
  "Ga2Te4Zn1": {
    "Ga": 3.0,
    "Te": -2.0,
    "Zn": 2.0
  },
  "Hf4Ni2P2": null,
  "Al2Ge2Y2": null,
  "P1Pt1Yb1": {
    "P": -1.0,
    "Pt": -2.0,
    "Yb": 3.0
  },
  "F2Hg2": {
    "F": -1.0,
    "Hg": 1.0
  },
  "Pr2Ru2Si2": null,
  "F1N1Sn2Sr6": null,
  "Pr2Te4": {
    "Pr": 4.0,
    "Te": -2.0
  },
  "Cr2Mn1Se4": {
    "Cr": 3.0,
    "Mn": 2.0,
    "Se": -2.0
  },
  "Br1Cl6F1Rb2": {
    "Br": 5.0,
    "Cl": -1.0,
    "F": -1.0,
    "Rb": 1.0
  },
  "Cl6Na1Rb2Sb1": {
    "Cl": -1.0,
    "Na": 1.0,
    "Rb": 1.0,
    "Sb": 3.0
  },
  "Ba6Cl1N1Tl2": null,
  "Al1Cs2H6In1": {
    "Al": 3.0,
    "Cs": 1.0,
    "H": -1.0,
    "In": 1.0
  },
  "Cs2N4V2": {
    "Cs": 1.0,
    "N": -3.0,
    "V": 5.0
  },
  "Cl6In1K1Rb2": {
    "Cl": -1.0,
    "In": 3.0,
    "K": 1.0,
    "Rb": 1.0
  },
  "Cd2Mg1Y1": null,
  "As1F6Na1Rb2": {
    "As": 3.0,
    "F": -1.0,
    "Na": 1.0,
    "Rb": 1.0
  },
  "Cl6In1Li1Tl2": {
    "Cl": -1.0,
    "In": 3.0,
    "Li": 1.0,
    "Tl": 1.0
  },
  "F6Fe1Zn1": null,
  "Te4Zr5": null,
  "Ca6F1In2N1": null,
  "Au6Tb2": {
    "Au": -1.0,
    "Tb": 3.0
  },
  "Na2S4Sb2": {
    "Na": 1.0,
    "S": -2.0,
    "Sb": 3.0
  },
  "S12Sb8": {
    "S": -2.0,
    "Sb": 3.0
  },
  "C4Cs8O12": {
    "C": 4.0,
    "Cs": 1.0,
    "O": -2.0
  },
  "Ca2Sn2": null,
  "As1Ba1Pd1": null,
  "C1Fe2Lu2Si2": {
    "C": -4.0,
    "Fe": 3.0,
    "Lu": 3.0,
    "Si": -4.0
  },
  "Li2Pm1Tl1": null,
  "Al8Mg4O36Si10": {
    "Al": 3.0,
    "Mg": 2.0,
    "O": -2.0,
    "Si": 4.0
  },
  "As4Rh6Yb1": null,
  "P2Sn2Sr2": null,
  "Ac1Sr1Zn2": null,
  "Ca4Cl8O24": null,
  "Co2Ge2Tm1": null,
  "B3Pt6Y3": {
    "B": 1.0,
    "Pt": -2.0,
    "Y": 3.0
  },
  "Ce1Pd7": null,
  "Cs2Se6Sn2": {
    "Cs": 1.0,
    "Se": -1.0,
    "Sn": 2.0
  },
  "Cu2Si2Yb1": {
    "Cu": 2.5,
    "Si": -4.0,
    "Yb": 3.0
  },
  "O2Te2Th2": {
    "O": -2.0,
    "Te": -2.0,
    "Th": 4.0
  },
  "Co2Er1Si2": {
    "Co": 2.5,
    "Er": 3.0,
    "Si": -4.0
  },
  "Ga3Mg3Y3": null,
  "Hf3Mo3P3": null,
  "Gd1O2Rb1": {
    "Gd": 3.0,
    "O": -2.0,
    "Rb": 1.0
  },
  "Nd1O2Rb1": {
    "Nd": 3.0,
    "O": -2.0,
    "Rb": 1.0
  },
  "Ba1F8Y2": {
    "Ba": 2.0,
    "F": -1.0,
    "Y": 3.0
  },
  "Ag2Si2Sr1": {
    "Ag": 3.0,
    "Si": -4.0,
    "Sr": 2.0
  },
  "B2Co1W2": {
    "B": -3.0,
    "Co": 2.0,
    "W": 2.0
  },
  "As1F6K1": {
    "As": 5.0,
    "F": -1.0,
    "K": 1.0
  },
  "B2Ni8Y2": null,
  "Ni2Si4Tm2": {
    "Ni": 1.0,
    "Si": -2.0,
    "Tm": 3.0
  },
  "B2Co3Ho1": {
    "B": -3.0,
    "Co": 1.0,
    "Ho": 3.0
  },
  "Ag2Ge2Pr1": null,
  "Nd2O2S1": {
    "Nd": 3.0,
    "O": -2.0,
    "S": -2.0
  },
  "O8Rh4Zn2": {
    "O": -2.0,
    "Rh": 3.0,
    "Zn": 2.0
  },
  "I4Nb2O2": {
    "I": -1.0,
    "Nb": 4.0,
    "O": -2.0
  },
  "Na2O8Re2": {
    "Na": 1.0,
    "O": -2.0,
    "Re": 7.0
  },
  "H3Pr1": {
    "H": -1.0,
    "Pr": 3.0
  },
  "Fe8Mn8O24": {
    "Fe": 3.0,
    "Mn": 3.0,
    "O": -2.0
  },
  "Ge2Ni2Y1": null,
  "F6K2Pt1": {
    "F": -1.0,
    "K": 1.0,
    "Pt": 4.0
  },
  "Ba1Zn1": null,
  "K2O4U1": {
    "K": 1.0,
    "O": -2.0,
    "U": 6.0
  },
  "Cu1Pt1Sc2": null,
  "Ca1Ge2Ni2": null,
  "Au6Lu2": {
    "Au": -1.0,
    "Lu": 3.0
  },
  "N2Sb1U2": {
    "N": -3.0,
    "Sb": -3.0,
    "U": 4.5
  },
  "Ge2Ho1Ru2": null,
  "P2Sb2Ti4": {
    "P": -3.0,
    "Sb": -3.0,
    "Ti": 3.0
  },
  "Ir1La1Si3": null,
  "Os2Si2U1": {
    "Os": -2.0,
    "Si": 0.0,
    "U": 4.0
  },
  "Al1Mg1Rh2": null,
  "Sm4Tl2": null,
  "Ag3As3Ca3": {
    "Ag": 1.0,
    "As": -3.0,
    "Ca": 2.0
  },
  "In8Ni2Sr2": null,
  "Pd1Ti2": null,
  "Cu2Nd1Si2": {
    "Cu": 2.5,
    "Nd": 3.0,
    "Si": -4.0
  },
  "Cs4O8W2": {
    "Cs": 1.0,
    "O": -2.0,
    "W": 6.0
  },
  "C2S2Ti4": {
    "C": -4.0,
    "S": -2.0,
    "Ti": 3.0
  },
  "I1Na1": {
    "I": -1.0,
    "Na": 1.0
  },
  "Er1K1O2": {
    "Er": 3.0,
    "K": 1.0,
    "O": -2.0
  },
  "Cr1Na1O2": {
    "Cr": 3.0,
    "Na": 1.0,
    "O": -2.0
  },
  "Pt1Rb2S2": {
    "Pt": 2.0,
    "Rb": 1.0,
    "S": -2.0
  },
  "Li2Nb2S4": {
    "Li": 1.0,
    "Nb": 3.0,
    "S": -2.0
  },
  "Ba4Cd4O8": {
    "Ba": 2.0,
    "Cd": 2.0,
    "O": -2.0
  },
  "Ca1F6Pd1": {
    "Ca": 2.0,
    "F": -1.0,
    "Pd": 4.0
  },
  "Cd2Li1Pt1": null,
  "O16Sc8Sr4": {
    "O": -2.0,
    "Sc": 3.0,
    "Sr": 2.0
  },
  "Cs2Np1O4": {
    "Cs": 1.0,
    "Np": 6.0,
    "O": -2.0
  },
  "Cs2Cu1F4": {
    "Cs": 1.0,
    "Cu": 2.0,
    "F": -1.0
  },
  "B4C1Ho2": null,
  "Cu1F4Rb2": {
    "Cu": 2.0,
    "F": -1.0,
    "Rb": 1.0
  },
  "B4Ti3": {
    "B": -3.0,
    "Ti": 4.0
  },
  "K2O4Pu1": {
    "K": 1.0,
    "O": -2.0,
    "Pu": 6.0
  },
  "Co1Ga5Lu1": null,
  "Ni2Pr2Sb2": null,
  "Al1Co2V1": null,
  "Ni2V6": null,
  "As1Pt5Zn1": {
    "As": -3.0,
    "Pt": 0.2,
    "Zn": 2.0
  },
  "Na8P8": {
    "Na": 1.0,
    "P": -1.0
  },
  "Ni2Si4Yb2": {
    "Ni": 2.0,
    "Si": -2.0,
    "Yb": 2.0
  },
  "Sn12Ti8": null,
  "F4Rb2Zn1": {
    "F": -1.0,
    "Rb": 1.0,
    "Zn": 2.0
  },
  "C1Ca1F1K1O3": {
    "C": 4.0,
    "Ca": 2.0,
    "F": -1.0,
    "K": 1.0,
    "O": -2.0
  },
  "Nd1S1": {
    "Nd": 2.0,
    "S": -2.0
  },
  "Te1Yb1": {
    "Te": -2.0,
    "Yb": 2.0
  },
  "Al1Ni2Y2": null,
  "Mg1Rh2Tm1": null,
  "P1Pt1Tm1": {
    "P": -1.0,
    "Pt": -2.0,
    "Tm": 3.0
  },
  "Os2Ru6": null,
  "Ge4Hf6": null,
  "Li1Sc2Tc1": null,
  "Al1Ir2Mg1": null,
  "Tl1Zr3": null,
  "Os1V3": null,
  "Al2C4Nb6": null,
  "Ag2Ga1Li1": null,
  "Cd2P4Si2": {
    "Cd": 2.0,
    "P": 1.0,
    "Si": -4.0
  },
  "Ho1Mg3": null,
  "In3Rh2Sr2": null,
  "Ga2Hg1Se4": {
    "Ga": 3.0,
    "Hg": 2.0,
    "Se": -2.0
  },
  "H1N1Sr2": {
    "H": -1.0,
    "N": -3.0,
    "Sr": 2.0
  },
  "As8Mn4O16": {
    "As": 3.0,
    "Mn": 2.0,
    "O": -2.0
  },
  "Cr4Fe4P4": null,
  "H2Na2S2": {
    "H": 1.0,
    "Na": 1.0,
    "S": -2.0
  },
  "Cl2N1Sc2": {
    "Cl": -1.0,
    "N": -3.0,
    "Sc": 2.5
  },
  "Bi12Ni4": null,
  "Ir4Ta4Te16": {
    "Ir": 3.0,
    "Ta": 5.0,
    "Te": -2.0
  },
  "In1Pu1": null,
  "Cu4S12Ta4": {
    "Cu": 1.0,
    "S": -2.0,
    "Ta": 5.0
  },
  "Al2F12Na6": {
    "Al": 3.0,
    "F": -1.0,
    "Na": 1.0
  },
  "Pb1Pr3": null,
  "Ca4I2N2": {
    "Ca": 2.0,
    "I": -1.0,
    "N": -3.0
  },
  "C1N1Na1O1": {
    "C": 4.0,
    "N": -3.0,
    "Na": 1.0,
    "O": -2.0
  },
  "In3Mg3Y3": null,
  "Br6La2": {
    "Br": -1.0,
    "La": 3.0
  },
  "F8Ge4": {
    "F": -1.0,
    "Ge": 2.0
  },
  "Cl16Nb6": {
    "Cl": -1.0,
    "Nb": 2.6666666666666665
  },
  "I6Sb2": {
    "I": -1.0,
    "Sb": 3.0
  },
  "Ni1Pm2Ru1": null,
  "Ag2Er1": null,
  "Al2Si2Y2": null,
  "Gd2O8Pd4": {
    "Gd": 3.0,
    "O": -2.0,
    "Pd": 2.5
  },
  "Co1Re1Ti2": null,
  "Be2Ge2P4": {
    "Be": 2.0,
    "Ge": 4.0,
    "P": -3.0
  },
  "Mg4N6Nb2": {
    "Mg": 2.0,
    "N": -3.0,
    "Nb": 5.0
  },
  "Mg8O18Ta4": {
    "Mg": 2.0,
    "O": -2.0,
    "Ta": 5.0
  },
  "O12Sc4Sm4": {
    "O": -2.0,
    "Sc": 3.0,
    "Sm": 3.0
  },
  "Cu4Te6Zr2": {
    "Cu": 1.0,
    "Te": -2.0,
    "Zr": 4.0
  },
  "Nd2Ru2Si4": {
    "Nd": 2.0,
    "Ru": 2.0,
    "Si": -2.0
  },
  "Ba2Si2Zn2": {
    "Ba": 2.0,
    "Si": -4.0,
    "Zn": 2.0
  },
  "Ba2Sn2Zn2": null,
  "Cl6Cs2Pb1": {
    "Cl": -1.0,
    "Cs": 1.0,
    "Pb": 4.0
  },
  "Ag1Ho2Tl1": null,
  "Br6Cs2Pt1": {
    "Br": -1.0,
    "Cs": 1.0,
    "Pt": 4.0
  },
  "Al1H1Si1Sr1": {
    "Al": 3.0,
    "H": -1.0,
    "Si": -4.0,
    "Sr": 2.0
  },
  "C2Cr4Ga2": null,
  "In3Th1": null,
  "I2Se4Tl10": {
    "I": -1.0,
    "Se": -2.0,
    "Tl": 1.0
  },
  "In1Lu2Mg1": null,
  "Ga3U1": null,
  "Mg1Os1Tm2": null,
  "Cu5Er1": null,
  "Cl6K2Os1": {
    "Cl": -1.0,
    "K": 1.0,
    "Os": 4.0
  },
  "Fe2Ge2Th1": null,
  "Cl12O4P4": {
    "Cl": -1.0,
    "O": -2.0,
    "P": 5.0
  },
  "Sc10Sn6": null,
  "In1Sm1": null,
  "Al2Ca1Zn2": null,
  "Fe1Pd3": null,
  "Cl6K2Mn1": {
    "Cl": -1.0,
    "K": 1.0,
    "Mn": 4.0
  },
  "Ir4Mn4Si4": null,
  "N1Na1O2": {
    "N": 3.0,
    "Na": 1.0,
    "O": -2.0
  },
  "Cu2Ho1In1": null,
  "C2Si2U3": {
    "C": -4.0,
    "Si": -4.0,
    "U": 5.333333333333333
  },
  "Co2Nd2Si2": {
    "Co": 1.0,
    "Nd": 3.0,
    "Si": -4.0
  },
  "Br4Cd2": {
    "Br": -1.0,
    "Cd": 2.0
  },
  "Ba1Li2Mg2Si2": {
    "Ba": 2.0,
    "Li": 1.0,
    "Mg": 2.0,
    "Si": -4.0
  },
  "B4Cu4Ir4": null,
  "Ag2Dy1Y1": null,
  "B2Ce1Co3": {
    "B": -3.0,
    "Ce": 3.0,
    "Co": 1.0
  },
  "C1Co3Mg1": null,
  "Ba1H3Li1": {
    "Ba": 2.0,
    "H": -1.0,
    "Li": 1.0
  },
  "F4H2K2": {
    "F": -1.0,
    "H": 1.0,
    "K": 1.0
  },
  "Hg1In2Te4": {
    "Hg": 2.0,
    "In": 3.0,
    "Te": -2.0
  },
  "Ba2Zn10": null,
  "B2Ru3Tb1": null,
  "H8O16Se4": {
    "H": 1.0,
    "O": -2.0,
    "Se": 6.0
  },
  "Rh4Sc4Si4": null,
  "H8O8Sr4": {
    "H": 1.0,
    "O": -2.0,
    "Sr": 2.0
  },
  "In4Ni2Y2": null,
  "Ga2H8Na2": {
    "Ga": 3.0,
    "H": -1.0,
    "Na": 1.0
  },
  "Ag3Pb3Tm3": null,
  "Ag6Sr9": null,
  "Au1O1Rb3": {
    "Au": -1.0,
    "O": -2.0,
    "Rb": 1.0
  },
  "Ba2Li4Si2": {
    "Ba": 2.0,
    "Li": 1.0,
    "Si": -4.0
  },
  "Pt2V6": null,
  "H4K2Mg1": {
    "H": -1.0,
    "K": 1.0,
    "Mg": 2.0
  },
  "Cu2Ga2Te4": {
    "Cu": 1.0,
    "Ga": 3.0,
    "Te": -2.0
  },
  "Ge2Se2U2": null,
  "Al1As1": {
    "Al": 3.0,
    "As": -3.0
  },
  "Br2Li5N1": {
    "Br": -1.0,
    "Li": 1.0,
    "N": -3.0
  },
  "Ni4Si4Y4": {
    "Ni": 1.0,
    "Si": -4.0,
    "Y": 3.0
  },
  "In2Sc4": null,
  "B1Nd1Rh3": null,
  "Hf1Ni1Sn1": null,
  "Ac1Ca1Zn2": null,
  "Cd1Ga1Rh2": null,
  "Nd1Pb3": null,
  "Co1Ga2Zr6": null,
  "Rh4Sb4": {
    "Rh": 3.0,
    "Sb": -3.0
  },
  "Cu4O2": {
    "Cu": 1.0,
    "O": -2.0
  },
  "Pd12Si4": null,
  "Fe3Ge3Hf3": null,
  "Cu4S4Ti1": {
    "Cu": 1.0,
    "S": -2.0,
    "Ti": 4.0
  },
  "Cu1Dy1Se2": {
    "Cu": 1.0,
    "Dy": 3.0,
    "Se": -2.0
  },
  "Li2Sb2Zn2": {
    "Li": 1.0,
    "Sb": -3.0,
    "Zn": 2.0
  },
  "Cd6Mg2": null,
  "Cl6K2Tc1": {
    "Cl": -1.0,
    "K": 1.0,
    "Tc": 4.0
  },
  "I2Ni1": {
    "I": -1.0,
    "Ni": 2.0
  },
  "Si16Ti20": {
    "Si": -4.0,
    "Ti": 3.2
  },
  "Al1Mn1Os2": null,
  "As4Rh4Ti4": null,
  "P4V4Zr4": null,
  "Ge1Rh3Sm2": null,
  "Al2Ge2Mn2": null,
  "Ag2Cd1Mg1": null,
  "Er1Li1Tl2": null,
  "Co4Ge4Sm4": null,
  "Ce2Cu2Ge2": null,
  "Al4Ni2O8": {
    "Al": 3.0,
    "Ni": 2.0,
    "O": -2.0
  },
  "Ca4Fe3H22Mg4": {
    "Ca": 2.0,
    "Fe": 2.0,
    "H": -1.0,
    "Mg": 2.0
  },
  "Fe4Hf4P4": null,
  "Ga3Np1": null,
  "O16Pb8Sn4": {
    "O": -2.0,
    "Pb": 2.0,
    "Sn": 4.0
  },
  "Eu1Fe4P12": {
    "Eu": 2.0,
    "Fe": 2.5,
    "P": -1.0
  },
  "Cl6Cs2Ti1": {
    "Cl": -1.0,
    "Cs": 1.0,
    "Ti": 4.0
  },
  "Cu2Pb2Y2": null,
  "Cl6K2Ti1": {
    "Cl": -1.0,
    "K": 1.0,
    "Ti": 4.0
  },
  "Sn8V4": null,
  "Ga2Hg1Te4": {
    "Ga": 3.0,
    "Hg": 2.0,
    "Te": -2.0
  },
  "C1In1La3": null,
  "Pd4Si4": {
    "Pd": 2.0,
    "Si": -2.0
  },
  "Cl4Pd1Tl2": {
    "Cl": -1.0,
    "Pd": 2.0,
    "Tl": 1.0
  },
  "Li5O5Sb1": {
    "Li": 1.0,
    "O": -2.0,
    "Sb": 5.0
  },
  "Ga2V6": null,
  "Al2Nb2O8": {
    "Al": 3.0,
    "Nb": 5.0,
    "O": -2.0
  },
  "Ge4Rh8": null,
  "Cs2Hf1I6": {
    "Cs": 1.0,
    "Hf": 4.0,
    "I": -1.0
  },
  "S2Si2Zr2": {
    "S": -2.0,
    "Si": 0.0,
    "Zr": 2.0
  },
  "Cs2Na2Te2": {
    "Cs": 1.0,
    "Na": 1.0,
    "Te": -2.0
  },
  "Ga2Yb2": null,
  "Ba2Pt2": {
    "Ba": 2.0,
    "Pt": -2.0
  },
  "Ni4P4S4": {
    "Ni": 1.0,
    "P": 1.0,
    "S": -2.0
  },
  "F6Li2Zr1": {
    "F": -1.0,
    "Li": 1.0,
    "Zr": 4.0
  },
  "Er2O8P2": {
    "Er": 3.0,
    "O": -2.0,
    "P": 5.0
  },
  "Nd1Ni2Si2": {
    "Nd": 3.0,
    "Ni": 2.5,
    "Si": -4.0
  },
  "Ca6P6": {
    "Ca": 2.0,
    "P": -2.0
  },
  "Fe2O6Sr3": {
    "Fe": 3.0,
    "O": -2.0,
    "Sr": 2.0
  },
  "N1Pu1": {
    "N": -3.0,
    "Pu": 3.0
  },
  "Cr1K1S2": {
    "Cr": 3.0,
    "K": 1.0,
    "S": -2.0
  },
  "Rh1Yb1": null,
  "Ga6Mg12": null,
  "Co4K12O8": {
    "Co": 1.0,
    "K": 1.0,
    "O": -2.0
  },
  "O16S4Tl8": {
    "O": -2.0,
    "S": 2.0,
    "Tl": 3.0
  },
  "K1O3U1": {
    "K": 1.0,
    "O": -2.0,
    "U": 5.0
  },
  "Al1Ge1Li1": null,
  "B2Y1": null,
  "Al1Ru1": null,
  "Hg6Sc2": null,
  "C2Nd1Ni1": {
    "C": -2.5,
    "Nd": 3.0,
    "Ni": 2.0
  },
  "Ca8Cd4Sb8": {
    "Ca": 2.0,
    "Cd": 2.0,
    "Sb": -3.0
  },
  "I2Np2O2": {
    "I": -1.0,
    "Np": 3.0,
    "O": -2.0
  },
  "B6Mg3Ni9": {
    "B": -3.0,
    "Mg": 2.0,
    "Ni": 1.3333333333333333
  },
  "Ce1Pt5": {
    "Ce": 3.0,
    "Pt": -0.6
  },
  "Au8Li30": null,
  "Nb6Pt2": null,
  "Ni1Sb1Ti1": {
    "Ni": 1.0,
    "Sb": -3.0,
    "Ti": 2.0
  },
  "Sn8Zr10": null,
  "H1Rh1": null,
  "Al2Mn1Te4": {
    "Al": 3.0,
    "Mn": 2.0,
    "Te": -2.0
  },
  "Cd2Pr1": null,
  "H4K2Pd1": {
    "H": -1.0,
    "K": 1.0,
    "Pd": 2.0
  },
  "H6Ni2Zr2": {
    "H": -1.0,
    "Ni": 1.0,
    "Zr": 2.0
  },
  "Nd2O5S2Ti2": {
    "Nd": 3.0,
    "O": -2.0,
    "S": -2.0,
    "Ti": 4.0
  },
  "N2Se1U2": {
    "N": -3.0,
    "Se": -2.0,
    "U": 4.0
  },
  "Ca3P1Sb1": {
    "Ca": 2.0,
    "P": -3.0,
    "Sb": -3.0
  },
  "Al8N16Sr12": {
    "Al": 3.0,
    "N": -3.0,
    "Sr": 2.0
  },
  "Ba1N8Si6": {
    "Ba": 2.0,
    "N": -2.25,
    "Si": 2.6666666666666665
  },
  "Co1Cs2F6": {
    "Co": 4.0,
    "Cs": 1.0,
    "F": -1.0
  },
  "F4Yb2": {
    "F": -1.0,
    "Yb": 2.0
  },
  "H2K2O2": {
    "H": 1.0,
    "K": 1.0,
    "O": -2.0
  },
  "Al1O4Sb1": {
    "Al": 3.0,
    "O": -2.0,
    "Sb": 5.0
  },
  "N8Sn4Zn4": {
    "N": -3.0,
    "Sn": 4.0,
    "Zn": 2.0
  },
  "Ga1Ru2Si1": null,
  "Ru2Sb4": {
    "Ru": 3.0,
    "Sb": -1.5
  },
  "Th1": null,
  "Ni6O8": {
    "Ni": 2.6666666666666665,
    "O": -2.0
  },
  "Co2Ga4O8": {
    "Co": 2.0,
    "Ga": 3.0,
    "O": -2.0
  },
  "Ag4Cs4O4": {
    "Ag": 1.0,
    "Cs": 1.0,
    "O": -2.0
  },
  "Na2P2Sn2": {
    "Na": 1.0,
    "P": -3.0,
    "Sn": 2.0
  },
  "Ga1Li2Pt1": null,
  "Cr1Li1S2": {
    "Cr": 3.0,
    "Li": 1.0,
    "S": -2.0
  },
  "B1Ho1Rh3": null,
  "Cd1F6Ti1": {
    "Cd": 2.0,
    "F": -1.0,
    "Ti": 4.0
  },
  "Os2Sc1Zr1": {
    "Os": -2.0,
    "Sc": 2.0,
    "Zr": 2.0
  },
  "Ru1Ti1": null,
  "Mn1Pt1Sb1": {
    "Mn": 3.0,
    "Pt": -2.0,
    "Sb": -1.0
  },
  "Ga1Li2Pd1": null,
  "As4Be2Si2": {
    "As": -3.0,
    "Be": 2.0,
    "Si": 4.0
  },
  "O7Sc2Ti2": {
    "O": -2.0,
    "Sc": 3.0,
    "Ti": 4.0
  },
  "Lu1Rh1": null,
  "Ba2Nb1O6Y1": {
    "Ba": 2.0,
    "Nb": 5.0,
    "O": -2.0,
    "Y": 3.0
  },
  "B1La1Rh3": null,
  "I2K4O1": {
    "I": -1.0,
    "K": 1.0,
    "O": -2.0
  },
  "Ba6Ga2N6": {
    "Ba": 2.0,
    "Ga": 3.0,
    "N": -3.0
  },
  "Cu2In1Zr1": null,
  "Cd1In2Te4": {
    "Cd": 2.0,
    "In": 3.0,
    "Te": -2.0
  },
  "Li2Tl1Y1": null,
  "Al2Cu2Te4": {
    "Al": 3.0,
    "Cu": 1.0,
    "Te": -2.0
  },
  "Cu1N1Ni3": null,
  "Cu2Ge2Ho2": null,
  "Li14N6O3P2": {
    "Li": 1.0,
    "N": -3.0,
    "O": -2.0,
    "P": 5.0
  },
  "Co2In5Zr4": null,
  "Be5Pd1": null,
  "Ho2Ni4": null,
  "Br2O2Sc2": {
    "Br": -1.0,
    "O": -2.0,
    "Sc": 3.0
  },
  "Ir6Ta6": null,
  "Mg6Zn33": null,
  "Be44Re2": null,
  "Os8Sc4": {
    "Os": -1.5,
    "Sc": 3.0
  },
  "Ba1Co1Eu2O5": {
    "Ba": 2.0,
    "Co": 2.0,
    "Eu": 3.0,
    "O": -2.0
  },
  "B2Dy1Fe2": null,
  "Br2Cu1O2Sr2": {
    "Br": -1.0,
    "Cu": 2.0,
    "O": -2.0,
    "Sr": 2.0
  },
  "Co4Cs8O12": {
    "Co": 4.0,
    "Cs": 1.0,
    "O": -2.0
  },
  "Ge2Hf2Te8": {
    "Ge": 4.0,
    "Hf": 4.0,
    "Te": -2.0
  },
  "Nd1P2Ru2": {
    "Nd": 2.0,
    "P": -3.0,
    "Ru": 2.0
  },
  "Co2Er1Ge2": null,
  "Hg3Pd3Sm3": null,
  "Bi2Cl1Eu1O4": {
    "Bi": 3.0,
    "Cl": -1.0,
    "Eu": 3.0,
    "O": -2.0
  },
  "Cl18Cs6Ti4": {
    "Cl": -1.0,
    "Cs": 1.0,
    "Ti": 3.0
  },
  "Br2C2Pr4": null,
  "C6Cr23": null,
  "Co2La1Si2": {
    "Co": 2.5,
    "La": 3.0,
    "Si": -4.0
  },
  "Bi2I1O4Tm1": {
    "Bi": 3.0,
    "I": -1.0,
    "O": -2.0,
    "Tm": 3.0
  },
  "Al2C4Ta6": null,
  "Br7Nb3S1": {
    "Br": -1.0,
    "Nb": 3.0,
    "S": -2.0
  },
  "Ba2Co2F8": {
    "Ba": 2.0,
    "Co": 2.0,
    "F": -1.0
  },
  "Au4Ca4Cd4": null,
  "Cu1Zr2": null,
  "Ag1Zr2": null,
  "Au2In1Tb1": null,
  "Au2Cs2Te2": {
    "Au": 1.0,
    "Cs": 1.0,
    "Te": -2.0
  },
  "Cd1Eu1Hg2": null,
  "F6Mn1Pt1": {
    "F": -1.0,
    "Mn": 2.0,
    "Pt": 4.0
  },
  "Cs4O12V4": {
    "Cs": 1.0,
    "O": -2.0,
    "V": 5.0
  },
  "O8Os2": {
    "O": -2.0,
    "Os": 8.0
  },
  "Ba2Co1Mo1O6": {
    "Ba": 2.0,
    "Co": 2.0,
    "Mo": 6.0,
    "O": -2.0
  },
  "I1Na1Ni1O6": null,
  "Bi2Co1Tm6": null,
  "Ca1F6Sn1": {
    "Ca": 2.0,
    "F": -1.0,
    "Sn": 4.0
  },
  "Eu4Fe4O12": {
    "Eu": 3.0,
    "Fe": 3.0,
    "O": -2.0
  },
  "Hg1Sm2Zn1": null,
  "Cs4I12Pb4": {
    "Cs": 1.0,
    "I": -1.0,
    "Pb": 2.0
  },
  "As4F24Hg8": {
    "As": 2.0,
    "F": -1.0,
    "Hg": 2.0
  },
  "Al5Ba5Pb1": null,
  "Ce3Pb1": null,
  "Nd2O8Ta2": {
    "Nd": 3.0,
    "O": -2.0,
    "Ta": 5.0
  },
  "Na4O12Ti5": {
    "Na": 1.0,
    "O": -2.0,
    "Ti": 4.0
  },
  "Cs8Fe4O16": null,
  "Bi2Br1Gd1O4": {
    "Bi": 3.0,
    "Br": -1.0,
    "Gd": 3.0,
    "O": -2.0
  },
  "Ca1Rh2Sn1": null,
  "C2Ho2Ru4Si2": {
    "C": -4.0,
    "Ho": 3.0,
    "Ru": 2.5,
    "Si": -4.0
  },
  "Cu1O4Sr2": null,
  "Hf2Hg1": null,
  "C4Ca16N16": {
    "C": 4.0,
    "Ca": 2.0,
    "N": -3.0
  },
  "Ho1N1": {
    "Ho": 3.0,
    "N": -3.0
  },
  "Pb4Pd6Te4": null,
  "Na1O2Sc1": {
    "Na": 1.0,
    "O": -2.0,
    "Sc": 3.0
  },
  "Te4Ti3": {
    "Te": -2.0,
    "Ti": 2.6666666666666665
  },
  "I2O2Y2": {
    "I": -1.0,
    "O": -2.0,
    "Y": 3.0
  },
  "Cu4Mg1Sn1": null,
  "Au4Bi2": {
    "Au": -1.0,
    "Bi": 2.0
  },
  "Ni1P4Si3": {
    "Ni": 2.0,
    "P": 2.5,
    "Si": -4.0
  },
  "C4N4Na4S4": {
    "C": 4.0,
    "N": -3.0,
    "Na": 1.0,
    "S": -2.0
  },
  "Co4Tm2": null,
  "O6Sn2Ti2": {
    "O": -2.0,
    "Sn": 2.0,
    "Ti": 4.0
  },
  "B2Nd1Rh3": null,
  "Hf2Zn4": null,
  "Ho1Se1": null,
  "Al1Os2Ti1": null,
  "Nb1Se4Tl3": {
    "Nb": 5.0,
    "Se": -2.0,
    "Tl": 1.0
  },
  "B2Er1Ir3": null,
  "Pt1Sn1Ti1": null,
  "B2Dy1Ir3": null,
  "Ca2Pd4": null,
  "Na2S1": {
    "Na": 1.0,
    "S": -2.0
  },
  "Cd1Pb1Yb2": null,
  "B2Co2Sm1": {
    "B": -3.0,
    "Co": 1.5,
    "Sm": 3.0
  },
  "Bi1F6Na1Rb2": {
    "Bi": 3.0,
    "F": -1.0,
    "Na": 1.0,
    "Rb": 1.0
  },
  "Co6La4": null,
  "Li3Sn3": null,
  "Cl1H3O1": {
    "Cl": -1.0,
    "H": 1.0,
    "O": -2.0
  },
  "Ce2Fe12P7": null,
  "Sb4Se12Tl12": {
    "Sb": 3.0,
    "Se": -2.0,
    "Tl": 1.0
  },
  "F4V2": {
    "F": -1.0,
    "V": 2.0
  },
  "I2Yb1": {
    "I": -1.0,
    "Yb": 2.0
  },
  "Sb12Ti20": null,
  "In8Zr4": null,
  "Ca1Cs1F3": {
    "Ca": 2.0,
    "Cs": 1.0,
    "F": -1.0
  },
  "Eu1H3Li1": {
    "Eu": 2.0,
    "H": -1.0,
    "Li": 1.0
  },
  "Li2O2Pd1": {
    "Li": 1.0,
    "O": -2.0,
    "Pd": 2.0
  },
  "As2Te2Ti2": {
    "As": -2.0,
    "Te": -2.0,
    "Ti": 4.0
  },
  "Pt3Te4": {
    "Pt": 2.6666666666666665,
    "Te": -2.0
  },
  "Al1Pd2Zr1": null,
  "Cu4Te6Ti2": {
    "Cu": 1.0,
    "Te": -2.0,
    "Ti": 4.0
  },
  "Nb1Os1Ta2": null,
  "F6K2Mo1Na1": {
    "F": -1.0,
    "K": 1.0,
    "Mo": 3.0,
    "Na": 1.0
  },
  "C1Rh3Tb1": null,
  "Ge4Mg4Yb4": null,
  "C4K8O12": {
    "C": 4.0,
    "K": 1.0,
    "O": -2.0
  },
  "Mg18Rh6": null,
  "Cl2Er2O2": {
    "Cl": -1.0,
    "Er": 3.0,
    "O": -2.0
  },
  "Br3Ga1La3": null,
  "Mn2Mo2O12Sr4": {
    "Mn": 2.0,
    "Mo": 6.0,
    "O": -2.0,
    "Sr": 2.0
  },
  "Cu4Li4O4": {
    "Cu": 1.0,
    "Li": 1.0,
    "O": -2.0
  },
  "N1Sb1Sr3": {
    "N": -3.0,
    "Sb": -3.0,
    "Sr": 2.0
  },
  "Cr1F6K1": {
    "Cr": 5.0,
    "F": -1.0,
    "K": 1.0
  },
  "Br2Li2": {
    "Br": -1.0,
    "Li": 1.0
  },
  "Ga1Ir2Mg1": null,
  "Pt5Sr1": {
    "Pt": -0.4,
    "Sr": 2.0
  },
  "Cl6Cs2K1Sc1": {
    "Cl": -1.0,
    "Cs": 1.0,
    "K": 1.0,
    "Sc": 3.0
  },
  "Ga24Ni24Zn8": null,
  "F4K2Ni1": {
    "F": -1.0,
    "K": 1.0,
    "Ni": 2.0
  },
  "Cu1Ga1O2": {
    "Cu": 1.0,
    "Ga": 3.0,
    "O": -2.0
  },
  "Mo2O8Zr1": {
    "Mo": 6.0,
    "O": -2.0,
    "Zr": 4.0
  },
  "Fe4Si4": {
    "Fe": 2.0,
    "Si": -2.0
  },
  "F24Ir4": null,
  "Al4Ca2": null,
  "Cr1F6Na1Rb2": {
    "Cr": 3.0,
    "F": -1.0,
    "Na": 1.0,
    "Rb": 1.0
  },
  "Hg4O4": {
    "Hg": 2.0,
    "O": -2.0
  },
  "Cr1Cs2F6K1": {
    "Cr": 3.0,
    "Cs": 1.0,
    "F": -1.0,
    "K": 1.0
  },
  "Cs2N6": {
    "Cs": 1.0,
    "N": -0.3333333333333333
  },
  "C12Li1": {
    "C": -0.08333333333333333,
    "Li": 1.0
  },
  "Li1Pm1Tl2": null,
  "Al12S18": {
    "Al": 3.0,
    "S": -2.0
  },
  "K4O4": null,
  "Rh4Sb8": {
    "Rh": 3.0,
    "Sb": -1.5
  },
  "Ni1Si2": null,
  "Fe4La1Sb12": {
    "Fe": 3.0,
    "La": 3.0,
    "Sb": -1.25
  },
  "B2O6V2": {
    "B": 3.0,
    "O": -2.0,
    "V": 3.0
  },
  "Na8S8Zn4": {
    "Na": 1.0,
    "S": -2.0,
    "Zn": 2.0
  },
  "Au2K2Te2": {
    "Au": 1.0,
    "K": 1.0,
    "Te": -2.0
  },
  "Fe4Li4O16P4": {
    "Fe": 2.0,
    "Li": 1.0,
    "O": -2.0,
    "P": 5.0
  },
  "Mg3Nd3Pt3": null,
  "Ca2Ga6Ni4": null,
  "Dy6Fe1Sb2": null,
  "Mn6Na4O14": {
    "Mn": 4.0,
    "Na": 1.0,
    "O": -2.0
  },
  "Na4O12V4": {
    "Na": 1.0,
    "O": -2.0,
    "V": 5.0
  },
  "Cd1Hg2Th1": null,
  "Ni4Sm2": null,
  "Er3In3Pd3": null,
  "Co2K1S2": {
    "Co": 1.5,
    "K": 1.0,
    "S": -2.0
  },
  "O8V2Y2": {
    "O": -2.0,
    "V": 5.0,
    "Y": 3.0
  },
  "Co1Cu1O2": {
    "Co": 2.0,
    "Cu": 2.0,
    "O": -2.0
  },
  "Fe4Ho4O12": {
    "Fe": 3.0,
    "Ho": 3.0,
    "O": -2.0
  },
  "Dy1Ni5": null,
  "Nd1Ni2P2": {
    "Nd": 3.0,
    "Ni": 1.5,
    "P": -3.0
  },
  "Sb2Se2Th2": {
    "Sb": -2.0,
    "Se": -2.0,
    "Th": 4.0
  },
  "H6Na2Pt1": {
    "H": 0.0,
    "Na": 1.0,
    "Pt": -2.0
  },
  "Fe2Si2Sm2": {
    "Fe": 2.0,
    "Si": -4.0,
    "Sm": 2.0
  },
  "Cl2Pr2Te2": {
    "Cl": -1.0,
    "Pr": 3.0,
    "Te": -2.0
  },
  "Ge4Th6": null,
  "Al1O3Yb1": {
    "Al": 3.0,
    "O": -2.0,
    "Yb": 3.0
  },
  "Cd1Pd2Pm1": null,
  "Cu2Ga1Sc1": null,
  "Eu1H3Pd1": null,
  "Bi1Sc1": null,
  "Ac1Mg1Tl2": null,
  "Hf2Si2V2": null,
  "B1Hf1Rh3": null,
  "As1Li1Pd2": null,
  "H2Mg3O12Si4": {
    "H": 1.0,
    "Mg": 2.0,
    "O": -2.0,
    "Si": 4.0
  },
  "Ba6Bi2N2": null,
  "Br1Cs1": {
    "Br": -1.0,
    "Cs": 1.0
  },
  "Fe2Si1Ti1": null,
  "Au2Tb1": null,
  "Mn8Ta4": null,
  "Fe4Nd4O12": {
    "Fe": 3.0,
    "Nd": 3.0,
    "O": -2.0
  },
  "Mn2O6Sn2": {
    "Mn": 2.0,
    "O": -2.0,
    "Sn": 4.0
  },
  "Ag4Ca2": null,
  "Ir2Mg1Ti1": null,
  "Mn8O20Tb4": {
    "Mn": 3.25,
    "O": -2.0,
    "Tb": 3.5
  },
  "Mn4O12Tb4": {
    "Mn": 2.0,
    "O": -2.0,
    "Tb": 4.0
  },
  "Fe4Ho2": null,
  "Np8": null,
  "Ca2Mo2O8": {
    "Ca": 2.0,
    "Mo": 6.0,
    "O": -2.0
  },
  "Tc1Ti1": {
    "Tc": -3.0,
    "Ti": 3.0
  },
  "Ac1Rb1Te2": {
    "Ac": 3.0,
    "Rb": 1.0,
    "Te": -2.0
  },
  "B2Ce1Ir3": null,
  "Co2O6Ti2": {
    "Co": 2.0,
    "O": -2.0,
    "Ti": 4.0
  },
  "Ba4Cu4": null,
  "F5U1": {
    "F": -1.0,
    "U": 5.0
  },
  "F6Fe1K1Rb2": {
    "F": -1.0,
    "Fe": 3.0,
    "K": 1.0,
    "Rb": 1.0
  },
  "As2Mg2Na2": {
    "As": -3.0,
    "Mg": 2.0,
    "Na": 1.0
  },
  "Ag4Al2": null,
  "Sn4Y4Zn4": null,
  "Bi2Br9Cs3": {
    "Bi": 3.0,
    "Br": -1.0,
    "Cs": 1.0
  },
  "Li4N2O4P2": {
    "Li": 1.0,
    "N": -3.0,
    "O": -2.0,
    "P": 5.0
  },
  "Bi2Se3": {
    "Bi": 3.0,
    "Se": -2.0
  },
  "Bi2Ca4O1": null,
  "Ir1Mn1Ti2": null,
  "In4Rb1": null,
  "O3Rb2Sn2": {
    "O": -2.0,
    "Rb": 1.0,
    "Sn": 2.0
  },
  "Ag1Hg1Li2": null,
  "B2Co3Tm1": {
    "B": -3.0,
    "Co": 1.0,
    "Tm": 3.0
  },
  "Cu4Mg2": null,
  "Cu2Er2Si2": {
    "Cu": 1.0,
    "Er": 3.0,
    "Si": -4.0
  },
  "Br2C2Y2": {
    "Br": -1.0,
    "C": -2.0,
    "Y": 3.0
  },
  "Li1Pt3": null,
  "Ru6W2": null,
  "Al6Pm2": null,
  "K1O3Pu1": {
    "K": 1.0,
    "O": -2.0,
    "Pu": 5.0
  },
  "Ir2Mn6": null,
  "B2C2Nd4": {
    "B": -3.0,
    "C": -3.0,
    "Nd": 3.0
  },
  "Hg6Yb2": null,
  "Ga6Th2": null,
  "Ac1Mg1": null,
  "Pt2Tc6": {
    "Pt": -2.0,
    "Tc": 0.6666666666666666
  },
  "Ge3Pu1": null,
  "Ca1F6Pb1": {
    "Ca": 2.0,
    "F": -1.0,
    "Pb": 4.0
  },
  "La1Mg1": null,
  "Al1Li1Si1": {
    "Al": 3.0,
    "Li": 1.0,
    "Si": -4.0
  },
  "Ag1Mg1": null,
  "Fe1N1": {
    "Fe": 3.0,
    "N": -3.0
  },
  "Os1Zr1": {
    "Os": -2.0,
    "Zr": 2.0
  },
  "Zn2": null,
  "Pt1Sb1Tm1": {
    "Pt": -2.0,
    "Sb": -1.0,
    "Tm": 3.0
  },
  "Cd1La1": null,
  "Pb1S1": {
    "Pb": 2.0,
    "S": -2.0
  },
  "Pb1Se1": {
    "Pb": 2.0,
    "Se": -2.0
  },
  "Pt2Si1": {
    "Pt": -2.0,
    "Si": 4.0
  },
  "Te2Zr1": {
    "Te": -2.0,
    "Zr": 4.0
  },
  "Ge1Pt1Ti1": null,
  "Nb1Pt2": {
    "Nb": 4.0,
    "Pt": -2.0
  },
  "Pt2V1": {
    "Pt": -2.0,
    "V": 4.0
  },
  "Ce1Ga2": null,
  "Ga3Tm1": null,
  "Ca2Ge2": null,
  "K1La1S2": {
    "K": 1.0,
    "La": 3.0,
    "S": -2.0
  },
  "Hf1Ir3": null,
  "Ho1Na1Se2": {
    "Ho": 3.0,
    "Na": 1.0,
    "Se": -2.0
  },
  "Ca2Si2": null,
  "Be1O4S1": {
    "Be": 2.0,
    "O": -2.0,
    "S": 6.0
  },
  "Nb2P2": {
    "Nb": 3.0,
    "P": -3.0
  },
  "Na1S2Sm1": {
    "Na": 1.0,
    "S": -2.0,
    "Sm": 3.0
  },
  "Nd1Pd3": null,
  "Rh3Ti1": null,
  "Pd3Tb1": null,
  "Cs1F3Yb1": {
    "Cs": 1.0,
    "F": -1.0,
    "Yb": 2.0
  },
  "Ga4Na1": null,
  "Al1Mn1Rh2": null,
  "Al1B2Fe2": null,
  "Mn3N1Zn1": null,
  "Rh2Si2Yb1": {
    "Rh": 3.0,
    "Si": -4.0,
    "Yb": 2.0
  },
  "B1Ce1Pt3": {
    "B": 3.0,
    "Ce": 3.0,
    "Pt": -2.0
  },
  "As2Ba1Mg2": {
    "As": -3.0,
    "Ba": 2.0,
    "Mg": 2.0
  },
  "Al2B2Mo2": null,
  "As4Os2": {
    "As": 1.0,
    "Os": -2.0
  },
  "Co2Zr4": null,
  "Re1V3": null,
  "Er1Ni5": null,
  "Li1Tc1Zr2": null,
  "Si2Ta4": null,
  "Dy2Mg2Sn2": null,
  "Ag2In2Se4": {
    "Ag": 1.0,
    "In": 3.0,
    "Se": -2.0
  },
  "Br4K2Pd1": {
    "Br": -1.0,
    "K": 1.0,
    "Pd": 2.0
  },
  "Cr4N12Sr8": {
    "Cr": 5.0,
    "N": -3.0,
    "Sr": 2.0
  },
  "Ga2Mn1S4": {
    "Ga": 3.0,
    "Mn": 2.0,
    "S": -2.0
  },
  "Al6C8Hf4": null,
  "Ni1Te2": {
    "Ni": 4.0,
    "Te": -2.0
  },
  "Ca2Sn2Zn2": null,
  "Mg3Y3Zn3": null,
  "Hg2Rh1": null,
  "Mn4Si4": {
    "Mn": 2.0,
    "Si": -2.0
  },
  "C2Co1Tm1": {
    "C": -2.5,
    "Co": 2.0,
    "Tm": 3.0
  },
  "Al8Ce2Co2": null,
  "Cd2Sb4Sn2": {
    "Cd": 2.0,
    "Sb": -3.0,
    "Sn": 4.0
  },
  "Ce1P12Ru4": {
    "Ce": 3.0,
    "P": -1.0,
    "Ru": 2.25
  },
  "Ge4Hf3Ni4": null,
  "Ni1Sb1Zn1": {
    "Ni": 1.0,
    "Sb": -3.0,
    "Zn": 2.0
  },
  "Ga3Ni2": null,
  "Ir2Nb2": null,
  "Au2Si2Th1": {
    "Au": 2.0,
    "Si": -4.0,
    "Th": 4.0
  },
  "Pd1Sc1": null,
  "Ir8Se16": {
    "Ir": 4.0,
    "Se": -2.0
  },
  "Ba2Cu2P2": {
    "Ba": 2.0,
    "Cu": 1.0,
    "P": -3.0
  },
  "Pt2Te2": {
    "Pt": 2.0,
    "Te": -2.0
  },
  "Ca2Si2Zn2": {
    "Ca": 2.0,
    "Si": -4.0,
    "Zn": 2.0
  },
  "Ir4P8": {
    "Ir": 4.0,
    "P": -2.0
  },
  "As6W4": {
    "As": -3.0,
    "W": 4.5
  },
  "Cd2Dy4S8": {
    "Cd": 2.0,
    "Dy": 3.0,
    "S": -2.0
  },
  "P3Ru3Sc3": null,
  "Rb1S2Ti1": {
    "Rb": 1.0,
    "S": -2.0,
    "Ti": 3.0
  },
  "Rh3Ta1": null,
  "Dy1Ni1Sb1": null,
  "Fe6Si2Zr4": null,
  "Al5Cu5": null,
  "Lu1Zn1": null,
  "Li1Pt1": null,
  "Al2Th1": null,
  "Mg1Tb1": null,
  "Au2Th1": null,
  "Ba4Na8": null,
  "Ca3Ge1N1": null,
  "Ho1Rh1": null,
  "Ni2Si6Y2": {
    "Ni": 1.0,
    "Si": -1.3333333333333333,
    "Y": 3.0
  },
  "C1Ho2": null,
  "Cd1F6Sn1": {
    "Cd": 2.0,
    "F": -1.0,
    "Sn": 4.0
  },
  "Ir8Mg4": null,
  "Ge2V2Zr2": null,
  "O8Re2Zn1": {
    "O": -2.0,
    "Re": 7.0,
    "Zn": 2.0
  },
  "Be4N4Sr2": {
    "Be": 2.0,
    "N": -3.0,
    "Sr": 2.0
  },
  "Cr1Pt3": {
    "Cr": 6.0,
    "Pt": -2.0
  },
  "Li2Pt1": {
    "Li": 1.0,
    "Pt": -2.0
  },
  "Al12Re1": null,
  "Pr1Pt5": {
    "Pr": 3.0,
    "Pt": -0.6
  },
  "Cu5Y1": null,
  "F6Ti1Tl2": {
    "F": -1.0,
    "Ti": 4.0,
    "Tl": 1.0
  },
  "Rh3Se8": {
    "Rh": 3.3333333333333335,
    "Se": -1.25
  },
  "Ni12Ti4": null,
  "Ag2Ce1Ge2": null,
  "Li1O2V1": {
    "Li": 1.0,
    "O": -2.0,
    "V": 3.0
  },
  "Ni1Sc6Te2": null,
  "Cu3Pt1": null,
  "Hg4Na4": null,
  "Cd1Sc1": null,
  "Pd2V6": null,
  "Mg4Pr4Rh4": null,
  "O1Ti2": null,
  "C4Ti8": {
    "C": -4.0,
    "Ti": 2.0
  },
  "Al6Ca6N10": {
    "Al": 3.0,
    "Ca": 2.0,
    "N": -3.0
  },
  "Cu1Dy1": null,
  "S20Th8": {
    "S": -1.6,
    "Th": 4.0
  },
  "O10Te4": {
    "O": -2.0,
    "Te": 5.0
  },
  "Al1Si2Y2": null,
  "Mg1Sm1": null,
  "C2Pb2Ti4": null,
  "Co4P8": {
    "Co": 2.0,
    "P": -1.0
  },
  "Ni2Ta4": null,
  "Cu2Sc1Zn1": null,
  "Sn2Sr2": null,
  "B4Ni12": {
    "B": -3.0,
    "Ni": 1.0
  },
  "As2Nb2": {
    "As": -3.0,
    "Nb": 3.0
  },
  "Th1Tl3": null,
  "Al3Er3Ge2Ni1": null,
  "Ni1Rh1Zn2": null,
  "Au1Zn1": null,
  "Mn1V3": null,
  "Rh2Ti2": null,
  "Si6V3": {
    "Si": -1.3333333333333333,
    "V": 2.6666666666666665
  },
  "C1Rh3Yb1": null,
  "Co9Y3": null,
  "In2Lu4": null,
  "Ag2Lu2Sn2": null,
  "Nd2O2Sb2Zn2": {
    "Nd": 3.0,
    "O": -2.0,
    "Sb": -3.0,
    "Zn": 2.0
  },
  "F6Rh2": {
    "F": -1.0,
    "Rh": 3.0
  },
  "Fe1Sb1Ti1": null,
  "Cu6Ti2": null,
  "Al6Pr2": null,
  "Ce1Rb1Se2": {
    "Ce": 3.0,
    "Rb": 1.0,
    "Se": -2.0
  },
  "Fe7W6": null,
  "Ca8Cu4": null,
  "F2Nd2Se2": {
    "F": -1.0,
    "Nd": 3.0,
    "Se": -2.0
  },
  "As4Pd4Se4": {
    "As": -1.0,
    "Pd": 3.0,
    "Se": -2.0
  },
  "Al3Pt2": null,
  "K2Pt4Se6": {
    "K": 1.0,
    "Pt": 2.5,
    "Se": -2.0
  },
  "Mn8Nb4": null,
  "Al6Zr4": null,
  "Al4La4": null,
  "Dy1Pd1": null,
  "C2Pt1Rb2": {
    "C": 0.0,
    "Pt": -2.0,
    "Rb": 1.0
  },
  "Dy1Mg1": null,
  "Au2Cu2Zn4": null,
  "Mg1Ru2Ta1": null,
  "Al6Pt10": null,
  "Er1Pt3": null,
  "Li1N3": {
    "Li": 1.0,
    "N": -0.3333333333333333
  },
  "Ba1Er2F8": {
    "Ba": 2.0,
    "Er": 3.0,
    "F": -1.0
  },
  "Fe1Rh1": null,
  "Ag2O4Sc2": {
    "Ag": 1.0,
    "O": -2.0,
    "Sc": 3.0
  },
  "Be8Fe4": null,
  "Hf5Te4": null,
  "Pd3Sc1": null,
  "Ir1Lu1": null,
  "P2V2": {
    "P": -3.0,
    "V": 3.0
  },
  "Ga3Mg3Nd3": null,
  "Au2Ga2Zr2": null,
  "Ga2Se4Zn1": {
    "Ga": 3.0,
    "Se": -2.0,
    "Zn": 2.0
  },
  "Pt1Sb2Zr6": null,
  "F6Ho1Na1Rb2": {
    "F": -1.0,
    "Ho": 3.0,
    "Na": 1.0,
    "Rb": 1.0
  },
  "Fe1Sb2Sc6": null,
  "Au2Er2": null,
  "Ca1Hg1": null,
  "Pt3Tb1": null,
  "C2Hf4S2": null,
  "Ge4Y4Zn4": null,
  "Ga4Tm2": null,
  "Lu1Ni2Si2": {
    "Lu": 3.0,
    "Ni": 2.5,
    "Si": -4.0
  },
  "Hf1Rh1": null,
  "Al1Ge1Sr1": null,
  "Cd2Ho1Lu1": null,
  "F6Rh1Zn1": {
    "F": -1.0,
    "Rh": 4.0,
    "Zn": 2.0
  },
  "Ge4Mg4Sr4": null,
  "Hg2Nd1": null,
  "Sc1Se2Tl1": {
    "Sc": 3.0,
    "Se": -2.0,
    "Tl": 1.0
  },
  "Sc1Te2Tl1": {
    "Sc": 3.0,
    "Te": -2.0,
    "Tl": 1.0
  },
  "Hg1Pr1": null,
  "Hg1Sc1": null,
  "Ir2Mo2": null,
  "Mo2P8": {
    "Mo": 4.0,
    "P": -1.0
  },
  "K1S2Sm1": {
    "K": 1.0,
    "S": -2.0,
    "Sm": 3.0
  },
  "Al18Mn6Si2": null,
  "As8O12": {
    "As": 3.0,
    "O": -2.0
  },
  "Ca4Mg8": null,
  "Au2Nb3": null,
  "As8Rh4": {
    "As": -2.0,
    "Rh": 4.0
  },
  "Hf3P3Ru3": null,
  "Au2Li6S4": {
    "Au": 1.0,
    "Li": 1.0,
    "S": -2.0
  },
  "O2Sm2Te1": {
    "O": -2.0,
    "Sm": 3.0,
    "Te": -2.0
  },
  "Gd2O2Te1": {
    "Gd": 3.0,
    "O": -2.0,
    "Te": -2.0
  },
  "Au2Nb1": {
    "Au": -1.0,
    "Nb": 2.0
  },
  "In1Yb1": null,
  "Cr8Te12": {
    "Cr": 3.0,
    "Te": -2.0
  },
  "Al6Ir2": null,
  "Mo2Rh6": null,
  "Fe2Nd2Si4": {
    "Fe": 2.0,
    "Nd": 2.0,
    "Si": -2.0
  },
  "Cs1Li1Mo1O4": {
    "Cs": 1.0,
    "Li": 1.0,
    "Mo": 6.0,
    "O": -2.0
  },
  "I6La2": {
    "I": -1.0,
    "La": 3.0
  },
  "Cl2O2Pr2": {
    "Cl": -1.0,
    "O": -2.0,
    "Pr": 3.0
  },
  "Nb4Ni4P4": {
    "Nb": 2.0,
    "Ni": 1.0,
    "P": -3.0
  },
  "Cu12N12Sr12": {
    "Cu": 1.0,
    "N": -3.0,
    "Sr": 2.0
  },
  "Ca4H4O16P4": {
    "Ca": 2.0,
    "H": 1.0,
    "O": -2.0,
    "P": 5.0
  },
  "Ni1Sn3Sr1": null,
  "Gd1Ni2Si2": {
    "Gd": 3.0,
    "Ni": 2.5,
    "Si": -4.0
  },
  "Hf4Nb4P4": null,
  "H8I2P2": {
    "H": 1.0,
    "I": -1.0,
    "P": -3.0
  },
  "Al1B1Be1": null,
  "Pd8Si4Y4": null,
  "Pd2Si2Sm1": {
    "Pd": 3.0,
    "Si": -4.0,
    "Sm": 2.0
  },
  "Ge2Ho1Ni2": null,
  "Be1Co2Si1": {
    "Be": 2.0,
    "Co": 1.0,
    "Si": -4.0
  },
  "In1N1Pr3": null,
  "Ge2Nd1Ni2": null,
  "Al3La1Pd2": null,
  "Al1Li2Pd1": null,
  "Mg1Nd2Tl1": null,
  "Nd1Pd2Si2": {
    "Nd": 2.0,
    "Pd": 3.0,
    "Si": -4.0
  },
  "In4Pd2Sr2": null,
  "Sn3Th1": null,
  "O3Pd1Sr2": {
    "O": -2.0,
    "Pd": 2.0,
    "Sr": 2.0
  },
  "Ca2In4Pd2": null,
  "I6Pt1Rb2": {
    "I": -1.0,
    "Pt": 4.0,
    "Rb": 1.0
  },
  "Ce2Cu2Si2": {
    "Ce": 3.0,
    "Cu": 1.0,
    "Si": -4.0
  },
  "Ge2Sc2Tb2": null,
  "Ca8Hf2N8": {
    "Ca": 2.0,
    "Hf": 4.0,
    "N": -3.0
  },
  "Ru4Si4Y4": null,
  "Te8W4": {
    "Te": -2.0,
    "W": 4.0
  },
  "Pd6Ti4": null,
  "Ge1Mn1Ru2": null,
  "Mo2O8Pb2": {
    "Mo": 6.0,
    "O": -2.0,
    "Pb": 2.0
  },
  "Cl6Pd1S2": {
    "Cl": -1.0,
    "Pd": 2.0,
    "S": 2.0
  },
  "Nb4P4Zr4": null,
  "In1O1Pr3": null,
  "Ce2Ge4Pt4": null,
  "Ge4Pt4Sr4": null,
  "B2O6Tl6": {
    "B": 3.0,
    "O": -2.0,
    "Tl": 1.0
  },
  "Mg2O10Ti4": {
    "Mg": 2.0,
    "O": -2.0,
    "Ti": 4.0
  },
  "Au2Nd1Sn1": null,
  "Rh4Si4Y4": null,
  "Al8Pt16": {
    "Al": 3.0,
    "Pt": -1.5
  },
  "F6K1P1": {
    "F": -1.0,
    "K": 1.0,
    "P": 5.0
  },
  "Cs4I12": null,
  "B2Mn1O6Sn1": {
    "B": 3.0,
    "Mn": 2.0,
    "O": -2.0,
    "Sn": 4.0
  },
  "Bi1Na1": null,
  "B4Mn2W4": {
    "B": -3.0,
    "Mn": 2.0,
    "W": 2.0
  },
  "Al36Co12Cu3": null,
  "I2Na4O1": {
    "I": -1.0,
    "Na": 1.0,
    "O": -2.0
  },
  "Mn2Si2Y2": null,
  "Cl2O2V2": {
    "Cl": -1.0,
    "O": -2.0,
    "V": 3.0
  },
  "Al1Li1Rh2": null,
  "Cl2F2Sr2": {
    "Cl": -1.0,
    "F": -1.0,
    "Sr": 2.0
  },
  "Na12P44": {
    "Na": 1.0,
    "P": -0.2727272727272727
  },
  "Co1Ga5U1": null,
  "Ge2Pr2Sc2": null,
  "Ba2O4Sn1": {
    "Ba": 2.0,
    "O": -2.0,
    "Sn": 4.0
  },
  "Ca1Ge2Mn2": null,
  "Bi1Mg1Ni1": null,
  "Ni4Sc4Sn2": null,
  "Ag2Ho1In1": null,
  "Pd6Sc6Sn6": null,
  "N2Ni6": {
    "N": -3.0,
    "Ni": 1.0
  },
  "Cd4O8Rb8": {
    "Cd": 2.0,
    "O": -2.0,
    "Rb": 1.0
  },
  "Ca1Pm1Zn2": null,
  "Cu3Se4V1": {
    "Cu": 1.0,
    "Se": -2.0,
    "V": 5.0
  },
  "Pt3Sc1": {
    "Pt": -0.6666666666666666,
    "Sc": 2.0
  },
  "Ir4Si4Ta4": null,
  "Al1Fe2Nb1": null,
  "P2Pd2Sr1": {
    "P": -3.0,
    "Pd": 2.0,
    "Sr": 2.0
  },
  "Pd1Sb1Sc1": null,
  "Ru2Si2U1": {
    "Ru": 2.0,
    "Si": -4.0,
    "U": 4.0
  },
  "Cu2La2Si2": {
    "Cu": 1.0,
    "La": 3.0,
    "Si": -4.0
  },
  "Fe4P4Ta4": null,
  "B12P2": {
    "B": 0.5,
    "P": -3.0
  },
  "Cl2Nd2O2": {
    "Cl": -1.0,
    "Nd": 3.0,
    "O": -2.0
  },
  "C4O12Pb4": {
    "C": 4.0,
    "O": -2.0,
    "Pb": 2.0
  },
  "Ga4I12": {
    "Ga": 3.0,
    "I": -1.0
  },
  "Co4Si4V4": {
    "Co": 2.0,
    "Si": -4.0,
    "V": 2.0
  },
  "B4Fe4O16Pb4": {
    "B": 3.0,
    "Fe": 3.0,
    "O": -2.0,
    "Pb": 2.0
  },
  "Ba2Ce2N4": {
    "Ba": 2.0,
    "Ce": 4.0,
    "N": -3.0
  },
  "Al4Gd2": null,
  "Cl2Cu1O2Sr2": {
    "Cl": -1.0,
    "Cu": 2.0,
    "O": -2.0,
    "Sr": 2.0
  },
  "F4Pb1": {
    "F": -1.0,
    "Pb": 4.0
  },
  "Cl2O24P6Sr10": {
    "Cl": -1.0,
    "O": -2.0,
    "P": 5.0,
    "Sr": 2.0
  },
  "As4V4": {
    "As": -3.0,
    "V": 3.0
  },
  "Be1Te1": {
    "Be": 2.0,
    "Te": -2.0
  },
  "Be24N16": {
    "Be": 2.0,
    "N": -3.0
  },
  "Ga2Th4": null,
  "Al4Dy2": null,
  "Pr2Sn4": null,
  "Ge2Hf4": null,
  "P4W2": {
    "P": -1.0,
    "W": 2.0
  },
  "Ni4Sc1Sn1": null,
  "Au2Hg1La1": null,
  "Hf4Si2": null,
  "B4Os2": {
    "B": 0.0,
    "Os": 0.0
  },
  "Hf1Mg1Rh2": null,
  "Sn4Y2": null,
  "Fe2Se4": {
    "Fe": 3.0,
    "Se": -1.5
  },
  "Rh2Zr4": null,
  "Al4Y2": null,
  "Cu1Ti2": null,
  "Au2Th4": null,
  "Er2Mg2Sn2": null,
  "B6La1": null,
  "Pd3Ta1": null,
  "Al2Cu2S4": {
    "Al": 3.0,
    "Cu": 1.0,
    "S": -2.0
  },
  "Ag2Cd1I4": {
    "Ag": 1.0,
    "Cd": 2.0,
    "I": -1.0
  },
  "Pb1Pt5Si1": {
    "Pb": 2.0,
    "Pt": -1.2,
    "Si": 4.0
  },
  "F6Hf1V1": {
    "F": -1.0,
    "Hf": 4.0,
    "V": 2.0
  },
  "In1P1Pd5": null,
  "In2Ni3S2": null,
  "As1Cd1Pt5": {
    "As": -3.0,
    "Cd": 2.0,
    "Pt": 0.2
  },
  "C1Fe2Ho2Si2": {
    "C": -4.0,
    "Fe": 3.0,
    "Ho": 3.0,
    "Si": -4.0
  },
  "Mg2O6Ti2": {
    "Mg": 2.0,
    "O": -2.0,
    "Ti": 4.0
  },
  "Al2C2Ti4": null,
  "Dy1H2": null,
  "F6K2Na1Rh1": {
    "F": -1.0,
    "K": 1.0,
    "Na": 1.0,
    "Rh": 3.0
  },
  "Al1Fe2Si1": null,
  "Hf4P2Sb2": null,
  "Si2V6": null,
  "Au2Br6Cs2": {
    "Au": 2.0,
    "Br": -1.0,
    "Cs": 1.0
  },
  "Ac1Ag2Sn1": null,
  "Ir1Rh1Y2": null,
  "Hf1Re2Ta1": null,
  "Os2Si1Ti1": {
    "Os": 0.0,
    "Si": -4.0,
    "Ti": 4.0
  },
  "As4Ge2Zn2": {
    "As": -3.0,
    "Ge": 4.0,
    "Zn": 2.0
  },
  "B2Ru3Tm1": null,
  "Mg3Tb1": null,
  "Pd8S2": null,
  "Ga1Ni2Ti1": null,
  "Al2C2Nb4": null,
  "Ni4Sc2": null,
  "B1Ni6Si2": {
    "B": -3.0,
    "Ni": 1.8333333333333333,
    "Si": -4.0
  },
  "Al2C2V4": null,
  "Lu4S6": {
    "Lu": 3.0,
    "S": -2.0
  },
  "Pd4Sn4": null,
  "N12Sr8Ta4": {
    "N": -3.0,
    "Sr": 2.0,
    "Ta": 5.0
  },
  "Al4Cu2Mg2": null,
  "Cu2In2S4": {
    "Cu": 1.0,
    "In": 3.0,
    "S": -2.0
  },
  "B1Be2F2K1O3": {
    "B": 3.0,
    "Be": 2.0,
    "F": -1.0,
    "K": 1.0,
    "O": -2.0
  },
  "Se6Zr2": {
    "Se": -1.0,
    "Zr": 3.0
  },
  "As4Ni4S4": {
    "As": 0.0,
    "Ni": 2.0,
    "S": -2.0
  },
  "Al6Nd2": null,
  "P2S6Tl2": {
    "P": 5.0,
    "S": -2.0,
    "Tl": 1.0
  },
  "Al3Ni5": null,
  "Pd3Pr3Zn3": null,
  "Hg1Li2Pd1": null,
  "Pd2Sb2": {
    "Pd": 2.0,
    "Sb": -2.0
  },
  "Cu2Si2Tm2": {
    "Cu": 1.0,
    "Si": -4.0,
    "Tm": 3.0
  },
  "Bi1Ca3P1": null,
  "Ag1Cr1S2": {
    "Ag": 1.0,
    "Cr": 3.0,
    "S": -2.0
  },
  "Eu1N1": {
    "Eu": 3.0,
    "N": -3.0
  },
  "Cd1F2": {
    "Cd": 2.0,
    "F": -1.0
  },
  "Au1Pt1Yb2": null,
  "Cu4Mg1Yb1": null,
  "Er1Ru2Ta1": null,
  "Ce1Mg1Zn2": null,
  "Ag2Pm1Yb1": null,
  "Be2Ni1Rh1": null,
  "Al1Cu1Pt2": {
    "Al": 3.0,
    "Cu": 1.0,
    "Pt": -2.0
  },
  "Cr1Os1V2": null,
  "As1Gd1": {
    "As": -3.0,
    "Gd": 3.0
  },
  "Co4U2": null,
  "Hf4Pt4Si4": {
    "Hf": 4.0,
    "Pt": -2.0,
    "Si": -2.0
  },
  "Co4Sc2": null,
  "Ca4Ge4Mg4": null,
  "Bi4S8": {
    "Bi": 4.0,
    "S": -2.0
  },
  "Nb2O8Y2": {
    "Nb": 5.0,
    "O": -2.0,
    "Y": 3.0
  },
  "Cu1Ge1Pm2": null,
  "Dy2Pd1Ru1": null,
  "B2Cu2S4": {
    "B": 3.0,
    "Cu": 1.0,
    "S": -2.0
  },
  "Pd4Sb4Se4": {
    "Pd": 2.0,
    "Sb": 0.0,
    "Se": -2.0
  },
  "Mn2N6Sr6": {
    "Mn": 3.0,
    "N": -3.0,
    "Sr": 2.0
  },
  "Ba4H8": {
    "Ba": 2.0,
    "H": -1.0
  },
  "C8Re4Y8": null,
  "N4Sr4": {
    "N": -2.0,
    "Sr": 2.0
  },
  "Br2F6": null,
  "Li2N2Zr1": {
    "Li": 1.0,
    "N": -3.0,
    "Zr": 4.0
  },
  "Ca4Li4N4": {
    "Ca": 2.0,
    "Li": 1.0,
    "N": -3.0
  },
  "Ru1Ta2V1": null,
  "Sc1Zn12": null,
  "O7Sr3V2": {
    "O": -2.0,
    "Sr": 2.0,
    "V": 4.0
  },
  "Hf2Ru1Tc1": null,
  "Rh2Sc1Tl1": null,
  "Cl6Co2Cs2": {
    "Cl": -1.0,
    "Co": 2.0,
    "Cs": 1.0
  },
  "P4Pt4Sc4": {
    "P": -1.0,
    "Pt": -2.0,
    "Sc": 3.0
  },
  "Li2O4Sc2": {
    "Li": 1.0,
    "O": -2.0,
    "Sc": 3.0
  },
  "Mn16N32Rb16": {
    "Mn": 5.0,
    "N": -3.0,
    "Rb": 1.0
  },
  "I8Pd4": {
    "I": -1.0,
    "Pd": 2.0
  },
  "F6V1Zr1": {
    "F": -1.0,
    "V": 2.0,
    "Zr": 4.0
  },
  "Au2Ba1": {
    "Au": -1.0,
    "Ba": 2.0
  },
  "Au1Sc1Sn1": null,
  "B16Li8O28": {
    "B": 3.0,
    "Li": 1.0,
    "O": -2.0
  },
  "Be2Pd1Rh1": null,
  "F20Sb4": {
    "F": -1.0,
    "Sb": 5.0
  },
  "Bi6Zr6": null,
  "Ag2Mg1Sc1": null,
  "Dy2Zn4": null,
  "Co4Mn4P4": {
    "Co": 1.0,
    "Mn": 2.0,
    "P": -3.0
  },
  "Pm2Pt1Zn1": null,
  "Sn4Th2": null,
  "Ag1Ti2": null,
  "Ac1Hg2Tl1": null,
  "Hf24P12": null,
  "Cl4Li4O16": null,
  "Nd2Zn4": null,
  "Cd2": null,
  "Au7Rb3": {
    "Au": -0.42857142857142855,
    "Rb": 1.0
  },
  "Au2F8K2": {
    "Au": 3.0,
    "F": -1.0,
    "K": 1.0
  },
  "Cd4Na4Sb4": {
    "Cd": 2.0,
    "Na": 1.0,
    "Sb": -3.0
  },
  "Au2In1Y1": null,
  "As1Ho1": {
    "As": -3.0,
    "Ho": 3.0
  },
  "Se1Sr1": {
    "Se": -2.0,
    "Sr": 2.0
  },
  "Li2Mg1Pb1": null,
  "Cu1Ir1Sc2": null,
  "Au1Ge1Pm2": null,
  "Pd1Pm2Si1": null,
  "Pt1Tc1Ti2": {
    "Pt": -2.0,
    "Tc": -3.0,
    "Ti": 2.5
  },
  "Ac2Hg1Si1": null,
  "Au2Cd1Ce1": null,
  "Mg1Th1Zn2": null,
  "Au3Pa1": {
    "Au": -1.0,
    "Pa": 3.0
  },
  "Sn2V6": null,
  "O1Yb1": {
    "O": -2.0,
    "Yb": 2.0
  },
  "Hf1In1Pd2": null,
  "Cu1Ru1Sc2": null,
  "Al1Dy2Zn1": null,
  "Lu1Os2Ta1": null,
  "Cd1Rh2Th1": null,
  "Ag1Hg1Sm2": null,
  "Ni4Zn1Zr1": null,
  "Cd1Li2Pd1": null,
  "B6Gd1": null,
  "Pr1Yb1Zn2": null,
  "Er1Hg2Sm1": null,
  "Cd2Ce4Pt4": null,
  "Li2Nd1Tl1": null,
  "Ac2Cu1Ge1": null,
  "Ca1Hg2La1": null,
  "Er1In2Y1": null,
  "Be1Cr1Ru2": null,
  "F2Pb1": {
    "F": -1.0,
    "Pb": 2.0
  },
  "Nb1Si1Tc2": {
    "Nb": 2.0,
    "Si": 4.0,
    "Tc": -3.0
  },
  "Al1Au2Cu1": null,
  "Cd1Pr2Tl1": null,
  "Co2In1Ti1": null,
  "Ac1Au2Pb1": null,
  "H2Sm1": {
    "H": -1.0,
    "Sm": 2.0
  },
  "Be2Co1Ir1": null,
  "H2Zr1": {
    "H": -1.0,
    "Zr": 2.0
  },
  "Co4Hf2": null,
  "B6Pr1": null,
  "Al1Ru2Ti1": null,
  "Sb1Sc1": {
    "Sb": -3.0,
    "Sc": 3.0
  },
  "Ir2Mg1Si1": null,
  "Ag2In1Sm1": null,
  "Al1Sc2Zn1": null,
  "Ca1Sm1Zn2": null,
  "Hg2Lu1Tb1": null,
  "Cd1Hg2Pm1": null,
  "Ag1Hg1Tm2": null,
  "Fe1Mo1Ta2": null,
  "Ru2Sc1Ta1": null,
  "Ni1Pt1Sc2": null,
  "Mn1Os1V2": null,
  "Eu2Pd4": null,
  "Br1Tl1": {
    "Br": -1.0,
    "Tl": 1.0
  },
  "Hg2Zr6": null,
  "Gd1Se1": null,
  "Ag1Pb1Yb2": null,
  "Hf1N1": null,
  "S4Tl3V1": {
    "S": -2.0,
    "Tl": 1.0,
    "V": 5.0
  },
  "Ir1Y2Zn1": null,
  "Cd1Cu4Ho1": null,
  "Ge1Li1Ni2": null,
  "Hg1Sm2Tl1": null,
  "Au2Li1Zr1": null,
  "Ag2Ho1Y1": null,
  "S1Tb1": null,
  "Al1Mn1Ru2": null,
  "Co2Ti1Zn1": null,
  "Cd2Mg1Pr1": null,
  "Cu1Hf2": null,
  "Nb1Ru2Zn1": null,
  "Mg1Pm2Tl1": null,
  "Mg1Rh2Zr1": null,
  "Li1Sm1Tl2": null,
  "Cd1Pd2Tm1": null,
  "O2Pu1": {
    "O": -2.0,
    "Pu": 4.0
  },
  "Au2Cd1Ho1": null,
  "Hg4O14Pt4": {
    "Hg": 2.0,
    "O": -2.0,
    "Pt": 5.0
  },
  "As1Th1": null,
  "Ge1Li1Rh2": null,
  "Hg1Se1": {
    "Hg": 2.0,
    "Se": -2.0
  },
  "Hf2Pd1": null,
  "Ga1Ru2Sc1": null,
  "Be2Mn1Rh1": null,
  "Al1Er2Mg1": null,
  "In2Li1Pt1": null,
  "In2La1Pr1": null,
  "Co2Si1Ti1": {
    "Co": 1.0,
    "Si": -4.0,
    "Ti": 2.0
  },
  "Au2Ti1Zn1": null,
  "Ni5U1": null,
  "Hf2Mo1Rh1": null,
  "Hg2In1La1": null,
  "Ba1Te1": {
    "Ba": 2.0,
    "Te": -2.0
  },
  "Cd1In1Rh2": null,
  "Ca1Mg2N2": {
    "Ca": 2.0,
    "Mg": 2.0,
    "N": -3.0
  },
  "Os2Ta1Ti1": null,
  "Mg1Tl1Tm2": null,
  "Mn1Ru2Si1": null,
  "Lu2Ni4": null,
  "Mo1Os1V2": null,
  "Li1Pd2Sn1": null,
  "Hg1Sn1Yb2": null,
  "Mo1V3": null,
  "Cd2Tb1": null,
  "Ac2Au1Si1": null,
  "Ce1Sb1": {
    "Ce": 3.0,
    "Sb": -3.0
  },
  "Be4Ti2": null,
  "Ca1F2": {
    "Ca": 2.0,
    "F": -1.0
  },
  "Ni2Ti1Zn1": null,
  "Hg2Mg1Pm1": null,
  "Li1Rh2Sb1": null,
  "Fe1Hf2Ir1": null,
  "Au2Sn1Yb1": null,
  "N1Sc1": {
    "N": -3.0,
    "Sc": 3.0
  },
  "Ag2In1Mg1": null,
  "Br6Zr2": {
    "Br": -1.0,
    "Zr": 3.0
  },
  "Be2Ni1Pt1": null,
  "Al1Fe2W1": null,
  "Pt4Y2": null,
  "Ga1Sb1": {
    "Ga": 3.0,
    "Sb": -3.0
  },
  "P1Pr1": {
    "P": -3.0,
    "Pr": 3.0
  },
  "Ac2Ge1Zn1": null,
  "Ga1Ru2Ti1": null,
  "Mn2Si1V1": null,
  "Al1Dy2Mg1": null,
  "Ni2Sc1Sn1": null,
  "Re1Rh1Ti2": null,
  "Ho1Ru2Ta1": null,
  "Li1Ru2Ta1": null,
  "Ag2Sm1Tl1": null,
  "Ca1Cu4In1": null,
  "Mg2Sn1": null,
  "Bi1Tm1": null,
  "Ge1Ru2Zr1": null,
  "Ac2Cd1Sn1": null,
  "Cr1Ru1V2": null,
  "Hf2Ir1Mn1": null,
  "Mg1Na1Tl2": null,
  "Cd2Gd1": null,
  "Li1Rh1Y2": null,
  "Al1Mg1Pm2": null,
  "Ca1Hg2Pm1": null,
  "Au2Mg1Y1": null,
  "Au2Pb1Yb1": null,
  "Ag4Na2": null,
  "Fe4Sc2": null,
  "Ag2Tb1Tl1": null,
  "Ru2Si1Ti1": null,
  "Cd1Ho2In1": null,
  "Al1Co2Mn1": null,
  "Au2Pm1Sn1": null,
  "Hf2Mn1Rh1": null,
  "Pb1Tl1Yb2": null,
  "Tc2W1Zr1": {
    "Tc": -3.0,
    "W": 2.0,
    "Zr": 4.0
  },
  "Be1Li1Pd2": null,
  "Cl1Cs1": {
    "Cl": -1.0,
    "Cs": 1.0
  },
  "Ag2Al1Mg1": null,
  "Pd1Tc1Zr2": null,
  "Ir1Mo1Ti2": null,
  "In1Mg1Yb2": null,
  "Si1Tc2Ti1": {
    "Si": 4.0,
    "Tc": -3.0,
    "Ti": 2.0
  },
  "Al1Mg1Sm2": null,
  "Cr1Ir1Ti2": null,
  "Ni4Sn4Y4": null,
  "Hg1Na1Pd2": null,
  "Au2Ba2P2": {
    "Au": 1.0,
    "Ba": 2.0,
    "P": -3.0
  },
  "As2Co2K1": {
    "As": -3.0,
    "Co": 2.5,
    "K": 1.0
  },
  "P2Ru2Sm1": {
    "P": -3.0,
    "Ru": 2.0,
    "Sm": 2.0
  },
  "Cl4K2Pd1": {
    "Cl": -1.0,
    "K": 1.0,
    "Pd": 2.0
  },
  "P2Sb2Zr4": {
    "P": -3.0,
    "Sb": -3.0,
    "Zr": 3.0
  },
  "Ca1P2Ru2": {
    "Ca": 2.0,
    "P": -3.0,
    "Ru": 2.0
  },
  "B1Pr1Pt3": {
    "B": 3.0,
    "Pr": 3.0,
    "Pt": -2.0
  },
  "Mg3Pd3Y3": null,
  "Ba2Ge2Zn2": null,
  "Au36Mg72": null,
  "Ba4La2O12Ta2": {
    "Ba": 2.0,
    "La": 3.0,
    "O": -2.0,
    "Ta": 5.0
  },
  "As4Mg2Si2": {
    "As": -3.0,
    "Mg": 2.0,
    "Si": 4.0
  },
  "K2Li2O8S2": {
    "K": 1.0,
    "Li": 1.0,
    "O": -2.0,
    "S": 6.0
  },
  "Ag1La1O2": {
    "Ag": 1.0,
    "La": 3.0,
    "O": -2.0
  },
  "Se8W4": {
    "Se": -2.0,
    "W": 4.0
  },
  "Ag4Mo2O8": {
    "Ag": 1.0,
    "Mo": 6.0,
    "O": -2.0
  },
  "Au2Cu1Zn1": null,
  "Al4Er1Mo2": null,
  "Cr3Se4": {
    "Cr": 2.6666666666666665,
    "Se": -2.0
  },
  "Sn2Ti4": null,
  "Fe2Li4O8Si2": {
    "Fe": 2.0,
    "Li": 1.0,
    "O": -2.0,
    "Si": 4.0
  },
  "Al12W3": null,
  "In1Ni4Zr1": null,
  "Hg2Se4Sn1": {
    "Hg": 2.0,
    "Se": -2.0,
    "Sn": 4.0
  },
  "Ta8Zn16": null,
  "Hf2Tl1": null,
  "Al8Ca12O48Si12": {
    "Al": 3.0,
    "Ca": 2.0,
    "O": -2.0,
    "Si": 4.0
  },
  "Cu1F3Tl1": {
    "Cu": 2.0,
    "F": -1.0,
    "Tl": 1.0
  },
  "Cd4P8": {
    "Cd": 2.0,
    "P": -1.0
  },
  "Ba2F8Ni2": {
    "Ba": 2.0,
    "F": -1.0,
    "Ni": 2.0
  },
  "Ce4Cu4Mg2": null,
  "Sm1Y1Zn2": null,
  "Au6In2": {
    "Au": -1.0,
    "In": 3.0
  },
  "Er2Ir1Ru1": null,
  "Mo1Se6W2": {
    "Mo": 6.0,
    "Se": -2.0,
    "W": 3.0
  },
  "Cu2S4Tl2": {
    "Cu": 2.0,
    "S": -2.0,
    "Tl": 2.0
  },
  "Hg2Li1Sc1": null,
  "Cd2Dy1Y1": null,
  "O16Sn8Ti4": {
    "O": -2.0,
    "Sn": 2.0,
    "Ti": 4.0
  },
  "N14Si8Sr2Y2": {
    "N": -3.0,
    "Si": 4.0,
    "Sr": 2.0,
    "Y": 3.0
  },
  "Ba2Cu2F8": {
    "Ba": 2.0,
    "Cu": 2.0,
    "F": -1.0
  },
  "Pt12Si10": {
    "Pt": -2.0,
    "Si": 2.4
  },
  "Nd1Pr1Tl2": null,
  "Dy1Lu1Mg2": null,
  "Pd6Te4": null,
  "Ni5Zr1": null,
  "Li1Ru1Sm2": null,
  "Hf1Pt2Zn1": null,
  "Rh2Si4Y4": null,
  "Sm1Tl2Y1": null,
  "Fe2Si2Zr1": {
    "Fe": 3.0,
    "Si": -4.0,
    "Zr": 2.0
  },
  "Nb4Pt12": {
    "Nb": 5.0,
    "Pt": -1.6666666666666667
  },
  "Ag1Sc1Se2": {
    "Ag": 1.0,
    "Sc": 3.0,
    "Se": -2.0
  },
  "Ba1Ni1O5Tb2": {
    "Ba": 2.0,
    "Ni": 2.0,
    "O": -2.0,
    "Tb": 3.0
  },
  "I6Zr2": {
    "I": -1.0,
    "Zr": 3.0
  },
  "Ni1S4V2": {
    "Ni": 2.0,
    "S": -2.0,
    "V": 3.0
  },
  "Ir2Li12N8": {
    "Ir": 3.0,
    "Li": 1.0,
    "N": -2.25
  },
  "Ge2Pt2U2": null,
  "Ho1Lu1Mg2": null,
  "Li3Pt1": null,
  "Ni2P2U1": {
    "Ni": 1.5,
    "P": -3.0,
    "U": 3.0
  },
  "Al28Co4Cu8": null,
  "Cu4Pb4S12Sb4": {
    "Cu": 1.0,
    "Pb": 2.0,
    "S": -2.0,
    "Sb": 3.0
  },
  "Ga4O8Ti1": {
    "Ga": 3.0,
    "O": -2.0,
    "Ti": 4.0
  },
  "Er1Ho1Tl2": null,
  "Pr1Tl2Y1": null,
  "La2Pd2Sb2": null,
  "I2Li12P2S10": {
    "I": -1.0,
    "Li": 1.0,
    "P": 5.0,
    "S": -2.0
  },
  "C4Ru1Sc3": {
    "C": -3.5,
    "Ru": 5.0,
    "Sc": 3.0
  },
  "Ga1Li1Nd2": null,
  "Ge1Li2Yb1": null,
  "B4Nb6": {
    "B": -3.0,
    "Nb": 2.0
  },
  "Ag1In1Pr2": null,
  "Cs2F6Fe1Na1": {
    "Cs": 1.0,
    "F": -1.0,
    "Fe": 3.0,
    "Na": 1.0
  },
  "Dy1Sm1Zn2": null,
  "Al1I2Pd5": null,
  "Ho1Mg2Pr1": null,
  "B2Nb2O8": {
    "B": 3.0,
    "Nb": 5.0,
    "O": -2.0
  },
  "Al2Si2Y1": null,
  "Cl4Cr1Rb2": {
    "Cl": -1.0,
    "Cr": 2.0,
    "Rb": 1.0
  },
  "N6Sr2W2": {
    "N": -2.6666666666666665,
    "Sr": 2.0,
    "W": 6.0
  },
  "Lu1Tl2Y1": null,
  "Mg2Nd1Pr1": null,
  "Fe1Si1Tc2": {
    "Fe": 2.0,
    "Si": 4.0,
    "Tc": -3.0
  },
  "Cs1F3Sr1": {
    "Cs": 1.0,
    "F": -1.0,
    "Sr": 2.0
  },
  "As4Rh4": {
    "As": -3.0,
    "Rh": 3.0
  },
  "O16Sr4Y8": {
    "O": -2.0,
    "Sr": 2.0,
    "Y": 3.0
  },
  "Er1Tl2Y1": null,
  "Dy1Sm1Tl2": null,
  "Tc1Ti2Zn1": null,
  "Ba2F8Mg2": {
    "Ba": 2.0,
    "F": -1.0,
    "Mg": 2.0
  },
  "Ag1Dy2Os1": null,
  "Ho1Sm1Tl2": null,
  "Fe1Ga5Sc1": null,
  "In2Ni4Zr4": null,
  "Au3Cd1": null,
  "Be26Mg2": null,
  "Hf4Ni2": null,
  "Mg1Mn1Rh2": null,
  "Pt6Ta2": {
    "Pt": -1.3333333333333333,
    "Ta": 4.0
  },
  "Co2Sn4": null,
  "B2Ce4N5": {
    "B": 0.0,
    "Ce": 3.75,
    "N": -3.0
  },
  "Dy1Ho1Mg2": null,
  "Cl1Cu1": {
    "Cl": -1.0,
    "Cu": 1.0
  },
  "Er1Nd1Tl2": null,
  "P6Tc4": {
    "P": 1.0,
    "Tc": -1.5
  },
  "Ag1F6Ti1": {
    "Ag": 2.0,
    "F": -1.0,
    "Ti": 4.0
  },
  "Cu4S8": {
    "Cu": 2.0,
    "S": -1.0
  },
  "Co1Sb1V1": {
    "Co": 1.0,
    "Sb": -3.0,
    "V": 2.0
  },
  "Ni5Sc1": null,
  "Cl2Li5N1": {
    "Cl": -1.0,
    "Li": 1.0,
    "N": -3.0
  },
  "Dy1Pr1Tl2": null,
  "Cl3Cs1Pb1": {
    "Cl": -1.0,
    "Cs": 1.0,
    "Pb": 2.0
  },
  "Cu2In2O4": {
    "Cu": 1.0,
    "In": 3.0,
    "O": -2.0
  },
  "Li2S4Sm2": {
    "Li": 1.0,
    "S": -2.0,
    "Sm": 3.0
  },
  "Nb1Ru2Y1": null,
  "Er1Hg2Yb1": null,
  "Er2Ga1Li1": null,
  "Er1Zn5": null,
  "Pb2Pd3S2": null,
  "Ba1O8P2Zr1": {
    "Ba": 2.0,
    "O": -2.0,
    "P": 5.0,
    "Zr": 4.0
  },
  "Mg2O7P2": {
    "Mg": 2.0,
    "O": -2.0,
    "P": 5.0
  },
  "Pd2Zr1": null,
  "Ca6N10W6": {
    "Ca": 2.0,
    "N": -3.0,
    "W": 3.0
  },
  "B4Co4Re4": null,
  "Ge12Ir3": null,
  "F6Pd1Zr1": {
    "F": -1.0,
    "Pd": 2.0,
    "Zr": 4.0
  },
  "Ac2Se6": {
    "Ac": 3.0,
    "Se": -1.0
  },
  "Fe2N4W2": {
    "Fe": 3.0,
    "N": -3.0,
    "W": 3.0
  },
  "Al3Nd1Ni2": null,
  "Lu6Sm2": null,
  "Co1Os1Sc2": null,
  "Co2Dy4Si4": {
    "Co": 2.0,
    "Dy": 3.0,
    "Si": -4.0
  },
  "Ga1Hg1Yb2": null,
  "Sm1Tm1Zn2": null,
  "Au3Cu1": {
    "Au": -0.3333333333333333,
    "Cu": 1.0
  },
  "Np1O3Rb1": {
    "Np": 5.0,
    "O": -2.0,
    "Rb": 1.0
  },
  "Ca1O2": null,
  "Al1Au2Ti1": null,
  "Al2Ca4Fe2O10": {
    "Al": 3.0,
    "Ca": 2.0,
    "Fe": 3.0,
    "O": -2.0
  },
  "Cl6K2Sn1": {
    "Cl": -1.0,
    "K": 1.0,
    "Sn": 4.0
  },
  "Rh8Sn4V4": null,
  "Cs2F5O1Rb1Zr1": {
    "Cs": 1.0,
    "F": -1.0,
    "O": -2.0,
    "Rb": 1.0,
    "Zr": 4.0
  },
  "Cu12Sn10": null,
  "Ca1Nd1Rh2": null,
  "Na1O2Ti1": {
    "Na": 1.0,
    "O": -2.0,
    "Ti": 3.0
  },
  "Au2Be1Li1": null,
  "Cd1Cl4Rb2": {
    "Cd": 2.0,
    "Cl": -1.0,
    "Rb": 1.0
  },
  "Cd1Li2Mg1": null,
  "Ag1Tm2Zn1": null,
  "Cs2O4Tm2": {
    "Cs": 1.0,
    "O": -2.0,
    "Tm": 3.0
  },
  "As4Mg1Rh6": null,
  "Co12Mg12": null,
  "Al3Pd3Tb3": null,
  "Al1Lu2Zn1": null,
  "Pt5Si1Tl1": {
    "Pt": 0.6,
    "Si": -4.0,
    "Tl": 1.0
  },
  "Co1Fe1Ge1Mn1": null,
  "C1Co3Zn1": null,
  "S8Sc4Zn2": {
    "S": -2.0,
    "Sc": 3.0,
    "Zn": 2.0
  },
  "Cl3Cu1K1": {
    "Cl": -1.0,
    "Cu": 2.0,
    "K": 1.0
  },
  "Co1Ga2Ru1": null,
  "Cd1Hg1Yb2": null,
  "Rh1Ru1Y2": null,
  "O8Pd2Se2": {
    "O": -2.0,
    "Pd": 4.0,
    "Se": 4.0
  },
  "Ca8Mn4O16": {
    "Ca": 2.0,
    "Mn": 4.0,
    "O": -2.0
  },
  "Hf6Sb6": null,
  "Mg2P4Sn2": {
    "Mg": 2.0,
    "P": -3.0,
    "Sn": 4.0
  },
  "Cu1Se2Y1": {
    "Cu": 1.0,
    "Se": -2.0,
    "Y": 3.0
  },
  "Er1Yb1Zn2": null,
  "La4Lu4O12": {
    "La": 3.0,
    "Lu": 3.0,
    "O": -2.0
  },
  "Ca8Fe8O20": {
    "Ca": 2.0,
    "Fe": 3.0,
    "O": -2.0
  },
  "Pr1Sm3": null,
  "As1Pt5Tl1": {
    "As": 5.0,
    "Pt": -1.2,
    "Tl": 1.0
  },
  "Al12Tc2": null,
  "Ca1Cl3Rb1": {
    "Ca": 2.0,
    "Cl": -1.0,
    "Rb": 1.0
  },
  "B2Co3Sm1": {
    "B": -3.0,
    "Co": 1.0,
    "Sm": 3.0
  },
  "Co2Sc4": null,
  "Ca2O2S2Zn2": {
    "Ca": 2.0,
    "O": -2.0,
    "S": -2.0,
    "Zn": 2.0
  },
  "Pt1Tm2Zn1": null,
  "Br2O1V1": {
    "Br": -1.0,
    "O": -2.0,
    "V": 4.0
  },
  "Ge4Re2": null,
  "Co5Th1": null,
  "Bi2F2O2": {
    "Bi": 3.0,
    "F": -1.0,
    "O": -2.0
  },
  "B2C1Rh2Tb1": {
    "B": -3.0,
    "C": -4.0,
    "Rh": 3.5,
    "Tb": 3.0
  },
  "Au1Dy2Ir1": null,
  "B2Co8Y2": null,
  "Be1Cu1": null,
  "H6Li2Mg2": {
    "H": -1.0,
    "Li": 1.0,
    "Mg": 2.0
  },
  "Co2Ni1Se4": {
    "Co": 3.0,
    "Ni": 2.0,
    "Se": -2.0
  },
  "O6V4": {
    "O": -2.0,
    "V": 3.0
  },
  "Ca2Rh1Zn1": null,
  "Al1Sm2Zn1": null,
  "Ag1Ir1Sc2": null,
  "Li12Mn4O12": {
    "Li": 1.0,
    "Mn": 3.0,
    "O": -2.0
  },
  "Al2Au2O4": {
    "Al": 3.0,
    "Au": 1.0,
    "O": -2.0
  },
  "B4Fe2Mo1": {
    "B": -1.5,
    "Fe": 2.0,
    "Mo": 2.0
  },
  "Hg1In1Yb2": null,
  "Al1Ni2Ta1": null,
  "Ca1Cd2Tm1": null,
  "Gd4O12Sc4": {
    "Gd": 3.0,
    "O": -2.0,
    "Sc": 3.0
  },
  "Mo1Zn7": null,
  "Er1Nd1Zn2": null,
  "Au2O4Sc2": {
    "Au": 1.0,
    "O": -2.0,
    "Sc": 3.0
  },
  "Cr1K3O4": {
    "Cr": 5.0,
    "K": 1.0,
    "O": -2.0
  },
  "Pr3Sn1": null,
  "Au5Sn1": {
    "Au": -0.4,
    "Sn": 2.0
  },
  "Ir6Mg26": null,
  "C1H2Y2": {
    "C": -4.0,
    "H": -1.0,
    "Y": 3.0
  },
  "Al8Cr4Y1": null,
  "Ba2Cu1F6": {
    "Ba": 2.0,
    "Cu": 2.0,
    "F": -1.0
  },
  "Te4V3": {
    "Te": -2.0,
    "V": 2.6666666666666665
  },
  "Ag1Rh1Sm2": null,
  "Mg2Nd4": null,
  "Hf2Li1Tc1": null,
  "Ca4O12Sn4": {
    "Ca": 2.0,
    "O": -2.0,
    "Sn": 4.0
  },
  "Ca1Ho2Se4": {
    "Ca": 2.0,
    "Ho": 3.0,
    "Se": -2.0
  },
  "Al1Cd1Sm2": null,
  "Au1Cu1Tm2": null,
  "Pb2Sr2Zn2": null,
  "Ge2Se4": {
    "Ge": 4.0,
    "Se": -2.0
  },
  "Cu2Te16Y8": {
    "Cu": 1.0,
    "Te": -1.625,
    "Y": 3.0
  },
  "Co7Mo6": null,
  "Bi1F6Mg1": null,
  "Er2Mg1Tl1": null,
  "Br4Mo4S4": {
    "Br": -1.0,
    "Mo": 3.0,
    "S": -2.0
  },
  "Mg2Rh1Zn1": null,
  "Co5Sm1": null,
  "Co2Te4": {
    "Co": 4.0,
    "Te": -2.0
  },
  "Bi2In4": null,
  "Mo6Os2": null,
  "Li1Ni4O5": {
    "Li": 1.0,
    "Ni": 2.25,
    "O": -2.0
  },
  "Mg16Pd8": null,
  "Mg1Tb2": null,
  "Ba1Cu2S2": {
    "Ba": 2.0,
    "Cu": 1.0,
    "S": -2.0
  },
  "Nb4Se6": {
    "Nb": 3.0,
    "Se": -2.0
  },
  "Ir1Re3": null,
  "Pt5Sb1Si1": {
    "Pt": -0.4,
    "Sb": -2.0,
    "Si": 4.0
  },
  "F8Na3Zr1": null,
  "Fe2Zr4": null,
  "Rh3Zn1": null,
  "Cr1Fe1Ta2": null,
  "Gd4O14Ru4": {
    "Gd": 3.0,
    "O": -2.0,
    "Ru": 4.0
  },
  "Cl6Cs2Ti2": {
    "Cl": -1.0,
    "Cs": 1.0,
    "Ti": 2.0
  },
  "Ru2Th1Y1": null,
  "C2Pr1": {
    "C": -2.0,
    "Pr": 4.0
  },
  "Mg3Pb1": null,
  "Br2O2Ti2": {
    "Br": -1.0,
    "O": -2.0,
    "Ti": 3.0
  },
  "Ce2Os4": {
    "Ce": 3.0,
    "Os": -1.5
  },
  "Br1Ca2H3": {
    "Br": -1.0,
    "Ca": 2.0,
    "H": -1.0
  },
  "Se4Tb2": {
    "Se": -2.0,
    "Tb": 4.0
  },
  "Ca2Cl2Cu1O2": {
    "Ca": 2.0,
    "Cl": -1.0,
    "Cu": 2.0,
    "O": -2.0
  },
  "B2C1Dy1Rh2": {
    "B": -3.0,
    "C": -4.0,
    "Dy": 3.0,
    "Rh": 3.5
  },
  "O12Sc4Tb4": {
    "O": -2.0,
    "Sc": 3.0,
    "Tb": 3.0
  },
  "Al8Ca1Mn4": null,
  "Ga2Se4Tl2": {
    "Ga": 3.0,
    "Se": -2.0,
    "Tl": 1.0
  },
  "Hf1O4Sr2": {
    "Hf": 4.0,
    "O": -2.0,
    "Sr": 2.0
  },
  "B4Cr3": {
    "B": -1.5,
    "Cr": 2.0
  },
  "Au1Ho2Ru1": null,
  "Co2Ge1V1": null,
  "Na4P20": {
    "Na": 1.0,
    "P": -0.2
  },
  "Co1Mn1Te1": null,
  "Co5Nd1": null,
  "Ge2Mg2O6": {
    "Ge": 4.0,
    "Mg": 2.0,
    "O": -2.0
  },
  "Nb1S4Ti1": {
    "Nb": 4.0,
    "S": -2.0,
    "Ti": 4.0
  },
  "B2Co8Nd2": null,
  "Pa1": null,
  "La2Mg1O6Ti1": {
    "La": 3.0,
    "Mg": 2.0,
    "O": -2.0,
    "Ti": 4.0
  },
  "As2Cu4": {
    "As": -3.0,
    "Cu": 1.5
  },
  "Mn1Ni6O8": {
    "Mn": 2.0,
    "Ni": 2.3333333333333335,
    "O": -2.0
  },
  "Dy6Nd2": null,
  "Ba1Co1Er2O5": {
    "Ba": 2.0,
    "Co": 2.0,
    "Er": 3.0,
    "O": -2.0
  },
  "Bi4Sr2Zn2": null,
  "Co1Mn2Si1": null,
  "O8P2Yb2": {
    "O": -2.0,
    "P": 5.0,
    "Yb": 3.0
  },
  "C2Nd1": {
    "C": -1.0,
    "Nd": 2.0
  },
  "Ag2Sb2Se4": {
    "Ag": 1.0,
    "Sb": 3.0,
    "Se": -2.0
  },
  "Cd1Na1O2": null,
  "Cu1Er1Se2": {
    "Cu": 1.0,
    "Er": 3.0,
    "Se": -2.0
  },
  "Co5Tb1": null,
  "Ca2Hg1Li1": null,
  "C1Pr1Rh3": null,
  "Ca3Mn1O4": {
    "Ca": 2.0,
    "Mn": 2.0,
    "O": -2.0
  },
  "Os6Sn14": null,
  "As4Co4Rh4": null,
  "Cl2Sc2": null,
  "Ni3Se4": {
    "Ni": 2.6666666666666665,
    "Se": -2.0
  },
  "Sm6Y2": null,
  "Fe2O6Y2": {
    "Fe": 3.0,
    "O": -2.0,
    "Y": 3.0
  },
  "Lu2P10": {
    "Lu": 3.0,
    "P": -0.6
  },
  "Ag2Pr2Si2": {
    "Ag": 1.0,
    "Pr": 3.0,
    "Si": -4.0
  },
  "H1Li1Nd2O3": {
    "H": -1.0,
    "Li": 1.0,
    "Nd": 3.0,
    "O": -2.0
  },
  "Ga2Ni4": null,
  "Ru1Sm2Zn1": null,
  "H1Pd1": null,
  "Ni2Se2Tl1": {
    "Ni": 1.5,
    "Se": -2.0,
    "Tl": 1.0
  },
  "F6Fe1Li2": null,
  "H1Ni2": null,
  "Cl4Cr1Cs2": {
    "Cl": -1.0,
    "Cr": 2.0,
    "Cs": 1.0
  },
  "Al6Na8O24Si6": null,
  "Te1Tm1": null,
  "Er2Sm6": null,
  "Al8H32O48P8": {
    "Al": 3.0,
    "H": 1.0,
    "O": -2.0,
    "P": 5.0
  },
  "Al1C1Nd3": null,
  "Ni4Sn2Zr4": null,
  "Cu1F2O2Sr2": {
    "Cu": 2.0,
    "F": -1.0,
    "O": -2.0,
    "Sr": 2.0
  },
  "Mg4O8": null,
  "Cr3Nb3Si3": {
    "Cr": 2.0,
    "Nb": 2.0,
    "Si": -4.0
  },
  "Sm1Y3": null,
  "Sb4V5": {
    "Sb": -3.0,
    "V": 2.4
  },
  "Al2Fe1Ni1": null,
  "Ru2Y1Zr1": null,
  "Ni1S6V3": {
    "Ni": 2.0,
    "S": -2.0,
    "V": 3.3333333333333335
  },
  "Ba2F6Ni1": {
    "Ba": 2.0,
    "F": -1.0,
    "Ni": 2.0
  },
  "Al1Sm3": null,
  "Ni2P6W4": {
    "Ni": 1.0,
    "P": -1.6666666666666667,
    "W": 2.0
  },
  "Co2K1Se2": {
    "Co": 1.5,
    "K": 1.0,
    "Se": -2.0
  },
  "B48O6": {
    "B": 0.25,
    "O": -2.0
  },
  "Bi4Mn4O12": {
    "Bi": 3.0,
    "Mn": 3.0,
    "O": -2.0
  },
  "O6Te1W1": {
    "O": -2.0,
    "Te": 6.0,
    "W": 6.0
  },
  "Fe4Li3O8": null,
  "Cs2H4Yb1": {
    "Cs": 1.0,
    "H": -1.0,
    "Yb": 2.0
  },
  "Fe4Rb2Se6": {
    "Fe": 2.5,
    "Rb": 1.0,
    "Se": -2.0
  },
  "Bi1Ga1": null,
  "Co1Fe1Si1Ti1": null,
  "Au1Cu1O2": {
    "Au": 3.0,
    "Cu": 1.0,
    "O": -2.0
  },
  "Mg1Sr1": null,
  "Ni2O6Sn2": {
    "Ni": 2.0,
    "O": -2.0,
    "Sn": 4.0
  },
  "Ir4U2": null,
  "Mn1Pb1Rh2": null,
  "Nb8Se4": null,
  "Li28Si8": null,
  "Cl6Pt1S2": {
    "Cl": -1.0,
    "Pt": 2.0,
    "S": 2.0
  },
  "Al2Mg1S4": {
    "Al": 3.0,
    "Mg": 2.0,
    "S": -2.0
  },
  "Eu1Ga2": null,
  "Ce2O2Sb2Zn2": {
    "Ce": 3.0,
    "O": -2.0,
    "Sb": -3.0,
    "Zn": 2.0
  },
  "N3P1Ti1": {
    "N": -3.0,
    "P": 5.0,
    "Ti": 4.0
  },
  "Co5Er1": null,
  "Br4Fe1Li2": {
    "Br": -1.0,
    "Fe": 2.0,
    "Li": 1.0
  },
  "Mn2N4W2": {
    "Mn": 2.0,
    "N": -3.0,
    "W": 4.0
  },
  "Ga1Ir1Sc2": null,
  "Ag4Hg2S4": {
    "Ag": 1.0,
    "Hg": 2.0,
    "S": -2.0
  },
  "Ti2Zr1": null,
  "F6K2U1": {
    "F": -1.0,
    "K": 1.0,
    "U": 4.0
  },
  "O6Sc2Y2": {
    "O": -2.0,
    "Sc": 3.0,
    "Y": 3.0
  },
  "Nb1O8V3": {
    "Nb": 5.0,
    "O": -2.0,
    "V": 3.6666666666666665
  },
  "As8Cu4O16": {
    "As": 3.0,
    "Cu": 2.0,
    "O": -2.0
  },
  "Cr1O4Sr2": {
    "Cr": 4.0,
    "O": -2.0,
    "Sr": 2.0
  },
  "Al1Mn1Pd2": null,
  "Dy1La3": null,
  "Co1Ga5Yb1": null,
  "Au1Y1": null,
  "Si5Yb3": null,
  "Mg18Si10": null,
  "Cr2O6": {
    "Cr": 6.0,
    "O": -2.0
  },
  "Cr1P2S7": {
    "Cr": 4.0,
    "P": 5.0,
    "S": -2.0
  },
  "F3K1Pd1": {
    "F": -1.0,
    "K": 1.0,
    "Pd": 2.0
  },
  "Fe2In2O6": {
    "Fe": 3.0,
    "In": 3.0,
    "O": -2.0
  },
  "Bi1Pu1": null,
  "Co8Li4O16": {
    "Co": 3.5,
    "Li": 1.0,
    "O": -2.0
  },
  "Bi2Se7Sn4": {
    "Bi": 3.0,
    "Se": -2.0,
    "Sn": 2.0
  },
  "Cs2F6K1N1": {
    "Cs": 1.0,
    "F": -1.0,
    "K": 1.0,
    "N": 3.0
  },
  "Ga4Nd4O12": {
    "Ga": 3.0,
    "Nd": 3.0,
    "O": -2.0
  },
  "Cs2Cu10S6": {
    "Cs": 1.0,
    "Cu": 1.0,
    "S": -2.0
  },
  "Cl4Sm2": {
    "Cl": -1.0,
    "Sm": 2.0
  },
  "Cu2Ga1Lu1": null,
  "Pt3Yb1": {
    "Pt": -0.6666666666666666,
    "Yb": 2.0
  },
  "Rb2Sn6": null,
  "Be2Zr1": null,
  "Lu2O8V2": {
    "Lu": 3.0,
    "O": -2.0,
    "V": 5.0
  },
  "Er1Os2Ta1": null,
  "Cu1Zr1": null,
  "Bi4K12Te12": {
    "Bi": 3.0,
    "K": 1.0,
    "Te": -2.0
  },
  "Al4C5Zr2": {
    "Al": 3.0,
    "C": -4.0,
    "Zr": 4.0
  },
  "Cl2O2Tm2": {
    "Cl": -1.0,
    "O": -2.0,
    "Tm": 3.0
  },
  "Nd1Rh3Si2": null,
  "Mg2Zr6": null,
  "Ba8Cu6O18Pb2": {
    "Ba": 2.0,
    "Cu": 2.0,
    "O": -2.0,
    "Pb": 4.0
  },
  "Li1Ni2O4": {
    "Li": 1.0,
    "Ni": 3.5,
    "O": -2.0
  },
  "Cd4Mg2": null,
  "Ba1Cu2Se2": {
    "Ba": 2.0,
    "Cu": 1.0,
    "Se": -2.0
  },
  "Cl6Cu2Rb2": {
    "Cl": -1.0,
    "Cu": 2.0,
    "Rb": 1.0
  },
  "Co2Cr1Si1": {
    "Co": 1.0,
    "Cr": 2.0,
    "Si": -4.0
  },
  "Be4Mn8O16": {
    "Be": 2.0,
    "Mn": 3.0,
    "O": -2.0
  },
  "O14Sm4Zr4": {
    "O": -2.0,
    "Sm": 3.0,
    "Zr": 4.0
  },
  "In1Pt2Zr1": {
    "In": 1.0,
    "Pt": -2.0,
    "Zr": 3.0
  },
  "Al2Pd1": null,
  "H3Sc1": {
    "H": -1.0,
    "Sc": 3.0
  },
  "Cu1Hf2Sb3": {
    "Cu": 1.0,
    "Hf": 4.0,
    "Sb": -3.0
  },
  "B1Sc3Tl1": null,
  "La2Tb6": null,
  "Cu6Li2O6": {
    "Cu": 1.6666666666666667,
    "Li": 1.0,
    "O": -2.0
  },
  "H2Mg1Ni1": null,
  "S6Sc2U2": {
    "S": -2.0,
    "Sc": 3.0,
    "U": 3.0
  },
  "Al4Ba2": null,
  "Co2Cr1Ga1": null,
  "Na1O3Re1": {
    "Na": 1.0,
    "O": -2.0,
    "Re": 5.0
  },
  "Ni4O16Sb8": {
    "Ni": 2.0,
    "O": -2.0,
    "Sb": 3.0
  },
  "Cr1Cu1S2": {
    "Cr": 3.0,
    "Cu": 1.0,
    "S": -2.0
  },
  "Fe1S4V2": {
    "Fe": 3.0,
    "S": -2.0,
    "V": 2.5
  },
  "Hf1Sn1Tc2": {
    "Hf": 4.0,
    "Sn": 2.0,
    "Tc": -3.0
  },
  "Ge2Si2": {
    "Ge": 4.0,
    "Si": -4.0
  },
  "Al1Cu2Mn1": null,
  "As2Mn2Yb1": {
    "As": -3.0,
    "Mn": 2.0,
    "Yb": 2.0
  },
  "B2C1Er1Rh2": {
    "B": -3.0,
    "C": -4.0,
    "Er": 3.0,
    "Rh": 3.5
  },
  "B2Pu1": {
    "B": -3.0,
    "Pu": 6.0
  },
  "Cl2Dy2O2": {
    "Cl": -1.0,
    "Dy": 3.0,
    "O": -2.0
  },
  "Ge3Mn3Tm3": null,
  "Cs4Pt2": {
    "Cs": 1.0,
    "Pt": -2.0
  },
  "Hf1O3Pb1": {
    "Hf": 4.0,
    "O": -2.0,
    "Pb": 2.0
  },
  "O8Rh2V2": {
    "O": -2.0,
    "Rh": 3.0,
    "V": 5.0
  },
  "Ag1Pt5Si1": {
    "Ag": 2.0,
    "Pt": -1.2,
    "Si": 4.0
  },
  "F4Li4Ni4O4": {
    "F": -1.0,
    "Li": 1.0,
    "Ni": 2.0,
    "O": -2.0
  },
  "Na1Ni5O6": {
    "Na": 1.0,
    "Ni": 2.2,
    "O": -2.0
  },
  "Al1H6Rb2Tl1": {
    "Al": 3.0,
    "H": -1.0,
    "Rb": 1.0,
    "Tl": 1.0
  },
  "Ni15O16": {
    "Ni": 2.1333333333333333,
    "O": -2.0
  },
  "Mg7Sn1": null,
  "Te4Ti1V2": {
    "Te": -2.0,
    "Ti": 4.0,
    "V": 2.0
  },
  "Er2Pt4": null,
  "O4Se2Tb4": {
    "O": -2.0,
    "Se": -2.0,
    "Tb": 3.0
  },
  "Li2Mn4O8": {
    "Li": 1.0,
    "Mn": 3.5,
    "O": -2.0
  },
  "Cu2Na3O4": {
    "Cu": 2.5,
    "Na": 1.0,
    "O": -2.0
  },
  "Cr1Li3S4": {
    "Cr": 5.0,
    "Li": 1.0,
    "S": -2.0
  },
  "Ho1Th3": null,
  "C2Na2Pd1": {
    "C": -2.0,
    "Na": 1.0,
    "Pd": 2.0
  },
  "Co4Pr2": null,
  "Co3Fe1": null,
  "Ba1O4Sr3": {
    "Ba": 2.0,
    "O": -2.0,
    "Sr": 2.0
  },
  "C2Tb1": {
    "C": -2.0,
    "Tb": 4.0
  },
  "F4Li4Ni1O1": {
    "F": -1.0,
    "Li": 1.0,
    "Ni": 2.0,
    "O": -2.0
  },
  "Cr3Ge3Nb3": null,
  "Ag1Cd2Ce1": null,
  "Ag2Bi2O4": {
    "Ag": 1.0,
    "Bi": 3.0,
    "O": -2.0
  },
  "Ge2N4O2Si2": {
    "Ge": 4.0,
    "N": -3.0,
    "O": -2.0,
    "Si": 4.0
  },
  "Pd1Sc2Tc1": null,
  "V4Zr2": null,
  "Pr3Yb1": null,
  "Ba1Fe2O5Y1": {
    "Ba": 2.0,
    "Fe": 2.5,
    "O": -2.0,
    "Y": 3.0
  },
  "Bi2Ca2Cu2": null,
  "Ge1Li2Mg1": null,
  "Cu2Er2Sn2": null,
  "Al1Y3": null,
  "N5O2Zr5": {
    "N": -3.0,
    "O": -2.0,
    "Zr": 3.8
  },
  "Ba16Li8N8": null,
  "Co2Mg2O6": {
    "Co": 4.0,
    "Mg": 2.0,
    "O": -2.0
  },
  "Cd1Mg5": null,
  "Al2O8W2": {
    "Al": 3.0,
    "O": -2.0,
    "W": 5.0
  },
  "O9Tm6": {
    "O": -2.0,
    "Tm": 3.0
  },
  "Li5S4Sb1": {
    "Li": 1.0,
    "S": -2.0,
    "Sb": 3.0
  },
  "B6Ho1": null,
  "Mn1Pt1Sn1": null,
  "Nb4O14Pb4": {
    "Nb": 5.0,
    "O": -2.0,
    "Pb": 2.0
  },
  "Sc1Tb1": null,
  "Ag1Cu1Te2": {
    "Ag": 1.0,
    "Cu": 2.0,
    "Te": -1.5
  },
  "Cu1O4Y2": {
    "Cu": 2.0,
    "O": -2.0,
    "Y": 3.0
  },
  "F1O1Pr1": {
    "F": -1.0,
    "O": -2.0,
    "Pr": 3.0
  },
  "Mo4O10": {
    "Mo": 5.0,
    "O": -2.0
  },
  "Ca2Mn2Si2": {
    "Ca": 2.0,
    "Mn": 2.0,
    "Si": -4.0
  },
  "C1Mn3Sn1": null,
  "H2K1Na1": {
    "H": -1.0,
    "K": 1.0,
    "Na": 1.0
  },
  "Li6S2Sb1": {
    "Li": 1.0,
    "S": -2.0,
    "Sb": -2.0
  },
  "Au1Ru1Sm2": null,
  "C2Ga2Sc4": null,
  "Mg6Th2": null,
  "F5K1O1Tl2Zr1": {
    "F": -1.0,
    "K": 1.0,
    "O": -2.0,
    "Tl": 1.0,
    "Zr": 4.0
  },
  "Ca3Mn2O7": {
    "Ca": 2.0,
    "Mn": 4.0,
    "O": -2.0
  },
  "F5O3V4": {
    "F": -1.0,
    "O": -2.0,
    "V": 2.75
  },
  "Au1Ir1La2": null,
  "As2Eu1Mn2": {
    "As": -3.0,
    "Eu": 2.0,
    "Mn": 2.0
  },
  "Na4O4W1": {
    "Na": 1.0,
    "O": -2.0,
    "W": 4.0
  },
  "Fe1Nb1O4": {
    "Fe": 3.0,
    "Nb": 5.0,
    "O": -2.0
  },
  "Li1O3Tc1": {
    "Li": 1.0,
    "O": -2.0,
    "Tc": 5.0
  },
  "Pt1Si1Ti1": {
    "Pt": 2.0,
    "Si": -4.0,
    "Ti": 2.0
  },
  "P16Zn4": {
    "P": -0.5,
    "Zn": 2.0
  },
  "Be2Hf2": null,
  "Hg1K3": null,
  "Fe2Li3O6": null,
  "Bi4Sn4": null,
  "Al4Cu2O8": {
    "Al": 3.0,
    "Cu": 2.0,
    "O": -2.0
  },
  "Ga3Nd1": null,
  "Er2Te4": {
    "Er": 3.0,
    "Te": -1.5
  },
  "Cr6Pt2": null,
  "Nb2P2S2": {
    "Nb": 5.0,
    "P": -3.0,
    "S": -2.0
  },
  "Co4Na2O6": {
    "Co": 2.5,
    "Na": 1.0,
    "O": -2.0
  },
  "Ca1In2Te4": {
    "Ca": 2.0,
    "In": 3.0,
    "Te": -2.0
  },
  "B6Er1": null,
  "F1Li1Ni4O4": {
    "F": -1.0,
    "Li": 1.0,
    "Ni": 2.0,
    "O": -2.0
  },
  "Hf1Os2Tm1": null,
  "C2Nd1Rh1": {
    "C": -3.0,
    "Nd": 3.0,
    "Rh": 3.0
  },
  "Co1H2O2": {
    "Co": 2.0,
    "H": 1.0,
    "O": -2.0
  },
  "Ca1Mn2P2": {
    "Ca": 2.0,
    "Mn": 2.0,
    "P": -3.0
  },
  "La1O3Ti1": {
    "La": 3.0,
    "O": -2.0,
    "Ti": 3.0
  },
  "Cr4Si4": {
    "Cr": 2.0,
    "Si": -2.0
  },
  "Fe2Nb8Si2": null,
  "Hg1Sc2Tc1": null,
  "Hg1Os1Tm2": null,
  "Ca4O16Ti8": {
    "Ca": 2.0,
    "O": -2.0,
    "Ti": 3.0
  },
  "Li2N6Sn4": {
    "Li": 1.0,
    "N": -3.0,
    "Sn": 4.0
  },
  "Li1O2Tm1": {
    "Li": 1.0,
    "O": -2.0,
    "Tm": 3.0
  },
  "Al2Nb6": null,
  "B2Gd2O6": {
    "B": 3.0,
    "Gd": 3.0,
    "O": -2.0
  },
  "Ce1Na1O2": {
    "Ce": 3.0,
    "Na": 1.0,
    "O": -2.0
  },
  "Cu1Mg14Zn1": null,
  "C2Rh1Sm1": {
    "C": -3.0,
    "Rh": 3.0,
    "Sm": 3.0
  },
  "F1Li1Ni3O3": {
    "F": -1.0,
    "Li": 1.0,
    "Ni": 2.0,
    "O": -2.0
  },
  "Cr1O4Ti1": {
    "Cr": 4.0,
    "O": -2.0,
    "Ti": 4.0
  },
  "Ca1Mo1O6Sr2": {
    "Ca": 2.0,
    "Mo": 6.0,
    "O": -2.0,
    "Sr": 2.0
  },
  "Cu1Mg3": null,
  "F8V2Zn2": {
    "F": -1.0,
    "V": 2.0,
    "Zn": 2.0
  },
  "Ga2Lu3Mn3Si1": null,
  "Mn2O8Ti4": {
    "Mn": 2.0,
    "O": -2.0,
    "Ti": 3.0
  },
  "O32W8Zr4": {
    "O": -2.0,
    "W": 6.0,
    "Zr": 4.0
  },
  "Cl1I1K1Na1": {
    "Cl": -1.0,
    "I": -1.0,
    "K": 1.0,
    "Na": 1.0
  },
  "Al1Mn3": null,
  "Al1N1Nd2O3": {
    "Al": 3.0,
    "N": -3.0,
    "Nd": 3.0,
    "O": -2.0
  },
  "Mg7Zr1": null,
  "Co2Li9O8": {
    "Co": 3.5,
    "Li": 1.0,
    "O": -2.0
  },
  "K1O3": null,
  "Cu6Sb2": {
    "Cu": 1.0,
    "Sb": -3.0
  },
  "Ca1Li1Mg6": null,
  "Cu2Ge2Ti2": null,
  "Fe1Te4V2": {
    "Fe": 3.0,
    "Te": -2.0,
    "V": 2.5
  },
  "Na2O19Ti9": {
    "Na": 1.0,
    "O": -2.0,
    "Ti": 4.0
  },
  "Cr1Li2O3": {
    "Cr": 4.0,
    "Li": 1.0,
    "O": -2.0
  },
  "Mo2S4V1": {
    "Mo": 2.0,
    "S": -2.0,
    "V": 4.0
  },
  "Nb1": null,
  "Ba2Ni2O4": {
    "Ba": 2.0,
    "Ni": 2.0,
    "O": -2.0
  },
  "Al1Cr1O4": {
    "Al": 3.0,
    "Cr": 5.0,
    "O": -2.0
  },
  "Nb1Os2Tm1": null,
  "Li4Nb1O4": {
    "Li": 1.0,
    "Nb": 4.0,
    "O": -2.0
  },
  "Eu6O9": {
    "Eu": 3.0,
    "O": -2.0
  },
  "Ca4Co4O10": {
    "Ca": 2.0,
    "Co": 3.0,
    "O": -2.0
  },
  "F5Sn1Y1": {
    "F": -1.0,
    "Sn": 2.0,
    "Y": 3.0
  },
  "Mn2O6Ti1": {
    "Mn": 4.0,
    "O": -2.0,
    "Ti": 4.0
  },
  "C2S6Tl4": {
    "C": 4.0,
    "S": -2.0,
    "Tl": 1.0
  },
  "As3Np1": {
    "As": -1.0,
    "Np": 3.0
  },
  "Sb2Sm2Te2": {
    "Sb": -1.0,
    "Sm": 3.0,
    "Te": -2.0
  },
  "Ag6Cu2": null,
  "Be12Ti1": null,
  "Mg1Na3": null,
  "Co1Ga2S4": {
    "Co": 2.0,
    "Ga": 3.0,
    "S": -2.0
  },
  "Br2Zn1": {
    "Br": -1.0,
    "Zn": 2.0
  },
  "Cu3O4V1": {
    "Cu": 1.0,
    "O": -2.0,
    "V": 5.0
  },
  "Fe2Na1O3": {
    "Fe": 2.5,
    "Na": 1.0,
    "O": -2.0
  },
  "H4Pd1Ti2": null,
  "F6Li1N1Na2": {
    "F": -1.0,
    "Li": 1.0,
    "N": 3.0,
    "Na": 1.0
  },
  "Dy1Rh5": null,
  "Gd2O4Y2": null,
  "Lu2Te4": {
    "Lu": 3.0,
    "Te": -1.5
  },
  "Nb1O3Tl1": {
    "Nb": 5.0,
    "O": -2.0,
    "Tl": 1.0
  },
  "Al6C3N2": {
    "Al": 3.0,
    "C": -4.0,
    "N": -3.0
  },
  "Co2Cr1O6": {
    "Co": 3.0,
    "Cr": 6.0,
    "O": -2.0
  },
  "Fe2K2O4": {
    "Fe": 3.0,
    "K": 1.0,
    "O": -2.0
  },
  "Ni2P2Zr1": {
    "Ni": 2.0,
    "P": -3.0,
    "Zr": 2.0
  },
  "Co1O4Te1": {
    "Co": 4.0,
    "O": -2.0,
    "Te": 4.0
  },
  "Bi1Mg6Sn1": null,
  "Mn2S4Sn1": {
    "Mn": 2.0,
    "S": -2.0,
    "Sn": 4.0
  },
  "Co2Na2O4": {
    "Co": 3.0,
    "Na": 1.0,
    "O": -2.0
  },
  "Ir1Ni1Pr2": null,
  "Hg1Pt3": {
    "Hg": 2.0,
    "Pt": -0.6666666666666666
  },
  "F6Li3Mn1": {
    "F": -1.0,
    "Li": 1.0,
    "Mn": 3.0
  },
  "C2Na4S6": {
    "C": 4.0,
    "Na": 1.0,
    "S": -2.0
  },
  "Co1Sb1Ta1": null,
  "O2Sm1Y1": null,
  "Rh5Y1": null,
  "O3Rb1Sb1": {
    "O": -2.0,
    "Rb": 1.0,
    "Sb": 5.0
  },
  "Al2Co2O6": {
    "Al": 3.0,
    "Co": 3.0,
    "O": -2.0
  },
  "O3Ti1Yb1": {
    "O": -2.0,
    "Ti": 4.0,
    "Yb": 2.0
  },
  "Fe4Mg2O10": null,
  "Pr2Re4": null,
  "O2Sm1Tl1": {
    "O": -2.0,
    "Sm": 3.0,
    "Tl": 1.0
  },
  "Nb6Te2": null,
  "Er1O2Tl1": {
    "Er": 3.0,
    "O": -2.0,
    "Tl": 1.0
  },
  "C4H4O8Tl4": {
    "C": 2.0,
    "H": 1.0,
    "O": -2.0,
    "Tl": 1.0
  },
  "Ag1Co1O2": {
    "Ag": 1.0,
    "Co": 3.0,
    "O": -2.0
  },
  "Li2O4Ru2": {
    "Li": 1.0,
    "O": -2.0,
    "Ru": 3.0
  },
  "Cl2H4Hg2N2": {
    "Cl": -1.0,
    "H": 1.0,
    "Hg": 2.0,
    "N": -3.0
  },
  "O3Rh1Sr1": {
    "O": -2.0,
    "Rh": 4.0,
    "Sr": 2.0
  },
  "Bi2Nb6": null,
  "Li4Nd2Sb4": {
    "Li": 1.0,
    "Nd": 3.0,
    "Sb": -2.5
  },
  "Na1O2Pd1": null,
  "Mg7Ni1": null,
  "Dy3Yb1": null,
  "C2Co4": {
    "C": -4.0,
    "Co": 2.0
  },
  "C9N12": {
    "C": 4.0,
    "N": -3.0
  },
  "Cu1O2V1": {
    "Cu": 1.0,
    "O": -2.0,
    "V": 3.0
  },
  "Ag1Be12": null,
  "Cd1Mg6Ti1": null,
  "O3Pb1Sn1": {
    "O": -2.0,
    "Pb": 2.0,
    "Sn": 4.0
  },
  "Mg6Ni1Zn1": null,
  "Hg2U1": null,
  "Sc1Tc3": {
    "Sc": 3.0,
    "Tc": -1.0
  },
  "H3Zr1": {
    "H": -1.0,
    "Zr": 3.0
  },
  "Li1Pt1Sr2": null,
  "Al1Co3": null,
  "Cu1Mn1Sb1": {
    "Cu": 1.0,
    "Mn": 2.0,
    "Sb": -3.0
  },
  "Mg6Ni1Sn1": null,
  "Ho1Nb1Os2": null,
  "Re1Si2": null,
  "Bi1Np1": null,
  "Ag3Tm1": null,
  "Ag1As1Mg1": {
    "Ag": 1.0,
    "As": -3.0,
    "Mg": 2.0
  },
  "Ga2U1": null,
  "Ba3N1P1": {
    "Ba": 2.0,
    "N": -3.0,
    "P": -3.0
  },
  "Au1Ce1Ge1": null,
  "Cl1Cs1I1Na1": {
    "Cl": -1.0,
    "Cs": 1.0,
    "I": -1.0,
    "Na": 1.0
  },
  "Er2Sn4": null,
  "Co1F3K1": {
    "Co": 2.0,
    "F": -1.0,
    "K": 1.0
  },
  "Ru1Yb3": null
}