{
  "K6S6": {
    "K": 1.0,
    "S": -1.0
  },
  "K12O16V4": {
    "K": 1.0,
    "O": -2.0,
    "V": 5.0
  },
  "F4Mn4O4": {
    "F": -1.0,
    "Mn": 3.0,
    "O": -2.0
  },
  "Mo1Se2": {
    "Mo": 4.0,
    "Se": -2.0
  },
  "Cl3Cs1Ge1": {
    "Cl": -1.0,
    "Cs": 1.0,
    "Ge": 2.0
  },
  "C1Mn1N2": {
    "C": 4.0,
    "Mn": 2.0,
    "N": -3.0
  },
  "Cl2Ge2H6": {
    "Cl": -1.0,
    "Ge": 2.0,
    "H": -0.3333333333333333
  },
  "F20O4Os4": {
    "F": -1.0,
    "O": -2.0,
    "Os": 7.0
  },
  "Cs2O13V5": {
    "Cs": 1.0,
    "O": -2.0,
    "V": 4.8
  },
  "F4I4O8": {
    "F": -1.0,
    "I": 5.0,
    "O": -2.0
  },
  "F4K2Zn1": {
    "F": -1.0,
    "K": 1.0,
    "Zn": 2.0
  },
  "Al2Se4Tl2": {
    "Al": 3.0,
    "Se": -2.0,
    "Tl": 1.0
  },
  "As2Be2Na2": {
    "As": -3.0,
    "Be": 2.0,
    "Na": 1.0
  },
  "K4O4Zn2": {
    "K": 1.0,
    "O": -2.0,
    "Zn": 2.0
  },
  "Ca1Mg2Sb2": {
    "Ca": 2.0,
    "Mg": 2.0,
    "Sb": -3.0
  },
  "As1Cs1F6": {
    "As": 5.0,
    "Cs": 1.0,
    "F": -1.0
  },
  "Cl4O4W2": {
    "Cl": -1.0,
    "O": -2.0,
    "W": 6.0
  },
  "Na6O6P2S2": {
    "Na": 1.0,
    "O": -2.0,
    "P": 5.0,
    "S": -2.0
  },
  "La1Li3P2": {
    "La": 3.0,
    "Li": 1.0,
    "P": -3.0
  },
  "Au2Rb2S2": {
    "Au": 1.0,
    "Rb": 1.0,
    "S": -2.0
  },
  "K3O14V5": {
    "K": 1.0,
    "O": -2.0,
    "V": 5.0
  },
  "Au3Rb1Se2": {
    "Au": 1.0,
    "Rb": 1.0,
    "Se": -2.0
  },
  "Au3Cs1S2": {
    "Au": 1.0,
    "Cs": 1.0,
    "S": -2.0
  },
  "As2Na1Sn2": {
    "As": -3.0,
    "Na": 1.0,
    "Sn": 2.5
  },
  "C3H3O6Tm1": {
    "C": 2.0,
    "H": 1.0,
    "O": -2.0,
    "Tm": 3.0
  },
  "Ba1Mg2P2": {
    "Ba": 2.0,
    "Mg": 2.0,
    "P": -3.0
  },
  "F6Pt1Zn1": {
    "F": -1.0,
    "Pt": 4.0,
    "Zn": 2.0
  },
  "Cu2Na4P2": {
    "Cu": 1.0,
    "Na": 1.0,
    "P": -3.0
  },
  "Cu2K2Te2": {
    "Cu": 1.0,
    "K": 1.0,
    "Te": -2.0
  },
  "Cu2K2Se2": {
    "Cu": 1.0,
    "K": 1.0,
    "Se": -2.0
  },
  "Cu2Na2Te2": {
    "Cu": 1.0,
    "Na": 1.0,
    "Te": -2.0
  },
  "Fe5Li9O16Si2": {
    "Fe": 3.0,
    "Li": 1.0,
    "O": -2.0,
    "Si": 4.0
  },
  "Cu2Pb2Se6Tm2": {
    "Cu": 1.0,
    "Pb": 2.0,
    "Se": -2.0,
    "Tm": 3.0
  },
  "Li2Rb2Se2": {
    "Li": 1.0,
    "Rb": 1.0,
    "Se": -2.0
  },
  "Si4": {
    "Si": 0.0
  },
  "Pb2S8Sm4": {
    "Pb": 2.0,
    "S": -2.0,
    "Sm": 3.0
  },
  "F6Li1P1": {
    "F": -1.0,
    "Li": 1.0,
    "P": 5.0
  },
  "C2O6Zn2": {
    "C": 4.0,
    "O": -2.0,
    "Zn": 2.0
  },
  "F6Nb1Rb2": {
    "F": -1.0,
    "Nb": 4.0,
    "Rb": 1.0
  },
  "Bi2Na2S4": {
    "Bi": 3.0,
    "Na": 1.0,
    "S": -2.0
  },
  "N2Na10O8W2": {
    "N": -3.0,
    "Na": 1.0,
    "O": -2.0,
    "W": 6.0
  },
  "Li2Mg8O24V6": {
    "Li": 1.0,
    "Mg": 2.0,
    "O": -2.0,
    "V": 5.0
  },
  "Ag2Pr6Se14Si2": {
    "Ag": 1.0,
    "Pr": 3.0,
    "Se": -2.0,
    "Si": 4.0
  },
  "Cu2Nd6Se14Sn2": {
    "Cu": 1.0,
    "Nd": 3.0,
    "Se": -2.0,
    "Sn": 4.0
  },
  "Ga2O4Rb2": {
    "Ga": 3.0,
    "O": -2.0,
    "Rb": 1.0
  },
  "S8Si2Tl8": {
    "S": -2.0,
    "Si": 4.0,
    "Tl": 1.0
  },
  "As1Cd3I3": {
    "As": -3.0,
    "Cd": 2.0,
    "I": -1.0
  },
  "F1Li7O5V1": {
    "F": -1.0,
    "Li": 1.0,
    "O": -2.0,
    "V": 4.0
  },
  "N16Si12Sr2": {
    "N": -2.75,
    "Si": 3.3333333333333335,
    "Sr": 2.0
  },
  "Li1P1Sr1": {
    "Li": 1.0,
    "P": -3.0,
    "Sr": 2.0
  },
  "Br6F6N6P6": {
    "Br": -1.0,
    "F": -1.0,
    "N": -3.0,
    "P": 5.0
  },
  "F10Fe2H8O4Zn2": {
    "F": -1.0,
    "Fe": 3.0,
    "H": 1.0,
    "O": -2.0,
    "Zn": 2.0
  },
  "B2Dy2O6": {
    "B": 3.0,
    "Dy": 3.0,
    "O": -2.0
  },
  "Ba2Ca1I6": {
    "Ba": 2.0,
    "Ca": 2.0,
    "I": -1.0
  },
  "Al4Ca10Sb12": {
    "Al": 3.0,
    "Ca": 2.0,
    "Sb": -2.6666666666666665
  },
  "Co2Ge2Li3O8": {
    "Co": 2.5,
    "Ge": 4.0,
    "Li": 1.0,
    "O": -2.0
  },
  "P12Sr4": {
    "P": -0.6666666666666666,
    "Sr": 2.0
  },
  "As8Se12": {
    "As": 3.0,
    "Se": -2.0
  },
  "Na4O14Si4Zn4": {
    "Na": 1.0,
    "O": -2.0,
    "Si": 4.0,
    "Zn": 2.0
  },
  "Al4Ca4O14Si2": {
    "Al": 3.0,
    "Ca": 2.0,
    "O": -2.0,
    "Si": 4.0
  },
  "Be1K4P2": {
    "Be": 2.0,
    "K": 1.0,
    "P": -3.0
  },
  "Al2K2Te4": {
    "Al": 3.0,
    "K": 1.0,
    "Te": -2.0
  },
  "B6H18O18": {
    "B": 3.0,
    "H": 1.0,
    "O": -2.0
  },
  "Ba4F12O2Ti2": {
    "Ba": 2.0,
    "F": -1.0,
    "O": -2.0,
    "Ti": 4.0
  },
  "Cs24N40Re16": {
    "Cs": 1.0,
    "N": -3.0,
    "Re": 6.0
  },
  "N2Sr2Zn1": {
    "N": -3.0,
    "Sr": 2.0,
    "Zn": 2.0
  },
  "K3Nb1O8": null,
  "F6Ir2": {
    "F": -1.0,
    "Ir": 3.0
  },
  "As1Ca3Cl3": {
    "As": -3.0,
    "Ca": 2.0,
    "Cl": -1.0
  },
  "Mn12Ni4O32": {
    "Mn": 4.5,
    "Ni": 2.5,
    "O": -2.0
  },
  "C2Li4O6": {
    "C": 4.0,
    "Li": 1.0,
    "O": -2.0
  },
  "Li2O6V3": {
    "Li": 1.0,
    "O": -2.0,
    "V": 3.3333333333333335
  },
  "B16Cd8O32": {
    "B": 3.0,
    "Cd": 2.0,
    "O": -2.0
  },
  "Li4Ni2O4": {
    "Li": 1.0,
    "Ni": 2.0,
    "O": -2.0
  },
  "Lu8O28Si8": {
    "Lu": 3.0,
    "O": -2.0,
    "Si": 4.0
  },
  "As5I1Te7": {
    "As": 1.8,
    "I": -1.0,
    "Te": -1.1428571428571428
  },
  "Br2K4O1": {
    "Br": -1.0,
    "K": 1.0,
    "O": -2.0
  },
  "F6Na1Rb2Tl1": {
    "F": -1.0,
    "Na": 1.0,
    "Rb": 1.0,
    "Tl": 3.0
  },
  "Ca2O12Sr4W2": {
    "Ca": 2.0,
    "O": -2.0,
    "Sr": 2.0,
    "W": 6.0
  },
  "B2Li1Mn2O6": {
    "B": 3.0,
    "Li": 1.0,
    "Mn": 2.5,
    "O": -2.0
  },
  "Ba8N12V4": {
    "Ba": 2.0,
    "N": -3.0,
    "V": 5.0
  },
  "As2B12": {
    "As": -3.0,
    "B": 0.5
  },
  "K8S20": {
    "K": 1.0,
    "S": -0.4
  },
  "Ba4F20Ga4": {
    "Ba": 2.0,
    "F": -1.0,
    "Ga": 3.0
  },
  "Cl2F2Ge2": {
    "Cl": -1.0,
    "F": -1.0,
    "Ge": 2.0
  },
  "S12Sb8": {
    "S": -2.0,
    "Sb": 3.0
  },
  "Br2F2Sn2": {
    "Br": -1.0,
    "F": -1.0,
    "Sn": 2.0
  },
  "Ba2S4Zr1": {
    "Ba": 2.0,
    "S": -2.0,
    "Zr": 4.0
  },
  "Cl6In2": {
    "Cl": -1.0,
    "In": 3.0
  },
  "Br4Pb2": {
    "Br": -1.0,
    "Pb": 2.0
  },
  "As4Rh6Yb1": null,
  "Fe4K12O8": null,
  "Fe2Li4O8Si2": {
    "Fe": 2.0,
    "Li": 1.0,
    "O": -2.0,
    "Si": 4.0
  },
  "F2O12Sr3Ta4": {
    "F": -1.0,
    "O": -2.0,
    "Sr": 2.0,
    "Ta": 5.0
  },
  "Ba2Ga8S14": {
    "Ba": 2.0,
    "Ga": 3.0,
    "S": -2.0
  },
  "Cs1F6Ru1": {
    "Cs": 1.0,
    "F": -1.0,
    "Ru": 5.0
  },
  "Ce2Dy2O7": {
    "Ce": 4.0,
    "Dy": 3.0,
    "O": -2.0
  },
  "Cs2O1": {
    "Cs": 1.0,
    "O": -2.0
  },
  "F6K2Pd1": {
    "F": -1.0,
    "K": 1.0,
    "Pd": 4.0
  },
  "K6P2": {
    "K": 1.0,
    "P": -3.0
  },
  "Li7Mn3O12Si2": {
    "Li": 1.0,
    "Mn": 3.0,
    "O": -2.0,
    "Si": 4.0
  },
  "Ba4F8O6W2": {
    "Ba": 2.0,
    "F": -1.0,
    "O": -2.0,
    "W": 6.0
  },
  "O16P4Rb4Zn4": {
    "O": -2.0,
    "P": 5.0,
    "Rb": 1.0,
    "Zn": 2.0
  },
  "Cr1K1P2S7": {
    "Cr": 3.0,
    "K": 1.0,
    "P": 5.0,
    "S": -2.0
  },
  "As2H28Na6O20S2": {
    "As": 5.0,
    "H": 1.0,
    "Na": 1.0,
    "O": -2.0,
    "S": -2.0
  },
  "As2C2Li2Mn2O14": {
    "As": 5.0,
    "C": 4.0,
    "Li": 1.0,
    "Mn": 4.0,
    "O": -2.0
  },
  "B48C2Mg4": {
    "B": 0.0,
    "C": -4.0,
    "Mg": 2.0
  },
  "Li2O14P4Sc2": {
    "Li": 1.0,
    "O": -2.0,
    "P": 5.0,
    "Sc": 3.0
  },
  "F8H12N4Si2": {
    "F": -1.0,
    "H": 1.0,
    "N": -3.0,
    "Si": 4.0
  },
  "Cd4Li4O16P4": {
    "Cd": 2.0,
    "Li": 1.0,
    "O": -2.0,
    "P": 5.0
  },
  "Ge2Mg2O6": {
    "Ge": 4.0,
    "Mg": 2.0,
    "O": -2.0
  },
  "Hf1Ru2Si1": null,
  "As8Ga2Na6Sr6": {
    "As": -3.0,
    "Ga": 3.0,
    "Na": 1.0,
    "Sr": 2.0
  },
  "B6O13Zn4": {
    "B": 3.0,
    "O": -2.0,
    "Zn": 2.0
  },
  "Br12Nb4O4": {
    "Br": -1.0,
    "Nb": 5.0,
    "O": -2.0
  },
  "Pt1Rb2S2": {
    "Pt": 2.0,
    "Rb": 1.0,
    "S": -2.0
  },
  "F6Mg1Pd1": {
    "F": -1.0,
    "Mg": 2.0,
    "Pd": 4.0
  },
  "Cl4H20O24": null,
  "Li4O6V2": {
    "Li": 1.0,
    "O": -2.0,
    "V": 4.0
  },
  "Na8O16Si4Zn4": {
    "Na": 1.0,
    "O": -2.0,
    "Si": 4.0,
    "Zn": 2.0
  },
  "O36S8Sb8": {
    "O": -2.0,
    "S": 4.0,
    "Sb": 5.0
  },
  "F6Li1Mn3O2": {
    "F": -1.0,
    "Li": 1.0,
    "Mn": 3.0,
    "O": -2.0
  },
  "Ba3O18V6": {
    "Ba": 2.0,
    "O": -2.0,
    "V": 5.0
  },
  "Cu1Nd5Se8": {
    "Cu": 1.0,
    "Nd": 3.0,
    "Se": -2.0
  },
  "F5K1O1Rb2Zr1": {
    "F": -1.0,
    "K": 1.0,
    "O": -2.0,
    "Rb": 1.0,
    "Zr": 4.0
  },
  "F20Fe4Li8": {
    "F": -1.0,
    "Fe": 3.0,
    "Li": 1.0
  },
  "Ba2F7Pr1": {
    "Ba": 2.0,
    "F": -1.0,
    "Pr": 3.0
  },
  "H16I2N8P2": {
    "H": 1.0,
    "I": -1.0,
    "N": -3.0,
    "P": 5.0
  },
  "Cl6Cs3H8O4V1": {
    "Cl": -1.0,
    "Cs": 1.0,
    "H": 1.0,
    "O": -2.0,
    "V": 3.0
  },
  "Ag2Ga2Te4": {
    "Ag": 1.0,
    "Ga": 3.0,
    "Te": -2.0
  },
  "Cr4O36P12": {
    "Cr": 3.0,
    "O": -2.0,
    "P": 5.0
  },
  "Bi1Br1Te1": {
    "Bi": 3.0,
    "Br": -1.0,
    "Te": -2.0
  },
  "Ba6Ge6O24Zn6": {
    "Ba": 2.0,
    "Ge": 4.0,
    "O": -2.0,
    "Zn": 2.0
  },
  "Ba24N32W8": {
    "Ba": 2.0,
    "N": -3.0,
    "W": 6.0
  },
  "Ba6O12W2": {
    "Ba": 2.0,
    "O": -2.0,
    "W": 6.0
  },
  "Fe1Li4O12Sb1W2": {
    "Fe": 3.0,
    "Li": 1.0,
    "O": -2.0,
    "Sb": 5.0,
    "W": 6.0
  },
  "K1Li1Mn1S2": {
    "K": 1.0,
    "Li": 1.0,
    "Mn": 2.0,
    "S": -2.0
  },
  "Be8Cs4F20": {
    "Be": 2.0,
    "Cs": 1.0,
    "F": -1.0
  },
  "F24Li12Nb4O4": {
    "F": -1.0,
    "Li": 1.0,
    "Nb": 5.0,
    "O": -2.0
  },
  "As1Ca3N1": {
    "As": -3.0,
    "Ca": 2.0,
    "N": -3.0
  },
  "F7Na1Y2": {
    "F": -1.0,
    "Na": 1.0,
    "Y": 3.0
  },
  "Cr2Li12N8": {
    "Cr": 6.0,
    "Li": 1.0,
    "N": -3.0
  },
  "Cl2Ga6Na8O24Si6": {
    "Cl": -1.0,
    "Ga": 3.0,
    "Na": 1.0,
    "O": -2.0,
    "Si": 4.0
  },
  "B2N6Sr6": {
    "B": 3.0,
    "N": -3.0,
    "Sr": 2.0
  },
  "Ge4N6Rb2": {
    "Ge": 4.0,
    "N": -3.0,
    "Rb": 1.0
  },
  "Al2Os1": null,
  "F1Na1Nb6O15": {
    "F": -1.0,
    "Na": 1.0,
    "Nb": 5.0,
    "O": -2.0
  },
  "F8H4P4": {
    "F": -1.0,
    "H": 1.0,
    "P": 1.0
  },
  "Cs8O32P8Ti4": {
    "Cs": 1.0,
    "O": -2.0,
    "P": 5.0,
    "Ti": 4.0
  },
  "Cl2O8Pb2Re2": {
    "Cl": -1.0,
    "O": -2.0,
    "Pb": 2.0,
    "Re": 7.0
  },
  "Be2C2Li6O14P2": {
    "Be": 2.0,
    "C": 4.0,
    "Li": 1.0,
    "O": -2.0,
    "P": 5.0
  },
  "Ag1F5Li2": {
    "Ag": 3.0,
    "F": -1.0,
    "Li": 1.0
  },
  "Ag2As1K1O4": {
    "Ag": 1.0,
    "As": 5.0,
    "K": 1.0,
    "O": -2.0
  },
  "B3F12Li3": {
    "B": 3.0,
    "F": -1.0,
    "Li": 1.0
  },
  "C2Li6O14P2Yb2": {
    "C": 4.0,
    "Li": 1.0,
    "O": -2.0,
    "P": 5.0,
    "Yb": 2.0
  },
  "Ga2Hg1Se4": {
    "Ga": 3.0,
    "Hg": 2.0,
    "Se": -2.0
  },
  "Ba1Ca1Ga4O8": {
    "Ba": 2.0,
    "Ca": 2.0,
    "Ga": 3.0,
    "O": -2.0
  },
  "Ca6O18Te6": {
    "Ca": 2.0,
    "O": -2.0,
    "Te": 4.0
  },
  "Na9O15Re3": {
    "Na": 1.0,
    "O": -2.0,
    "Re": 7.0
  },
  "Ba2F8Mn2": {
    "Ba": 2.0,
    "F": -1.0,
    "Mn": 2.0
  },
  "Cs2Nd2O24P8": {
    "Cs": 1.0,
    "Nd": 3.0,
    "O": -2.0,
    "P": 5.0
  },
  "Cr1Mn3O16P4": {
    "Cr": 6.0,
    "Mn": 2.0,
    "O": -2.0,
    "P": 5.0
  },
  "Lu8O24W4": {
    "Lu": 3.0,
    "O": -2.0,
    "W": 6.0
  },
  "Br2H12Ni1O14": null,
  "Cl2In2O2": {
    "Cl": -1.0,
    "In": 3.0,
    "O": -2.0
  },
  "Cu6Ge3S12Sr3": {
    "Cu": 1.0,
    "Ge": 4.0,
    "S": -2.0,
    "Sr": 2.0
  },
  "Cu2Ge2Nd6S14": {
    "Cu": 1.0,
    "Ge": 4.0,
    "Nd": 3.0,
    "S": -2.0
  },
  "O10Si2Sr6": {
    "O": -2.0,
    "Si": 4.0,
    "Sr": 2.0
  },
  "Ca3Ga3O14Si2Ta1": {
    "Ca": 2.0,
    "Ga": 3.0,
    "O": -2.0,
    "Si": 4.0,
    "Ta": 5.0
  },
  "F8Li2O4Re2": {
    "F": -1.0,
    "Li": 1.0,
    "O": -2.0,
    "Re": 7.0
  },
  "Be4Ge2O14Y4": {
    "Be": 2.0,
    "Ge": 4.0,
    "O": -2.0,
    "Y": 3.0
  },
  "Bi4F12": {
    "Bi": 3.0,
    "F": -1.0
  },
  "F8Ge4": {
    "F": -1.0,
    "Ge": 2.0
  },
  "I8Te8": {
    "I": -1.0,
    "Te": 1.0
  },
  "I6Sb2": {
    "I": -1.0,
    "Sb": 3.0
  },
  "H12Li4N6Rb2": {
    "H": 1.0,
    "Li": 1.0,
    "N": -3.0,
    "Rb": 1.0
  },
  "Li1O7P2V1": {
    "Li": 1.0,
    "O": -2.0,
    "P": 5.0,
    "V": 3.0
  },
  "Sb1Te6Tl9": {
    "Sb": 3.0,
    "Te": -2.0,
    "Tl": 1.0
  },
  "Br3Li6N1": {
    "Br": -1.0,
    "Li": 1.0,
    "N": -3.0
  },
  "Ba8Br12O2": {
    "Ba": 2.0,
    "Br": -1.0,
    "O": -2.0
  },
  "Ge8O28Y8": {
    "Ge": 4.0,
    "O": -2.0,
    "Y": 3.0
  },
  "Ge6O18Ta2Tl2": {
    "Ge": 4.0,
    "O": -2.0,
    "Ta": 5.0,
    "Tl": 1.0
  },
  "F1O1Pr1": {
    "F": -1.0,
    "O": -2.0,
    "Pr": 3.0
  },
  "Ag1Cr1Se2": {
    "Ag": 1.0,
    "Cr": 3.0,
    "Se": -2.0
  },
  "Li4O8Ti3": {
    "Li": 1.0,
    "O": -2.0,
    "Ti": 4.0
  },
  "Ge6K2O18Ta2": {
    "Ge": 4.0,
    "K": 1.0,
    "O": -2.0,
    "Ta": 5.0
  },
  "Ge2K2La2Se8": {
    "Ge": 4.0,
    "K": 1.0,
    "La": 3.0,
    "Se": -2.0
  },
  "Hg2K12S8": {
    "Hg": 2.0,
    "K": 1.0,
    "S": -2.0
  },
  "K6P6Se18": {
    "K": 1.0,
    "P": 5.0,
    "Se": -2.0
  },
  "B4Cl4F24": null,
  "Cl6Cs2Pt1": {
    "Cl": -1.0,
    "Cs": 1.0,
    "Pt": 4.0
  },
  "Cl4I4Ta2": {
    "Cl": -1.0,
    "I": -1.0,
    "Ta": 4.0
  },
  "Cu4Ge2Hg2S8": {
    "Cu": 1.0,
    "Ge": 4.0,
    "Hg": 2.0,
    "S": -2.0
  },
  "Cd4Na4O16P4": {
    "Cd": 2.0,
    "Na": 1.0,
    "O": -2.0,
    "P": 5.0
  },
  "Br4K2Pt1": {
    "Br": -1.0,
    "K": 1.0,
    "Pt": 2.0
  },
  "Al1H1Si1Sr1": {
    "Al": 3.0,
    "H": -1.0,
    "Si": -4.0,
    "Sr": 2.0
  },
  "Cl6Pb1Rb2": {
    "Cl": -1.0,
    "Pb": 4.0,
    "Rb": 1.0
  },
  "H48O40Se4Zn4": {
    "H": 1.0,
    "O": -2.0,
    "Se": 6.0,
    "Zn": 2.0
  },
  "Au2Cl6Cs2": {
    "Au": 2.0,
    "Cl": -1.0,
    "Cs": 1.0
  },
  "Cl16Ti4": {
    "Cl": -1.0,
    "Ti": 4.0
  },
  "Ag4O4Pb2": {
    "Ag": 1.0,
    "O": -2.0,
    "Pb": 2.0
  },
  "Li64N64Si32": {
    "Li": 1.0,
    "N": -3.0,
    "Si": 4.0
  },
  "Mo4O32P8": {
    "Mo": 6.0,
    "O": -2.0,
    "P": 5.0
  },
  "Ba4Cu8Te8": {
    "Ba": 2.0,
    "Cu": 1.0,
    "Te": -2.0
  },
  "Ga4Se4Te2": {
    "Ga": 3.0,
    "Se": -2.0,
    "Te": -2.0
  },
  "Ge12O32Zn8": {
    "Ge": 4.0,
    "O": -2.0,
    "Zn": 2.0
  },
  "Ga4S4Te2": {
    "Ga": 3.0,
    "S": -2.0,
    "Te": -2.0
  },
  "Al2Bi2Br12": {
    "Al": 3.0,
    "Bi": 3.0,
    "Br": -1.0
  },
  "B1Ca3N3": {
    "B": 3.0,
    "Ca": 2.0,
    "N": -3.0
  },
  "B3Bi1O6": {
    "B": 3.0,
    "Bi": 3.0,
    "O": -2.0
  },
  "H8Sr4": {
    "H": -1.0,
    "Sr": 2.0
  },
  "Ca2S8Sm4": {
    "Ca": 2.0,
    "S": -2.0,
    "Sm": 3.0
  },
  "B8O14Pb2": {
    "B": 3.0,
    "O": -2.0,
    "Pb": 2.0
  },
  "Ge1O8Zr3": {
    "Ge": 4.0,
    "O": -2.0,
    "Zr": 4.0
  },
  "Fe1H6Mg2": {
    "Fe": 2.0,
    "H": -1.0,
    "Mg": 2.0
  },
  "Cl6Ge2Rb2": {
    "Cl": -1.0,
    "Ge": 2.0,
    "Rb": 1.0
  },
  "Sb4Sn2Zn2": {
    "Sb": -3.0,
    "Sn": 4.0,
    "Zn": 2.0
  },
  "Ag2K1P1S4": {
    "Ag": 1.0,
    "K": 1.0,
    "P": 5.0,
    "S": -2.0
  },
  "Ba2P16": {
    "Ba": 2.0,
    "P": -0.25
  },
  "K4O12Si4Zn2": {
    "K": 1.0,
    "O": -2.0,
    "Si": 4.0,
    "Zn": 2.0
  },
  "B16Cr4Y4": {
    "B": -1.5,
    "Cr": 3.0,
    "Y": 3.0
  },
  "Li3Na5O14Ti5": {
    "Li": 1.0,
    "Na": 1.0,
    "O": -2.0,
    "Ti": 4.0
  },
  "F6Pb1Pt1": {
    "F": -1.0,
    "Pb": 2.0,
    "Pt": 4.0
  },
  "F4H2K2": {
    "F": -1.0,
    "H": 1.0,
    "K": 1.0
  },
  "C8K8O24": null,
  "Dy6F2O24Se8": {
    "Dy": 3.0,
    "F": -1.0,
    "O": -2.0,
    "Se": 4.0
  },
  "Ca2Cl2H2": {
    "Ca": 2.0,
    "Cl": -1.0,
    "H": -1.0
  },
  "H8O16Se4": {
    "H": 1.0,
    "O": -2.0,
    "Se": 6.0
  },
  "Cl8O12Si8": {
    "Cl": -1.0,
    "O": -2.0,
    "Si": 4.0
  },
  "Bi1F6Li1": {
    "Bi": 5.0,
    "F": -1.0,
    "Li": 1.0
  },
  "Bi1F6Rb1": {
    "Bi": 5.0,
    "F": -1.0,
    "Rb": 1.0
  },
  "N4Na2P2": {
    "N": -3.0,
    "Na": 1.0,
    "P": 5.0
  },
  "Cs2F5K1O1Zr1": {
    "Cs": 1.0,
    "F": -1.0,
    "K": 1.0,
    "O": -2.0,
    "Zr": 4.0
  },
  "Ge6Nb2O18Rb2": {
    "Ge": 4.0,
    "Nb": 5.0,
    "O": -2.0,
    "Rb": 1.0
  },
  "Al4Cl16Pd2": {
    "Al": 3.0,
    "Cl": -1.0,
    "Pd": 2.0
  },
  "Cu2Ga2Te4": {
    "Cu": 1.0,
    "Ga": 3.0,
    "Te": -2.0
  },
  "O2Tl4": {
    "O": -2.0,
    "Tl": 1.0
  },
  "Ag1S8Sm5": {
    "Ag": 1.0,
    "S": -2.0,
    "Sm": 3.0
  },
  "Br2H2O2Rb4": {
    "Br": -1.0,
    "H": 1.0,
    "O": -2.0,
    "Rb": 1.0
  },
  "Cl1K1": {
    "Cl": -1.0,
    "K": 1.0
  },
  "Cd2Pr4S8": {
    "Cd": 2.0,
    "Pr": 3.0,
    "S": -2.0
  },
  "In6O14Ta2": {
    "In": 3.0,
    "O": -2.0,
    "Ta": 5.0
  },
  "Cu4O2": {
    "Cu": 1.0,
    "O": -2.0
  },
  "Ge4Nb8Te16": {
    "Ge": 4.0,
    "Nb": 2.0,
    "Te": -2.0
  },
  "N6Na8Re2": {
    "N": -3.0,
    "Na": 1.0,
    "Re": 5.0
  },
  "Li1N1Zn1": {
    "Li": 1.0,
    "N": -3.0,
    "Zn": 2.0
  },
  "As4O16Tl4Zn4": {
    "As": 5.0,
    "O": -2.0,
    "Tl": 1.0,
    "Zn": 2.0
  },
  "B2Ga6H8Na8O24Si6": {
    "B": 3.0,
    "Ga": 3.0,
    "H": 1.0,
    "Na": 1.0,
    "O": -2.0,
    "Si": 1.3333333333333333
  },
  "Ca2H2I2": {
    "Ca": 2.0,
    "H": -1.0,
    "I": -1.0
  },
  "H2I2Sr2": {
    "H": -1.0,
    "I": -1.0,
    "Sr": 2.0
  },
  "K2O24P8Tb2": {
    "K": 1.0,
    "O": -2.0,
    "P": 5.0,
    "Tb": 3.0
  },
  "Br8Te16": {
    "Br": -1.0,
    "Te": 0.5
  },
  "Ca1Na10Sn12": null,
  "In4Te10": {
    "In": 3.0,
    "Te": -1.2
  },
  "I8Te16": {
    "I": -1.0,
    "Te": 0.5
  },
  "Cs8Se20": {
    "Cs": 1.0,
    "Se": -0.4
  },
  "In8Li24N16": {
    "In": 3.0,
    "Li": 1.0,
    "N": -3.0
  },
  "Ca3N6Zr3": {
    "Ca": 2.0,
    "N": -3.0,
    "Zr": 4.0
  },
  "B8N16Sr12": {
    "B": 3.0,
    "N": -3.0,
    "Sr": 2.0
  },
  "Fe4Li8O20P4": {
    "Fe": 3.0,
    "Li": 1.0,
    "O": -2.0,
    "P": 5.0
  },
  "Cd1F6Pb1": {
    "Cd": 2.0,
    "F": -1.0,
    "Pb": 4.0
  },
  "Br18Cr6": {
    "Br": -1.0,
    "Cr": 3.0
  },
  "Al4Cl16K4": {
    "Al": 3.0,
    "Cl": -1.0,
    "K": 1.0
  },
  "Cl6Rh2": {
    "Cl": -1.0,
    "Rh": 3.0
  },
  "Cl8Li6V1": {
    "Cl": -1.0,
    "Li": 1.0,
    "V": 2.0
  },
  "Co1Li1S2": {
    "Co": 3.0,
    "Li": 1.0,
    "S": -2.0
  },
  "Bi12O20Ti1": {
    "Bi": 3.0,
    "O": -2.0,
    "Ti": 4.0
  },
  "H24Na8O24Zn8": {
    "H": 1.0,
    "Na": 1.0,
    "O": -2.0,
    "Zn": 2.0
  },
  "Cl1Na1": {
    "Cl": -1.0,
    "Na": 1.0
  },
  "Ba4Ge8P8": {
    "Ba": 2.0,
    "Ge": 2.0,
    "P": -3.0
  },
  "Ag3P11": {
    "Ag": 1.0,
    "P": -0.2727272727272727
  },
  "F6Sb2": {
    "F": -1.0,
    "Sb": 3.0
  },
  "In1Na1Se2": {
    "In": 3.0,
    "Na": 1.0,
    "Se": -2.0
  },
  "Cl6Cs2Ti1": {
    "Cl": -1.0,
    "Cs": 1.0,
    "Ti": 4.0
  },
  "Er6O14Ta2": {
    "Er": 3.0,
    "O": -2.0,
    "Ta": 5.0
  },
  "Cl6Te1Tl2": {
    "Cl": -1.0,
    "Te": 4.0,
    "Tl": 1.0
  },
  "H24Ir4Li4Mg4": {
    "H": -1.0,
    "Ir": 3.0,
    "Li": 1.0,
    "Mg": 2.0
  },
  "F1Li1O7V5": {
    "F": -1.0,
    "Li": 1.0,
    "O": -2.0,
    "V": 2.8
  },
  "Be6Cd8O24Se2Si6": {
    "Be": 2.0,
    "Cd": 2.0,
    "O": -2.0,
    "Se": -2.0,
    "Si": 4.0
  },
  "Cs1H1Mn1O10P3": {
    "Cs": 1.0,
    "H": 1.0,
    "Mn": 3.0,
    "O": -2.0,
    "P": 5.0
  },
  "F12K8O16S4Sb4": {
    "F": -1.0,
    "K": 1.0,
    "O": -2.0,
    "S": 4.0,
    "Sb": 5.0
  },
  "Ca1N2Zn2": {
    "Ca": 2.0,
    "N": -3.0,
    "Zn": 2.0
  },
  "H20Mg4Rb12": {
    "H": -1.0,
    "Mg": 2.0,
    "Rb": 1.0
  },
  "In16O24": {
    "In": 3.0,
    "O": -2.0
  },
  "Ba1Hg1O2": {
    "Ba": 2.0,
    "Hg": 2.0,
    "O": -2.0
  },
  "Li2Nb2O4": {
    "Li": 1.0,
    "Nb": 3.0,
    "O": -2.0
  },
  "O8Se2Tl4": {
    "O": -2.0,
    "Se": 6.0,
    "Tl": 1.0
  },
  "Mn2S8Sc4": {
    "Mn": 2.0,
    "S": -2.0,
    "Sc": 3.0
  },
  "F6Li1Sb1": {
    "F": -1.0,
    "Li": 1.0,
    "Sb": 5.0
  },
  "O20P4Rb4V4": {
    "O": -2.0,
    "P": 5.0,
    "Rb": 1.0,
    "V": 4.0
  },
  "F6Li2Zr1": {
    "F": -1.0,
    "Li": 1.0,
    "Zr": 4.0
  },
  "Ba10Ga12H4": null,
  "Ba2Pd2S4": {
    "Ba": 2.0,
    "Pd": 2.0,
    "S": -2.0
  },
  "Cl2Cs2Mn1O6V2": {
    "Cl": -1.0,
    "Cs": 1.0,
    "Mn": 2.0,
    "O": -2.0,
    "V": 5.0
  },
  "Li10P6Si2": {
    "Li": 1.0,
    "P": -0.3333333333333333,
    "Si": -4.0
  },
  "Hf4Mg4N8": {
    "Hf": 4.0,
    "Mg": 2.0,
    "N": -3.0
  },
  "Ca6Mo2N6": {
    "Ca": 2.0,
    "Mo": 3.0,
    "N": -3.0
  },
  "Mo2S4Se2Te2W2": {
    "Mo": 6.0,
    "S": -2.0,
    "Se": -2.0,
    "Te": -2.0,
    "W": 2.0
  },
  "Cd1Cr1F6": {
    "Cd": 2.0,
    "Cr": 4.0,
    "F": -1.0
  },
  "F2Li5O3V1": {
    "F": -1.0,
    "Li": 1.0,
    "O": -2.0,
    "V": 3.0
  },
  "H4O10Si4": {
    "H": 1.0,
    "O": -2.0,
    "Si": 4.0
  },
  "Ag1La5Se8": {
    "Ag": 1.0,
    "La": 3.0,
    "Se": -2.0
  },
  "Cs4Se2": {
    "Cs": 1.0,
    "Se": -2.0
  },
  "Ca2Mo2N6": {
    "Ca": 2.0,
    "Mo": 6.0,
    "N": -2.6666666666666665
  },
  "As8S8": {
    "As": 2.0,
    "S": -2.0
  },
  "O4Os1": {
    "O": -2.0,
    "Os": 8.0
  },
  "Mg2Na12O8": {
    "Mg": 2.0,
    "Na": 1.0,
    "O": -2.0
  },
  "Ga9Rb3": null,
  "Ga4O12Tm4": {
    "Ga": 3.0,
    "O": -2.0,
    "Tm": 3.0
  },
  "B14Cl2Mg6O26": {
    "B": 3.0,
    "Cl": -1.0,
    "Mg": 2.0,
    "O": -2.0
  },
  "Sb1Se6Tl9": {
    "Sb": 3.0,
    "Se": -2.0,
    "Tl": 1.0
  },
  "Au6Sb8Y6": {
    "Au": -1.0,
    "Sb": -1.5,
    "Y": 3.0
  },
  "Li1Mo1O7P2": {
    "Li": 1.0,
    "Mo": 3.0,
    "O": -2.0,
    "P": 5.0
  },
  "H6O16P2Rb4Se2": {
    "H": 1.0,
    "O": -2.0,
    "P": 5.0,
    "Rb": 1.0,
    "Se": 6.0
  },
  "O8Si2Zn4": {
    "O": -2.0,
    "Si": 4.0,
    "Zn": 2.0
  },
  "As2Li2S4": {
    "As": 3.0,
    "Li": 1.0,
    "S": -2.0
  },
  "Br2F2O4": {
    "Br": 5.0,
    "F": -1.0,
    "O": -2.0
  },
  "Al2Sr1Te4": {
    "Al": 3.0,
    "Sr": 2.0,
    "Te": -2.0
  },
  "Li10P6Ti2": {
    "Li": 1.0,
    "P": -3.0,
    "Ti": 4.0
  },
  "Be4Na10O17Si4": {
    "Be": 2.0,
    "Na": 1.0,
    "O": -2.0,
    "Si": 4.0
  },
  "Cr2Li3O6V1": {
    "Cr": 3.0,
    "Li": 1.0,
    "O": -2.0,
    "V": 3.0
  },
  "K3O8Ta1": null,
  "Ca4Ce4O12": {
    "Ca": 2.0,
    "Ce": 4.0,
    "O": -2.0
  },
  "Bi2Cr1Fe1O6": {
    "Bi": 3.0,
    "Cr": 3.0,
    "Fe": 3.0,
    "O": -2.0
  },
  "B3Ge3O15Pr3": {
    "B": 3.0,
    "Ge": 4.0,
    "O": -2.0,
    "Pr": 3.0
  },
  "H2In2O4": {
    "H": 1.0,
    "In": 3.0,
    "O": -2.0
  },
  "Co3F7Li3O1": {
    "Co": 2.0,
    "F": -1.0,
    "Li": 1.0,
    "O": -2.0
  },
  "P4Ru1Si4": {
    "P": 3.0,
    "Ru": 4.0,
    "Si": -4.0
  },
  "Br2F10": {
    "Br": 5.0,
    "F": -1.0
  },
  "Be6Cd8O24S2Si6": {
    "Be": 2.0,
    "Cd": 2.0,
    "O": -2.0,
    "S": -2.0,
    "Si": 4.0
  },
  "Br1K1O3": {
    "Br": 5.0,
    "K": 1.0,
    "O": -2.0
  },
  "N8Zr6": {
    "N": -3.0,
    "Zr": 4.0
  },
  "F14Fe3Li9O2": {
    "F": -1.0,
    "Fe": 3.0,
    "Li": 1.0,
    "O": -2.0
  },
  "Co1Cs2F6": {
    "Co": 4.0,
    "Cs": 1.0,
    "F": -1.0
  },
  "Ca2Cl2H2O2": {
    "Ca": 2.0,
    "Cl": -1.0,
    "H": 1.0,
    "O": -2.0
  },
  "Ba2H6Os1": {
    "Ba": 2.0,
    "H": -0.3333333333333333,
    "Os": -2.0
  },
  "Be2C2N4": {
    "Be": 2.0,
    "C": 4.0,
    "N": -3.0
  },
  "Bi1Li5O5": {
    "Bi": 5.0,
    "Li": 1.0,
    "O": -2.0
  },
  "Cl2K2N2O4Pd1": {
    "Cl": -1.0,
    "K": 1.0,
    "N": 3.0,
    "O": -2.0,
    "Pd": 2.0
  },
  "Hg29": null,
  "Br4H8Li4O4": {
    "Br": -1.0,
    "H": 1.0,
    "Li": 1.0,
    "O": -2.0
  },
  "Na2P2Sn2": {
    "Na": 1.0,
    "P": -3.0,
    "Sn": 2.0
  },
  "Cl16K8Zn4": {
    "Cl": -1.0,
    "K": 1.0,
    "Zn": 2.0
  },
  "Al2B2Ba1O7": {
    "Al": 3.0,
    "B": 3.0,
    "Ba": 2.0,
    "O": -2.0
  },
  "Ca4N12W4": {
    "Ca": 2.0,
    "N": -2.6666666666666665,
    "W": 6.0
  },
  "Ba1Li1O6Pr1Te1": {
    "Ba": 2.0,
    "Li": 1.0,
    "O": -2.0,
    "Pr": 3.0,
    "Te": 6.0
  },
  "N1Pr1": {
    "N": -3.0,
    "Pr": 3.0
  },
  "Li7O6Sb1": {
    "Li": 1.0,
    "O": -2.0,
    "Sb": 5.0
  },
  "Ba3N4O9Si6": {
    "Ba": 2.0,
    "N": -3.0,
    "O": -2.0,
    "Si": 4.0
  },
  "Al4Li4Se8": {
    "Al": 3.0,
    "Li": 1.0,
    "Se": -2.0
  },
  "C8Ca4H8O16": {
    "C": 2.0,
    "Ca": 2.0,
    "H": 1.0,
    "O": -2.0
  },
  "F6K2Th1": {
    "F": -1.0,
    "K": 1.0,
    "Th": 4.0
  },
  "Ag2Bi2S4": {
    "Ag": 1.0,
    "Bi": 3.0,
    "S": -2.0
  },
  "Ba6Ga2N6": {
    "Ba": 2.0,
    "Ga": 3.0,
    "N": -3.0
  },
  "As2O8Pr2": {
    "As": 5.0,
    "O": -2.0,
    "Pr": 3.0
  },
  "Li12N8W2": {
    "Li": 1.0,
    "N": -3.0,
    "W": 6.0
  },
  "F8Li2Mn2": {
    "F": -1.0,
    "Li": 1.0,
    "Mn": 3.0
  },
  "H2Rb2S2": {
    "H": 1.0,
    "Rb": 1.0,
    "S": -2.0
  },
  "F7Li1O5V4": {
    "F": -1.0,
    "Li": 1.0,
    "O": -2.0,
    "V": 4.0
  },
  "F7Li4Mn2O1": {
    "F": -1.0,
    "Li": 1.0,
    "Mn": 2.5,
    "O": -2.0
  },
  "Cl8S28Te4": {
    "Cl": -1.0,
    "S": -0.5714285714285714,
    "Te": 6.0
  },
  "Li2Mn1O8Si3": {
    "Li": 1.0,
    "Mn": 2.0,
    "O": -2.0,
    "Si": 4.0
  },
  "Al1F6K2Na1": {
    "Al": 3.0,
    "F": -1.0,
    "K": 1.0,
    "Na": 1.0
  },
  "F12I4O4": {
    "F": -1.0,
    "I": 5.0,
    "O": -2.0
  },
  "Ge4Mg4N8": {
    "Ge": 4.0,
    "Mg": 2.0,
    "N": -3.0
  },
  "C2Co1Cr1Li6O14P2": {
    "C": 4.0,
    "Co": 2.0,
    "Cr": 2.0,
    "Li": 1.0,
    "O": -2.0,
    "P": 5.0
  },
  "Ga5P3S3": {
    "Ga": 3.0,
    "P": -3.0,
    "S": -2.0
  },
  "Cl8I8": null,
  "Cl18Fe6": {
    "Cl": -1.0,
    "Fe": 3.0
  },
  "Ga6K4": null,
  "Al5Cu1Se8": {
    "Al": 3.0,
    "Cu": 1.0,
    "Se": -2.0
  },
  "Al4Cd2O8": {
    "Al": 3.0,
    "Cd": 2.0,
    "O": -2.0
  },
  "Cs2I6Mn2": {
    "Cs": 1.0,
    "I": -1.0,
    "Mn": 2.0
  },
  "Li21O18Ta3": {
    "Li": 1.0,
    "O": -2.0,
    "Ta": 5.0
  },
  "C3Lu2N6": {
    "C": 4.0,
    "Lu": 3.0,
    "N": -3.0
  },
  "H5Rh1Sr2": null,
  "Cs2F5Mn1": {
    "Cs": 1.0,
    "F": -1.0,
    "Mn": 3.0
  },
  "Ca4Ga4O10": {
    "Ca": 2.0,
    "Ga": 3.0,
    "O": -2.0
  },
  "F2Fe1Li4O2": {
    "F": -1.0,
    "Fe": 2.0,
    "Li": 1.0,
    "O": -2.0
  },
  "F6Mo2": {
    "F": -1.0,
    "Mo": 3.0
  },
  "C2Ge2Li2O14P2": {
    "C": 4.0,
    "Ge": 4.0,
    "Li": 1.0,
    "O": -2.0,
    "P": 5.0
  },
  "Cr2F4": {
    "Cr": 2.0,
    "F": -1.0
  },
  "C4H12P4S12": {
    "C": -2.0,
    "H": 1.0,
    "P": 5.0,
    "S": -2.0
  },
  "H6Li2O4": {
    "H": 1.0,
    "Li": 1.0,
    "O": -2.0
  },
  "As16Ca12Si8": {
    "As": -3.0,
    "Ca": 2.0,
    "Si": 3.0
  },
  "Cr2Li6O10Si2": {
    "Cr": 3.0,
    "Li": 1.0,
    "O": -2.0,
    "Si": 4.0
  },
  "H20O16S2": {
    "H": 1.0,
    "O": -2.0,
    "S": 6.0
  },
  "Cd1Ga6Te10": {
    "Cd": 2.0,
    "Ga": 3.0,
    "Te": -2.0
  },
  "Nb1O8Rb3": null,
  "Bi8Li56N32": {
    "Bi": 3.0,
    "Li": 1.0,
    "N": -2.5
  },
  "As12Ba6": {
    "As": -1.0,
    "Ba": 2.0
  },
  "Cs3F6Tl1": {
    "Cs": 1.0,
    "F": -1.0,
    "Tl": 3.0
  },
  "Al6Cl2K8O24Si6": {
    "Al": 3.0,
    "Cl": -1.0,
    "K": 1.0,
    "O": -2.0,
    "Si": 4.0
  },
  "F6K3W1": {
    "F": -1.0,
    "K": 1.0,
    "W": 3.0
  },
  "Cs4O6Pb2": {
    "Cs": 1.0,
    "O": -2.0,
    "Pb": 4.0
  },
  "Nb8P4S40": {
    "Nb": 5.0,
    "P": 5.0,
    "S": -1.5
  },
  "F4K4O10P4": {
    "F": -1.0,
    "K": 1.0,
    "O": -2.0,
    "P": 5.0
  },
  "Ce2Ni8Sn4": null,
  "Li4O16P4W2": {
    "Li": 1.0,
    "O": -2.0,
    "P": 5.0,
    "W": 4.0
  },
  "Mg4Na8O16Si4": {
    "Mg": 2.0,
    "Na": 1.0,
    "O": -2.0,
    "Si": 4.0
  },
  "Cs2I6Te1": {
    "Cs": 1.0,
    "I": -1.0,
    "Te": 4.0
  },
  "Al16Ca24N32": {
    "Al": 3.0,
    "Ca": 2.0,
    "N": -3.0
  },
  "F3Mn1Rb1": {
    "F": -1.0,
    "Mn": 2.0,
    "Rb": 1.0
  },
  "B4K12N8": {
    "B": 3.0,
    "K": 1.0,
    "N": -3.0
  },
  "H32N8O4": {
    "H": 1.0,
    "N": -3.0,
    "O": -2.0
  },
  "Al6Cd4O12S1": {
    "Al": 3.0,
    "Cd": 2.0,
    "O": -2.0,
    "S": -2.0
  },
  "Mn2O18P6": {
    "Mn": 3.0,
    "O": -2.0,
    "P": 5.0
  },
  "C2Na2O14P2Sn2": {
    "C": 4.0,
    "Na": 1.0,
    "O": -2.0,
    "P": 5.0,
    "Sn": 4.0
  },
  "Ca3Hf3N6": {
    "Ca": 2.0,
    "Hf": 4.0,
    "N": -3.0
  },
  "H6Mg1Sr2": {
    "H": -1.0,
    "Mg": 2.0,
    "Sr": 2.0
  },
  "H24N8O16S4": {
    "H": 1.0,
    "N": 2.0,
    "O": -2.0,
    "S": -2.0
  },
  "O4S1Zn1": {
    "O": -2.0,
    "S": 6.0,
    "Zn": 2.0
  },
  "Cu12Er4Te12": {
    "Cu": 1.0,
    "Er": 3.0,
    "Te": -2.0
  },
  "Ca1In2N2": {
    "Ca": 2.0,
    "In": 2.0,
    "N": -3.0
  },
  "B8O28Se8": {
    "B": 3.0,
    "O": -2.0,
    "Se": 4.0
  },
  "Ba12N48Re24": {
    "Ba": 2.0,
    "N": -3.0,
    "Re": 5.0
  },
  "Ca1F8Li1U1": {
    "Ca": 2.0,
    "F": -1.0,
    "Li": 1.0,
    "U": 5.0
  },
  "Ga4Se6": {
    "Ga": 3.0,
    "Se": -2.0
  },
  "F1Li1Nb2O6Sr1": {
    "F": -1.0,
    "Li": 1.0,
    "Nb": 5.0,
    "O": -2.0,
    "Sr": 2.0
  },
  "Ca20N20Nb4": {
    "Ca": 2.0,
    "N": -3.0,
    "Nb": 5.0
  },
  "P6Sr6": {
    "P": -2.0,
    "Sr": 2.0
  },
  "Na3O4V1": {
    "Na": 1.0,
    "O": -2.0,
    "V": 5.0
  },
  "Ga2Nb2O8": {
    "Ga": 3.0,
    "Nb": 5.0,
    "O": -2.0
  },
  "H8O12Si8": {
    "H": 1.0,
    "O": -2.0,
    "Si": 2.0
  },
  "H2Li2O8Te2": {
    "H": 1.0,
    "Li": 1.0,
    "O": -2.0,
    "Te": 6.0
  },
  "Cl2V1": {
    "Cl": -1.0,
    "V": 2.0
  },
  "Ca6O10Si2": {
    "Ca": 2.0,
    "O": -2.0,
    "Si": 4.0
  },
  "Cu2S14Sn2Tb6": {
    "Cu": 1.0,
    "S": -2.0,
    "Sn": 4.0,
    "Tb": 3.0
  },
  "La5Se8Tl1": {
    "La": 3.0,
    "Se": -2.0,
    "Tl": 1.0
  },
  "Co1Cr2Li2O6": {
    "Co": 2.0,
    "Cr": 4.0,
    "Li": 1.0,
    "O": -2.0
  },
  "C4Li3Mn2O12": {
    "C": 4.0,
    "Li": 1.0,
    "Mn": 2.5,
    "O": -2.0
  },
  "F6Na1P1": {
    "F": -1.0,
    "Na": 1.0,
    "P": 5.0
  },
  "Ca1F8Hf1Li2": {
    "Ca": 2.0,
    "F": -1.0,
    "Hf": 4.0,
    "Li": 1.0
  },
  "Br6Rb2Sn1": {
    "Br": -1.0,
    "Rb": 1.0,
    "Sn": 4.0
  },
  "S16V4": {
    "S": -1.25,
    "V": 5.0
  },
  "Al1Be1Cl1Na4O12Si4": {
    "Al": 3.0,
    "Be": 2.0,
    "Cl": -1.0,
    "Na": 1.0,
    "O": -2.0,
    "Si": 4.0
  },
  "Ba2Mg2O14Te4": {
    "Ba": 2.0,
    "Mg": 2.0,
    "O": -2.0,
    "Te": 5.0
  },
  "I14Ta6Te2": {
    "I": -1.0,
    "Ta": 3.0,
    "Te": -2.0
  },
  "Cl11N3P4": {
    "Cl": -1.0,
    "N": -3.0,
    "P": 5.0
  },
  "Nb4P8S32": {
    "Nb": 5.0,
    "P": 5.0,
    "S": -1.875
  },
  "C1F1K1O3Sr1": {
    "C": 4.0,
    "F": -1.0,
    "K": 1.0,
    "O": -2.0,
    "Sr": 2.0
  },
  "F28Fe6Na10": {
    "F": -1.0,
    "Fe": 3.0,
    "Na": 1.0
  },
  "Ga4O10Ti2": {
    "Ga": 3.0,
    "O": -2.0,
    "Ti": 4.0
  },
  "Cs2F4Nb2O8Ti2": {
    "Cs": 1.0,
    "F": -1.0,
    "Nb": 5.0,
    "O": -2.0,
    "Ti": 4.0
  },
  "Dy4O26P8": {
    "Dy": 3.0,
    "O": -2.0,
    "P": 5.0
  },
  "Ba2N4Zr2": {
    "Ba": 2.0,
    "N": -3.0,
    "Zr": 4.0
  },
  "Co2F4": {
    "Co": 2.0,
    "F": -1.0
  },
  "Cl3Cu3O6Sr6": {
    "Cl": -1.0,
    "Cu": 1.0,
    "O": -2.0,
    "Sr": 2.0
  },
  "Cr4Li4O16Sn4": {
    "Cr": 3.0,
    "Li": 1.0,
    "O": -2.0,
    "Sn": 4.0
  },
  "Cu2Ge2Ho6S14": {
    "Cu": 1.0,
    "Ge": 4.0,
    "Ho": 3.0,
    "S": -2.0
  },
  "B5Ca2Cl1H2O10": {
    "B": 3.0,
    "Ca": 2.0,
    "Cl": -1.0,
    "H": 1.0,
    "O": -2.0
  },
  "Ba1Cu1Fe1O5Y1": {
    "Ba": 2.0,
    "Cu": 2.0,
    "Fe": 3.0,
    "O": -2.0,
    "Y": 3.0
  },
  "O8Ta2Tm2": {
    "O": -2.0,
    "Ta": 5.0,
    "Tm": 3.0
  },
  "O16Rh8Sr4": {
    "O": -2.0,
    "Rh": 3.0,
    "Sr": 2.0
  },
  "Al2Cl6O4S2": {
    "Al": 3.0,
    "Cl": -1.0,
    "O": -2.0,
    "S": 4.0
  },
  "Ag6P2Se8": {
    "Ag": 1.0,
    "P": 5.0,
    "Se": -2.0
  },
  "F3Fe4O5": null,
  "Cu2H2O4": {
    "Cu": 3.0,
    "H": 1.0,
    "O": -2.0
  },
  "Dy2H2O4": {
    "Dy": 3.0,
    "H": 1.0,
    "O": -2.0
  },
  "K4O6Pb2": {
    "K": 1.0,
    "O": -2.0,
    "Pb": 4.0
  },
  "Ca4Ga4H4O16Si2": {
    "Ca": 2.0,
    "Ga": 3.0,
    "H": 1.0,
    "O": -2.0,
    "Si": 4.0
  },
  "Li2Nb2O16P4": {
    "Li": 1.0,
    "Nb": 5.0,
    "O": -2.0,
    "P": 5.0
  },
  "F4Ni2": {
    "F": -1.0,
    "Ni": 2.0
  },
  "C2F6H12N6Si1": {
    "C": 4.0,
    "F": -1.0,
    "H": 1.0,
    "N": -3.0,
    "Si": 4.0
  },
  "F6Sn2": {
    "F": -1.0,
    "Sn": 3.0
  },
  "Cr3Li4O8V1": {
    "Cr": 3.0,
    "Li": 1.0,
    "O": -2.0,
    "V": 3.0
  },
  "Ba12Cl5F19": {
    "Ba": 2.0,
    "Cl": -1.0,
    "F": -1.0
  },
  "Fe4Li12O20P4": {
    "Fe": 2.0,
    "Li": 1.0,
    "O": -2.0,
    "P": 5.0
  },
  "Ga2O12Pr6": {
    "Ga": 3.0,
    "O": -2.0,
    "Pr": 3.0
  },
  "H8S12Si8": {
    "H": 1.0,
    "S": -2.0,
    "Si": 2.0
  },
  "N38Na30W14": {
    "N": -3.0,
    "Na": 1.0,
    "W": 6.0
  },
  "B3Cs1F12Pb1": {
    "B": 3.0,
    "Cs": 1.0,
    "F": -1.0,
    "Pb": 2.0
  },
  "H2Li6O8Te2": {
    "H": 1.0,
    "Li": 1.0,
    "O": -2.0,
    "Te": 4.0
  },
  "C6In4N12": {
    "C": 4.0,
    "In": 3.0,
    "N": -3.0
  },
  "As2K2Sn2": {
    "As": -3.0,
    "K": 1.0,
    "Sn": 2.0
  },
  "S4Ta1Tl3": {
    "S": -2.0,
    "Ta": 5.0,
    "Tl": 1.0
  },
  "Cu1Se2Tm1": {
    "Cu": 1.0,
    "Se": -2.0,
    "Tm": 3.0
  },
  "Fe2Li2O20Si8": {
    "Fe": 3.0,
    "Li": 1.0,
    "O": -2.0,
    "Si": 4.0
  },
  "F4Ge1": {
    "F": -1.0,
    "Ge": 4.0
  },
  "Ag1F3Mg1": {
    "Ag": 1.0,
    "F": -1.0,
    "Mg": 2.0
  },
  "Na16O12Sn2": {
    "Na": 1.0,
    "O": -2.0,
    "Sn": 4.0
  },
  "B12H20": {
    "B": -1.5,
    "H": 0.9
  },
  "F6Na2Th1": {
    "F": -1.0,
    "Na": 1.0,
    "Th": 4.0
  },
  "Cd1Ga2S4": {
    "Cd": 2.0,
    "Ga": 3.0,
    "S": -2.0
  },
  "Cu2Se14Si2Y6": {
    "Cu": 1.0,
    "Se": -2.0,
    "Si": 4.0,
    "Y": 3.0
  },
  "Cu12Te12Tm4": {
    "Cu": 1.0,
    "Te": -2.0,
    "Tm": 3.0
  },
  "As1Au1Yb2": {
    "As": -3.0,
    "Au": -1.0,
    "Yb": 2.0
  },
  "Cd1N3O6Rb1": {
    "Cd": 2.0,
    "N": 3.0,
    "O": -2.0,
    "Rb": 1.0
  },
  "F5K2Na1O1Ti1": {
    "F": -1.0,
    "K": 1.0,
    "Na": 1.0,
    "O": -2.0,
    "Ti": 4.0
  },
  "Hg1O2Rb2": {
    "Hg": 2.0,
    "O": -2.0,
    "Rb": 1.0
  },
  "Cu2Ge1S4Zn1": {
    "Cu": 1.0,
    "Ge": 4.0,
    "S": -2.0,
    "Zn": 2.0
  },
  "Br4Fe2H16O8": {
    "Br": -1.0,
    "Fe": 2.0,
    "H": 1.0,
    "O": -2.0
  },
  "C4O16Pb8": {
    "C": 4.0,
    "O": -2.0,
    "Pb": 2.0
  },
  "Ca1Cs1N3O6": {
    "Ca": 2.0,
    "Cs": 1.0,
    "N": 3.0,
    "O": -2.0
  },
  "Cl4H12Mn1N2O2": {
    "Cl": -1.0,
    "H": 1.0,
    "Mn": 2.0,
    "N": -3.0,
    "O": -2.0
  },
  "Li2N6Sn4": {
    "Li": 1.0,
    "N": -3.0,
    "Sn": 4.0
  },
  "K24N40W16": {
    "K": 1.0,
    "N": -3.0,
    "W": 6.0
  },
  "B10Ba6O28P2Zn2": {
    "B": 3.0,
    "Ba": 2.0,
    "O": -2.0,
    "P": 5.0,
    "Zn": 2.0
  },
  "Ge2O10Sr6": {
    "Ge": 4.0,
    "O": -2.0,
    "Sr": 2.0
  },
  "Ba12N48Nb24": {
    "Ba": 2.0,
    "N": -3.0,
    "Nb": 5.0
  },
  "Mo1S4W1": {
    "Mo": 6.0,
    "S": -2.0,
    "W": 2.0
  },
  "C1Li2N2": {
    "C": 4.0,
    "Li": 1.0,
    "N": -3.0
  },
  "Ag4Ba4O36P12": {
    "Ag": 1.0,
    "Ba": 2.0,
    "O": -2.0,
    "P": 5.0
  },
  "Ge2N4O2Si2": {
    "Ge": 4.0,
    "N": -3.0,
    "O": -2.0,
    "Si": 4.0
  },
  "O3Rb2Sn2": {
    "O": -2.0,
    "Rb": 1.0,
    "Sn": 2.0
  },
  "Fe4O6": {
    "Fe": 3.0,
    "O": -2.0
  },
  "Al4Ca4H4O20Si4": {
    "Al": 3.0,
    "Ca": 2.0,
    "H": 1.0,
    "O": -2.0,
    "Si": 4.0
  },
  "Li56N32Ta8": {
    "Li": 1.0,
    "N": -3.0,
    "Ta": 5.0
  },
  "C6Cs3N9": {
    "C": 4.0,
    "Cs": 1.0,
    "N": -3.0
  },
  "Ag2Ho2Te4": {
    "Ag": 1.0,
    "Ho": 3.0,
    "Te": -2.0
  },
  "Pd1Sn1Zr1": null,
  "Ca1F6Pb1": {
    "Ca": 2.0,
    "F": -1.0,
    "Pb": 4.0
  },
  "Cl1Tl1": {
    "Cl": -1.0,
    "Tl": 1.0
  },
  "Au1Ho1Sn1": null,
  "Ni1Sb1Sc1": {
    "Ni": 1.0,
    "Sb": -3.0,
    "Sc": 2.0
  },
  "Nb2O8Rh2": {
    "Nb": 5.0,
    "O": -2.0,
    "Rh": 3.0
  },
  "N2Zn1Zr1": {
    "N": -3.0,
    "Zn": 2.0,
    "Zr": 4.0
  },
  "F2H1Na1": {
    "F": -1.0,
    "H": 1.0,
    "Na": 1.0
  },
  "Be1O4S1": {
    "Be": 2.0,
    "O": -2.0,
    "S": 6.0
  },
  "Cu1Fe1O2": {
    "Cu": 1.0,
    "Fe": 3.0,
    "O": -2.0
  },
  "La1Rb1S2": {
    "La": 3.0,
    "Rb": 1.0,
    "S": -2.0
  },
  "Ir4S4Sb4": {
    "Ir": 3.5,
    "S": -2.0,
    "Sb": -1.5
  },
  "F4Mg2": {
    "F": -1.0,
    "Mg": 2.0
  },
  "Al2O12Y6": {
    "Al": 3.0,
    "O": -2.0,
    "Y": 3.0
  },
  "Mg2Si1": {
    "Mg": 2.0,
    "Si": -4.0
  },
  "Fe3Li4Nb1O8": {
    "Fe": 2.3333333333333335,
    "Li": 1.0,
    "Nb": 5.0,
    "O": -2.0
  },
  "Li12O12Sb4": {
    "Li": 1.0,
    "O": -2.0,
    "Sb": 3.0
  },
  "Mg8O24Si8": {
    "Mg": 2.0,
    "O": -2.0,
    "Si": 4.0
  },
  "O6Rb4Sn2": {
    "O": -2.0,
    "Rb": 1.0,
    "Sn": 4.0
  },
  "As1Br3Ca3": {
    "As": -3.0,
    "Br": -1.0,
    "Ca": 2.0
  },
  "F6Hf1K2": {
    "F": -1.0,
    "Hf": 4.0,
    "K": 1.0
  },
  "C12H36N12O8": {
    "C": 1.3333333333333333,
    "H": 1.0,
    "N": -3.0,
    "O": -2.0
  },
  "K30N38Os14": {
    "K": 1.0,
    "N": -3.0,
    "Os": 6.0
  },
  "Co2Ge2Li2O8": {
    "Co": 3.0,
    "Ge": 4.0,
    "Li": 1.0,
    "O": -2.0
  },
  "K30N38Re14": {
    "K": 1.0,
    "N": -3.0,
    "Re": 6.0
  },
  "Cd8Ge2Se12": {
    "Cd": 2.0,
    "Ge": 4.0,
    "Se": -2.0
  },
  "Na6O9S2": {
    "Na": 1.0,
    "O": -2.0,
    "S": 6.0
  },
  "Cl16F4Ta4": {
    "Cl": -1.0,
    "F": -1.0,
    "Ta": 5.0
  },
  "Ba4Ca4Si4": {
    "Ba": 2.0,
    "Ca": 2.0,
    "Si": -4.0
  },
  "As8Si4Sr6": {
    "As": -2.5,
    "Si": 2.0,
    "Sr": 2.0
  },
  "Ca4O1Sb2": {
    "Ca": 2.0,
    "O": -2.0,
    "Sb": -3.0
  },
  "Mn1O4Sb1": {
    "Mn": 3.0,
    "O": -2.0,
    "Sb": 5.0
  },
  "Ca3N1P1": {
    "Ca": 2.0,
    "N": -3.0,
    "P": -3.0
  },
  "Bi1Ni1Y1": null,
  "Ru4Si4": {
    "Ru": 2.0,
    "Si": -2.0
  },
  "K4O24P8Zn2": {
    "K": 1.0,
    "O": -2.0,
    "P": 5.0,
    "Zn": 2.0
  },
  "F6Sn1Tl2": {
    "F": -1.0,
    "Sn": 4.0,
    "Tl": 1.0
  },
  "F6Ti1Tl2": {
    "F": -1.0,
    "Ti": 4.0,
    "Tl": 1.0
  },
  "P28Sr6": {
    "P": -0.42857142857142855,
    "Sr": 2.0
  },
  "Mg4N12P6S1": {
    "Mg": 2.0,
    "N": -3.0,
    "P": 5.0,
    "S": -2.0
  },
  "Mn2Na12Se8": {
    "Mn": 2.0,
    "Na": 1.0,
    "Se": -2.0
  },
  "Co4P8": {
    "Co": 2.0,
    "P": -1.0
  },
  "Cs2Ni3Se4": {
    "Cs": 1.0,
    "Ni": 2.0,
    "Se": -2.0
  },
  "Ca1Li2O4Si1": {
    "Ca": 2.0,
    "Li": 1.0,
    "O": -2.0,
    "Si": 4.0
  },
  "Cs2H2O8Si2Sr2": {
    "Cs": 1.0,
    "H": 1.0,
    "O": -2.0,
    "Si": 4.0,
    "Sr": 2.0
  },
  "Ca4Ge4Sr4": null,
  "B2F6Mg6O6": {
    "B": 3.0,
    "F": -1.0,
    "Mg": 2.0,
    "O": -2.0
  },
  "Ge2Li16O12": {
    "Ge": 4.0,
    "Li": 1.0,
    "O": -2.0
  },
  "Mg4Te8": {
    "Mg": 2.0,
    "Te": -1.0
  },
  "P16Zn24": {
    "P": -3.0,
    "Zn": 2.0
  },
  "C4N16Si8": {
    "C": 4.0,
    "N": -3.0,
    "Si": 4.0
  },
  "As8Rb8": {
    "As": -1.0,
    "Rb": 1.0
  },
  "Ag1F6Sn1": {
    "Ag": 2.0,
    "F": -1.0,
    "Sn": 4.0
  },
  "As2Ge2Te5": {
    "As": 1.0,
    "Ge": 4.0,
    "Te": -2.0
  },
  "C2Li4Mn2Na2O14P2": {
    "C": 4.0,
    "Li": 1.0,
    "Mn": 2.0,
    "Na": 1.0,
    "O": -2.0,
    "P": 5.0
  },
  "C2Pt1Rb2": {
    "C": 0.0,
    "Pt": -2.0,
    "Rb": 1.0
  },
  "O4Sn1Ti1": {
    "O": -2.0,
    "Sn": 4.0,
    "Ti": 4.0
  },
  "Ba2Be4N4": {
    "Ba": 2.0,
    "Be": 2.0,
    "N": -3.0
  },
  "O2Sr1": null,
  "Er1Pd1Sb1": null,
  "Cu6N10Sr12": {
    "Cu": 1.0,
    "N": -3.0,
    "Sr": 2.0
  },
  "As6Rb4": {
    "As": -0.6666666666666666,
    "Rb": 1.0
  },
  "O8Se2Zn2": {
    "O": -2.0,
    "Se": 6.0,
    "Zn": 2.0
  },
  "Na8Si8": {
    "Na": 1.0,
    "Si": -1.0
  },
  "Li1S2Y1": {
    "Li": 1.0,
    "S": -2.0,
    "Y": 3.0
  },
  "Fe2Li1O8P2": {
    "Fe": 2.5,
    "Li": 1.0,
    "O": -2.0,
    "P": 5.0
  },
  "P8Rh4": {
    "P": -2.0,
    "Rh": 4.0
  },
  "Na6P2": {
    "Na": 1.0,
    "P": -3.0
  },
  "Br16Fe4Tl4": {
    "Br": -1.0,
    "Fe": 3.0,
    "Tl": 1.0
  },
  "In1K1P2S7": {
    "In": 3.0,
    "K": 1.0,
    "P": 5.0,
    "S": -2.0
  },
  "In2Mg1Te4": {
    "In": 3.0,
    "Mg": 2.0,
    "Te": -2.0
  },
  "Cl2O2Y2": {
    "Cl": -1.0,
    "O": -2.0,
    "Y": 3.0
  },
  "Ga8K8S16": {
    "Ga": 3.0,
    "K": 1.0,
    "S": -2.0
  },
  "Ba1Cu2S2": {
    "Ba": 2.0,
    "Cu": 1.0,
    "S": -2.0
  },
  "Br6Mn2Rb2": {
    "Br": -1.0,
    "Mn": 2.0,
    "Rb": 1.0
  },
  "S8Sr2Y4": {
    "S": -2.0,
    "Sr": 2.0,
    "Y": 3.0
  },
  "As2Co1O6": {
    "As": 5.0,
    "Co": 2.0,
    "O": -2.0
  },
  "Br4N4O12": {
    "Br": 5.0,
    "N": 1.0,
    "O": -2.0
  },
  "Li4Mo1O5": {
    "Li": 1.0,
    "Mo": 6.0,
    "O": -2.0
  },
  "Co4Li2O8": {
    "Co": 3.5,
    "Li": 1.0,
    "O": -2.0
  },
  "H4Mg2O16Se4": {
    "H": 1.0,
    "Mg": 2.0,
    "O": -2.0,
    "Se": 6.0
  },
  "Cl8Cu2H20K1N3O4": {
    "Cl": -1.0,
    "Cu": 2.0,
    "H": 1.0,
    "K": 1.0,
    "N": -3.0,
    "O": -2.0
  },
  "Br2H2K4O2": {
    "Br": -1.0,
    "H": 1.0,
    "K": 1.0,
    "O": -2.0
  },
  "I6Pt1Rb2": {
    "I": -1.0,
    "Pt": 4.0,
    "Rb": 1.0
  },
  "Rb2Te1": {
    "Rb": 1.0,
    "Te": -2.0
  },
  "Ag6As2S6": {
    "Ag": 1.0,
    "As": 3.0,
    "S": -2.0
  },
  "Ba4Cu8Se8": {
    "Ba": 2.0,
    "Cu": 1.0,
    "Se": -2.0
  },
  "B1P1": {
    "B": 3.0,
    "P": -3.0
  },
  "Cl8Hg4": {
    "Cl": -1.0,
    "Hg": 2.0
  },
  "Cl12Sb4": {
    "Cl": -1.0,
    "Sb": 3.0
  },
  "Ba8Li2Nb6O24": {
    "Ba": 2.0,
    "Li": 1.0,
    "Nb": 5.0,
    "O": -2.0
  },
  "P4Pd2": {
    "P": -1.0,
    "Pd": 2.0
  },
  "Ca2Cl1N1": {
    "Ca": 2.0,
    "Cl": -1.0,
    "N": -3.0
  },
  "Cu1F6Sn1": {
    "Cu": 2.0,
    "F": -1.0,
    "Sn": 4.0
  },
  "Br2O2Sc2": {
    "Br": -1.0,
    "O": -2.0,
    "Sc": 3.0
  },
  "H6Li2Mg2": {
    "H": -1.0,
    "Li": 1.0,
    "Mg": 2.0
  },
  "Bi2Li2S4": {
    "Bi": 3.0,
    "Li": 1.0,
    "S": -2.0
  },
  "Ho1Pt1Sb1": {
    "Ho": 3.0,
    "Pt": -2.0,
    "Sb": -1.0
  },
  "Na6O6S2V2": {
    "Na": 1.0,
    "O": -2.0,
    "S": -2.0,
    "V": 5.0
  },
  "Cl6Rb2Te1": {
    "Cl": -1.0,
    "Rb": 1.0,
    "Te": 4.0
  },
  "F12O4W4": {
    "F": -1.0,
    "O": -2.0,
    "W": 5.0
  },
  "Li2Mn1O6W1": {
    "Li": 1.0,
    "Mn": 4.0,
    "O": -2.0,
    "W": 6.0
  },
  "Ba4P12Pt8": {
    "Ba": 2.0,
    "P": 0.3333333333333333,
    "Pt": -1.5
  },
  "Ba6Mg6O24Si6": {
    "Ba": 2.0,
    "Mg": 2.0,
    "O": -2.0,
    "Si": 4.0
  },
  "Cl1N1Sr2": {
    "Cl": -1.0,
    "N": -3.0,
    "Sr": 2.0
  },
  "Br6K2Se1": {
    "Br": 0.0,
    "K": 1.0,
    "Se": -2.0
  },
  "O8Si2Zr2": {
    "O": -2.0,
    "Si": 4.0,
    "Zr": 4.0
  },
  "Li4O5W1": {
    "Li": 1.0,
    "O": -2.0,
    "W": 6.0
  },
  "Cl4O4S2": {
    "Cl": -1.0,
    "O": -2.0,
    "S": 6.0
  },
  "Br16O8S8": {
    "Br": 2.0,
    "O": -2.0,
    "S": -2.0
  },
  "Cl6K2Pd1": {
    "Cl": -1.0,
    "K": 1.0,
    "Pd": 4.0
  },
  "F4Pb1": {
    "F": -1.0,
    "Pb": 4.0
  },
  "Al1Mo4S8": {
    "Al": 3.0,
    "Mo": 3.25,
    "S": -2.0
  },
  "K1O3Ta1": {
    "K": 1.0,
    "O": -2.0,
    "Ta": 5.0
  },
  "K2Li2S2": {
    "K": 1.0,
    "Li": 1.0,
    "S": -2.0
  },
  "Ge1Hg2Se4": {
    "Ge": 4.0,
    "Hg": 2.0,
    "Se": -2.0
  },
  "Fe4S4Sb4": {
    "Fe": 3.0,
    "S": -2.0,
    "Sb": -1.0
  },
  "O4Sr2Ti1": {
    "O": -2.0,
    "Sr": 2.0,
    "Ti": 4.0
  },
  "Ni3O6Te1": {
    "Ni": 2.6666666666666665,
    "O": -2.0,
    "Te": 4.0
  },
  "Co2K2O4": {
    "Co": 3.0,
    "K": 1.0,
    "O": -2.0
  },
  "Mg2O6Ti2": {
    "Mg": 2.0,
    "O": -2.0,
    "Ti": 4.0
  },
  "Hf2S6": {
    "Hf": 4.0,
    "S": -1.3333333333333333
  },
  "N6Rb2": {
    "N": -0.3333333333333333,
    "Rb": 1.0
  },
  "Hg2P2S6": {
    "Hg": 1.0,
    "P": 5.0,
    "S": -2.0
  },
  "Na2Sb1Tl1": {
    "Na": 1.0,
    "Sb": -3.0,
    "Tl": 1.0
  },
  "Co1Li2Mn3O8": {
    "Co": 3.0,
    "Li": 1.0,
    "Mn": 3.6666666666666665,
    "O": -2.0
  },
  "P4Ru2": {
    "P": -1.0,
    "Ru": 2.0
  },
  "Ca1F4Sn1": {
    "Ca": 2.0,
    "F": -1.0,
    "Sn": 2.0
  },
  "Cl1O3Tl1": null,
  "Li1Ni1O2": {
    "Li": 1.0,
    "Ni": 3.0,
    "O": -2.0
  },
  "S6Zr2": {
    "S": -1.3333333333333333,
    "Zr": 4.0
  },
  "Cl2H4Mg1O2": {
    "Cl": -1.0,
    "H": 1.0,
    "Mg": 2.0,
    "O": -2.0
  },
  "Se4Sn4": {
    "Se": -2.0,
    "Sn": 2.0
  },
  "Ca8I12O2": {
    "Ca": 2.0,
    "I": -1.0,
    "O": -2.0
  },
  "Co1Nb1Sn1": null,
  "H2Ho2O4": {
    "H": 1.0,
    "Ho": 3.0,
    "O": -2.0
  },
  "As1Au1Ba2": {
    "As": -3.0,
    "Au": -1.0,
    "Ba": 2.0
  },
  "Cr1F6Mg1": {
    "Cr": 4.0,
    "F": -1.0,
    "Mg": 2.0
  },
  "Hg3Te3": {
    "Hg": 2.0,
    "Te": -2.0
  },
  "Cd1Cl3Cs1": {
    "Cd": 2.0,
    "Cl": -1.0,
    "Cs": 1.0
  },
  "Li8O16Te4": {
    "Li": 1.0,
    "O": -2.0,
    "Te": 6.0
  },
  "Ba4H8": {
    "Ba": 2.0,
    "H": -1.0
  },
  "F3Ge1Tl1": {
    "F": -1.0,
    "Ge": 2.0,
    "Tl": 1.0
  },
  "Co2Na8O6": {
    "Co": 2.0,
    "Na": 1.0,
    "O": -2.0
  },
  "C4F16H24N12Sb4": {
    "C": 4.0,
    "F": -1.0,
    "H": 1.0,
    "N": -3.0,
    "Sb": 3.0
  },
  "Ga12Os4": null,
  "F2Li2O6S2": {
    "F": -1.0,
    "Li": 1.0,
    "O": -2.0,
    "S": 6.0
  },
  "F2Li7O4V1": {
    "F": -1.0,
    "Li": 1.0,
    "O": -2.0,
    "V": 3.0
  },
  "Al1As2Li1O7": {
    "Al": 3.0,
    "As": 5.0,
    "Li": 1.0,
    "O": -2.0
  },
  "Cs3N3O6": {
    "Cs": 1.0,
    "N": 3.0,
    "O": -2.0
  },
  "Ca1Cr1F6": {
    "Ca": 2.0,
    "Cr": 4.0,
    "F": -1.0
  },
  "Ga4Li4O8": {
    "Ga": 3.0,
    "Li": 1.0,
    "O": -2.0
  },
  "Cl16Hg12O4": {
    "Cl": -1.0,
    "Hg": 2.0,
    "O": -2.0
  },
  "Fe1Mg10O11": {
    "Fe": 2.0,
    "Mg": 2.0,
    "O": -2.0
  },
  "Mg4N6V2": {
    "Mg": 2.0,
    "N": -3.0,
    "V": 5.0
  },
  "F24O4Sn16": {
    "F": -1.0,
    "O": -2.0,
    "Sn": 2.0
  },
  "Ba20Co20N20": {
    "Ba": 2.0,
    "Co": 1.0,
    "N": -3.0
  },
  "Li4Mn1O12V2W1": {
    "Li": 1.0,
    "Mn": 4.0,
    "O": -2.0,
    "V": 5.0,
    "W": 6.0
  },
  "As2Li1O7Sc1": {
    "As": 5.0,
    "Li": 1.0,
    "O": -2.0,
    "Sc": 3.0
  },
  "As4Pt2Rb4": {
    "As": -1.0,
    "Pt": 0.0,
    "Rb": 1.0
  },
  "In2Si2Te6": {
    "In": 2.0,
    "Si": 4.0,
    "Te": -2.0
  },
  "As1Ba1Li1": {
    "As": -3.0,
    "Ba": 2.0,
    "Li": 1.0
  },
  "Cl2Fe1": {
    "Cl": -1.0,
    "Fe": 2.0
  },
  "F5Li1Mn5O3": {
    "F": -1.0,
    "Li": 1.0,
    "Mn": 2.0,
    "O": -2.0
  },
  "Pd3Rb2S4": {
    "Pd": 2.0,
    "Rb": 1.0,
    "S": -2.0
  },
  "Cl8Si4": {
    "Cl": -1.0,
    "Si": 2.0
  },
  "Li2Ni2O12Si4": {
    "Li": 1.0,
    "Ni": 3.0,
    "O": -2.0,
    "Si": 4.0
  },
  "B12H12K2": {
    "B": -1.0,
    "H": 0.8333333333333334,
    "K": 1.0
  },
  "Cu2Dy6Ge2Se14": {
    "Cu": 1.0,
    "Dy": 3.0,
    "Ge": 4.0,
    "Se": -2.0
  },
  "Au2O8Sr5": {
    "Au": 3.0,
    "O": -2.0,
    "Sr": 2.0
  },
  "Li6Na6O24S6": {
    "Li": 1.0,
    "Na": 1.0,
    "O": -2.0,
    "S": 6.0
  },
  "Au1Bi1Sr2": null,
  "C6Sc8": {
    "C": -4.0,
    "Sc": 3.0
  },
  "O18Re4V2": {
    "O": -2.0,
    "Re": 6.5,
    "V": 5.0
  },
  "La1N3O6": {
    "La": 3.0,
    "N": 3.0,
    "O": -2.0
  },
  "As4Cd2": {
    "As": -1.0,
    "Cd": 2.0
  },
  "C4Ca2O12Sr2": {
    "C": 4.0,
    "Ca": 2.0,
    "O": -2.0,
    "Sr": 2.0
  },
  "Er4S8Sr2": {
    "Er": 3.0,
    "S": -2.0,
    "Sr": 2.0
  },
  "K2Te1": {
    "K": 1.0,
    "Te": -2.0
  },
  "Pr4S8Sr2": {
    "Pr": 3.0,
    "S": -2.0,
    "Sr": 2.0
  },
  "Gd4S8Sr2": {
    "Gd": 3.0,
    "S": -2.0,
    "Sr": 2.0
  },
  "Li2O12Te3Ti1": {
    "Li": 1.0,
    "O": -2.0,
    "Te": 6.0,
    "Ti": 4.0
  },
  "F2Sr1": {
    "F": -1.0,
    "Sr": 2.0
  },
  "Ba8Ge8O32Ti4": {
    "Ba": 2.0,
    "Ge": 4.0,
    "O": -2.0,
    "Ti": 4.0
  },
  "K1Na2Sb1": {
    "K": 1.0,
    "Na": 1.0,
    "Sb": -3.0
  },
  "Cu3S4V1": {
    "Cu": 1.0,
    "S": -2.0,
    "V": 5.0
  },
  "Al2O4Rb2": {
    "Al": 3.0,
    "O": -2.0,
    "Rb": 1.0
  },
  "Br4Mo4S4": {
    "Br": -1.0,
    "Mo": 3.0,
    "S": -2.0
  },
  "Al1Ga3N4": {
    "Al": 3.0,
    "Ga": 3.0,
    "N": -3.0
  },
  "Cl2Sr1": {
    "Cl": -1.0,
    "Sr": 2.0
  },
  "B26C4Li2": {
    "B": 0.46153846153846156,
    "C": -3.5,
    "Li": 1.0
  },
  "F2H8N2": {
    "F": -1.0,
    "H": 1.0,
    "N": -3.0
  },
  "C1F1H6N1": {
    "C": -2.0,
    "F": -1.0,
    "H": 1.0,
    "N": -3.0
  },
  "Ba3Mg3O6": {
    "Ba": 2.0,
    "Mg": 2.0,
    "O": -2.0
  },
  "B6O12Se1Zn4": {
    "B": 3.0,
    "O": -2.0,
    "Se": -2.0,
    "Zn": 2.0
  },
  "As2Mg2Sr1": {
    "As": -3.0,
    "Mg": 2.0,
    "Sr": 2.0
  },
  "Be4Er4Ge2O14": {
    "Be": 2.0,
    "Er": 3.0,
    "Ge": 4.0,
    "O": -2.0
  },
  "Mg2O6Sn1W1": {
    "Mg": 2.0,
    "O": -2.0,
    "Sn": 2.0,
    "W": 6.0
  },
  "Ca4O16Sn6": {
    "Ca": 2.0,
    "O": -2.0,
    "Sn": 4.0
  },
  "Au2K2Se4": {
    "Au": 3.0,
    "K": 1.0,
    "Se": -2.0
  },
  "Cs2Na2S2": {
    "Cs": 1.0,
    "Na": 1.0,
    "S": -2.0
  },
  "H4Li4O12Se4": {
    "H": 1.0,
    "Li": 1.0,
    "O": -2.0,
    "Se": 4.0
  },
  "Ca5Cr2N6": {
    "Ca": 2.0,
    "Cr": 4.0,
    "N": -3.0
  },
  "Au1F6O2": null,
  "Cs2F6Hf1": {
    "Cs": 1.0,
    "F": -1.0,
    "Hf": 4.0
  },
  "Au1Sb1Sr2": {
    "Au": -1.0,
    "Sb": -3.0,
    "Sr": 2.0
  },
  "Ba4Cl4Cu4O16P4": {
    "Ba": 2.0,
    "Cl": -1.0,
    "Cu": 2.0,
    "O": -2.0,
    "P": 5.0
  },
  "Cr1O8W2Y1": {
    "Cr": 3.0,
    "O": -2.0,
    "W": 5.0,
    "Y": 3.0
  },
  "K2S8Si2Y2": {
    "K": 1.0,
    "S": -2.0,
    "Si": 4.0,
    "Y": 3.0
  },
  "Ca2O6Ta1W1": {
    "Ca": 2.0,
    "O": -2.0,
    "Ta": 5.0,
    "W": 3.0
  },
  "Bi1Li2Na1": null,
  "F2S2Y2": {
    "F": -1.0,
    "S": -2.0,
    "Y": 3.0
  },
  "F24Fe4Na4Sr4": {
    "F": -1.0,
    "Fe": 3.0,
    "Na": 1.0,
    "Sr": 2.0
  },
  "Mo1O6W1": {
    "Mo": 6.0,
    "O": -2.0,
    "W": 6.0
  },
  "Cr4O10": {
    "Cr": 5.0,
    "O": -2.0
  }
}