{
  "Br2O2Ti2": {
    "Br": -1.0,
    "O": -2.0,
    "Ti": 3.0
  },
  "Nb1O2": {
    "Nb": 4.0,
    "O": -2.0
  },
  "Mo2O6": {
    "Mo": 6.0,
    "O": -2.0
  },
  "Ga2I2Y2": null,
  "I6Y2": {
    "I": -1.0,
    "Y": 3.0
  },
  "Al2H2O4": {
    "Al": 3.0,
    "H": 1.0,
    "O": -2.0
  },
  "Te4Ti1Zr1": {
    "Te": -2.0,
    "Ti": 4.0,
    "Zr": 4.0
  },
  "Ni2Sb1Te2": {
    "Ni": 2.5,
    "Sb": -1.0,
    "Te": -2.0
  },
  "Br2O2Sc2": {
    "Br": -1.0,
    "O": -2.0,
    "Sc": 3.0
  },
  "Hf2I2N2": {
    "Hf": 4.0,
    "I": -1.0,
    "N": -3.0
  },
  "Cl2N2Zr2": {
    "Cl": -1.0,
    "N": -3.0,
    "Zr": 4.0
  },
  "I2Nd2O2": {
    "I": -1.0,
    "Nd": 3.0,
    "O": -2.0
  },
  "As3Si1": {
    "As": -1.3333333333333333,
    "Si": 4.0
  },
  "Ga2Ge2Te2": null,
  "N2Sb2": {
    "N": -3.0,
    "Sb": 3.0
  },
  "Cl6Pt1S2": {
    "Cl": -1.0,
    "Pt": 2.0,
    "S": 2.0
  },
  "I2Np2O2": {
    "I": -1.0,
    "Np": 3.0,
    "O": -2.0
  },
  "I2S2Sm2": {
    "I": -1.0,
    "S": -2.0,
    "Sm": 3.0
  },
  "Pt1Se2": {
    "Pt": 4.0,
    "Se": -2.0
  },
  "S6U2": {
    "S": -2.0,
    "U": 6.0
  },
  "Se2Ti2": {
    "Se": -2.0,
    "Ti": 2.0
  },
  "Se6Zr2": {
    "Se": -1.0,
    "Zr": 3.0
  },
  "As6Si6": {
    "As": -2.6666666666666665,
    "Si": 2.6666666666666665
  },
  "Ca2Mn2Si2": {
    "Ca": 2.0,
    "Mn": 2.0,
    "Si": -4.0
  },
  "Fe2Te2": {
    "Fe": 2.0,
    "Te": -2.0
  },
  "F2I2Pb2": {
    "F": -1.0,
    "I": -1.0,
    "Pb": 2.0
  },
  "Bi4Se6": {
    "Bi": 3.0,
    "Se": -2.0
  },
  "As2Cl6": {
    "As": 3.0,
    "Cl": -1.0
  },
  "Br6Ru2": {
    "Br": -1.0,
    "Ru": 3.0
  },
  "Br6Sb2": {
    "Br": -1.0,
    "Sb": 3.0
  },
  "Al1P1S4": {
    "Al": 3.0,
    "P": 5.0,
    "S": -2.0
  },
  "Bi2Ge1Te4": {
    "Bi": 3.0,
    "Ge": 2.0,
    "Te": -2.0
  },
  "Cl3N3S3": {
    "Cl": -1.0,
    "N": 3.0,
    "S": -2.0
  },
  "Cl2N1Sc2": {
    "Cl": -1.0,
    "N": -3.0,
    "Sc": 2.5
  },
  "Cl7Nb3Te1": {
    "Cl": -1.0,
    "Nb": 3.0,
    "Te": -2.0
  },
  "Al1Br7Se1": {
    "Al": 3.0,
    "Br": -0.14285714285714285,
    "Se": -2.0
  },
  "C1Sc2": {
    "C": -4.0,
    "Sc": 2.0
  },
  "Al2I6": {
    "Al": 3.0,
    "I": -1.0
  },
  "Br7S1Ta3": {
    "Br": -1.0,
    "S": -2.0,
    "Ta": 3.0
  },
  "Br2O1V1": {
    "Br": -1.0,
    "O": -2.0,
    "V": 4.0
  },
  "Bi2Te3": {
    "Bi": 3.0,
    "Te": -2.0
  },
  "Se2Sn1": {
    "Se": -2.0,
    "Sn": 4.0
  },
  "Pd4Se6Tl2": {
    "Pd": 2.5,
    "Se": -2.0,
    "Tl": 1.0
  },
  "C1S2Ta2": {
    "C": -4.0,
    "S": -2.0,
    "Ta": 4.0
  },
  "Pd1Te2": {
    "Pd": 4.0,
    "Te": -2.0
  },
  "Ga1N1": {
    "Ga": 3.0,
    "N": -3.0
  },
  "Al2Mg1Se4": {
    "Al": 3.0,
    "Mg": 2.0,
    "Se": -2.0
  },
  "Hf1Se2": {
    "Hf": 4.0,
    "Se": -2.0
  },
  "Au2I2": {
    "Au": 1.0,
    "I": -1.0
  },
  "Br2N2Ti2": {
    "Br": -1.0,
    "N": -3.0,
    "Ti": 4.0
  },
  "F2O2U1": {
    "F": -1.0,
    "O": -2.0,
    "U": 6.0
  },
  "Br12Ir4": {
    "Br": -1.0,
    "Ir": 3.0
  },
  "Br12Rh4": {
    "Br": -1.0,
    "Rh": 3.0
  },
  "Br2Mg1": {
    "Br": -1.0,
    "Mg": 2.0
  },
  "Br2Ni1": {
    "Br": -1.0,
    "Ni": 2.0
  },
  "Cl2Rh2Te2": {
    "Cl": -1.0,
    "Rh": 3.0,
    "Te": -2.0
  },
  "Br2N2Th2": {
    "Br": -1.0,
    "N": -3.0,
    "Th": 4.0
  },
  "Cl12Ir4": {
    "Cl": -1.0,
    "Ir": 3.0
  },
  "Br6Sm2": {
    "Br": -1.0,
    "Sm": 3.0
  },
  "I4O2Ta2": {
    "I": -1.0,
    "O": -2.0,
    "Ta": 4.0
  },
  "Cl2O1Ru1": {
    "Cl": -1.0,
    "O": -2.0,
    "Ru": 4.0
  },
  "Cl12Y4": {
    "Cl": -1.0,
    "Y": 3.0
  },
  "Au2Rb2Se2": {
    "Au": 1.0,
    "Rb": 1.0,
    "Se": -2.0
  },
  "B1I3": {
    "B": 3.0,
    "I": -1.0
  },
  "Br2In2O2": {
    "Br": -1.0,
    "In": 3.0,
    "O": -2.0
  },
  "Bi2S1Te2": {
    "Bi": 3.0,
    "S": -2.0,
    "Te": -2.0
  },
  "I2O2Pr2": {
    "I": -1.0,
    "O": -2.0,
    "Pr": 3.0
  },
  "Cd1Cl2": {
    "Cd": 2.0,
    "Cl": -1.0
  },
  "Ge1Te1": {
    "Ge": 2.0,
    "Te": -2.0
  },
  "Bi2": null,
  "Rb4Te2": {
    "Rb": 1.0,
    "Te": -2.0
  },
  "O8P2Sb2": {
    "O": -2.0,
    "P": 5.0,
    "Sb": 3.0
  },
  "As2O8Sb2": {
    "As": 5.0,
    "O": -2.0,
    "Sb": 3.0
  },
  "I10Pr4": null,
  "Au1Mg3": null,
  "P1Te2Ti2": {
    "P": -3.0,
    "Te": -2.0,
    "Ti": 3.5
  },
  "Fe1S2": {
    "Fe": 3.0,
    "S": -1.5
  },
  "Mn2Na2P2": {
    "Mn": 2.0,
    "Na": 1.0,
    "P": -3.0
  },
  "Ce2S2": null,
  "C1Tb2": null,
  "C1Y2": null,
  "I8Pt4": {
    "I": -1.0,
    "Pt": 2.0
  },
  "Br2F8Rb2": null,
  "Bi4O8Sr2": {
    "Bi": 3.0,
    "O": -2.0,
    "Sr": 2.0
  },
  "H2Mg4O5": {
    "H": 1.0,
    "Mg": 2.0,
    "O": -2.0
  },
  "Al4Cl16Sr2": {
    "Al": 3.0,
    "Cl": -1.0,
    "Sr": 2.0
  },
  "Se1Yb1": {
    "Se": -2.0,
    "Yb": 2.0
  },
  "Ag4Cl4O8": null,
  "Al4Cl12": {
    "Al": 3.0,
    "Cl": -1.0
  },
  "Bi2Se2Te1": {
    "Bi": 3.0,
    "Se": -2.0,
    "Te": -2.0
  },
  "C1K1N1": {
    "C": 2.0,
    "K": 1.0,
    "N": -3.0
  },
  "As4S6": {
    "As": 3.0,
    "S": -2.0
  },
  "Pd1S6Ta2": {
    "Pd": 2.0,
    "S": -2.0,
    "Ta": 5.0
  },
  "Lu2Te6": {
    "Lu": 3.0,
    "Te": -1.0
  },
  "Te6Th2": {
    "Te": -1.3333333333333333,
    "Th": 4.0
  },
  "Ag3P7Sn1": {
    "Ag": 1.0,
    "P": -0.7142857142857143,
    "Sn": 2.0
  },
  "C2F6O6S2Zn1": {
    "C": 4.0,
    "F": -1.0,
    "O": -2.0,
    "S": 4.0,
    "Zn": 2.0
  },
  "Nb6Si2Te12": {
    "Nb": 2.6666666666666665,
    "Si": 4.0,
    "Te": -2.0
  },
  "I4Zr2": {
    "I": -1.0,
    "Zr": 2.0
  },
  "Bi2Pb2Se5": {
    "Bi": 3.0,
    "Pb": 2.0,
    "Se": -2.0
  },
  "Cl6Ru2": {
    "Cl": -1.0,
    "Ru": 3.0
  },
  "Cl2Re6Se8": {
    "Cl": -1.0,
    "Re": 3.0,
    "Se": -2.0
  },
  "H2O4Sc2": {
    "H": 1.0,
    "O": -2.0,
    "Sc": 3.0
  },
  "Bi2Pb1Se4": {
    "Bi": 3.0,
    "Pb": 2.0,
    "Se": -2.0
  },
  "Ho2I2O2": {
    "Ho": 3.0,
    "I": -1.0,
    "O": -2.0
  },
  "Br2O2Tm2": {
    "Br": -1.0,
    "O": -2.0,
    "Tm": 3.0
  },
  "C2Fe1O6": null,
  "Br2Lu2O2": {
    "Br": -1.0,
    "Lu": 3.0,
    "O": -2.0
  },
  "B2C3N6": {
    "B": 3.0,
    "C": 4.0,
    "N": -3.0
  },
  "I6Os2Pr6": null,
  "Br2Ca2Cu1O2": {
    "Br": -1.0,
    "Ca": 2.0,
    "Cu": 2.0,
    "O": -2.0
  }
}