{
  "Cu2Si2Sr1": {
    "Cu": 3.0,
    "Si": -4.0,
    "Sr": 2.0
  },
  "Dy1Pd3": null,
  "Er1Pd1": null,
  "Mn3Nb3Si3": {
    "Mn": 2.0,
    "Nb": 2.0,
    "Si": -4.0
  },
  "Fe4Sb12": {
    "Fe": 3.0,
    "Sb": -1.0
  },
  "Ru3Si3Zr3": {
    "Ru": 2.0,
    "Si": -4.0,
    "Zr": 2.0
  },
  "Rb1Se6Th2": {
    "Rb": 1.0,
    "Se": -1.5,
    "Th": 4.0
  },
  "Cd2O8S2": {
    "Cd": 2.0,
    "O": -2.0,
    "S": 6.0
  },
  "Al2Ca1Ga2": null,
  "Ag4Sb4Yb4": {
    "Ag": 1.0,
    "Sb": -3.0,
    "Yb": 2.0
  },
  "Ge5Yb3": null,
  "N2Te1Th2": {
    "N": -3.0,
    "Te": -2.0,
    "Th": 4.0
  },
  "Ag2Al2O4": {
    "Ag": 1.0,
    "Al": 3.0,
    "O": -2.0
  },
  "O2Rb1Tm1": {
    "O": -2.0,
    "Rb": 1.0,
    "Tm": 3.0
  },
  "Er1P2Ru2": null,
  "K2P2S6": {
    "K": 1.0,
    "P": 5.0,
    "S": -2.0
  },
  "Ge2Na4O6": {
    "Ge": 4.0,
    "Na": 1.0,
    "O": -2.0
  },
  "Cd1O6Pt3": {
    "Cd": 2.0,
    "O": -2.0,
    "Pt": 3.3333333333333335
  },
  "As2Be2Na2": {
    "As": -3.0,
    "Be": 2.0,
    "Na": 1.0
  },
  "Mg2Sb2Sr1": {
    "Mg": 2.0,
    "Sb": -3.0,
    "Sr": 2.0
  },
  "Li1Se6Ti3": {
    "Li": 1.0,
    "Se": -2.0,
    "Ti": 3.6666666666666665
  },
  "As2Ca1Mg2": {
    "As": -3.0,
    "Ca": 2.0,
    "Mg": 2.0
  },
  "Ho16O24": {
    "Ho": 3.0,
    "O": -2.0
  },
  "Ge4N8Zn4": {
    "Ge": 4.0,
    "N": -3.0,
    "Zn": 2.0
  },
  "Ca4Li8": null,
  "Au3Rb3Sb2": {
    "Au": -1.0,
    "Rb": 1.0,
    "Sb": 0.0
  },
  "Pt4Te6Tl2": {
    "Pt": 2.5,
    "Te": -2.0,
    "Tl": 1.0
  },
  "Na6O6P2S2": {
    "Na": 1.0,
    "O": -2.0,
    "P": 5.0,
    "S": -2.0
  },
  "As2Cd2Sr1": {
    "As": -3.0,
    "Cd": 2.0,
    "Sr": 2.0
  },
  "La1Li3P2": {
    "La": 3.0,
    "Li": 1.0,
    "P": -3.0
  },
  "Ag1Er2Tl1": null,
  "Au3Rb1Se2": {
    "Au": 1.0,
    "Rb": 1.0,
    "Se": -2.0
  },
  "Al2Cl8Cu2": {
    "Al": 3.0,
    "Cl": -1.0,
    "Cu": 1.0
  },
  "F6K1Rb2Sc1": {
    "F": -1.0,
    "K": 1.0,
    "Rb": 1.0,
    "Sc": 3.0
  },
  "Au2Ge2Lu2": null,
  "Rh2Si2Tm1": null,
  "Ba2Hf1S4": {
    "Ba": 2.0,
    "Hf": 4.0,
    "S": -2.0
  },
  "As12Rh4": {
    "As": -1.0,
    "Rh": 3.0
  },
  "K1O2Tl1": {
    "K": 1.0,
    "O": -2.0,
    "Tl": 3.0
  },
  "Ca2F8Pd2": {
    "Ca": 2.0,
    "F": -1.0,
    "Pd": 2.0
  },
  "O2S2Th2": {
    "O": -2.0,
    "S": -2.0,
    "Th": 4.0
  },
  "C2Ni1Pr1": {
    "C": -2.5,
    "Ni": 2.0,
    "Pr": 3.0
  },
  "Ir1Nb1Ta2": null,
  "Ag2F8K2": {
    "Ag": 3.0,
    "F": -1.0,
    "K": 1.0
  },
  "P1Th1": null,
  "Cu1Ge1Rh2": null,
  "Ba2Cu2F2Se2": {
    "Ba": 2.0,
    "Cu": 1.0,
    "F": -1.0,
    "Se": -2.0
  },
  "Au2Ca1Si2": {
    "Au": -1.0,
    "Ca": 2.0,
    "Si": 0.0
  },
  "Co2Ge2Sr1": null,
  "Cu4O4Rb4": {
    "Cu": 1.0,
    "O": -2.0,
    "Rb": 1.0
  },
  "Cs1S2Tb1": {
    "Cs": 1.0,
    "S": -2.0,
    "Tb": 3.0
  },
  "Ag2Nd1Tl1": null,
  "Al36Mg6Ti4": null,
  "B2Ba1Rh2": null,
  "Cu4O14Sr8": {
    "Cu": 3.0,
    "O": -2.0,
    "Sr": 2.0
  },
  "B2Co3Y1": {
    "B": -3.0,
    "Co": 1.0,
    "Y": 3.0
  },
  "As2Ce2Pd2": null,
  "Al16Pt7Ti6": null,
  "Ga3Mg3Pr3": null,
  "Cu1Pm2Sn1": null,
  "Er4In2": null,
  "Ge1Se8V4": {
    "Ge": 4.0,
    "Se": -2.0,
    "V": 3.0
  },
  "N3V6": null,
  "Cu2Hf1P2": {
    "Cu": 1.0,
    "Hf": 4.0,
    "P": -3.0
  },
  "As2O1Yb4": {
    "As": -3.0,
    "O": -2.0,
    "Yb": 2.0
  },
  "Al2Si2Sr3": null,
  "Ru4Sn6Y1": null,
  "Pr4Si4": {
    "Pr": 4.0,
    "Si": -4.0
  },
  "Hf1Zr1": null,
  "F4H2Rb2": {
    "F": -1.0,
    "H": 1.0,
    "Rb": 1.0
  },
  "Cu1Ga1Sc2": null,
  "Ir1Li1Pm2": null,
  "F4In4O4": {
    "F": -1.0,
    "In": 3.0,
    "O": -2.0
  },
  "N16Si12Sr2": {
    "N": -2.75,
    "Si": 3.3333333333333335,
    "Sr": 2.0
  },
  "Li8P8": {
    "Li": 1.0,
    "P": -1.0
  },
  "Np12S20": {
    "Np": 3.3333333333333335,
    "S": -2.0
  },
  "Ba2Cu2Dy2Te6": {
    "Ba": 2.0,
    "Cu": 1.0,
    "Dy": 3.0,
    "Te": -2.0
  },
  "Ba2Sb6": {
    "Ba": 2.0,
    "Sb": -0.6666666666666666
  },
  "Na2Zn26": null,
  "B2Co3Er1": {
    "B": -3.0,
    "Co": 1.0,
    "Er": 3.0
  },
  "Cu1In1Pt2": {
    "Cu": 1.0,
    "In": 3.0,
    "Pt": -2.0
  },
  "Al2Te5": {
    "Al": 3.0,
    "Te": -1.2
  },
  "Ge1Mn2V1": null,
  "Au1Pd1Yb2": null,
  "Li4O20P4Ti4": {
    "Li": 1.0,
    "O": -2.0,
    "P": 5.0,
    "Ti": 4.0
  },
  "Au1Cd1Li2": null,
  "Li5N3Ni3": {
    "Li": 1.0,
    "N": -3.0,
    "Ni": 1.3333333333333333
  },
  "Cd2S8Y4": {
    "Cd": 2.0,
    "S": -2.0,
    "Y": 3.0
  },
  "As4Cd2Ge2": {
    "As": -3.0,
    "Cd": 2.0,
    "Ge": 4.0
  },
  "In2Li4": null,
  "As16Zn8": {
    "As": -1.0,
    "Zn": 2.0
  },
  "N2Se3Y4": {
    "N": -3.0,
    "Se": -2.0,
    "Y": 3.0
  },
  "Ru2Ta1Ti1": null,
  "As1La1": {
    "As": -3.0,
    "La": 3.0
  },
  "O12Os4Pb4": {
    "O": -2.0,
    "Os": 4.0,
    "Pb": 2.0
  },
  "Ba4K4O16P4": {
    "Ba": 2.0,
    "K": 1.0,
    "O": -2.0,
    "P": 5.0
  },
  "Mn8N4": null,
  "Fe1Te1Ti1": null,
  "Fe8Re12": null,
  "Sc2Si2": null,
  "C2Cd2Ti4": null,
  "As4Hf4": null,
  "Cu2S2Tl1": {
    "Cu": 1.5,
    "S": -2.0,
    "Tl": 1.0
  },
  "B2Co3Dy1": {
    "B": -3.0,
    "Co": 1.0,
    "Dy": 3.0
  },
  "C3Lu2Mo2": {
    "C": -4.0,
    "Lu": 3.0,
    "Mo": 3.0
  },
  "Ca3Ir4Si4": null,
  "Rh12Si16": {
    "Rh": 3.3333333333333335,
    "Si": -2.5
  },
  "Al3Si2Tb2": null,
  "Al4Pd8": null,
  "Ag2Cd1Th1": null,
  "Cs2F6In1Rb1": {
    "Cs": 1.0,
    "F": -1.0,
    "In": 3.0,
    "Rb": 1.0
  },
  "C3Cr2Tb2": {
    "C": -4.0,
    "Cr": 3.0,
    "Tb": 3.0
  },
  "C3Cr2Tm2": {
    "C": -4.0,
    "Cr": 3.0,
    "Tm": 3.0
  },
  "Cs2F6Li1Tl1": {
    "Cs": 1.0,
    "F": -1.0,
    "Li": 1.0,
    "Tl": 3.0
  },
  "Br2Fe1": {
    "Br": -1.0,
    "Fe": 2.0
  },
  "Co4Lu2": null,
  "Li1Mn1Pt2": {
    "Li": 1.0,
    "Mn": 3.0,
    "Pt": -2.0
  },
  "F6In1Na1Tl2": {
    "F": -1.0,
    "In": 3.0,
    "Na": 1.0,
    "Tl": 1.0
  },
  "La2N6W2": {
    "La": 3.0,
    "N": -3.0,
    "W": 6.0
  },
  "Cl6Cs2F1I1": {
    "Cl": -1.0,
    "Cs": 1.0,
    "F": -1.0,
    "I": 5.0
  },
  "F6W1Zn1": {
    "F": -1.0,
    "W": 4.0,
    "Zn": 2.0
  },
  "Li12P4S16": {
    "Li": 1.0,
    "P": 5.0,
    "S": -2.0
  },
  "F6Mg1Sn1": {
    "F": -1.0,
    "Mg": 2.0,
    "Sn": 4.0
  },
  "Rh2Si4Sm2": null,
  "B4F16Rb4": {
    "B": 3.0,
    "F": -1.0,
    "Rb": 1.0
  },
  "O16S4Sr4": {
    "O": -2.0,
    "S": 6.0,
    "Sr": 2.0
  },
  "C4N24Si16Y8": {
    "C": -4.0,
    "N": -3.0,
    "Si": 4.0,
    "Y": 3.0
  },
  "Al8Ca20N32Si8": {
    "Al": 3.0,
    "Ca": 2.0,
    "N": -3.0,
    "Si": 4.0
  },
  "Nb1Zn3": null,
  "Ir4S6": {
    "Ir": 3.0,
    "S": -2.0
  },
  "F6Mo1Zn1": {
    "F": -1.0,
    "Mo": 4.0,
    "Zn": 2.0
  },
  "Br2Co1": {
    "Br": -1.0,
    "Co": 2.0
  },
  "Cd1F3Rb1": {
    "Cd": 2.0,
    "F": -1.0,
    "Rb": 1.0
  },
  "K2Se1": {
    "K": 1.0,
    "Se": -2.0
  },
  "Cu2Si2Th1": {
    "Cu": 2.0,
    "Si": -4.0,
    "Th": 4.0
  },
  "O1Sb2Sr4": {
    "O": -2.0,
    "Sb": -3.0,
    "Sr": 2.0
  },
  "F6Pu2": {
    "F": -1.0,
    "Pu": 3.0
  },
  "Li2N2Sr2": {
    "Li": 1.0,
    "N": -3.0,
    "Sr": 2.0
  },
  "As4Pd8": null,
  "O2Rb1Sm1": {
    "O": -2.0,
    "Rb": 1.0,
    "Sm": 3.0
  },
  "Cs2F6Zr1": {
    "Cs": 1.0,
    "F": -1.0,
    "Zr": 4.0
  },
  "Ag2Ba1Sn2": null,
  "K4Ni2P4": {
    "K": 1.0,
    "Ni": 2.0,
    "P": -2.0
  },
  "B2C1Ni2Tm1": {
    "B": -3.0,
    "C": -2.0,
    "Ni": 2.5,
    "Tm": 3.0
  },
  "Ge6Ta3": null,
  "I4In1Li1O12": {
    "I": 5.0,
    "In": 3.0,
    "Li": 1.0,
    "O": -2.0
  },
  "Co2F7K3": {
    "Co": 2.0,
    "F": -1.0,
    "K": 1.0
  },
  "Ge2Ni2Sm1": null,
  "Ni3Si1": {
    "Ni": 1.3333333333333333,
    "Si": -4.0
  },
  "Li1Tl1": null,
  "Mn2Si2Y1": {
    "Mn": 2.5,
    "Si": -4.0,
    "Y": 3.0
  },
  "Hf1Ni2Zn1": null,
  "Al3Dy3Ni3": null,
  "As4Cd2Sn2": {
    "As": -3.0,
    "Cd": 2.0,
    "Sn": 4.0
  },
  "C2Co1Tb1": {
    "C": -3.0,
    "Co": 2.0,
    "Tb": 4.0
  },
  "P2Ru2Sr1": {
    "P": -3.0,
    "Ru": 2.0,
    "Sr": 2.0
  },
  "Ag2Li1Zn1": null,
  "Er2Si2": null,
  "Ag6Ga3": null,
  "Nd2Ru2Si2": {
    "Nd": 2.0,
    "Ru": 2.0,
    "Si": -4.0
  },
  "Co2Nd1P2": {
    "Co": 1.5,
    "Nd": 3.0,
    "P": -3.0
  },
  "Dy1Rh2Si2": null,
  "F2Nd2S2": {
    "F": -1.0,
    "Nd": 3.0,
    "S": -2.0
  },
  "B2Er1Fe2": null,
  "Ba1Cl2": {
    "Ba": 2.0,
    "Cl": -1.0
  },
  "Hg2Na1Nd1": null,
  "Ho2Ir1Rh1": null,
  "Cu4Si2Zr3": null,
  "Ge2Hf2Se2": null,
  "Co1Er1Ga5": null,
  "K4O6Te2": {
    "K": 1.0,
    "O": -2.0,
    "Te": 4.0
  },
  "Co2Ga1Sc1": null,
  "As2Na2O1Ti2": {
    "As": -3.0,
    "Na": 1.0,
    "O": -2.0,
    "Ti": 3.0
  },
  "Cu1F4Tl2": {
    "Cu": 2.0,
    "F": -1.0,
    "Tl": 1.0
  },
  "Ag2Ga2Te4": {
    "Ag": 1.0,
    "Ga": 3.0,
    "Te": -2.0
  },
  "Li4O6Si2": {
    "Li": 1.0,
    "O": -2.0,
    "Si": 4.0
  },
  "Al1Pa1Ru2": null,
  "C4H4K4O12": {
    "C": 4.0,
    "H": 1.0,
    "K": 1.0,
    "O": -2.0
  },
  "Ru2Si1V1": null,
  "O8Ta2V2": {
    "O": -2.0,
    "Ta": 5.0,
    "V": 3.0
  },
  "Co1Si3Sm1": {
    "Co": 1.0,
    "Si": -1.3333333333333333,
    "Sm": 3.0
  },
  "Fe1Sb1V1": null,
  "Bi1Li1Mg1": null,
  "C1Ru3Sc1": null,
  "C1Ta2": null,
  "Ge4N6Na2": {
    "Ge": 4.0,
    "N": -3.0,
    "Na": 1.0
  },
  "C3N6Sr3": {
    "C": 4.0,
    "N": -3.0,
    "Sr": 2.0
  },
  "Pt4Si4Sr4": {
    "Pt": -2.0,
    "Si": 0.0,
    "Sr": 2.0
  },
  "O4S2": {
    "O": -2.0,
    "S": 4.0
  },
  "C1Tl1Y3": null,
  "Pd1Ru1Y2": null,
  "Cu4In1Yb1": null,
  "Ag1Dy2Tl1": null,
  "Au2Hf1Zn1": null,
  "F12Fe4Li2": {
    "F": -1.0,
    "Fe": 2.5,
    "Li": 1.0
  },
  "Ag2Ga2Se4": {
    "Ag": 1.0,
    "Ga": 3.0,
    "Se": -2.0
  },
  "Al4Ni2Sc2": null,
  "In3Lu1": null,
  "Cs2N4Ta2": {
    "Cs": 1.0,
    "N": -3.0,
    "Ta": 5.0
  },
  "B6Eu1": null,
  "Ce2F2S2": {
    "Ce": 3.0,
    "F": -1.0,
    "S": -2.0
  },
  "Gd1Tl1": null,
  "Mn1N1": {
    "Mn": 3.0,
    "N": -3.0
  },
  "Br2Hg2": {
    "Br": -1.0,
    "Hg": 1.0
  },
  "Cl6Nd2": {
    "Cl": -1.0,
    "Nd": 3.0
  },
  "Ga1Li2Rh1": null,
  "I2Mg1": {
    "I": -1.0,
    "Mg": 2.0
  },
  "Cl6U2": {
    "Cl": -1.0,
    "U": 3.0
  },
  "B3C2Y2": null,
  "Au8S6Tl4": {
    "Au": 1.0,
    "S": -2.0,
    "Tl": 1.0
  },
  "Cs2O4U1": {
    "Cs": 1.0,
    "O": -2.0,
    "U": 6.0
  },
  "Cl6Sc2": {
    "Cl": -1.0,
    "Sc": 3.0
  },
  "Al1Fe2Mn1": null,
  "Ag2Cl6Cs2": {
    "Ag": 2.0,
    "Cl": -1.0,
    "Cs": 1.0
  },
  "As4Br12": {
    "As": 3.0,
    "Br": -1.0
  },
  "Ce1Co2Si2": {
    "Ce": 4.0,
    "Co": 2.0,
    "Si": -4.0
  },
  "Co2Li16O12": {
    "Co": 4.0,
    "Li": 1.0,
    "O": -2.0
  },
  "Ru2Sc1Tm1": null,
  "Cr1O6Sr2Ta1": {
    "Cr": 3.0,
    "O": -2.0,
    "Sr": 2.0,
    "Ta": 5.0
  },
  "Mn2Pd6": null,
  "Br2Mg1": {
    "Br": -1.0,
    "Mg": 2.0
  },
  "Co4Ge8": null,
  "Mg4N6Ta2": {
    "Mg": 2.0,
    "N": -3.0,
    "Ta": 5.0
  },
  "P2Pd3S8": {
    "P": 5.0,
    "Pd": 2.0,
    "S": -2.0
  },
  "Lu1Ni1Sb1": null,
  "Al2Ir1Rh1": null,
  "Cl6K2Ru1": {
    "Cl": -1.0,
    "K": 1.0,
    "Ru": 4.0
  },
  "I4K4O12": {
    "I": 5.0,
    "K": 1.0,
    "O": -2.0
  },
  "Al2Si2Te6": {
    "Al": 3.0,
    "Si": 0.0,
    "Te": -1.0
  },
  "B6Yb1": null,
  "Li1Os1Pm2": null,
  "Mg1Nd1Ni4": null,
  "Cu3Ho3In3": null,
  "Pt2S2": {
    "Pt": 2.0,
    "S": -2.0
  },
  "La2Ru2Si4": {
    "La": 2.0,
    "Ru": 2.0,
    "Si": -2.0
  },
  "Al3Ce1Ni2": null,
  "Al5Ni2Zr1": null,
  "Co6Sc4Si2": null,
  "Cu2P4Y2": {
    "Cu": 2.0,
    "P": -2.5,
    "Y": 3.0
  },
  "Ru2Sb1Sc1": null,
  "Ce2Os2Si2": {
    "Ce": 3.0,
    "Os": 1.0,
    "Si": -4.0
  },
  "B2Co2Y1": {
    "B": -3.0,
    "Co": 1.5,
    "Y": 3.0
  },
  "Pd36Si8": null,
  "Cu1Mg1Sb1": {
    "Cu": 1.0,
    "Mg": 2.0,
    "Sb": -3.0
  },
  "Np1Si3": {
    "Np": 4.0,
    "Si": -1.3333333333333333
  },
  "Ag2Al2Se4": {
    "Ag": 1.0,
    "Al": 3.0,
    "Se": -2.0
  },
  "Rh4Si4Ta4": null,
  "Ac2Cl2O2": {
    "Ac": 3.0,
    "Cl": -1.0,
    "O": -2.0
  },
  "Ag2Na6O4": {
    "Ag": 1.0,
    "Na": 1.0,
    "O": -2.0
  },
  "In3Pt3Sc3": null,
  "Li2Se4Sm2": {
    "Li": 1.0,
    "Se": -2.0,
    "Sm": 3.0
  },
  "Cu2Ge1Hg1S4": {
    "Cu": 1.0,
    "Ge": 4.0,
    "Hg": 2.0,
    "S": -2.0
  },
  "Cl2Ni1": {
    "Cl": -1.0,
    "Ni": 2.0
  },
  "Cl14Nb6Te2": {
    "Cl": -1.0,
    "Nb": 3.0,
    "Te": -2.0
  },
  "Pd2Se4Tl4": {
    "Pd": 2.0,
    "Se": -2.0,
    "Tl": 1.0
  },
  "P4Pt2Si6": {
    "P": 5.0,
    "Pt": -2.0,
    "Si": -2.6666666666666665
  },
  "Bi4K12Se12": {
    "Bi": 3.0,
    "K": 1.0,
    "Se": -2.0
  },
  "In1Pt3": {
    "In": 2.0,
    "Pt": -0.6666666666666666
  },
  "Ag1In1Li2": null,
  "Co2Ge2Nd2": null,
  "Cl6Y2": {
    "Cl": -1.0,
    "Y": 3.0
  },
  "Nb3O3": {
    "Nb": 2.0,
    "O": -2.0
  },
  "In3Sc1": null,
  "Au1Ga1Li2": null,
  "Co4Tb2": null,
  "C2Hf4In2": null,
  "B1C2Sc2": {
    "B": 3.0,
    "C": -4.0,
    "Sc": 2.5
  },
  "Cu4Na1S4": {
    "Cu": 1.75,
    "Na": 1.0,
    "S": -2.0
  },
  "Ba1P2Ru2": {
    "Ba": 2.0,
    "P": -3.0,
    "Ru": 2.0
  },
  "Be17Nb2": null,
  "Bi1Er1Pt1": null,
  "Bi1Ho1Pt1": null,
  "Dy1Pt1Sb1": {
    "Dy": 3.0,
    "Pt": -2.0,
    "Sb": -1.0
  },
  "Al1P1": {
    "Al": 3.0,
    "P": -3.0
  },
  "Cr1H1": null,
  "Ca2Cu2Ga1": null,
  "Al1Rh1": null,
  "B16Mg4": null,
  "As2Co1Zr6": null,
  "In1Zr3": null,
  "Co4Mo4P4": {
    "Co": 1.0,
    "Mo": 2.0,
    "P": -3.0
  },
  "Ni4Sb4Zr4": {
    "Ni": 1.0,
    "Sb": -3.0,
    "Zr": 2.0
  },
  "Cd6Sc2": null,
  "Pd2Sm2": null,
  "Ba1Nb4O6": {
    "Ba": 2.0,
    "Nb": 2.5,
    "O": -2.0
  },
  "Co2Hf4P2": null,
  "Rh4Yb2": null,
  "Ce3Sn1": null,
  "Pb2Te6Tl8": {
    "Pb": 2.0,
    "Te": -2.0,
    "Tl": 1.0
  },
  "B1Rh3Yb1": null,
  "Mn4O8Sn2": {
    "Mn": 2.0,
    "O": -2.0,
    "Sn": 4.0
  },
  "Na12S8Zn2": {
    "Na": 1.0,
    "S": -2.0,
    "Zn": 2.0
  },
  "Br6K2Pt1": {
    "Br": -1.0,
    "K": 1.0,
    "Pt": 4.0
  },
  "Ir2Ti1Zn1": null,
  "Bi2Ca1Mg2": null,
  "Ba1Bi2Mg2": null,
  "Br18Cr6": {
    "Br": -1.0,
    "Cr": 3.0
  },
  "Ba2Br1Cu1O2": {
    "Ba": 2.0,
    "Br": -1.0,
    "Cu": 1.0,
    "O": -2.0
  },
  "Cu2Mn1Se4Sn1": {
    "Cu": 1.0,
    "Mn": 2.0,
    "Se": -2.0,
    "Sn": 4.0
  },
  "Ir4Sn4Sr3": null,
  "Ni4Sc4Si4": {
    "Ni": 2.0,
    "Sc": 2.0,
    "Si": -4.0
  },
  "Cl1Na1": {
    "Cl": -1.0,
    "Na": 1.0
  },
  "B4Co4": {
    "B": -1.5,
    "Co": 1.5
  },
  "F6Sb2": {
    "F": -1.0,
    "Sb": 3.0
  },
  "Cl6Pt1Tl2": {
    "Cl": -1.0,
    "Pt": 4.0,
    "Tl": 1.0
  },
  "Cu4Hf4Si4": null,
  "K1N1O2": {
    "K": 1.0,
    "N": 3.0,
    "O": -2.0
  },
  "Cu4Si4Zr4": {
    "Cu": 1.0,
    "Si": -4.0,
    "Zr": 3.0
  },
  "In1Li2Pm1": null,
  "Cu4O4Pb2": {
    "Cu": 1.0,
    "O": -2.0,
    "Pb": 2.0
  },
  "Ag2Al2Te4": {
    "Ag": 1.0,
    "Al": 3.0,
    "Te": -2.0
  },
  "As2Au2Ca2": {
    "As": -3.0,
    "Au": 1.0,
    "Ca": 2.0
  },
  "Er1Os2Si2": {
    "Er": 3.0,
    "Os": -1.5,
    "Si": 0.0
  },
  "Cd14Sc2": null,
  "H8Li4N4": {
    "H": 1.0,
    "Li": 1.0,
    "N": -3.0
  },
  "F2Pr2S2": {
    "F": -1.0,
    "Pr": 3.0,
    "S": -2.0
  },
  "Ac2N2": {
    "Ac": 3.0,
    "N": -3.0
  },
  "Nd1Ru2Si2": {
    "Nd": 3.0,
    "Ru": 2.5,
    "Si": -4.0
  },
  "Ga1Mg1Pm2": null,
  "Co2Zr6": null,
  "Al12Ni4Y4": null,
  "Ru2Si2Sm1": {
    "Ru": 2.5,
    "Si": -4.0,
    "Sm": 3.0
  },
  "Li4O10Si4": {
    "Li": 1.0,
    "O": -2.0,
    "Si": 4.0
  },
  "C4O12Rb8": {
    "C": 4.0,
    "O": -2.0,
    "Rb": 1.0
  },
  "Fe2Si2Tb1": {
    "Fe": 2.5,
    "Si": -4.0,
    "Tb": 3.0
  },
  "Cu2Te2Tl1": {
    "Cu": 1.5,
    "Te": -2.0,
    "Tl": 1.0
  },
  "C2Mg2O6": {
    "C": 4.0,
    "Mg": 2.0,
    "O": -2.0
  },
  "Li1Nb1Rh2": null,
  "Ca4O1P2": {
    "Ca": 2.0,
    "O": -2.0,
    "P": -3.0
  },
  "Al2Lu2Si2": null,
  "Ag3Mg3Y3": null,
  "Al1Pa1Tc2": {
    "Al": 3.0,
    "Pa": 3.0,
    "Tc": -3.0
  },
  "Ir3Pa1": null,
  "Al6Ce2": null,
  "Br12Cu4K8": {
    "Br": -1.0,
    "Cu": 1.0,
    "K": 1.0
  },
  "Ag1Li2Sn1": null,
  "Sm1Zn5": null,
  "Li13Sn5": null,
  "Li56N32V8": {
    "Li": 1.0,
    "N": -3.0,
    "V": 5.0
  },
  "Co2Sn1Ti1": null,
  "O4Tl3V1": {
    "O": -2.0,
    "Tl": 1.0,
    "V": 5.0
  },
  "Pt1Se2": {
    "Pt": 4.0,
    "Se": -2.0
  },
  "Li10N8Re2": {
    "Li": 1.0,
    "N": -3.0,
    "Re": 7.0
  },
  "Ba2F8Zn2": {
    "Ba": 2.0,
    "F": -1.0,
    "Zn": 2.0
  },
  "Ga4S6": {
    "Ga": 3.0,
    "S": -2.0
  },
  "O20V12": {
    "O": -2.0,
    "V": 3.3333333333333335
  },
  "Au4Bi8O20": {
    "Au": 4.0,
    "Bi": 3.0,
    "O": -2.0
  },
  "B2Rh3Sm1": null,
  "Br6Cs2Sn1": {
    "Br": -1.0,
    "Cs": 1.0,
    "Sn": 4.0
  },
  "Ge8K4N12": {
    "Ge": 4.0,
    "K": 1.0,
    "N": -3.0
  },
  "F6K1Rb2Ti1": {
    "F": -1.0,
    "K": 1.0,
    "Rb": 1.0,
    "Ti": 3.0
  },
  "Pt1Sb1Sr1": null,
  "B2C1Er1Ni2": {
    "B": -3.0,
    "C": -2.0,
    "Er": 3.0,
    "Ni": 2.5
  },
  "Bi3Br1O4": {
    "Bi": 3.0,
    "Br": -1.0,
    "O": -2.0
  },
  "Ba3O1Sn1": null,
  "Lu2Pd1Ru1": null,
  "Ga4Ni2Sc2": null,
  "Ba2H6Os1": {
    "Ba": 2.0,
    "H": -0.3333333333333333,
    "Os": -2.0
  },
  "Co1Sb1Ti1": {
    "Co": 1.0,
    "Sb": -3.0,
    "Ti": 2.0
  },
  "Ge1Mg2": null,
  "C1Ga1Sc3": null,
  "Na1Pm1Tl2": null,
  "Al1Si1Sr1": null,
  "B1Dy1Rh3": null,
  "Pd3Y1": null,
  "F12Hg4K4": {
    "F": -1.0,
    "Hg": 2.0,
    "K": 1.0
  },
  "Fe1O4Sb1": {
    "Fe": 3.0,
    "O": -2.0,
    "Sb": 5.0
  },
  "Au1Mg1Sn1": null,
  "As2V6": null,
  "Os1Re1V2": null,
  "Ga2Ir1Rh1": null,
  "Mn2Si1Ti1": null,
  "Pd3Yb1": null,
  "Ag2N2O6": {
    "Ag": 1.0,
    "N": 5.0,
    "O": -2.0
  },
  "Cu2Si2Y2": {
    "Cu": 1.0,
    "Si": -4.0,
    "Y": 3.0
  },
  "Ca2Hg1Sn1": null,
  "Li12N8W2": {
    "Li": 1.0,
    "N": -3.0,
    "W": 6.0
  },
  "Ag1Ir1Pm2": null,
  "Co1Fe3": null,
  "Al1Lu3N1": null,
  "Ac2Cu1Ir1": null,
  "Cu2Ge2Tb2": null,
  "H3O5V2": {
    "H": 1.0,
    "O": -2.0,
    "V": 3.5
  },
  "Co2Hf1Sc1": null,
  "Ce1Li2O3": {
    "Ce": 4.0,
    "Li": 1.0,
    "O": -2.0
  },
  "In1Rh2Sm1": null,
  "Co2Ga1V1": null,
  "Ba1Sn2": null,
  "Co2F8Li2": {
    "Co": 3.0,
    "F": -1.0,
    "Li": 1.0
  },
  "Ag2Cl4Cs2": {
    "Ag": 1.0,
    "Cl": -1.0,
    "Cs": 1.0
  },
  "Ag3Dy3Ge3": null,
  "Ir1Li1Sc2": null,
  "Ru6Tc2": null,
  "Cu2K1Se2": {
    "Cu": 1.5,
    "K": 1.0,
    "Se": -2.0
  },
  "Ba2O3Pd1": {
    "Ba": 2.0,
    "O": -2.0,
    "Pd": 2.0
  },
  "Er1Te1": null,
  "Ca1Pd2Si2": {
    "Ca": 2.0,
    "Pd": 3.0,
    "Si": -4.0
  },
  "Ge4Mg4N8": {
    "Ge": 4.0,
    "Mg": 2.0,
    "N": -3.0
  },
  "O8Pd6Tl2": {
    "O": -2.0,
    "Pd": 2.3333333333333335,
    "Tl": 1.0
  },
  "Be12Ta1": null,
  "Re4S4Te4": {
    "Re": 4.0,
    "S": -2.0,
    "Te": -2.0
  },
  "Au2Ge1Li1": null,
  "Ag2K6Se16Sn6": {
    "Ag": 1.0,
    "K": 1.0,
    "Se": -2.0,
    "Sn": 4.0
  },
  "Ga4I16Li4": {
    "Ga": 3.0,
    "I": -1.0,
    "Li": 1.0
  },
  "Bi2Ho1I1O4": {
    "Bi": 3.0,
    "Ho": 3.0,
    "I": -1.0,
    "O": -2.0
  },
  "K2Li2O4Zn2": {
    "K": 1.0,
    "Li": 1.0,
    "O": -2.0,
    "Zn": 2.0
  },
  "Ba2Bi4Pd4": null,
  "Li3O4U1": {
    "Li": 1.0,
    "O": -2.0,
    "U": 5.0
  },
  "Bi2Br1O4Pr1": {
    "Bi": 3.0,
    "Br": -1.0,
    "O": -2.0,
    "Pr": 3.0
  },
  "Cs2F6K1Mo1": {
    "Cs": 1.0,
    "F": -1.0,
    "K": 1.0,
    "Mo": 3.0
  },
  "Bi4Dy4Ni4": null,
  "Bi2I1O4Sm1": {
    "Bi": 3.0,
    "I": -1.0,
    "O": -2.0,
    "Sm": 3.0
  },
  "Cl2Fe2O2": {
    "Cl": -1.0,
    "Fe": 3.0,
    "O": -2.0
  },
  "Br4Cl4Cu2Rb4": {
    "Br": -1.0,
    "Cl": -1.0,
    "Cu": 2.0,
    "Rb": 1.0
  },
  "Cs1Cu3O2": {
    "Cs": 1.0,
    "Cu": 1.0,
    "O": -2.0
  },
  "Cs2Nd2O4": {
    "Cs": 1.0,
    "Nd": 3.0,
    "O": -2.0
  },
  "Cs2Cu2O4": {
    "Cs": 1.0,
    "Cu": 3.0,
    "O": -2.0
  },
  "Si2V2Zr2": {
    "Si": -4.0,
    "V": 2.0,
    "Zr": 2.0
  },
  "Al2Ir1Os1": null,
  "Al10Mo2": null,
  "Cl2F2Yb2": {
    "Cl": -1.0,
    "F": -1.0,
    "Yb": 2.0
  },
  "Li4O5U1": {
    "Li": 1.0,
    "O": -2.0,
    "U": 6.0
  },
  "Nb1O8Rb3": null,
  "Cs2F6Ni2": {
    "Cs": 1.0,
    "F": -1.0,
    "Ni": 2.0
  },
  "N6V2Zn4": {
    "N": -3.0,
    "V": 5.0,
    "Zn": 2.0
  },
  "Fe2O10Ti4": {
    "Fe": 2.0,
    "O": -2.0,
    "Ti": 4.0
  },
  "F6Mn1Na1Rb2": {
    "F": -1.0,
    "Mn": 3.0,
    "Na": 1.0,
    "Rb": 1.0
  },
  "Cr1F6Nb1": {
    "Cr": 3.0,
    "F": -1.0,
    "Nb": 3.0
  },
  "F8Li2Mn2": {
    "F": -1.0,
    "Li": 1.0,
    "Mn": 3.0
  },
  "Dy1In2Pm1": null,
  "B1Rh3Sc1": null,
  "Cs4O6Pb2": {
    "Cs": 1.0,
    "O": -2.0,
    "Pb": 4.0
  },
  "As8O20": {
    "As": 5.0,
    "O": -2.0
  },
  "F6Fe1K2Na1": {
    "F": -1.0,
    "Fe": 3.0,
    "K": 1.0,
    "Na": 1.0
  },
  "C2Ca1K2O6": {
    "C": 4.0,
    "Ca": 2.0,
    "K": 1.0,
    "O": -2.0
  },
  "Cl16Ga8": {
    "Cl": -1.0,
    "Ga": 2.0
  },
  "Eu1Mg2Sb2": {
    "Eu": 2.0,
    "Mg": 2.0,
    "Sb": -3.0
  },
  "Li4P2Sr1": {
    "Li": 1.0,
    "P": -3.0,
    "Sr": 2.0
  },
  "K1Nd1O2": {
    "K": 1.0,
    "Nd": 3.0,
    "O": -2.0
  },
  "Al4Pd20": null,
  "N2Ti6Zn2": null,
  "Al4Tb2": null,
  "Ba2H6Mg1": {
    "Ba": 2.0,
    "H": -1.0,
    "Mg": 2.0
  },
  "Ag2In2S4": {
    "Ag": 1.0,
    "In": 3.0,
    "S": -2.0
  },
  "Ga4Se6": {
    "Ga": 3.0,
    "Se": -2.0
  },
  "Al3Pd2": null,
  "Co4O12Rb8": {
    "Co": 4.0,
    "O": -2.0,
    "Rb": 1.0
  },
  "N2Zr4": null,
  "Na1O2V1": {
    "Na": 1.0,
    "O": -2.0,
    "V": 3.0
  },
  "Dy2Fe2Si2": null,
  "Ga3Nb1": null,
  "B6Pm2": {
    "B": -1.0,
    "Pm": 3.0
  },
  "Eu1Ge1O3": {
    "Eu": 2.0,
    "Ge": 4.0,
    "O": -2.0
  },
  "Na1O3Pa1": {
    "Na": 1.0,
    "O": -2.0,
    "Pa": 5.0
  },
  "Os4Th2": {
    "Os": -2.0,
    "Th": 4.0
  },
  "Fe2Si2U1": {
    "Fe": 2.5,
    "Si": -4.0,
    "U": 3.0
  },
  "In1K1O2": {
    "In": 3.0,
    "K": 1.0,
    "O": -2.0
  },
  "Er1Na1Tl2": null,
  "Ca1Cu2Sn2": null,
  "Ir4Zr4": null,
  "Ni1O8Re2": {
    "Ni": 2.0,
    "O": -2.0,
    "Re": 7.0
  },
  "Cd1Ga2Te4": {
    "Cd": 2.0,
    "Ga": 3.0,
    "Te": -2.0
  },
  "O2P2Sm2Zn2": {
    "O": -2.0,
    "P": -3.0,
    "Sm": 3.0,
    "Zn": 2.0
  },
  "B24Si8": {
    "B": -1.0,
    "Si": 3.0
  },
  "Cl6K2Te1": {
    "Cl": -1.0,
    "K": 1.0,
    "Te": 4.0
  },
  "O20Ta4V4": {
    "O": -2.0,
    "Ta": 5.0,
    "V": 5.0
  },
  "Cl6Cs2Li1Lu1": {
    "Cl": -1.0,
    "Cs": 1.0,
    "Li": 1.0,
    "Lu": 3.0
  },
  "K4S6": {
    "K": 1.0,
    "S": -0.6666666666666666
  },
  "Au2Er1": null,
  "Ge4N4O2": {
    "Ge": 4.0,
    "N": -3.0,
    "O": -2.0
  },
  "Cd1Pd2Y1": null,
  "Ge2Ni2Pd2": null,
  "F12Mn4Na4": {
    "F": -1.0,
    "Mn": 2.0,
    "Na": 1.0
  },
  "Ni3Ta1": null,
  "Ba2Mo1Ni1O6": {
    "Ba": 2.0,
    "Mo": 6.0,
    "Ni": 2.0,
    "O": -2.0
  },
  "Ac1Hg2Sr1": null,
  "O8Sb2V2": {
    "O": -2.0,
    "Sb": 3.0,
    "V": 5.0
  },
  "Cr2F6": {
    "Cr": 3.0,
    "F": -1.0
  },
  "La4O10Pd4": {
    "La": 3.0,
    "O": -2.0,
    "Pd": 2.0
  },
  "Al5Ba5Sn1": null,
  "Co8Mo12N4": null,
  "Dy2In1Mg1": null,
  "Lu8O24W4": {
    "Lu": 3.0,
    "O": -2.0,
    "W": 6.0
  },
  "K2Na2O6Ti2": {
    "K": 1.0,
    "Na": 1.0,
    "O": -2.0,
    "Ti": 4.0
  },
  "Cs4I16": {
    "Cs": 1.0,
    "I": -0.25
  },
  "Al20O48Y12": {
    "Al": 3.0,
    "O": -2.0,
    "Y": 3.0
  },
  "Ba2N4Zr2": {
    "Ba": 2.0,
    "N": -3.0,
    "Zr": 4.0
  },
  "Ho1Rh3Si2": null,
  "Al1Nb1Ru2": null,
  "Al23B50": null,
  "Pt2Tl4": {
    "Pt": -2.0,
    "Tl": 1.0
  },
  "Fe2Sc4Si4": {
    "Fe": 2.0,
    "Sc": 3.0,
    "Si": -4.0
  },
  "Li4Ni2O6": {
    "Li": 1.0,
    "Ni": 4.0,
    "O": -2.0
  },
  "F4Mn2": {
    "F": -1.0,
    "Mn": 2.0
  },
  "Cu3Ta1Te4": {
    "Cu": 1.0,
    "Ta": 5.0,
    "Te": -2.0
  },
  "Re8Y4": null,
  "Fe4Na4O16P4": {
    "Fe": 2.0,
    "Na": 1.0,
    "O": -2.0,
    "P": 5.0
  },
  "F6Ni1Rh1": {
    "F": -1.0,
    "Ni": 2.0,
    "Rh": 4.0
  },
  "Ge1Pa3": null,
  "Hg2Pd2": null,
  "Er1Pd3": null,
  "B28Mg4": null,
  "Mn8O16Si4": {
    "Mn": 2.0,
    "O": -2.0,
    "Si": 4.0
  },
  "Mg2Na2Sb2": {
    "Mg": 2.0,
    "Na": 1.0,
    "Sb": -3.0
  },
  "Pt1Sn1Th1": null,
  "Cl2Eu2F2": {
    "Cl": -1.0,
    "Eu": 2.0,
    "F": -1.0
  },
  "Al4Eu2": null,
  "B6Lu2Ni3": {
    "B": -2.0,
    "Lu": 3.0,
    "Ni": 2.0
  },
  "F6Ni1Rb2": {
    "F": -1.0,
    "Ni": 4.0,
    "Rb": 1.0
  },
  "O24Sm16": {
    "O": -2.0,
    "Sm": 3.0
  },
  "Lu1Ru2Si2": {
    "Lu": 3.0,
    "Ru": 2.5,
    "Si": -4.0
  },
  "O16Pb4S4": {
    "O": -2.0,
    "Pb": 4.0,
    "S": 4.0
  },
  "F8Li2Y2": {
    "F": -1.0,
    "Li": 1.0,
    "Y": 3.0
  },
  "Mg1Sr1Tl2": null,
  "Cd1Hg2Pr1": null,
  "Ce1Sn3": null,
  "Mo12N4Ni8": null,
  "Be8Mn4": null,
  "Co2Nd1Si2": {
    "Co": 2.5,
    "Nd": 3.0,
    "Si": -4.0
  },
  "Ba4N8O24": {
    "Ba": 2.0,
    "N": 5.0,
    "O": -2.0
  },
  "Ge2Lu1Ni2": null,
  "Ga1S8V4": {
    "Ga": 3.0,
    "S": -2.0,
    "V": 3.25
  },
  "Co4K12O14": {
    "Co": 4.0,
    "K": 1.0,
    "O": -2.0
  },
  "Cr4O16Pb4": {
    "Cr": 6.0,
    "O": -2.0,
    "Pb": 2.0
  },
  "K4Mn4O6": {
    "K": 1.0,
    "Mn": 2.0,
    "O": -2.0
  },
  "C1Pa1": {
    "C": -4.0,
    "Pa": 4.0
  },
  "Pr1Te1": null,
  "Cu1O2Rh1": {
    "Cu": 1.0,
    "O": -2.0,
    "Rh": 3.0
  },
  "Ni2P2Pr1": {
    "Ni": 1.5,
    "P": -3.0,
    "Pr": 3.0
  },
  "Sn2Sr2Zn2": null,
  "Ag1Cr1O2": {
    "Ag": 1.0,
    "Cr": 3.0,
    "O": -2.0
  },
  "O1Sn1Sr3": null,
  "Bi2K2Mg2": null,
  "B2C1Dy1Ni2": {
    "B": -3.0,
    "C": -2.0,
    "Dy": 3.0,
    "Ni": 2.5
  },
  "Fe1Li1Rh2": null,
  "Cs2O24Ti12": {
    "Cs": 1.0,
    "O": -2.0,
    "Ti": 3.8333333333333335
  },
  "Au1Hf2": null,
  "Pr2Pt2Sb2": {
    "Pr": 3.0,
    "Pt": 0.0,
    "Sb": -3.0
  },
  "Be5Hf1": null,
  "Hf1Pa1Tc2": null,
  "O4Rh2": {
    "O": -2.0,
    "Rh": 4.0
  },
  "Cl6Tm2": {
    "Cl": -1.0,
    "Tm": 3.0
  },
  "Cd1Zr2": null,
  "Lu1Pa1Tc2": {
    "Lu": 3.0,
    "Pa": 3.0,
    "Tc": -3.0
  },
  "Cr2Mg4N6": {
    "Cr": 5.0,
    "Mg": 2.0,
    "N": -3.0
  },
  "Ga1Mn1Ni2": null,
  "B2Mn4": null,
  "Ni1Sb1Tm1": null,
  "Cu3Se4Ta1": {
    "Cu": 1.0,
    "Se": -2.0,
    "Ta": 5.0
  },
  "F6K2Mn1": {
    "F": -1.0,
    "K": 1.0,
    "Mn": 4.0
  },
  "Ca1Pm1Rh2": null,
  "Al1Mn2V1": null,
  "Cr2N6Zn4": {
    "Cr": 5.0,
    "N": -3.0,
    "Zn": 2.0
  },
  "Cd1Ga2S4": {
    "Cd": 2.0,
    "Ga": 3.0,
    "S": -2.0
  },
  "Ni1O2Rb2": {
    "Ni": 2.0,
    "O": -2.0,
    "Rb": 1.0
  },
  "H2Na2Pd1": null,
  "P8Th6": {
    "P": -3.0,
    "Th": 4.0
  },
  "Cu1Mn1O2": {
    "Cu": 2.0,
    "Mn": 2.0,
    "O": -2.0
  },
  "Ir2Li2Sn8": null,
  "In1Ni2Zr1": null,
  "B2Cr2O6": {
    "B": 3.0,
    "Cr": 3.0,
    "O": -2.0
  },
  "As8Ir4": {
    "As": -2.0,
    "Ir": 4.0
  },
  "Mn8O20Sm4": {
    "Mn": 3.5,
    "O": -2.0,
    "Sm": 3.0
  },
  "Cu4Hf3Si2": null,
  "Cu2Mn1S4Sn1": {
    "Cu": 1.0,
    "Mn": 2.0,
    "S": -2.0,
    "Sn": 4.0
  },
  "Fe2O8W2": {
    "Fe": 3.0,
    "O": -2.0,
    "W": 5.0
  },
  "In1Rh2Tm1": null,
  "Ba2Li1O6Re1": {
    "Ba": 2.0,
    "Li": 1.0,
    "O": -2.0,
    "Re": 7.0
  },
  "Mg6Tl2": null,
  "Na4O12U4": {
    "Na": 1.0,
    "O": -2.0,
    "U": 5.0
  },
  "Co2Dy1Si2": {
    "Co": 2.5,
    "Dy": 3.0,
    "Si": -4.0
  },
  "Be4Cu2": null,
  "Au1Be5": null,
  "Dy4Ge4Mg2": null,
  "Li56N32Sb8": {
    "Li": 1.0,
    "N": -3.0,
    "Sb": 5.0
  },
  "B2W4": null,
  "In2N2": {
    "In": 3.0,
    "N": -3.0
  },
  "Pt1Ru1Sc2": null,
  "Ca6Cr2N6": {
    "Ca": 2.0,
    "Cr": 3.0,
    "N": -3.0
  },
  "Al2Li1Ni1": null,
  "Ag2Ga2S4": {
    "Ag": 1.0,
    "Ga": 3.0,
    "S": -2.0
  },
  "Ga1Lu1Rh2": null,
  "Cr1K1O2": {
    "Cr": 3.0,
    "K": 1.0,
    "O": -2.0
  },
  "Cu1Ir1Yb2": null,
  "Cu4S6Sn2": {
    "Cu": 1.0,
    "S": -2.0,
    "Sn": 4.0
  },
  "Hg2Li1Pd1": null,
  "As2Ca2Rb2": {
    "As": -3.0,
    "Ca": 2.0,
    "Rb": 1.0
  },
  "Ac3Sn1": null,
  "Cu3Li1": null,
  "Pa1Si3": {
    "Pa": 4.0,
    "Si": -1.3333333333333333
  },
  "Pa3Sb1": null,
  "Cu6Pm2": null,
  "Ag6Mg2": null,
  "Co6Pt2": null,
  "O3Tl1U1": {
    "O": -2.0,
    "Tl": 1.0,
    "U": 5.0
  },
  "P6U2": {
    "P": -1.6666666666666667,
    "U": 5.0
  },
  "Be3Ru1": null,
  "Mg1Rh3": null,
  "Bi3Pa1": null,
  "Ga1Ru1": null,
  "Ac2Ga6": null,
  "Pd1Sn1Zr1": null,
  "Ag1La1": null,
  "Mo1P1": {
    "Mo": 3.0,
    "P": -3.0
  },
  "In1Y1": null,
  "C1Ta1": {
    "C": -4.0,
    "Ta": 4.0
  },
  "Ag1Y1": null,
  "Fe1Ti1": null,
  "B1Os1": {
    "B": -3.0,
    "Os": 3.0
  },
  "Co1N1": {
    "Co": 3.0,
    "N": -3.0
  },
  "Ni1Zn1": null,
  "Pd2Zn2": null,
  "Cd1Nd1": null,
  "Ag1Mg1Sb1": {
    "Ag": 1.0,
    "Mg": 2.0,
    "Sb": -3.0
  },
  "N2Zn1Zr1": {
    "N": -3.0,
    "Zn": 2.0,
    "Zr": 4.0
  },
  "B2Mg1": null,
  "Er1Ga3": null,
  "Fe2S2": {
    "Fe": 2.0,
    "S": -2.0
  },
  "Co1Fe1Ga1Ti1": null,
  "Er1Li1S2": {
    "Er": 3.0,
    "Li": 1.0,
    "S": -2.0
  },
  "O2Pd2": {
    "O": -2.0,
    "Pd": 2.0
  },
  "Tb1Te2Tl1": {
    "Tb": 3.0,
    "Te": -2.0,
    "Tl": 1.0
  },
  "Pd2Tb2": null,
  "Na1S2Sc1": {
    "Na": 1.0,
    "S": -2.0,
    "Sc": 3.0
  },
  "F4Si1": {
    "F": -1.0,
    "Si": 4.0
  },
  "Dy1Te2Tl1": {
    "Dy": 3.0,
    "Te": -2.0,
    "Tl": 1.0
  },
  "Ho1Te2Tl1": {
    "Ho": 3.0,
    "Te": -2.0,
    "Tl": 1.0
  },
  "Hg2I2": {
    "Hg": 1.0,
    "I": -1.0
  },
  "Ga2Gd2": null,
  "Au1Pd3": null,
  "C1Pb1Sc3": null,
  "Na1Se2Tb1": {
    "Na": 1.0,
    "Se": -2.0,
    "Tb": 3.0
  },
  "Na1Se2Sm1": {
    "Na": 1.0,
    "Se": -2.0,
    "Sm": 3.0
  },
  "Na1Nd1S2": {
    "Na": 1.0,
    "Nd": 3.0,
    "S": -2.0
  },
  "I4": null,
  "B2Ta2": {
    "B": -3.0,
    "Ta": 3.0
  },
  "Co3Ti1": null,
  "Au2La2": null,
  "Cu2O2": {
    "Cu": 2.0,
    "O": -2.0
  },
  "Ca1Cd2P2": {
    "Ca": 2.0,
    "Cd": 2.0,
    "P": -3.0
  },
  "Al1B2Mn2": null,
  "Al2Ge2Y1": null,
  "Ir2Si2Sm1": {
    "Ir": 3.0,
    "Si": -4.0,
    "Sm": 2.0
  },
  "In1Ni2Y2": null,
  "Al2Ca1Ge2": null,
  "Al1Mg1Tm2": null,
  "Ni3Se2": {
    "Ni": 1.3333333333333333,
    "Se": -2.0
  },
  "Bi2Mg3": null,
  "Ce1Ge2Rh2": null,
  "Al2Eu1Ge2": null,
  "As2Ba1Fe2": {
    "As": -3.0,
    "Ba": 2.0,
    "Fe": 2.0
  },
  "As2Ba1Cu2": {
    "As": -3.0,
    "Ba": 2.0,
    "Cu": 2.0
  },
  "Al3Ni2": null,
  "Er2Zn4": null,
  "Cu4Er2": null,
  "Os2P4": {
    "Os": -2.0,
    "P": 1.0
  },
  "As4Ta2": {
    "As": -2.5,
    "Ta": 5.0
  },
  "Au2Rb2Se2": {
    "Au": 1.0,
    "Rb": 1.0,
    "Se": -2.0
  },
  "Al1Mn2Re1": null,
  "Cr2O4": {
    "Cr": 4.0,
    "O": -2.0
  },
  "Bi2I2O2": {
    "Bi": 3.0,
    "I": -1.0,
    "O": -2.0
  },
  "Ge2Mg2Mn2": null,
  "Cu2Hf1In1": null,
  "H3Ni1Yb1": {
    "H": -1.0,
    "Ni": 1.0,
    "Yb": 2.0
  },
  "Cs2O4Sc2": {
    "Cs": 1.0,
    "O": -2.0,
    "Sc": 3.0
  },
  "Cu1Li1Pd2": null,
  "Al1Cu2Pm1": null,
  "Al1La3N1": null,
  "Ir1Na4O4": {
    "Ir": 4.0,
    "Na": 1.0,
    "O": -2.0
  },
  "Rh1Zn13": null,
  "Hf4Rh4Si4": null,
  "Sc1Zn1": null,
  "Er3Ge3Li3": null,
  "As2C2V4": {
    "As": -3.0,
    "C": -4.0,
    "V": 3.5
  },
  "C2Co1Er1": {
    "C": -2.5,
    "Co": 2.0,
    "Er": 3.0
  },
  "Cr3P3Ti3": null,
  "Ga1Ir1": null,
  "Ge2Te8Zr2": {
    "Ge": 4.0,
    "Te": -2.0,
    "Zr": 4.0
  },
  "Pd4Sb8": {
    "Pd": 2.0,
    "Sb": -1.0
  },
  "Ge3Nd2Zn6": null,
  "Ba4Ca4Si4": {
    "Ba": 2.0,
    "Ca": 2.0,
    "Si": -4.0
  },
  "Te6V3": {
    "Te": -2.0,
    "V": 4.0
  },
  "Ca1Ge2Rh2": null,
  "Ca2Ge2Zn2": null,
  "Mg1Pt1Sb1": null,
  "K4P2Zn1": {
    "K": 1.0,
    "P": -3.0,
    "Zn": 2.0
  },
  "In1Mg1": null,
  "Dy1P1Pt1": {
    "Dy": 3.0,
    "P": -1.0,
    "Pt": -2.0
  },
  "Ge1Rh3Y2": null,
  "Cu4La4Se8": {
    "Cu": 1.0,
    "La": 3.0,
    "Se": -2.0
  },
  "Mn1Pt3": {
    "Mn": 2.0,
    "Pt": -0.6666666666666666
  },
  "Ge1In1Li1": null,
  "Cs2Er1F6Na1": {
    "Cs": 1.0,
    "Er": 3.0,
    "F": -1.0,
    "Na": 1.0
  },
  "Ir4P12": {
    "Ir": 3.0,
    "P": -1.0
  },
  "Ir1Li1": null,
  "N2Na1Ta1": {
    "N": -3.0,
    "Na": 1.0,
    "Ta": 5.0
  },
  "Be1S1": {
    "Be": 2.0,
    "S": -2.0
  },
  "Cd2Nd1Yb1": null,
  "S2Zr1": {
    "S": -2.0,
    "Zr": 4.0
  },
  "As1Pd5Tl1": null,
  "Rh1Zn1": null,
  "Hf1Li1Rh2": null,
  "Hf2Se2Si2": null,
  "Cd2Pt2": {
    "Cd": 2.0,
    "Pt": -2.0
  },
  "Cu4Nb5Si4": {
    "Cu": 1.0,
    "Nb": 2.4,
    "Si": -4.0
  },
  "B4Re2": {
    "B": -1.5,
    "Re": 3.0
  },
  "Ca2Pd2Sn4": null,
  "Rh3Sn3Yb3": null,
  "Ho3Rh3Sn3": null,
  "Al4Co2Y2": null,
  "Cr3N1Pt1": null,
  "Al4Au4": null,
  "Ba1F6Ge1": {
    "Ba": 2.0,
    "F": -1.0,
    "Ge": 4.0
  },
  "Al3Er2Si2": null,
  "Al2Si2Yb1": {
    "Al": 3.0,
    "Si": -4.0,
    "Yb": 2.0
  },
  "Ti2Zn32": null,
  "Ag2Al1Y1": null,
  "Al4Er2": null,
  "Ge3Li3Y3": null,
  "As2Cu3K3": {
    "As": -3.0,
    "Cu": 1.0,
    "K": 1.0
  },
  "Ba2Li2Sb2": {
    "Ba": 2.0,
    "Li": 1.0,
    "Sb": -3.0
  },
  "Re8Zr4": null,
  "Ni6S8": {
    "Ni": 2.6666666666666665,
    "S": -2.0
  },
  "Cd2Ho1": null,
  "As1Ni1Sm1": {
    "As": -3.0,
    "Ni": 1.0,
    "Sm": 2.0
  },
  "Cu2F8Sr2": {
    "Cu": 2.0,
    "F": -1.0,
    "Sr": 2.0
  },
  "Ag3Ca3P3": {
    "Ag": 1.0,
    "Ca": 2.0,
    "P": -3.0
  },
  "Cs2Pt3Se4": {
    "Cs": 1.0,
    "Pt": 2.0,
    "Se": -2.0
  },
  "Cu2Lu2Pb2": null,
  "Cu2Sn2": null,
  "C1Ga1Y3": null,
  "B2Dy1": null,
  "K1Se6U2": {
    "K": 1.0,
    "Se": -2.0,
    "U": 5.5
  },
  "Au2Ca2P2": {
    "Au": 1.0,
    "Ca": 2.0,
    "P": -3.0
  },
  "N1Sr2": null,
  "Ge2Rh2Sr1": null,
  "C1Lu1Rh3": null,
  "C1Rh3Sc1": null,
  "Sn1Te1": {
    "Sn": 2.0,
    "Te": -2.0
  },
  "Ge4Ni6Sr2": null,
  "P3Ru3Ti3": null,
  "As1Li1Mg1": {
    "As": -3.0,
    "Li": 1.0,
    "Mg": 2.0
  },
  "Pr1Rb1Se2": {
    "Pr": 3.0,
    "Rb": 1.0,
    "Se": -2.0
  },
  "Sb4Ta5": null,
  "Eu1Zn1": null,
  "Cd1Pd1": null,
  "F8Pd2Sr2": {
    "F": -1.0,
    "Pd": 2.0,
    "Sr": 2.0
  },
  "Ru3U1": null,
  "Ni4Sb4Se4": {
    "Ni": 2.0,
    "Sb": 0.0,
    "Se": -2.0
  },
  "Mg4Pt2Si2": {
    "Mg": 2.0,
    "Pt": 0.0,
    "Si": -4.0
  },
  "B4C4Tb2": {
    "B": 1.5,
    "C": -3.0,
    "Tb": 3.0
  },
  "Pt2Ta2Te10": {
    "Pt": 5.0,
    "Ta": 5.0,
    "Te": -2.0
  },
  "Al1Cr2": null,
  "Al7Ca3Cu2": null,
  "Au8Ca6": null,
  "Al3Nd1Pd2": null,
  "Cl6Cs2Mg2": {
    "Cl": -1.0,
    "Cs": 1.0,
    "Mg": 2.0
  },
  "O10Sb4": {
    "O": -2.0,
    "Sb": 5.0
  },
  "Al2Co1Zr6": null,
  "Ir3Ta1": null,
  "Ta1Tc1": {
    "Ta": 3.0,
    "Tc": -3.0
  },
  "Cd2Ga2Sr1": null,
  "As4Cu2Y2": {
    "As": -2.5,
    "Cu": 2.0,
    "Y": 3.0
  },
  "Al1Fe1": null,
  "Se4Tl4": {
    "Se": -2.0,
    "Tl": 2.0
  },
  "Mn4P4": {
    "Mn": 2.0,
    "P": -2.0
  },
  "B2U1": {
    "B": -3.0,
    "U": 6.0
  },
  "C14Lu8": {
    "C": -1.7142857142857142,
    "Lu": 3.0
  },
  "Pr8S12": {
    "Pr": 3.0,
    "S": -2.0
  },
  "Ca1Hg2": null,
  "Mg8Ni16": null,
  "Al4Sm2": null,
  "F6K2Ni1": {
    "F": -1.0,
    "K": 1.0,
    "Ni": 4.0
  },
  "Ba2Be4N4": {
    "Ba": 2.0,
    "Be": 2.0,
    "N": -3.0
  },
  "O8Sm2Ta2": {
    "O": -2.0,
    "Sm": 3.0,
    "Ta": 5.0
  },
  "Ga3Mg3Sm3": null,
  "Au2Ga2Hf2": null,
  "Al6F36Li18": {
    "Al": 3.0,
    "F": -1.0,
    "Li": 1.0
  },
  "B2Er2Ni8": null,
  "Ba4Mg8": null,
  "Ba1Pd1Sn3": null,
  "Be8Re4": null,
  "Al3Ni3Y3": null,
  "Be8V4": null,
  "Al12Mn2": null,
  "Ca6Hg4": null,
  "Cs1I1": {
    "Cs": 1.0,
    "I": -1.0
  },
  "Cu6N10Sr12": {
    "Cu": 1.0,
    "N": -3.0,
    "Sr": 2.0
  },
  "Cu1Ga2": null,
  "Cu2Lu2Sn2": null,
  "Cd8Sb8": {
    "Cd": 2.0,
    "Sb": -2.0
  },
  "Hf6Si4": null,
  "As4Mo5": {
    "As": -3.0,
    "Mo": 2.4
  },
  "Nb6Sn2": null,
  "C3Ce2Mo2": {
    "C": -4.0,
    "Ce": 3.0,
    "Mo": 3.0
  },
  "Na4Se4": {
    "Na": 1.0,
    "Se": -1.0
  },
  "B2Sc1": null,
  "Ir2Mn2": null,
  "Pd8Sn16": null,
  "Co2Si2Sm1": {
    "Co": 2.5,
    "Si": -4.0,
    "Sm": 3.0
  },
  "Mn1Zn3": null,
  "Dy1Li1Se2": {
    "Dy": 3.0,
    "Li": 1.0,
    "Se": -2.0
  },
  "La1Zn5": null,
  "Co2V6": null,
  "C1Dy1Rh3": null,
  "Co4Si4": {
    "Co": 2.0,
    "Si": -2.0
  },
  "Al42Pt16": null,
  "O2Pr2Te1": {
    "O": -2.0,
    "Pr": 3.0,
    "Te": -2.0
  },
  "As4Rh6Sr1": null,
  "Ga1Rh1": null,
  "Mg12Ni6": null,
  "Cu2Se4": {
    "Cu": 1.0,
    "Se": -0.5
  },
  "Os4Te8": {
    "Os": 4.0,
    "Te": -2.0
  },
  "C5Nb6": {
    "C": -4.0,
    "Nb": 3.3333333333333335
  },
  "Fe2Si2Yb1": {
    "Fe": 3.0,
    "Si": -4.0,
    "Yb": 2.0
  },
  "Ba1Se1": {
    "Ba": 2.0,
    "Se": -2.0
  },
  "Pd4Sr2": null,
  "Cd2Eu1P2": {
    "Cd": 2.0,
    "Eu": 2.0,
    "P": -3.0
  },
  "Al2Ce1Zn2": null,
  "As4Pd2U2": {
    "As": -3.0,
    "Pd": 2.0,
    "U": 4.0
  },
  "Pt2Sb2": {
    "Pt": 0.0,
    "Sb": 0.0
  },
  "Ge2S2U2": null,
  "Fe2P2Sr1": {
    "Fe": 2.0,
    "P": -3.0,
    "Sr": 2.0
  },
  "Be4Li4N4": {
    "Be": 2.0,
    "Li": 1.0,
    "N": -3.0
  },
  "Nd1Zn5": null,
  "Co4N2": {
    "Co": 1.5,
    "N": -3.0
  },
  "As2Hg1K4": {
    "As": -3.0,
    "Hg": 2.0,
    "K": 1.0
  },
  "Al8Be4O16": {
    "Al": 3.0,
    "Be": 2.0,
    "O": -2.0
  },
  "In1Li2Pd1": null,
  "Ag2Eu2Sb2": {
    "Ag": 1.0,
    "Eu": 2.0,
    "Sb": -3.0
  },
  "Cl6Tl2W1": {
    "Cl": -1.0,
    "Tl": 1.0,
    "W": 4.0
  },
  "C2Cd2O6": {
    "C": 4.0,
    "Cd": 2.0,
    "O": -2.0
  },
  "Rb2Te1": {
    "Rb": 1.0,
    "Te": -2.0
  },
  "Ca1Cu2Ge2": null,
  "B2Co3Sc1": {
    "B": -3.0,
    "Co": 1.3333333333333333,
    "Sc": 2.0
  },
  "Ba2Nb4O12": {
    "Ba": 2.0,
    "Nb": 5.0,
    "O": -2.0
  },
  "Ni2Si2Tb1": {
    "Ni": 2.0,
    "Si": -4.0,
    "Tb": 4.0
  },
  "Co3Ge3Ti3": null,
  "As2Fe2Sr1": {
    "As": -3.0,
    "Fe": 2.0,
    "Sr": 2.0
  },
  "As12Co4": {
    "As": -0.6666666666666666,
    "Co": 2.0
  },
  "Ba10Bi6": null,
  "Cu2Ge2Y1": null,
  "Ge4Ni4Tm4": null,
  "Pt8Ti1": {
    "Pt": -0.5,
    "Ti": 4.0
  },
  "Pt3Zn1": {
    "Pt": -0.6666666666666666,
    "Zn": 2.0
  },
  "In3Nd1": null,
  "Ge2Nd2Ru2": null,
  "Cl6Zr2": {
    "Cl": -1.0,
    "Zr": 3.0
  },
  "P4Pd2": {
    "P": -1.0,
    "Pd": 2.0
  },
  "B2La2Ni8": null,
  "In1Pr3": null,
  "Cl6La2": {
    "Cl": -1.0,
    "La": 3.0
  },
  "Bi4Cl12": {
    "Bi": 3.0,
    "Cl": -1.0
  },
  "Bi1Nd1": null,
  "Ag4C2O6": {
    "Ag": 1.0,
    "C": 4.0,
    "O": -2.0
  },
  "Ca2Cl1N1": {
    "Ca": 2.0,
    "Cl": -1.0,
    "N": -3.0
  },
  "Ga5Ni1U1": null,
  "Sb1Tm1": {
    "Sb": -3.0,
    "Tm": 3.0
  },
  "Ho2Sb2Zr2": null,
  "Tb1Tl1": null,
  "C1In1Y3": null,
  "Ca4P4Pt4": {
    "Ca": 2.0,
    "P": -1.0,
    "Pt": -1.0
  },
  "B4Ir4Li4": null,
  "Al8O20Si4": {
    "Al": 3.0,
    "O": -2.0,
    "Si": 4.0
  },
  "Cs2I6V2": {
    "Cs": 1.0,
    "I": -1.0,
    "V": 2.0
  },
  "Eu1Ni2Si2": {
    "Eu": 3.0,
    "Ni": 2.5,
    "Si": -4.0
  },
  "Na4O8S2": {
    "Na": 1.0,
    "O": -2.0,
    "S": 6.0
  },
  "Ti1Zn3": null,
  "I4Pd4Te4": {
    "I": -1.0,
    "Pd": 3.0,
    "Te": -2.0
  },
  "Bi1K1Na2": null,
  "Al6C6Sc2": {
    "Al": 3.0,
    "C": -4.0,
    "Sc": 3.0
  },
  "C1Ga1Mn3": null,
  "Mn4Se8": {
    "Mn": 4.0,
    "Se": -2.0
  },
  "I4S4Sb4": {
    "I": -1.0,
    "S": -2.0,
    "Sb": 3.0
  },
  "La1S1": {
    "La": 2.0,
    "S": -2.0
  },
  "Cu2Ga2Se4": {
    "Cu": 1.0,
    "Ga": 3.0,
    "Se": -2.0
  },
  "Br1N1Sr2": {
    "Br": -1.0,
    "N": -3.0,
    "Sr": 2.0
  },
  "Cs2I6Pt1": {
    "Cs": 1.0,
    "I": -1.0,
    "Pt": 4.0
  },
  "Ge2Nd2Sc2": null,
  "Co1Ga5Ho1": null,
  "Rh8Sb4": null,
  "Br2Nd2O2": {
    "Br": -1.0,
    "Nd": 3.0,
    "O": -2.0
  },
  "Al8Ca2O14": {
    "Al": 3.0,
    "Ca": 2.0,
    "O": -2.0
  },
  "Cl6Ga2": {
    "Cl": -1.0,
    "Ga": 3.0
  },
  "Ba1Fe2P2": {
    "Ba": 2.0,
    "Fe": 2.0,
    "P": -3.0
  },
  "Bi2Cl2O4Pb2": {
    "Bi": 3.0,
    "Cl": -1.0,
    "O": -2.0,
    "Pb": 2.0
  },
  "Cu2Dy2Ge2": null,
  "Ho1Ir1": null,
  "Cu2Si2Tm1": {
    "Cu": 2.5,
    "Si": -4.0,
    "Tm": 3.0
  },
  "Rh2Si2Tb1": null,
  "Dy1Fe2Si2": {
    "Dy": 3.0,
    "Fe": 2.5,
    "Si": -4.0
  },
  "Ga3Lu1": null,
  "La1Pd2Si2": {
    "La": 2.0,
    "Pd": 3.0,
    "Si": -4.0
  },
  "Co4Cu2Ge4": null,
  "Fe4O10Sr4": {
    "Fe": 3.0,
    "O": -2.0,
    "Sr": 2.0
  },
  "Au2Zr1": {
    "Au": -1.0,
    "Zr": 2.0
  },
  "Pb4Rh2": null,
  "Co4Zr2": null,
  "Al2Ge2Lu2": null,
  "Mo1Ni4": null,
  "Pt4Ta2": {
    "Pt": -2.0,
    "Ta": 4.0
  },
  "Ni5Y1": null,
  "Ge4Sc2": null,
  "Al2Na2Si2": {
    "Al": 3.0,
    "Na": 1.0,
    "Si": -4.0
  },
  "Sb2Zr4": null,
  "Co4Ho2": null,
  "Ga2Zr4": null,
  "Ge2Th4": null,
  "Hf2Si4": {
    "Hf": 4.0,
    "Si": -2.0
  },
  "S4Ta2": {
    "S": -2.0,
    "Ta": 4.0
  },
  "Al2Th4": null,
  "Co4Y2": null,
  "Al1Pd2Sc1": null,
  "Rb2S1": {
    "Rb": 1.0,
    "S": -2.0
  },
  "I2N2Ti2": {
    "I": -1.0,
    "N": -3.0,
    "Ti": 4.0
  },
  "Fe4S4Sb4": {
    "Fe": 3.0,
    "S": -2.0,
    "Sb": -1.0
  },
  "Ba2Mg2Si2": {
    "Ba": 2.0,
    "Mg": 2.0,
    "Si": -4.0
  },
  "Al2Sc4": null,
  "Se2Ta4": null,
  "O4Sr2Ti1": {
    "O": -2.0,
    "Sr": 2.0,
    "Ti": 4.0
  },
  "Ga4Ti2Zr1": null,
  "Al1P1Pt5": {
    "Al": 3.0,
    "P": -3.0,
    "Pt": 0.0
  },
  "Hg1P1Pd5": null,
  "Mg1P1Pd5": null,
  "Ga4Lu1Ti2": null,
  "B4Ta3": {
    "B": -3.0,
    "Ta": 4.0
  },
  "As2Rb6": {
    "As": -3.0,
    "Rb": 1.0
  },
  "As1In1Pd5": null,
  "P1Pd5Tl1": null,
  "P1Pd5Zn1": null,
  "In1Pt5Si1": {
    "In": 2.0,
    "Pt": -1.2,
    "Si": 4.0
  },
  "Ge2P4Zn2": {
    "Ge": 4.0,
    "P": -3.0,
    "Zn": 2.0
  },
  "Ni3S2Sn2": null,
  "Ni1S4Ti2": {
    "Ni": 2.0,
    "S": -2.0,
    "Ti": 3.0
  },
  "Ga4Ti2Tm1": null,
  "As1In1Pt5": {
    "As": -3.0,
    "In": 3.0,
    "Pt": 0.0
  },
  "As4Te6": {
    "As": 3.0,
    "Te": -2.0
  },
  "Ag1Au2Sm1": null,
  "Co2Ge1Ti1": null,
  "Al2C2Ta4": null,
  "Ge4Mg2Tm4": null,
  "Cd1Er1Rh2": null,
  "V4Zn5": null,
  "Bi1Na1Tl2": null,
  "B2Ru3Th1": null,
  "B2Er1Ru3": null,
  "Ga4Lu2Ni2": null,
  "C2In2Nb4": null,
  "Pt4Sn6": null,
  "Ce4Pb2Pd4": null,
  "Nb5Sb4": {
    "Nb": 2.4,
    "Sb": -3.0
  },
  "Ac1Cd1Rh2": null,
  "Cu4Na4O4": {
    "Cu": 1.0,
    "Na": 1.0,
    "O": -2.0
  },
  "Ga6Hf4": null,
  "Ag2Ca1La1": null,
  "Ca1Se1": {
    "Ca": 2.0,
    "Se": -2.0
  },
  "Te6Zr2": {
    "Te": -1.0,
    "Zr": 3.0
  },
  "Al1Sc2Tc1": null,
  "Be1Co2Ti1": null,
  "Ca2Ir2O6": {
    "Ca": 2.0,
    "Ir": 4.0,
    "O": -2.0
  },
  "Au2Tm1": null,
  "Al6La2": null,
  "B2Ir3Tb1": null,
  "Gd1P1": {
    "Gd": 3.0,
    "P": -3.0
  },
  "Ba1F2": {
    "Ba": 2.0,
    "F": -1.0
  },
  "Bi2Cd2O6": {
    "Bi": 4.0,
    "Cd": 2.0,
    "O": -2.0
  },
  "Ca12Ga2N10": {
    "Ca": 2.0,
    "Ga": 3.0,
    "N": -3.0
  },
  "B2Lu1Ru3": null,
  "Cr6Ge2": null,
  "O8Sr2W2": {
    "O": -2.0,
    "Sr": 2.0,
    "W": 6.0
  },
  "Co6H2": null,
  "Ag2In1Yb1": null,
  "Nd1Te1": {
    "Nd": 2.0,
    "Te": -2.0
  },
  "Ga1Pm2Zn1": null,
  "Hg2Mg1Y1": null,
  "Na2Se1": {
    "Na": 1.0,
    "Se": -2.0
  },
  "Ag2Ge1Li1": null,
  "Ce1Mg1Ni4": null,
  "Ga2Ho1": null,
  "Fe1H1": null,
  "Al1Ho2Zn1": null,
  "Mg1Rh2Tl1": null,
  "Ga4O6": {
    "Ga": 3.0,
    "O": -2.0
  },
  "Fe1Nb1Sb1": null,
  "Ag2Ba1Se4Sn1": {
    "Ag": 1.0,
    "Ba": 2.0,
    "Se": -2.0,
    "Sn": 4.0
  },
  "Li4Mn2O6": {
    "Li": 1.0,
    "Mn": 4.0,
    "O": -2.0
  },
  "Ca4Mg4Si4": {
    "Ca": 2.0,
    "Mg": 2.0,
    "Si": -4.0
  },
  "Cr1Rh2Sn1": null,
  "P8Ti4": {
    "P": -1.0,
    "Ti": 2.0
  },
  "Se1Sm1": {
    "Se": -2.0,
    "Sm": 2.0
  },
  "Os8Y4": {
    "Os": -1.5,
    "Y": 3.0
  },
  "N6Ru2Sr6": {
    "N": -3.0,
    "Ru": 3.0,
    "Sr": 2.0
  },
  "Li4N4Ru4": {
    "Li": 1.0,
    "N": -3.0,
    "Ru": 2.0
  },
  "Co2Na8O6": {
    "Co": 2.0,
    "Na": 1.0,
    "O": -2.0
  },
  "Li1Pd2Tl1": null,
  "Be26Ce2": null,
  "Se4Tl3V1": {
    "Se": -2.0,
    "Tl": 1.0,
    "V": 5.0
  },
  "Ba2Mo2O8": {
    "Ba": 2.0,
    "Mo": 6.0,
    "O": -2.0
  },
  "Rb1Sm1Te2": {
    "Rb": 1.0,
    "Sm": 3.0,
    "Te": -2.0
  },
  "Rb2Te4Y2": {
    "Rb": 1.0,
    "Te": -2.0,
    "Y": 3.0
  },
  "Cu4K4O4": {
    "Cu": 1.0,
    "K": 1.0,
    "O": -2.0
  },
  "Cu8Na6S8": {
    "Cu": 1.25,
    "Na": 1.0,
    "S": -2.0
  },
  "Nb1Tc2Zr1": {
    "Nb": 2.0,
    "Tc": -3.0,
    "Zr": 4.0
  },
  "Al3Cr1": null,
  "In1Ni2Sc1": null,
  "Be1Nb1Ru2": null,
  "P2Ru2Yb1": {
    "P": -3.0,
    "Ru": 2.0,
    "Yb": 2.0
  },
  "Mg4N12Ta8": {
    "Mg": 2.0,
    "N": -3.0,
    "Ta": 3.5
  },
  "C5Ti8": {
    "C": -4.0,
    "Ti": 2.5
  },
  "I6U2": {
    "I": -1.0,
    "U": 3.0
  },
  "Al1Ba1Ge1": null,
  "Na16O28P8": {
    "Na": 1.0,
    "O": -2.0,
    "P": 5.0
  },
  "Cl4Cu2F4K4": {
    "Cl": -1.0,
    "Cu": 2.0,
    "F": -1.0,
    "K": 1.0
  },
  "Mg4N6V2": {
    "Mg": 2.0,
    "N": -3.0,
    "V": 5.0
  },
  "Ge4Mg2Sm4": null,
  "Ca1Hg2Sm1": null,
  "Ca1Pr1Zn2": null,
  "Ba4Bi4O12": {
    "Ba": 2.0,
    "Bi": 4.0,
    "O": -2.0
  },
  "Ba3Co3O6": {
    "Ba": 2.0,
    "Co": 2.0,
    "O": -2.0
  },
  "Ga1Nb1Ru2": null,
  "Ca3Li3Sn3": null,
  "Al4Eu4O12": {
    "Al": 3.0,
    "Eu": 3.0,
    "O": -2.0
  },
  "Be8Cr4": null,
  "Al1Mg1Sc2": null,
  "Ho1In2Sm1": null,
  "Ce2H2Se2": {
    "Ce": 3.0,
    "H": -1.0,
    "Se": -2.0
  },
  "In2Sm4": null,
  "Fe2Te4": {
    "Fe": 3.0,
    "Te": -1.5
  },
  "Ir1": null,
  "Mo1": null,
  "Cu2K2Se6Zr2": {
    "Cu": 1.0,
    "K": 1.0,
    "Se": -2.0,
    "Zr": 4.0
  },
  "As2K6": {
    "As": -3.0,
    "K": 1.0
  },
  "Cd1Hg1O2": {
    "Cd": 2.0,
    "Hg": 2.0,
    "O": -2.0
  },
  "Ag2In1Pr1": null,
  "Ga2Li1Pt1": null,
  "Ac2Ga1Li1": null,
  "Ho1Tm1Zn2": null,
  "Ca2Mg1Tl1": null,
  "Ag1Hg2Pm1": null,
  "Ir1Zn3": null,
  "Au1Bi1Sr2": null,
  "Ir1Re1Ti2": null,
  "Bi1Te1Th2": null,
  "Al1Fe2Ta1": null,
  "Ir1Rh1Sm2": null,
  "In1Nb1Ru2": null,
  "Mg1Ni4Pr1": null,
  "Mg1Nb1Ru2": null,
  "Ga1Mg1Ni2": null,
  "Ac2Ge1Ni1": null,
  "Cu1Pd2Zn1": null,
  "Ga1Os1Sc2": null,
  "Be5Zr1": null,
  "Fe1Hf2Os1": null,
  "Lu1P1": {
    "Lu": 3.0,
    "P": -3.0
  },
  "F2Hg1": {
    "F": -1.0,
    "Hg": 2.0
  },
  "Mn1Ru1Ti2": null,
  "Au1Pm2Pt1": null,
  "Ca1Cd1Hg2": null,
  "Mo1Pt1Ti2": null,
  "Ho1S1": null,
  "Be1Fe2Si1": null,
  "Li1Pd2Si1": null,
  "Ca1Mg1Tl2": null,
  "Os1Pt1Sc2": {
    "Os": -2.0,
    "Pt": -2.0,
    "Sc": 2.0
  },
  "Co2Nb1Zn1": null,
  "Er2Ir4": null,
  "Au2In1Li1": {
    "Au": -1.0,
    "In": 1.0,
    "Li": 1.0
  },
  "Au2In1Nd1": null,
  "Au1Li1Sc2": null,
  "Mg1Y1Zn2": null,
  "Li1Rh2Ti1": null,
  "Mg1Pd2Zr1": null,
  "Cu4Ho1Pd1": null,
  "Dy1Y1Zn2": null,
  "Ir4Tb2": null,
  "Dy1Rh2Zn1": null,
  "As2Sn2Sr1": {
    "As": -3.0,
    "Sn": 2.0,
    "Sr": 2.0
  },
  "Al1Ru2V1": null,
  "Al2Ni1Ru1": null,
  "La1Mg1Zn2": null,
  "Mg3Y1": null,
  "Li2Mg1Tl1": null,
  "Au2Pa1Tl1": null,
  "Al2Li1Pt1": null,
  "Li2Si1Yb1": {
    "Li": 1.0,
    "Si": -4.0,
    "Yb": 2.0
  },
  "Ni1Tc1Ti2": null,
  "As1Pr1": {
    "As": -3.0,
    "Pr": 3.0
  },
  "Cd2Th1": null,
  "Pt2Sm1Yb1": {
    "Pt": -2.0,
    "Sm": 2.0,
    "Yb": 2.0
  },
  "Co2Mn1Si1": {
    "Co": 1.0,
    "Mn": 2.0,
    "Si": -4.0
  },
  "Ga1Mn2V1": null,
  "Pa1Ru2Y1": null,
  "Be1Hf1Rh2": null,
  "S1Sc1": {
    "S": -2.0,
    "Sc": 2.0
  },
  "Al1Be1Rh2": null,
  "Co1Tc1Ti2": null,
  "Hg4Pt1": null,
  "Os1Pm2Zn1": null,
  "Ac1K1Te2": {
    "Ac": 3.0,
    "K": 1.0,
    "Te": -2.0
  },
  "Bi1K1Tl2": null,
  "Ca1La1Mg2": null,
  "Ga1Rh2Y1": null,
  "Ag1Cu4Sm1": null,
  "Nb1Ru2Sc1": null,
  "Au2In1Th1": null,
  "P1Sm1": {
    "P": -3.0,
    "Sm": 3.0
  },
  "Ag1Mg2Rh1": null,
  "Al2Ir1Li1": null,
  "Se1Tm1": null,
  "Fe4Lu2": null,
  "Li1Mg1Tl2": null,
  "Hf1Ru2Sn1": null,
  "Hg2Li1Nd1": null,
  "Mg1Pm2Si1": null,
  "Mo1Re1Ta2": null,
  "Mn1Ru2Sn1": null,
  "Na1Pr1Tl2": null,
  "O16U8": {
    "O": -2.0,
    "U": 4.0
  },
  "Dy1Te1": null,
  "Sb2V6": null,
  "Ca2In1Mg1": null,
  "Cu2In1Ti1": null,
  "Ga1Sc2Zn1": null,
  "Mg1Sc2Tl1": null,
  "Na2Te1": {
    "Na": 1.0,
    "Te": -2.0
  },
  "F1Rb1": {
    "F": -1.0,
    "Rb": 1.0
  },
  "Ir1Ti2W1": null,
  "Al8Zr4": null,
  "Be1Rh2Ti1": null,
  "In1Mg1Nd2": null,
  "Co2Ge1Mn1": null,
  "Co1Os1Zr2": null,
  "Gd2": null,
  "Al1Co2Ta1": null,
  "Mn1Si1Tc2": {
    "Mn": 2.0,
    "Si": 4.0,
    "Tc": -3.0
  },
  "Mn2Ti1V1": null,
  "Be2Ir1Ti1": null,
  "Mg1Rh2Y1": null,
  "Cd1Pm2Sn1": null,
  "Al2Li2": null,
  "Hf1Mg1Pd2": null,
  "Cd1Rh2Sc1": null,
  "Cu1Rh2Sn1": null,
  "Cu2Hf1Zn1": null,
  "Li1Tl2Y1": null,
  "Ca1Cd2Pr1": null,
  "Ag2Al1Sc1": null,
  "N12Si4Sr10": {
    "N": -3.0,
    "Si": 4.0,
    "Sr": 2.0
  },
  "Be1Os2V1": {
    "Be": 2.0,
    "Os": -2.0,
    "V": 2.0
  },
  "Dy1Pa1Tc2": {
    "Dy": 3.0,
    "Pa": 3.0,
    "Tc": -3.0
  },
  "As1Tb1": {
    "As": -3.0,
    "Tb": 3.0
  },
  "Ta2V4": null,
  "Mg3Pr1": null,
  "Cd1In1Sc2": null,
  "Ag1Pt1Yb2": null,
  "Os1Ta2V1": null,
  "S1Y1": null,
  "Er2In1Mg1": null,
  "Co1Lu2Ru1": null,
  "Ag1Cu4Ho1": null,
  "Pt4Sr2": {
    "Pt": -1.0,
    "Sr": 2.0
  },
  "Ge1Ru2Ti1": null,
  "Dy1Hg2Mg1": null,
  "Au2In1Pr1": null,
  "Ba2Pt4": {
    "Ba": 2.0,
    "Pt": -1.0
  },
  "Hg2Sr1Tl1": null,
  "Ag2Pr1Yb1": null,
  "Ag1Mg2Pt1": null,
  "Mo1Ni1Ti2": null,
  "Li1Rh2Ta1": null,
  "Re1Tc2Ti1": {
    "Re": 3.0,
    "Tc": -3.0,
    "Ti": 3.0
  },
  "Ca2Li1Tl1": null,
  "Hg1S1": {
    "Hg": 2.0,
    "S": -2.0
  },
  "Mn1Rh2Sn1": null,
  "Ac1Na1Te2": {
    "Ac": 3.0,
    "Na": 1.0,
    "Te": -2.0
  },
  "Co1Hf2Tc1": null,
  "Li1Sc1Tl2": null,
  "Sb1Tc2Ti1": {
    "Sb": -3.0,
    "Tc": -0.5,
    "Ti": 4.0
  },
  "Cd1Dy1Hg2": null,
  "Mn1Nb1Ru2": null,
  "Nd1Rh2Yb1": null,
  "Au2Ce1Sn1": null,
  "Al8Mn4Y1": null,
  "Cd1In1Yb2": null,
  "Ir2Nb6": null,
  "Ca2Cd1Sn1": null,
  "S1Tm1": null,
  "Ag3Au1S2": {
    "Ag": 1.0,
    "Au": 1.0,
    "S": -2.0
  },
  "Cd1Sn1Sr2": null,
  "Ce2Zn4": null,
  "Be1Ru2Ta1": null,
  "H1Li1": {
    "H": -1.0,
    "Li": 1.0
  },
  "Cd2Li2": null,
  "Li2Sn1Sr1": null,
  "Li2Sn1Yb1": null,
  "Li1Mg2Pt1": null,
  "Au2Pa1Pb1": null,
  "Ag1Os1Sc2": null,
  "Al1Ca2Li1": null,
  "Ru2Sc1V1": null,
  "Pt1Sc2Zn1": null,
  "Be1Ru2W1": null,
  "Mg1Pd2Sc1": null,
  "Mg1Rh2Tb1": null,
  "As2O1Sr4": {
    "As": -3.0,
    "O": -2.0,
    "Sr": 2.0
  },
  "Ir4Y2": null,
  "Au1Sc2Zn1": null,
  "Al1Hf1Pd2": null,
  "Ac1F3": {
    "Ac": 3.0,
    "F": -1.0
  },
  "Al1Cu2Hf1": null,
  "Ag1Ru1Sc2": null,
  "Hg1Sn1Sr2": null,
  "Ga1Li1Rh2": null,
  "Nb6Os2": null,
  "Hg2Tb1Yb1": null,
  "Mn2Ti1W1": null,
  "Co1Ru1Sc2": null,
  "Ga1Rh2Zn1": null,
  "Ca1Hg2Mg1": null,
  "Cr1Mn1V2": null,
  "As2Co2La1": {
    "As": -3.0,
    "Co": 1.5,
    "La": 3.0
  },
  "Ag2Al7Ca3": null,
  "B16Os24U8": {
    "B": 1.5,
    "Os": -2.0,
    "U": 3.0
  },
  "Br6Cs2In1Li1": {
    "Br": -1.0,
    "Cs": 1.0,
    "In": 3.0,
    "Li": 1.0
  },
  "Br6Cs2In1Tl1": {
    "Br": -1.0,
    "Cs": 1.0,
    "In": 3.0,
    "Tl": 1.0
  },
  "C1Re2Si2Y2": {
    "C": -4.0,
    "Re": 3.0,
    "Si": -4.0,
    "Y": 3.0
  },
  "Al9Co2Sr1": null,
  "Cd2Mg1Tb1": null,
  "B2C2Li2": {
    "B": 3.0,
    "C": -4.0,
    "Li": 1.0
  },
  "Sn2Te2Zr2": null,
  "Ba1Mg2Sb2": {
    "Ba": 2.0,
    "Mg": 2.0,
    "Sb": -3.0
  },
  "F2S2Y2": {
    "F": -1.0,
    "S": -2.0,
    "Y": 3.0
  },
  "Cu2Na2S4Zr1": {
    "Cu": 1.0,
    "Na": 1.0,
    "S": -2.0,
    "Zr": 4.0
  },
  "H2Li2S2": {
    "H": 1.0,
    "Li": 1.0,
    "S": -2.0
  },
  "S2W1": {
    "S": -2.0,
    "W": 4.0
  },
  "Br6Rb2Ti2": {
    "Br": -1.0,
    "Rb": 1.0,
    "Ti": 2.0
  },
  "C4Cr2Sc2": {
    "C": -3.0,
    "Cr": 3.0,
    "Sc": 3.0
  },
  "Ir1Rh1Sc2": null,
  "Lu1Pd2Zn1": null,
  "Hg2Tb1Tm1": null,
  "Mg20Rh8": null,
  "Cu6Se6": {
    "Cu": 2.0,
    "Se": -2.0
  },
  "Ca3Ge1O1": null,
  "Li8O6Zr1": {
    "Li": 1.0,
    "O": -2.0,
    "Zr": 4.0
  },
  "Ta2Tc1W1": null,
  "Os1Ru1Ti2": null,
  "Ba2Si2": null,
  "S6U3": {
    "S": -2.0,
    "U": 4.0
  },
  "Co3Fe13": null,
  "C8Rh2Sc6": {
    "C": -3.0,
    "Rh": 3.0,
    "Sc": 3.0
  },
  "Ho1Tl2Tm1": null,
  "B2Cr4": null,
  "La20Si16": {
    "La": 2.8,
    "Si": -3.5
  },
  "Cu5Zr1": null,
  "Tb1Tl2Y1": null,
  "Cu4S3Tl1": {
    "Cu": 1.25,
    "S": -2.0,
    "Tl": 1.0
  },
  "Cu6Rb2S4": {
    "Cu": 1.0,
    "Rb": 1.0,
    "S": -2.0
  },
  "In1Mg1Ni2": null,
  "B2Ru3Sm1": null,
  "Al2F8Tl2": {
    "Al": 3.0,
    "F": -1.0,
    "Tl": 1.0
  },
  "Ag2La2O2S2": {
    "Ag": 1.0,
    "La": 3.0,
    "O": -2.0,
    "S": -2.0
  },
  "Be2Cu1Ru1": null,
  "Fe2O8S2": {
    "Fe": 3.0,
    "O": -2.0,
    "S": 5.0
  },
  "Nd2Rb2Te8": {
    "Nd": 3.0,
    "Rb": 1.0,
    "Te": -1.0
  },
  "Bi2Pb2Pd4": null,
  "Br2O1Rb4": {
    "Br": -1.0,
    "O": -2.0,
    "Rb": 1.0
  },
  "Cd1Cu2Sc1": null,
  "Pd3Rb2S4": {
    "Pd": 2.0,
    "Rb": 1.0,
    "S": -2.0
  },
  "Ca12Cd8": null,
  "Ag4Cl4O12": null,
  "I7Nb3Te1": {
    "I": -1.0,
    "Nb": 3.0,
    "Te": -2.0
  },
  "Ag1Pr2Tl1": null,
  "Fe2K2Se4": {
    "Fe": 3.0,
    "K": 1.0,
    "Se": -2.0
  },
  "O6Pb2Rb4": {
    "O": -2.0,
    "Pb": 4.0,
    "Rb": 1.0
  },
  "Al2Co1Fe1": null,
  "As6Cd4I2": {
    "As": -1.0,
    "Cd": 2.0,
    "I": -1.0
  },
  "Co1Mn1": null,
  "Ga2La6O12": {
    "Ga": 3.0,
    "La": 3.0,
    "O": -2.0
  },
  "Cu1Ni1Sb2": {
    "Cu": 2.0,
    "Ni": 2.0,
    "Sb": -2.0
  },
  "Co2O8S2": {
    "Co": 2.0,
    "O": -2.0,
    "S": 6.0
  },
  "Cu3Mg3Y3": null,
  "Ca1Ni5": null,
  "Cu2Ge1Se4Zn1": {
    "Cu": 1.0,
    "Ge": 4.0,
    "Se": -2.0,
    "Zn": 2.0
  },
  "Al8Ca4O32Si8": {
    "Al": 3.0,
    "Ca": 2.0,
    "O": -2.0,
    "Si": 4.0
  },
  "Ba2F8Fe2": {
    "Ba": 2.0,
    "F": -1.0,
    "Fe": 2.0
  },
  "Er1Tl1": null,
  "Al2Mg1Se4": {
    "Al": 3.0,
    "Mg": 2.0,
    "Se": -2.0
  },
  "Cl8Eu4": {
    "Cl": -1.0,
    "Eu": 2.0
  },
  "Mg2Pm1Sm1": null,
  "F6Ga1In1Rb2": {
    "F": -1.0,
    "Ga": 3.0,
    "In": 1.0,
    "Rb": 1.0
  },
  "In1Pd1": null,
  "Fe2K2S4": {
    "Fe": 3.0,
    "K": 1.0,
    "S": -2.0
  },
  "Dy1Mg2Pr1": null,
  "Dy1Mg2Nd1": null,
  "Cu2Ni1Zn1": null,
  "Ni6P3": {
    "Ni": 1.5,
    "P": -3.0
  },
  "Ir4Sn16": null,
  "Lu1Mg2Tm1": null,
  "Sm1Tl1": null,
  "Ho6Lu2": null,
  "Mg2Sc4Se8": {
    "Mg": 2.0,
    "Sc": 3.0,
    "Se": -2.0
  },
  "Fe8N1": null,
  "Na1Pd2Sn1": null,
  "Mg2Pr1Sm1": null,
  "Ac1Mg2Yb1": null,
  "Al6Hf4": null,
  "Ni2O6Pr2": {
    "Ni": 3.0,
    "O": -2.0,
    "Pr": 3.0
  },
  "Hf2Ir1Li1": null,
  "Ca4Cl8H16O8": {
    "Ca": 2.0,
    "Cl": -1.0,
    "H": 1.0,
    "O": -2.0
  },
  "Pd4Sn12": null,
  "Nd1Sm1Zn2": null,
  "B2Ni2": {
    "B": -3.0,
    "Ni": 3.0
  },
  "Li5Sn2": null,
  "Cs1Cu4Se3": {
    "Cs": 1.0,
    "Cu": 1.25,
    "Se": -2.0
  },
  "Al1Ru1Sc2": null,
  "S12Sn8": {
    "S": -2.0,
    "Sn": 3.0
  },
  "Ag1Cl3K1": {
    "Ag": 2.0,
    "Cl": -1.0,
    "K": 1.0
  },
  "Co4Mn4Si4": {
    "Co": 2.0,
    "Mn": 2.0,
    "Si": -4.0
  },
  "Ir4Sc2": null,
  "Cr1Se4V2": {
    "Cr": 3.0,
    "Se": -2.0,
    "V": 2.5
  },
  "Ho1Sm1Zn2": null,
  "Al1Hf1Ru2": null,
  "Cs3I9Sb2": {
    "Cs": 1.0,
    "I": -1.0,
    "Sb": 3.0
  },
  "Er1Mg2Pr1": null,
  "Ba2Na2O14Sc2Si4": {
    "Ba": 2.0,
    "Na": 1.0,
    "O": -2.0,
    "Sc": 3.0,
    "Si": 4.0
  },
  "Na1Sm1Tl2": null,
  "Cd1Cu2Se4Sn1": {
    "Cd": 2.0,
    "Cu": 1.0,
    "Se": -2.0,
    "Sn": 4.0
  },
  "Cl4Na4O12": null,
  "Ag2K1S4Sb1": {
    "Ag": 1.0,
    "K": 1.0,
    "S": -2.0,
    "Sb": 5.0
  },
  "Mg2Pd1Zn1": null,
  "In3Ni2": null,
  "Mn2Pd2": null,
  "In1Sm2Zn1": null,
  "Co1Fe15": null,
  "Mn6Sn6Y1": null,
  "Cu1Rh1Y2": null,
  "Ga4Mg2O8": {
    "Ga": 3.0,
    "Mg": 2.0,
    "O": -2.0
  },
  "Na3S4Sb1": {
    "Na": 1.0,
    "S": -2.0,
    "Sb": 5.0
  },
  "Nb1Rh3": null,
  "Mg1Os1Sc2": null,
  "Al5Hf1Ni2": null,
  "Cl6Na1Rb2Tl1": {
    "Cl": -1.0,
    "Na": 1.0,
    "Rb": 1.0,
    "Tl": 3.0
  },
  "O6Zr12": null,
  "Au2Li1Y1": null,
  "Dy1Ga4Ti2": null,
  "Ag1Sm2Zn1": null,
  "Au1Ga1Sc2": null,
  "B12Li4O20": {
    "B": 3.0,
    "Li": 1.0,
    "O": -2.0
  },
  "Cr4N4Nb4": null,
  "Cr1N3U2": {
    "Cr": 3.0,
    "N": -3.0,
    "U": 3.0
  },
  "Co4Sm2": null,
  "Al2Ba1Si2": {
    "Al": 3.0,
    "Ba": 2.0,
    "Si": -4.0
  },
  "Ba3I8Sr1": {
    "Ba": 2.0,
    "I": -1.0,
    "Sr": 2.0
  },
  "Co2Se2": {
    "Co": 2.0,
    "Se": -2.0
  },
  "Dy1Hg2": null,
  "Mn5O8": {
    "Mn": 3.2,
    "O": -2.0
  },
  "Ag1Cd1Sc2": null,
  "Co2Fe1Si1": {
    "Co": 1.0,
    "Fe": 2.0,
    "Si": -4.0
  },
  "Cs2N4Nb2": {
    "Cs": 1.0,
    "N": -3.0,
    "Nb": 5.0
  },
  "Ag3Zn1": null,
  "B2H8K1Na1": {
    "B": -3.0,
    "H": 0.5,
    "K": 1.0,
    "Na": 1.0
  },
  "Be1Fe1Rh2": null,
  "Al1Dy2Li1": null,
  "Hg1P1Pt5": {
    "Hg": 1.0,
    "P": 5.0,
    "Pt": -1.2
  },
  "Ni8Ti6": null,
  "Ni4Sc2Si6": {
    "Ni": 1.0,
    "Sc": 2.0,
    "Si": -1.3333333333333333
  },
  "F8Fe2Rb2": {
    "F": -1.0,
    "Fe": 3.0,
    "Rb": 1.0
  },
  "Li5Nb1O5": {
    "Li": 1.0,
    "Nb": 5.0,
    "O": -2.0
  },
  "Ga3Pt2": null,
  "Ni4Se8": {
    "Ni": 4.0,
    "Se": -2.0
  },
  "Al2Ba1Te4": {
    "Al": 3.0,
    "Ba": 2.0,
    "Te": -2.0
  },
  "Li2Mn1O2": {
    "Li": 1.0,
    "Mn": 2.0,
    "O": -2.0
  },
  "Ca6Zn2": null,
  "La2O8Ta2": {
    "La": 3.0,
    "O": -2.0,
    "Ta": 5.0
  },
  "Hg2Tm1Yb1": null,
  "Ga4Mg2": null,
  "Al1Cd1Sc2": null,
  "Ga6Nb10": null,
  "Lu1Mg2Nd1": null,
  "Ni2O7P2": {
    "Ni": 2.0,
    "O": -2.0,
    "P": 5.0
  },
  "Bi2Cr1Fe1O6": {
    "Bi": 3.0,
    "Cr": 3.0,
    "Fe": 3.0,
    "O": -2.0
  },
  "Au1Sc2Tc1": {
    "Au": -1.0,
    "Sc": 2.0,
    "Tc": -3.0
  },
  "Cu2Na2Te2": {
    "Cu": 1.0,
    "Na": 1.0,
    "Te": -2.0
  },
  "Ga1Nb1Ni2": null,
  "K6P2": {
    "K": 1.0,
    "P": -3.0
  },
  "Hf1Zn2Zr1": null,
  "Cr6Ir2": null,
  "Mo2Ni2O8": {
    "Mo": 6.0,
    "Ni": 2.0,
    "O": -2.0
  },
  "Ba2Sr6": null,
  "La2Mg4": null,
  "Lu3": null,
  "Ga1Ho2Li1": null,
  "Ga4Ti2Y1": null,
  "Fe1O2Sr1": {
    "Fe": 2.0,
    "O": -2.0,
    "Sr": 2.0
  },
  "B1Sc3Sn1": null,
  "Mg2Pr1Yb1": null,
  "F6K2Na1Y1": {
    "F": -1.0,
    "K": 1.0,
    "Na": 1.0,
    "Y": 3.0
  },
  "Ca1Cu2P2": {
    "Ca": 2.0,
    "Cu": 2.0,
    "P": -3.0
  },
  "H2Mn2O4": {
    "H": 1.0,
    "Mn": 3.0,
    "O": -2.0
  },
  "Cu6Na1O8": {
    "Cu": 2.5,
    "Na": 1.0,
    "O": -2.0
  },
  "Au2In1Zr1": null,
  "Ti3Tl1": null,
  "La2Mn2N6": {
    "La": 3.0,
    "Mn": 2.0,
    "N": -1.6666666666666667
  },
  "Nd2Ni4": null,
  "La1Nd1Zn2": null,
  "Ag1Pr2Zn1": null,
  "Al1Pt2Sc1": null,
  "Au2Na1Nd1": null,
  "Re1Tc1Ti2": null,
  "Re1Ru1Ti2": null,
  "Pr1Y1Zn2": null,
  "Au1Hg1Lu2": null,
  "Ag1Cd1Pr2": null,
  "C1Nd1Rh3": null,
  "Mn1Os1Ta2": null,
  "Cu4Se6Sn2": {
    "Cu": 1.0,
    "Se": -2.0,
    "Sn": 4.0
  },
  "Hg1In1Lu2": null,
  "Ag1Nd2Zn1": null,
  "Ge4Ru4": null,
  "Hg2Y1": null,
  "Sc1Tc2W1": {
    "Sc": 3.0,
    "Tc": -3.0,
    "W": 3.0
  },
  "Ac1Ag1Hg2": null,
  "Ta2Te8": {
    "Ta": 5.0,
    "Te": -1.25
  },
  "Fe1Li1Pd2": null,
  "Bi1Th1": null,
  "Al2Ce2Si4": null,
  "Al2C6V8": {
    "Al": 3.0,
    "C": -4.0,
    "V": 2.25
  },
  "Na2Rb1Sb1": {
    "Na": 1.0,
    "Rb": 1.0,
    "Sb": -3.0
  },
  "Sn2Zr6": null,
  "N8Na10Os2": {
    "N": -3.0,
    "Na": 1.0,
    "Os": 7.0
  },
  "Ba2Bi4Zn2": null,
  "Hg1Lu2Zn1": null,
  "Bi2Tl1": null,
  "Sb6Y8": null,
  "Hg2Ho1": null,
  "Mn4Rh4Si4": null,
  "Cd3Li1": null,
  "Li2Pt1Tl1": null,
  "Ge1S4Zn2": {
    "Ge": 4.0,
    "S": -2.0,
    "Zn": 2.0
  },
  "Ag1Au2Nd1": null,
  "F2Sb2Se4Sr2": {
    "F": -1.0,
    "Sb": 3.0,
    "Se": -2.0,
    "Sr": 2.0
  },
  "As2F12H12Li2O6": {
    "As": 5.0,
    "F": -1.0,
    "H": 1.0,
    "Li": 1.0,
    "O": -2.0
  },
  "Ga2H2O4": {
    "Ga": 3.0,
    "H": 1.0,
    "O": -2.0
  },
  "Fe6Li1P4": null,
  "O4Sn1V1": {
    "O": -2.0,
    "Sn": 4.0,
    "V": 4.0
  },
  "In3Mg1": null,
  "N1P1Sr3": {
    "N": -3.0,
    "P": -3.0,
    "Sr": 2.0
  },
  "N4Zr6": {
    "N": -3.0,
    "Zr": 2.0
  },
  "Co4Nb2": null,
  "Hf1Ni5": null,
  "C2Co1Sm1": {
    "C": -2.5,
    "Co": 2.0,
    "Sm": 3.0
  },
  "Mo4O14Y4": {
    "Mo": 4.0,
    "O": -2.0,
    "Y": 3.0
  },
  "In2Mg1Yb1": null,
  "Mn4U2": null,
  "Sm2Tl1Zn1": null,
  "Ag1La2Zn1": null,
  "Al2Co1Os1": null,
  "Al1Cr1Fe2": null,
  "Fe24N9": null,
  "Ir1Ni1Y2": null,
  "Ba1Pd2Sb2": {
    "Ba": 2.0,
    "Pd": 2.0,
    "Sb": -3.0
  },
  "Cu6Se4Tl2": {
    "Cu": 1.0,
    "Se": -2.0,
    "Tl": 1.0
  },
  "I6Pd1Rb2": {
    "I": -1.0,
    "Pd": 4.0,
    "Rb": 1.0
  },
  "Cr1F6Rb2": {
    "Cr": 4.0,
    "F": -1.0,
    "Rb": 1.0
  },
  "Cu1Hf2Ir1": null,
  "Er1Pr1Zn2": null,
  "Ca2Cu2In4": null,
  "Al12La3": null,
  "N8Na12W2": {
    "N": -3.0,
    "Na": 1.0,
    "W": 6.0
  },
  "Ca1Hg2Sr1": null,
  "Al1Cu1Sc2": null,
  "Mg1Sc2Tc1": null,
  "Ag1Nd5Se8": {
    "Ag": 1.0,
    "Nd": 3.0,
    "Se": -2.0
  },
  "Ga2O6Sc2": {
    "Ga": 3.0,
    "O": -2.0,
    "Sc": 3.0
  },
  "Dy2Ir1Ru1": null,
  "Cu1Rh2V1": null,
  "Co2Na16O12": {
    "Co": 4.0,
    "Na": 1.0,
    "O": -2.0
  },
  "Al3Np1": null,
  "Cr2O8P2": {
    "Cr": 3.0,
    "O": -2.0,
    "P": 5.0
  },
  "Li1Rh2Tm1": null,
  "Ag2O4Pt2": {
    "Ag": 1.0,
    "O": -2.0,
    "Pt": 3.0
  },
  "I4Pd2Te2": {
    "I": -1.0,
    "Pd": 4.0,
    "Te": -2.0
  },
  "Co5Y1": null,
  "Pr4Tl2": null,
  "Pr2Se4": {
    "Pr": 4.0,
    "Se": -2.0
  },
  "Bi2Ce1O4Se1": {
    "Bi": 3.0,
    "Ce": 4.0,
    "O": -2.0,
    "Se": -2.0
  },
  "Al1Au2Hf1": null,
  "Co1Sc1Te1": null,
  "Al2Li1Os1": null,
  "Lu1Rh2Sc1": null,
  "Li1Pr2Ru1": null,
  "C2Li2": {
    "C": -1.0,
    "Li": 1.0
  },
  "Ni1Ru1Y2": null,
  "In1Pt4Tb1": {
    "In": 1.0,
    "Pt": -1.0,
    "Tb": 3.0
  },
  "Al1C1Co3": null,
  "As4Ge2Mg2": {
    "As": -3.0,
    "Ge": 4.0,
    "Mg": 2.0
  },
  "Hg1Ni1O2": {
    "Hg": 2.0,
    "Ni": 2.0,
    "O": -2.0
  },
  "Ag1H4N1S4W1": {
    "Ag": 1.0,
    "H": 1.0,
    "N": -3.0,
    "S": -2.0,
    "W": 6.0
  },
  "Co3Ni1": null,
  "H1Mn3O6": {
    "H": 1.0,
    "Mn": 3.6666666666666665,
    "O": -2.0
  },
  "Cu2Si4Zr2": {
    "Cu": 1.0,
    "Si": -2.0,
    "Zr": 3.0
  },
  "Al12Mg17": null,
  "Ca1Na1Tl2": null,
  "Nd1Y3": null,
  "H2Ho2O4": {
    "H": 1.0,
    "Ho": 3.0,
    "O": -2.0
  },
  "Br3Cs1In1": {
    "Br": -1.0,
    "Cs": 1.0,
    "In": 2.0
  },
  "Bi2O6Sc2": {
    "Bi": 3.0,
    "O": -2.0,
    "Sc": 3.0
  },
  "Mn2Na2P2": {
    "Mn": 2.0,
    "Na": 1.0,
    "P": -3.0
  },
  "Cr3Ga1N1": null,
  "K3O4V1": {
    "K": 1.0,
    "O": -2.0,
    "V": 5.0
  },
  "Li1Pd2Te1": null,
  "Li4O6V2": {
    "Li": 1.0,
    "O": -2.0,
    "V": 4.0
  },
  "Ru8Si12": {
    "Ru": 2.0,
    "Si": -1.3333333333333333
  },
  "Ni4Pr2": null,
  "Cu18P6": {
    "Cu": 1.0,
    "P": -3.0
  },
  "Li1Mg3": null,
  "Ac4": null,
  "Au2Bi1Pr1": null,
  "Ag1Li1O2": {
    "Ag": 3.0,
    "Li": 1.0,
    "O": -2.0
  },
  "Fe2Ta1Ti1": null,
  "Nb5Se4": null,
  "Ba2Ge4": null,
  "Co1Ni2Se4": {
    "Co": 4.0,
    "Ni": 2.0,
    "Se": -2.0
  },
  "Ba1O3Pu1": {
    "Ba": 2.0,
    "O": -2.0,
    "Pu": 4.0
  },
  "Rh2Y1Zn1": null,
  "Hg1Pr2Zn1": null,
  "Ge2O8Th2": {
    "Ge": 4.0,
    "O": -2.0,
    "Th": 4.0
  },
  "C2Sm1": {
    "C": -1.0,
    "Sm": 2.0
  },
  "C1Ga1Sm3": null,
  "Cu1Gd2O4": {
    "Cu": 2.0,
    "Gd": 3.0,
    "O": -2.0
  },
  "La2O3": {
    "La": 3.0,
    "O": -2.0
  },
  "Bi4Pt4Te4": {
    "Bi": 3.0,
    "Pt": -1.0,
    "Te": -2.0
  },
  "Tb1Y3": null,
  "Mg1O6Pb2Te1": {
    "Mg": 2.0,
    "O": -2.0,
    "Pb": 2.0,
    "Te": 6.0
  },
  "As4Sn3": {
    "As": -3.0,
    "Sn": 4.0
  },
  "Ru1Sb1V1": null,
  "Br3Ce3Ga1": null,
  "Co5Dy1": null,
  "Cd1F3K1": {
    "Cd": 2.0,
    "F": -1.0,
    "K": 1.0
  },
  "Ba1Bi3": null,
  "Br2In10Se10": {
    "Br": -1.0,
    "In": 2.2,
    "Se": -2.0
  },
  "As2Co2O7": {
    "As": 5.0,
    "Co": 2.0,
    "O": -2.0
  },
  "Fe3N1Ni1": null,
  "Au2Na2O4": {
    "Au": 3.0,
    "Na": 1.0,
    "O": -2.0
  },
  "Cd3Mn2O5": {
    "Cd": 2.0,
    "Mn": 2.0,
    "O": -2.0
  },
  "Ag1Ce1Zn2": null,
  "Ba2F6Zn1": {
    "Ba": 2.0,
    "F": -1.0,
    "Zn": 2.0
  },
  "Ir1Li1Nd2": null,
  "Ce1Y1Zn2": null,
  "Co2Mn2O6": {
    "Co": 4.0,
    "Mn": 2.0,
    "O": -2.0
  },
  "C2Nb4S2": {
    "C": -4.0,
    "Nb": 3.0,
    "S": -2.0
  },
  "Mn3Na1O4": {
    "Mn": 2.3333333333333335,
    "Na": 1.0,
    "O": -2.0
  },
  "O6Ti2Zn2": {
    "O": -2.0,
    "Ti": 4.0,
    "Zn": 2.0
  },
  "Ba1Sr1Yb2": null,
  "Al2H2Sr1": null,
  "Nd1Tm3": null,
  "Ca1Cd1Pd2": null,
  "La1Rh3Si2": null,
  "La2Li2O8Ti2": {
    "La": 3.0,
    "Li": 1.0,
    "O": -2.0,
    "Ti": 4.0
  },
  "Ba3O7Ti2": {
    "Ba": 2.0,
    "O": -2.0,
    "Ti": 4.0
  },
  "Cd1Hg2": null,
  "Ag2Be4": null,
  "O2V2": {
    "O": -2.0,
    "V": 2.0
  },
  "Na4Ni2O6": {
    "Na": 1.0,
    "Ni": 4.0,
    "O": -2.0
  },
  "Pb1Pt3": {
    "Pb": 2.0,
    "Pt": -0.6666666666666666
  },
  "Al2B2O6": {
    "Al": 3.0,
    "B": 3.0,
    "O": -2.0
  },
  "Ac1La3": null,
  "F10V2": {
    "F": -1.0,
    "V": 5.0
  },
  "Ba4N8O16": {
    "Ba": 2.0,
    "N": 3.0,
    "O": -2.0
  },
  "In1Ni2Ti1": null,
  "K1O5S2Ti2Y2": {
    "K": 1.0,
    "O": -2.0,
    "S": -2.0,
    "Ti": 3.5,
    "Y": 3.0
  },
  "O7P2V2": {
    "O": -2.0,
    "P": 5.0,
    "V": 2.0
  },
  "Cr2Ni1Se4": {
    "Cr": 3.0,
    "Ni": 2.0,
    "Se": -2.0
  },
  "Ag2Yb1": null,
  "O7Sc2V2": {
    "O": -2.0,
    "Sc": 3.0,
    "V": 4.0
  },
  "Al30Mg23": null,
  "Sb4V2": {
    "Sb": -2.5,
    "V": 5.0
  },
  "Ni4Sn1Zr1": null,
  "Cu2Mg2": null,
  "Mg1Nb2O9Pb3": {
    "Mg": 2.0,
    "Nb": 5.0,
    "O": -2.0,
    "Pb": 2.0
  },
  "Al4Mo2Yb1": null,
  "Al3Cu2": null,
  "Al2H8Mg1": {
    "Al": 3.0,
    "H": -1.0,
    "Mg": 2.0
  },
  "Rb3Sb1": {
    "Rb": 1.0,
    "Sb": -3.0
  },
  "Pd1Ru1Sm2": null,
  "Ca2Cu4O6": {
    "Ca": 2.0,
    "Cu": 2.0,
    "O": -2.0
  },
  "Bi2La2O6": {
    "Bi": 3.0,
    "La": 3.0,
    "O": -2.0
  },
  "Co2Lu1Sn1": null,
  "O3Pm2": {
    "O": -2.0,
    "Pm": 3.0
  },
  "Ce2H1Li1O3": {
    "Ce": 3.0,
    "H": -1.0,
    "Li": 1.0,
    "O": -2.0
  },
  "Ni2Sn1Ti1": null,
  "Cd1Ce2Hg1": null,
  "Ag1F3Zn1": {
    "Ag": 1.0,
    "F": -1.0,
    "Zn": 2.0
  },
  "Fe1V1": null,
  "Fe5Nd1": null,
  "N2O8Ti6": {
    "N": -3.0,
    "O": -2.0,
    "Ti": 3.6666666666666665
  },
  "Cu1Nd2Ru1": null,
  "Be4Nb6": null,
  "Ba3Mg3O6": {
    "Ba": 2.0,
    "Mg": 2.0,
    "O": -2.0
  },
  "Ge1Mn2Ti1": null,
  "Al1Mg3": null,
  "Ga1Sc2Tc1": null,
  "O5Ti4": {
    "O": -2.0,
    "Ti": 2.5
  },
  "Al4C5Hf2": {
    "Al": 3.0,
    "C": -4.0,
    "Hf": 4.0
  },
  "Cd1Cs1N3O6": {
    "Cd": 2.0,
    "Cs": 1.0,
    "N": 3.0,
    "O": -2.0
  },
  "Dy1In1Pt4": {
    "Dy": 3.0,
    "In": 1.0,
    "Pt": -1.0
  },
  "Mg2N4Ta2": {
    "Mg": 2.0,
    "N": -3.0,
    "Ta": 4.0
  },
  "Al2Hf4": null,
  "Ge8Ni4": null,
  "Ge3Mn3Pd3": null,
  "Hf1Ru1Sb1": null,
  "Hf1N2Na2": {
    "Hf": 4.0,
    "N": -3.0,
    "Na": 1.0
  },
  "Ge4Rh4": null,
  "Cr1O8V3": {
    "Cr": 3.0,
    "O": -2.0,
    "V": 4.333333333333333
  },
  "C7Nb10": {
    "C": -4.0,
    "Nb": 2.8
  },
  "Ru4Th2": null,
  "Ba1Ce1O3": {
    "Ba": 2.0,
    "Ce": 4.0,
    "O": -2.0
  },
  "Ba2Bi2Cu2": null,
  "Ce2Li2Sn4": null,
  "Ir1Pd1Pr2": null,
  "Sc1Ta1Tc2": {
    "Sc": 3.0,
    "Ta": 3.0,
    "Tc": -3.0
  },
  "F3Pd1Rb1": {
    "F": -1.0,
    "Pd": 2.0,
    "Rb": 1.0
  },
  "Pt1Sc2Tc1": {
    "Pt": -2.0,
    "Sc": 2.5,
    "Tc": -3.0
  },
  "Nd2Sc6": null,
  "Cl2Co1": {
    "Cl": -1.0,
    "Co": 2.0
  },
  "Dy2O2Se1": {
    "Dy": 3.0,
    "O": -2.0,
    "Se": -2.0
  },
  "Fe6O18Sc6": {
    "Fe": 3.0,
    "O": -2.0,
    "Sc": 3.0
  },
  "Ni2Pu2": null,
  "Bi1P1Sr3": null,
  "Ni1O3Sr1": {
    "Ni": 4.0,
    "O": -2.0,
    "Sr": 2.0
  },
  "Mg16Zn80": null,
  "C1Ni3Zn1": null,
  "Mg5Y1": null,
  "Au2Hf1In1": null,
  "Li6Na2": null,
  "K1Ni2S2": {
    "K": 1.0,
    "Ni": 1.5,
    "S": -2.0
  },
  "Ce2O8V2": {
    "Ce": 3.0,
    "O": -2.0,
    "V": 5.0
  },
  "Al1O3Sr1": null,
  "Mg7Zn1": null,
  "Ir1Nd2Rh1": null,
  "Al6Hf10": null,
  "Ge1Ni2Zn1": null,
  "N2Os1": {
    "N": -3.0,
    "Os": 6.0
  },
  "O6P2Rb2": {
    "O": -2.0,
    "P": 5.0,
    "Rb": 1.0
  },
  "Li2O6V3": {
    "Li": 1.0,
    "O": -2.0,
    "V": 3.3333333333333335
  },
  "Be2Na2Sb2": {
    "Be": 2.0,
    "Na": 1.0,
    "Sb": -3.0
  },
  "Be1Sc2Tc1": null,
  "C8Fe20": null,
  "Cs3F6Y1": {
    "Cs": 1.0,
    "F": -1.0,
    "Y": 3.0
  },
  "Ni1Sc2Tc1": null,
  "S4Si2": {
    "S": -2.0,
    "Si": 4.0
  },
  "As2Mn2Nd2O2": {
    "As": -3.0,
    "Mn": 2.0,
    "Nd": 3.0,
    "O": -2.0
  },
  "Ho6Mg2": null,
  "Mg6Yb2": null,
  "Cu1Ho2O4": {
    "Cu": 2.0,
    "Ho": 3.0,
    "O": -2.0
  },
  "Fe5Li1O8": {
    "Fe": 3.0,
    "Li": 1.0,
    "O": -2.0
  },
  "Cd1Mn1O2": {
    "Cd": 2.0,
    "Mn": 2.0,
    "O": -2.0
  },
  "Ag2Al1Ce1": null,
  "Cr1Nb2Se4": {
    "Cr": 3.0,
    "Nb": 2.5,
    "Se": -2.0
  },
  "Cd1Sc2Tc1": null,
  "Fe2P2Ta8": null,
  "Fe3Nb1": null,
  "Al1C1Pr3": null,
  "Cl6N1S2Sb1": {
    "Cl": -1.0,
    "N": 5.0,
    "S": -2.0,
    "Sb": 5.0
  },
  "Al1Cd1Mg6": null,
  "H3Th1": null,
  "Co2Nb8P2": null,
  "B6Ni3Yb2": {
    "B": -2.0,
    "Ni": 2.0,
    "Yb": 3.0
  },
  "Cs1F3Mg1": {
    "Cs": 1.0,
    "F": -1.0,
    "Mg": 2.0
  },
  "B6Np1": {
    "B": -1.0,
    "Np": 6.0
  },
  "Sm1Th3": null,
  "Ag4Au4O12": {
    "Ag": 1.0,
    "Au": 5.0,
    "O": -2.0
  },
  "Pt4Tm2": null,
  "Cu4Mg2O6": {
    "Cu": 2.0,
    "Mg": 2.0,
    "O": -2.0
  },
  "Mo1Sc1Tc2": {
    "Mo": 3.0,
    "Sc": 3.0,
    "Tc": -3.0
  },
  "Cr3Te4": {
    "Cr": 2.6666666666666665,
    "Te": -2.0
  },
  "Na4O4Pt1": {
    "Na": 1.0,
    "O": -2.0,
    "Pt": 4.0
  },
  "B2C1Co2Pr1": {
    "B": -3.0,
    "C": -2.0,
    "Co": 2.5,
    "Pr": 3.0
  },
  "Co2Nb8Si2": null,
  "C2Ni6": {
    "C": -4.0,
    "Ni": 1.3333333333333333
  },
  "Fe3Mn1": null,
  "Be1O4P1": null,
  "Co1Cu2Ge1S4": {
    "Co": 2.0,
    "Cu": 1.0,
    "Ge": 4.0,
    "S": -2.0
  },
  "Bi4U2": null,
  "Cr2Fe1Se4": {
    "Cr": 3.0,
    "Fe": 2.0,
    "Se": -2.0
  },
  "Ho1Os2Ta1": null,
  "Fe3Ni1": null,
  "Ce3Zn1": null,
  "C4O8Pb2": {
    "C": 3.0,
    "O": -2.0,
    "Pb": 2.0
  },
  "Li2O6Ti3": {
    "Li": 1.0,
    "O": -2.0,
    "Ti": 3.3333333333333335
  },
  "Co3Cr1": null,
  "Ac6Ca2": null,
  "Co2Nb2O8": {
    "Co": 3.0,
    "Nb": 5.0,
    "O": -2.0
  },
  "Cr1O4Sb1": {
    "Cr": 3.0,
    "O": -2.0,
    "Sb": 5.0
  },
  "Au1Li1Sb1": {
    "Au": 2.0,
    "Li": 1.0,
    "Sb": -3.0
  },
  "K1O3W1": {
    "K": 1.0,
    "O": -2.0,
    "W": 5.0
  },
  "Ge4N6Rb2": {
    "Ge": 4.0,
    "N": -3.0,
    "Rb": 1.0
  },
  "C2Pr1Rh1": {
    "C": -3.0,
    "Pr": 3.0,
    "Rh": 3.0
  },
  "C2Pd1Rb2": {
    "C": -2.0,
    "Pd": 2.0,
    "Rb": 1.0
  },
  "As1B2P1": {
    "As": -3.0,
    "B": 3.0,
    "P": -3.0
  },
  "C2Cs2Pd1": {
    "C": -2.0,
    "Cs": 1.0,
    "Pd": 2.0
  },
  "O1Sc1": {
    "O": -2.0,
    "Sc": 2.0
  },
  "S4V4": {
    "S": -2.0,
    "V": 2.0
  },
  "Ca1Cl6Cs2Na1": null,
  "Hf2O6Sn2": {
    "Hf": 4.0,
    "O": -2.0,
    "Sn": 2.0
  },
  "N3Nb4": {
    "N": -3.0,
    "Nb": 2.25
  },
  "Li1Ni2S2": {
    "Li": 1.0,
    "Ni": 1.5,
    "S": -2.0
  },
  "Ca1Mg6Zr1": null,
  "O2Sm4": null,
  "C2In2Ta4": null,
  "Eu1Mn2P2": {
    "Eu": 2.0,
    "Mn": 2.0,
    "P": -3.0
  },
  "N2P6V10": {
    "N": -3.0,
    "P": -3.0,
    "V": 2.4
  },
  "O4Ta2": {
    "O": -2.0,
    "Ta": 4.0
  },
  "Al1Co2Cr1": null,
  "Cu1Li2O4Zr1": {
    "Cu": 2.0,
    "Li": 1.0,
    "O": -2.0,
    "Zr": 4.0
  },
  "Ag3Sb1": {
    "Ag": 1.0,
    "Sb": -3.0
  },
  "C4Cd2O8": {
    "C": 3.0,
    "Cd": 2.0,
    "O": -2.0
  },
  "Ag3Al2La1": null,
  "Fe2S4Tl2": {
    "Fe": 3.0,
    "S": -2.0,
    "Tl": 1.0
  },
  "Mg1Ni2Sb1": null,
  "Mn3Ni1O8": {
    "Mn": 4.0,
    "Ni": 4.0,
    "O": -2.0
  },
  "Mn12Sn8": null,
  "In2O6Sc2": {
    "In": 3.0,
    "O": -2.0,
    "Sc": 3.0
  },
  "Au1Mn1Sn1": null,
  "Si2Sr4": {
    "Si": -4.0,
    "Sr": 2.0
  },
  "Cu3O4Ti1": {
    "Cu": 1.3333333333333333,
    "O": -2.0,
    "Ti": 4.0
  },
  "Na1O3Ru1": {
    "Na": 1.0,
    "O": -2.0,
    "Ru": 5.0
  },
  "Cr1Li2Ni1O4": {
    "Cr": 4.0,
    "Li": 1.0,
    "Ni": 2.0,
    "O": -2.0
  },
  "Mg1Ru1Sc2": null,
  "Ir2Mo6": null,
  "Cu2P2Zr8": null,
  "Cr1N2W1": {
    "Cr": 3.0,
    "N": -3.0,
    "W": 3.0
  },
  "F2O4Ta2": {
    "F": -1.0,
    "O": -2.0,
    "Ta": 5.0
  },
  "Fe1Mn3O8": {
    "Fe": 3.0,
    "Mn": 4.333333333333333,
    "O": -2.0
  },
  "Ga2Nb6": null,
  "H2O7Sr1Ta2": {
    "H": 1.0,
    "O": -2.0,
    "Sr": 2.0,
    "Ta": 5.0
  },
  "As2Fe1O7": null,
  "Ir1Nd2Ni1": null,
  "Fe1O4Ti1": null,
  "As1Ca1Li1": {
    "As": -3.0,
    "Ca": 2.0,
    "Li": 1.0
  },
  "H1Ni1O2": {
    "H": 1.0,
    "Ni": 3.0,
    "O": -2.0
  },
  "Ni2Pd6": null,
  "C2H2Na2O4": {
    "C": 2.0,
    "H": 1.0,
    "Na": 1.0,
    "O": -2.0
  },
  "Co2Na5S5": {
    "Co": 2.5,
    "Na": 1.0,
    "S": -2.0
  },
  "Li1O8V3": {
    "Li": 1.0,
    "O": -2.0,
    "V": 5.0
  },
  "Al1Bi1": null,
  "Li1O4Ti3": {
    "Li": 1.0,
    "O": -2.0,
    "Ti": 2.3333333333333335
  },
  "F2Li5Ni1O3": {
    "F": -1.0,
    "Li": 1.0,
    "Ni": 3.0,
    "O": -2.0
  },
  "Li2N1Na1": {
    "Li": 1.0,
    "N": -3.0,
    "Na": 1.0
  },
  "Cr4Hf4O12": {
    "Cr": 2.0,
    "Hf": 4.0,
    "O": -2.0
  },
  "Ag1Mg2Pr1": null,
  "Na4O12Sb4": {
    "Na": 1.0,
    "O": -2.0,
    "Sb": 5.0
  },
  "Ru1Sb1Ti1": null,
  "Co1O6V2": {
    "Co": 2.0,
    "O": -2.0,
    "V": 5.0
  },
  "Fe1Mn1": null,
  "Cr2Sb2": {
    "Cr": 3.0,
    "Sb": -3.0
  },
  "Cl1I1Li1Na1": {
    "Cl": -1.0,
    "I": -1.0,
    "Li": 1.0,
    "Na": 1.0
  },
  "Co2Na4S4": {
    "Co": 2.0,
    "Na": 1.0,
    "S": -2.0
  },
  "O1Pu1": null,
  "Mo4S6": {
    "Mo": 3.0,
    "S": -2.0
  },
  "Mo2S4Ti1": {
    "Mo": 2.0,
    "S": -2.0,
    "Ti": 4.0
  },
  "O2Tl1Y1": {
    "O": -2.0,
    "Tl": 1.0,
    "Y": 3.0
  },
  "Pt2Si2Th1": {
    "Pt": -2.0,
    "Si": 0.0,
    "Th": 4.0
  },
  "Co1O2Zn1": {
    "Co": 2.0,
    "O": -2.0,
    "Zn": 2.0
  },
  "Mn2P2Sr1": {
    "Mn": 2.0,
    "P": -3.0,
    "Sr": 2.0
  },
  "Ce1Y3": null,
  "Rh1Sb1U1": null,
  "Hg2Pb2Yb2": null,
  "Cu4Na2O6": {
    "Cu": 2.5,
    "Na": 1.0,
    "O": -2.0
  },
  "Cu2O6Si2": {
    "Cu": 2.0,
    "O": -2.0,
    "Si": 4.0
  },
  "O2Pr1Y1": null,
  "Ho1Tc2Th1": null,
  "K1Sr3": null,
  "Fe1N1Ni1": {
    "Fe": 2.0,
    "N": -3.0,
    "Ni": 1.0
  },
  "Ir1Mg1Tm2": null,
  "O3Ta1Tl1": {
    "O": -2.0,
    "Ta": 5.0,
    "Tl": 1.0
  },
  "Mo2S4Se2Te2W2": {
    "Mo": 6.0,
    "S": -2.0,
    "Se": -2.0,
    "Te": -2.0,
    "W": 2.0
  },
  "Mg2Mn3O6": {
    "Mg": 2.0,
    "Mn": 2.6666666666666665,
    "O": -2.0
  },
  "Ba1Mn1O3": {
    "Ba": 2.0,
    "Mn": 4.0,
    "O": -2.0
  },
  "Ba1O3Rh1": {
    "Ba": 2.0,
    "O": -2.0,
    "Rh": 4.0
  },
  "Ca4Mg2": null,
  "Mg3Na1": null,
  "Cl4Ho2": null,
  "Br1Sm1": null,
  "Tb1Zr1": null,
  "Ge3Nd1": null,
  "Cr3Fe1": null,
  "Cd1Mg6Mn1": null,
  "C2N2V4": {
    "C": -4.0,
    "N": -3.0,
    "V": 3.5
  },
  "Li2Mn2P2": {
    "Li": 1.0,
    "Mn": 2.0,
    "P": -3.0
  },
  "Ga1Mg6Mn1": null,
  "Bi1Mg6Ti1": null,
  "Be1H3Na1": {
    "Be": 2.0,
    "H": -1.0,
    "Na": 1.0
  },
  "Cu1N2Ta1": {
    "Cu": 1.0,
    "N": -3.0,
    "Ta": 5.0
  },
  "Cu3O2S2Sr2": {
    "Cu": 1.3333333333333333,
    "O": -2.0,
    "S": -2.0,
    "Sr": 2.0
  },
  "Mg6Si1Zn1": null,
  "Ce2Li1Ru1": null,
  "Mg6Sb1Zr1": null,
  "Bi2Se1Te2": {
    "Bi": 3.0,
    "Se": -2.0,
    "Te": -2.0
  },
  "O3Rb1Re1": {
    "O": -2.0,
    "Rb": 1.0,
    "Re": 5.0
  },
  "Mg6Ti1Zn1": null,
  "Mg5Si6": null,
  "O8Zn4": null,
  "Ca1O6Ta2": {
    "Ca": 2.0,
    "O": -2.0,
    "Ta": 5.0
  },
  "Cd1Np1Pt2": null,
  "Ag2C2N2O2": {
    "Ag": 1.0,
    "C": 4.0,
    "N": -3.0,
    "O": -2.0
  },
  "I4Rh2": null
}