{
  "Bi2In2": null,
  "Cr2Ge2Te6": {
    "Cr": 2.0,
    "Ge": 4.0,
    "Te": -2.0
  },
  "Br6In2": {
    "Br": -1.0,
    "In": 3.0
  },
  "Bi1O2": null,
  "C1Ho2": null,
  "Br8U2": {
    "Br": -1.0,
    "U": 4.0
  },
  "Al1I2Pd5": null,
  "I16Th4": {
    "I": -1.0,
    "Th": 4.0
  },
  "Ag2Cr2P4S12": {
    "Ag": 1.0,
    "Cr": 5.0,
    "P": 3.0,
    "S": -2.0
  },
  "Bi2Pt1": {
    "Bi": 1.0,
    "Pt": -2.0
  },
  "Fe1I2": {
    "Fe": 2.0,
    "I": -1.0
  },
  "Br2C2Y2": {
    "Br": -1.0,
    "C": -2.0,
    "Y": 3.0
  },
  "Hg2P2Se6": {
    "Hg": 1.0,
    "P": 5.0,
    "Se": -2.0
  },
  "Br6Y2": {
    "Br": -1.0,
    "Y": 3.0
  },
  "Br2V1": {
    "Br": -1.0,
    "V": 2.0
  },
  "K2O2Pd1": {
    "K": 1.0,
    "O": -2.0,
    "Pd": 2.0
  },
  "H2Mn1O2": {
    "H": 1.0,
    "Mn": 2.0,
    "O": -2.0
  },
  "F2Kr1": null,
  "Nb1S4Ti1": {
    "Nb": 4.0,
    "S": -2.0,
    "Ti": 4.0
  },
  "O1Ti2": null,
  "Pr2Te6": {
    "Pr": 3.0,
    "Te": -1.0
  },
  "P1Ta1": {
    "P": -3.0,
    "Ta": 3.0
  },
  "O2Sn2": {
    "O": -2.0,
    "Sn": 2.0
  },
  "C2S4": {
    "C": 4.0,
    "S": -2.0
  },
  "S2W1": {
    "S": -2.0,
    "W": 4.0
  },
  "Ag1In1P2S6": {
    "Ag": 1.0,
    "In": 1.0,
    "P": 5.0,
    "S": -2.0
  },
  "Cl4Hg2": {
    "Cl": -1.0,
    "Hg": 2.0
  },
  "I2Sb2Se2": {
    "I": -1.0,
    "Sb": 3.0,
    "Se": -2.0
  },
  "Cl10Sb2": {
    "Cl": -1.0,
    "Sb": 5.0
  },
  "I2Mg1": {
    "I": -1.0,
    "Mg": 2.0
  },
  "I6Ti2": {
    "I": -1.0,
    "Ti": 3.0
  },
  "Al2Br6": {
    "Al": 3.0,
    "Br": -1.0
  },
  "As2Br6": {
    "As": 3.0,
    "Br": -1.0
  },
  "Bi2Br2S2": {
    "Bi": 3.0,
    "Br": -1.0,
    "S": -2.0
  },
  "Bi2I2S2": {
    "Bi": 3.0,
    "I": -1.0,
    "S": -2.0
  },
  "H8Si2": {
    "H": 1.0,
    "Si": -4.0
  },
  "P8Se10": {
    "P": 2.5,
    "Se": -2.0
  },
  "Mn1O2": {
    "Mn": 4.0,
    "O": -2.0
  },
  "Cr2I4": {
    "Cr": 2.0,
    "I": -1.0
  },
  "Cl2Sc2": null,
  "Si1Te2": {
    "Si": 4.0,
    "Te": -2.0
  },
  "Br4Te8": {
    "Br": -1.0,
    "Te": 0.5
  },
  "Cl2N2S3": {
    "Cl": -1.0,
    "N": 4.0,
    "S": -2.0
  },
  "Bi8I8": {
    "Bi": 1.0,
    "I": -1.0
  },
  "Br6Cr2": {
    "Br": -1.0,
    "Cr": 3.0
  },
  "Br2Tb2": null,
  "Ba2Br2Cl2": {
    "Ba": 2.0,
    "Br": -1.0,
    "Cl": -1.0
  },
  "Br4Pb2": {
    "Br": -1.0,
    "Pb": 2.0
  },
  "Al6I2Te6": null,
  "I2Nd1": {
    "I": -1.0,
    "Nd": 2.0
  },
  "Ge2Nb6Te12": {
    "Ge": 4.0,
    "Nb": 2.6666666666666665,
    "Te": -2.0
  },
  "Cl8Hf2": {
    "Cl": -1.0,
    "Hf": 4.0
  },
  "I2Tm1": null,
  "I7Nb3Te1": {
    "I": -1.0,
    "Nb": 3.0,
    "Te": -2.0
  },
  "H2Si2": {
    "H": 0.0,
    "Si": 0.0
  },
  "Cl8Nb3": {
    "Cl": -1.0,
    "Nb": 2.6666666666666665
  },
  "Br2Co1": {
    "Br": -1.0,
    "Co": 2.0
  },
  "O6Sb2Tl2": {
    "O": -2.0,
    "Sb": 5.0,
    "Tl": 1.0
  },
  "Mg2P2Se6": {
    "Mg": 2.0,
    "P": 4.0,
    "Se": -2.0
  },
  "Al2Si2Te6": {
    "Al": 3.0,
    "Si": 0.0,
    "Te": -1.0
  },
  "P4Pd4Se4": {
    "P": -1.0,
    "Pd": 3.0,
    "Se": -2.0
  },
  "Br2Cr2O2": {
    "Br": -1.0,
    "Cr": 3.0,
    "O": -2.0
  },
  "Ni1O2": {
    "Ni": 4.0,
    "O": -2.0
  },
  "P4S5": {
    "P": 2.5,
    "S": -2.0
  },
  "S6Sn2Tl8": {
    "S": -2.0,
    "Sn": 2.0,
    "Tl": 1.0
  },
  "Al2Te5": {
    "Al": 3.0,
    "Te": -1.2
  },
  "Au2Se2": {
    "Au": 2.0,
    "Se": -2.0
  },
  "F4Pb1": {
    "F": -1.0,
    "Pb": 4.0
  },
  "Cl2Ni1": {
    "Cl": -1.0,
    "Ni": 2.0
  },
  "Cl2Zr1": {
    "Cl": -1.0,
    "Zr": 2.0
  },
  "Sb2Se1Te2": {
    "Sb": 3.0,
    "Se": -2.0,
    "Te": -2.0
  },
  "Cl6Dy2": {
    "Cl": -1.0,
    "Dy": 3.0
  },
  "K2O2Tl2": {
    "K": 1.0,
    "O": -2.0,
    "Tl": 1.0
  },
  "I2Mn1": {
    "I": -1.0,
    "Mn": 2.0
  },
  "Br2Ca2H2": {
    "Br": -1.0,
    "Ca": 2.0,
    "H": -1.0
  },
  "Ca2H2I2": {
    "Ca": 2.0,
    "H": -1.0,
    "I": -1.0
  },
  "O3Pb1Ti1": {
    "O": -2.0,
    "Pb": 2.0,
    "Ti": 4.0
  },
  "H2Mg1O2": {
    "H": 1.0,
    "Mg": 2.0,
    "O": -2.0
  },
  "Au2K2S2": {
    "Au": 1.0,
    "K": 1.0,
    "S": -2.0
  },
  "Cl2Mn1": {
    "Cl": -1.0,
    "Mn": 2.0
  },
  "I3P1": {
    "I": -1.0,
    "P": 3.0
  },
  "Ge2S2": {
    "Ge": 2.0,
    "S": -2.0
  },
  "N1Na1O2": {
    "N": 3.0,
    "Na": 1.0,
    "O": -2.0
  },
  "Sb2Te3": {
    "Sb": 3.0,
    "Te": -2.0
  },
  "C1Ca1O3": {
    "C": 4.0,
    "Ca": 2.0,
    "O": -2.0
  },
  "N1Zr1": {
    "N": -3.0,
    "Zr": 3.0
  },
  "Au2Cl2Te4": {
    "Au": 5.0,
    "Cl": -1.0,
    "Te": -2.0
  },
  "Bi4Li4O8": {
    "Bi": 3.0,
    "Li": 1.0,
    "O": -2.0
  },
  "Cl2Pd1Se6": {
    "Cl": -1.0,
    "Pd": 2.0,
    "Se": 0.0
  },
  "Au3P7Sn1": {
    "Au": 0.3333333333333333,
    "P": -0.7142857142857143,
    "Sn": 4.0
  },
  "Cr3O8": {
    "Cr": 5.333333333333333,
    "O": -2.0
  },
  "N1W2": null,
  "N1Y1": {
    "N": -3.0,
    "Y": 3.0
  },
  "Mn2P2Rb2": {
    "Mn": 2.0,
    "P": -3.0,
    "Rb": 1.0
  },
  "Ho2I2S2": {
    "Ho": 3.0,
    "I": -1.0,
    "S": -2.0
  },
  "Dy2Te6": {
    "Dy": 3.0,
    "Te": -1.0
  },
  "Bi14S8Te13": {
    "Bi": 3.0,
    "S": -2.0,
    "Te": -2.0
  },
  "Ag1Bi1P2Se6": {
    "Ag": 1.0,
    "Bi": 1.0,
    "P": 5.0,
    "Se": -2.0
  },
  "I2Yb1": {
    "I": -1.0,
    "Yb": 2.0
  },
  "Br2O2Yb2": {
    "Br": -1.0,
    "O": -2.0,
    "Yb": 3.0
  },
  "Cl4Pt2": {
    "Cl": -1.0,
    "Pt": 2.0
  },
  "Br6Yb2": {
    "Br": -1.0,
    "Yb": 3.0
  },
  "O6Sn2Ti2": {
    "O": -2.0,
    "Sn": 2.0,
    "Ti": 4.0
  },
  "Ge2O6Ti2": {
    "Ge": 4.0,
    "O": -2.0,
    "Ti": 2.0
  },
  "I8Nb3": {
    "I": -1.0,
    "Nb": 2.6666666666666665
  },
  "Cl4Pd2Se16": {
    "Cl": -1.0,
    "Pd": 4.0,
    "Se": -0.25
  }
}